year,quarter,brand,model,count
2023,3,FORD,FORD PUMA,14548
2023,3,NISSAN,NISSAN QASHQAI,12610
2023,3,TOYOTA,TOYOTA YARIS,10143
2023,3,KIA,KIA SPORTAGE,10081
2023,3,VAUXHALL,VAUXHALL CORSA,9001
2023,3,FORD,FORD KUGA,8974
2023,3,HYUNDAI,HYUNDAI TUCSON,8753
2023,3,TESLA,TESLA MODEL Y,8626
2023,3,VOLKSWAGEN,VOLKSWAGEN TIGUAN,7972
2023,3,VAUXHALL,VAUXHALL MOKKA,7953
2023,3,VOLKSWAGEN,VOLKSWAGEN GOLF,7930
2023,3,VOLKSWAGEN,VOLKSWAGEN POLO,7628
2023,3,MG,MG HS,7281
2023,3,NISSAN,NISSAN JUKE,7177
2023,3,MG,MG ZS,7134
2023,3,FORD,FORD FIESTA,7120
2023,3,AUDI,AUDI A3,6885
2023,3,VOLVO,VOLVO XC40,6610
2023,3,TOYOTA,TOYOTA AYGO,6275
2023,3,MINI,MINI COOPER,6260
2023,3,MG,MG 4,6235
2023,3,FORD,FORD FOCUS,5757
2023,3,VOLKSWAGEN,VOLKSWAGEN T-ROC,5742
2023,3,TOYOTA,TOYOTA COROLLA,5617
2023,3,KIA,KIA NIRO,5299
2023,3,PEUGEOT,PEUGEOT 2008,5118
2023,3,TESLA,TESLA MODEL 3,4914
2023,3,PEUGEOT,PEUGEOT 208,4834
2023,3,AUDI,AUDI A1,4774
2023,3,RENAULT,RENAULT CLIO,4652
2023,3,FIAT,FIAT 500,4635
2023,3,CITROEN,CITROEN C3,4563
2023,3,BMW,BMW 1 SERIES,4542
2023,3,KIA,KIA PICANTO,4449
2023,3,MERCEDES,MERCEDES CLA CLASS,4165
2023,3,AUDI,AUDI Q4,3919
2023,3,HYUNDAI,HYUNDAI KONA,3762
2023,3,CUPRA,CUPRA FORMENTOR,3740
2023,3,BMW,BMW IX,3638
2023,3,SKODA,SKODA OCTAVIA,3637
2023,3,SKODA,SKODA KAROQ,3591
2023,3,VAUXHALL,VAUXHALL GRANDLAND,3514
2023,3,TOYOTA,TOYOTA C-HR,3425
2023,3,AUDI,AUDI Q3,3384
2023,3,MERCEDES,MERCEDES A CLASS,3373
2023,3,MERCEDES,MERCEDES EQC CLASS,3261
2023,3,MAZDA,MAZDA CX-5,3260
2023,3,POLESTAR,POLESTAR 2,3252
2023,3,RENAULT,RENAULT CAPTUR,3236
2023,3,VOLVO,VOLVO XC60,3205
2023,3,VOLKSWAGEN,VOLKSWAGEN ID4,3119
2023,3,LAND ROVER,LAND ROVER RANGE ROVER SPORT,3111
2023,3,AUDI,AUDI Q2,3100
2023,3,VOLKSWAGEN,VOLKSWAGEN T-CROSS,3018
2023,3,DACIA,DACIA SANDERO,3013
2023,3,HYUNDAI,HYUNDAI I10,2992
2023,3,VAUXHALL,VAUXHALL ASTRA,2940
2023,3,AUDI,AUDI Q5,2931
2023,3,MINI,MINI COUNTRYMAN,2825
2023,3,LAND ROVER,LAND ROVER DEFENDER,2787
2023,3,SEAT,SEAT ARONA,2767
2023,3,KIA,KIA XCEED,2692
2023,3,VAUXHALL,VAUXHALL CROSSLAND,2543
2023,3,SKODA,SKODA KAMIQ,2533
2023,3,TOYOTA,TOYOTA RAV4,2501
2023,3,SEAT,SEAT IBIZA,2449
2023,3,NISSAN,NISSAN X-TRAIL,2423
2023,3,HONDA,HONDA HR-V,2330
2023,3,VOLKSWAGEN,VOLKSWAGEN TAIGO,2281
2023,3,SKODA,SKODA ENYAQ,2279
2023,3,LAND ROVER,LAND ROVER RANGE ROVER EVOQUE,2272
2023,3,SUZUKI,SUZUKI SX4,2241
2023,3,BMW,BMW 2 SERIES,2237
2023,3,AUDI,AUDI A4,2216
2023,3,SEAT,SEAT ATECA,2164
2023,3,HYUNDAI,HYUNDAI I20,2153
2023,3,SKODA,SKODA KODIAQ,2147
2023,3,KIA,KIA STONIC,2130
2023,3,LEXUS,LEXUS UX 250,2123
2023,3,MERCEDES,MERCEDES AMG CLASS,2120
2023,3,TOYOTA,TOYOTA PRIUS,2113
2023,3,KIA,KIA CEED,2105
2023,3,VOLKSWAGEN,VOLKSWAGEN ID3,2103
2023,3,SUZUKI,SUZUKI VITARA,2103
2023,3,KIA,KIA EV6,2102
2023,3,CUPRA,CUPRA BORN,2096
2023,3,HYUNDAI,HYUNDAI BAYON,2093
2023,3,MERCEDES,MERCEDES EQA CLASS,2073
2023,3,BMW,BMW IX3,2063
2023,3,PEUGEOT,PEUGEOT 3008,2022
2023,3,DACIA,DACIA DUSTER,2012
2023,3,BMW,BMW I4,1932
2023,3,SKODA,SKODA FABIA,1927
2023,3,BMW,BMW 3 SERIES,1915
2023,3,HYUNDAI,HYUNDAI IONIQ,1898
2023,3,TOYOTA,TOYOTA MODEL MISSING,1863
2023,3,LAND ROVER,LAND ROVER DISCOVERY,1852
2023,3,RENAULT,RENAULT ARKANA,1832
2023,3,CITROEN,CITROEN C4,1801
2023,3,BMW,BMW X3,1796
2023,3,MERCEDES,MERCEDES GLC CLASS,1796
2023,3,HONDA,HONDA JAZZ,1793
2023,3,AUDI,AUDI Q8,1733
2023,3,NISSAN,NISSAN LEAF,1732
2023,3,SUZUKI,SUZUKI SWIFT,1723
2023,3,PORSCHE,PORSCHE TAYCAN,1698
2023,3,SKODA,SKODA SUPERB,1551
2023,3,PEUGEOT,PEUGEOT 308,1547
2023,3,MAZDA,MAZDA CX-30,1482
2023,3,BMW,BMW X5,1460
2023,3,PORSCHE,PORSCHE MACAN,1444
2023,3,FORD,FORD TOURNEO,1439
2023,3,RENAULT,RENAULT MEGANE,1436
2023,3,MERCEDES,MERCEDES C CLASS,1435
2023,3,AUDI,AUDI A5,1432
2023,3,JAGUAR,JAGUAR F-PACE,1427
2023,3,CITROEN,CITROEN C5,1387
2023,3,VOLKSWAGEN,VOLKSWAGEN ID5,1385
2023,3,SKODA,SKODA SCALA,1379
2023,3,RENAULT,RENAULT AUSTRAL,1295
2023,3,AUDI,AUDI A6,1227
2023,3,CUPRA,CUPRA LEON,1218
2023,3,VOLVO,VOLVO XC90,1212
2023,3,MAZDA,MAZDA 2,1185
2023,3,PEUGEOT,PEUGEOT 5008,1145
2023,3,LAND ROVER,LAND ROVER RANGE ROVER VELAR,1112
2023,3,KIA,KIA SORENTO,1106
2023,3,LEXUS,LEXUS NX 350,1098
2023,3,MAZDA,MAZDA 3,1087
2023,3,FORD,FORD MUSTANG MACH-E,1040
2023,3,PORSCHE,PORSCHE 911,1034
2023,3,DACIA,DACIA JOGGER,1020
2023,3,SUZUKI,SUZUKI IGNIS,1003
2023,3,SUZUKI,SUZUKI S-CROSS,967
2023,3,HONDA,HONDA CR-V,959
2023,3,BMW,BMW 5 SERIES,953
2023,3,AUDI,AUDI Q7,951
2023,3,MERCEDES,MERCEDES E CLASS,939
2023,3,VOLKSWAGEN,VOLKSWAGEN TOUAREG,935
2023,3,MG,MG 3,935
2023,3,MAZDA,MAZDA CX-60,924
2023,3,BMW,BMW X1,909
2023,3,MERCEDES,MERCEDES EQB CLASS,899
2023,3,VOLKSWAGEN,VOLKSWAGEN UP,883
2023,3,MERCEDES,MERCEDES GLB CLASS,881
2023,3,HYUNDAI,HYUNDAI SANTA FE,872
2023,3,AUDI,AUDI S3,825
2023,3,MERCEDES,MERCEDES GLE CLASS,792
2023,3,JAGUAR,JAGUAR I-PACE,768
2023,3,HONDA,HONDA CIVIC,743
2023,3,AUDI,AUDI E-TRON,723
2023,3,PEUGEOT,PEUGEOT RIFTER,714
2023,3,LEXUS,LEXUS NX 450,705
2023,3,BMW,BMW M1,675
2023,3,NISSAN,NISSAN MODEL MISSING,672
2023,3,TOYOTA,TOYOTA GR86,643
2023,3,VOLVO,VOLVO C40,637
2023,3,LAND ROVER,LAND ROVER RANGE ROVER,626
2023,3,BMW,BMW 4 SERIES,623
2023,3,MERCEDES,MERCEDES GLA CLASS,618
2023,3,PORSCHE,PORSCHE CAYENNE,615
2023,3,SEAT,SEAT LEON,600
2023,3,MERCEDES,MERCEDES EQE CLASS,586
2023,3,MINI,MINI JOHN COOPER WORKS,585
2023,3,BMW,BMW M2,538
2023,3,KIA,KIA PRO CEED,534
2023,3,JAGUAR,JAGUAR E-PACE,524
2023,3,HONDA,HONDA MODEL MISSING,523
2023,3,MINI,MINI CLUBMAN,520
2023,3,MAZDA,MAZDA MX-5,514
2023,3,BMW,BMW M3,500
2023,3,BMW,BMW X2,495
2023,3,PORSCHE,PORSCHE 718,484
2023,3,LEXUS,LEXUS ES 300,477
2023,3,VOLKSWAGEN,VOLKSWAGEN PASSAT,458
2023,3,HONDA,HONDA ZR-V SPORT,445
2023,3,BMW,BMW M4,444
2023,3,JEEP,JEEP COMPASS,443
2023,3,MG,MG 5,441
2023,3,SEAT,SEAT TARRACO,431
2023,3,AUDI,AUDI TT,430
2023,3,AUDI,AUDI TTS,427
2023,3,HYUNDAI,HYUNDAI I30,409
2023,3,VAUXHALL,VAUXHALL VIVARO,407
2023,3,MERCEDES,MERCEDES V CLASS,394
2023,3,PEUGEOT,PEUGEOT 408,386
2023,3,VOLKSWAGEN,VOLKSWAGEN MODEL MISSING,382
2023,3,ORA,ORA FUNKY CAT,370
2023,3,VOLKSWAGEN,VOLKSWAGEN CADDY,370
2023,3,SUBARU,SUBARU OUTBACK,367
2023,3,VOLKSWAGEN,VOLKSWAGEN ID BUZZ,358
2023,3,KIA,KIA RIO,356
2023,3,NISSAN,NISSAN ARIYA,350
2023,3,SUZUKI,SUZUKI SWACE,327
2023,3,MAZDA,MAZDA MX-30,315
2023,3,MERCEDES,MERCEDES B CLASS,314
2023,3,ALFA ROMEO,ALFA ROMEO TONALE,314
2023,3,BYD,BYD ATTO 3,310
2023,3,VOLKSWAGEN,VOLKSWAGEN ARTEON,310
2023,3,LOTUS,LOTUS EMIRA,307
2023,3,AUDI,AUDI MODEL MISSING,286
2023,3,JAGUAR,JAGUAR XE SERIES,280
2023,3,CUPRA,CUPRA ATECA,279
2023,3,FORD,FORD TRANSIT CUSTOM,251
2023,3,JAGUAR,JAGUAR XF SERIES,241
2023,3,BMW,BMW X7,239
2023,3,VOLVO,VOLVO V90,237
2023,3,BMW,BMW Z4,233
2023,3,CITROEN,CITROEN BERLINGO,227
2023,3,RENAULT,RENAULT ZOE,227
2023,3,MERCEDES,MERCEDES MODEL MISSING,222
2023,3,BMW,BMW X4,219
2023,3,BMW,BMW 8 SERIES,215
2023,3,VOLVO,VOLVO V60,214
2023,3,VOLKSWAGEN,VOLKSWAGEN TOURAN,212
2023,3,TOYOTA,TOYOTA ESTIMA,209
2023,3,LEXUS,LEXUS RX 350,208
2023,3,LEXUS,LEXUS RX 450,208
2023,3,INEOS,INEOS GRENADIER,203
2023,3,LAND ROVER,LAND ROVER MODEL MISSING,195
2023,3,MERCEDES,MERCEDES S CLASS,195
2023,3,BMW,BMW 7 SERIES,191
2023,3,AUDI,AUDI RS3,188
2023,3,ABARTH,ABARTH 695,179
2023,3,JAGUAR,JAGUAR F-TYPE,177
2023,3,PORSCHE,PORSCHE PANAMERA,175
2023,3,KIA,KIA PROCEED,172
2023,3,DS,DS DS7,170
2023,3,LEXUS,LEXUS RX 500,169
2023,3,VOLVO,VOLVO S60,168
2023,3,PEUGEOT,PEUGEOT 508,167
2023,3,JEEP,JEEP AVENGER,165
2023,3,DS,DS DS4,164
2023,3,SUZUKI,SUZUKI ACROSS,163
2023,3,SSANGYONG,SSANGYONG KORANDO,162
2023,3,LEXUS,LEXUS RZ 450,161
2023,3,BMW,BMW X6,160
2023,3,SUBARU,SUBARU XV,160
2023,3,FIAT,FIAT PANDA,160
2023,3,TOYOTA,TOYOTA LANDCRUISER,159
2023,3,BENTLEY,BENTLEY BENTAYGA,150
2023,3,SSANGYONG,SSANGYONG REXTON,149
2023,3,SUBARU,SUBARU FORESTER,149
2023,3,GENESIS,GENESIS GV60,148
2023,3,VAUXHALL,VAUXHALL COMBO,148
2023,3,RENAULT,RENAULT TRAFIC,147
2023,3,MERCEDES,MERCEDES EQS CLASS,146
2023,3,VOLKSWAGEN,VOLKSWAGEN MULTIVAN,145
2023,3,VOLVO,VOLVO MODEL MISSING,136
2023,3,CITROEN,CITROEN SPACETOURER,133
2023,3,AUDI,AUDI RSQ8,131
2023,3,OTHER BRITISH,OTHER BRITISH MODEL MISSING,129
2023,3,MASERATI,MASERATI GRECALE,128
2023,3,AUDI,AUDI RS4,125
2023,3,FORD,FORD MODEL MISSING,124
2023,3,FORD,FORD GALAXY,121
2023,3,AUDI,AUDI RS6,121
2023,3,JEEP,JEEP RENEGADE,121
2023,3,KIA,KIA SOUL,117
2023,3,LOTUS,LOTUS ELETRE,117
2023,3,TOYOTA,TOYOTA BZ4X,117
2023,3,BMW,BMW MODEL MISSING,117
2023,3,TOYOTA,TOYOTA PROACE,116
2023,3,FERRARI,FERRARI 296,113
2023,3,ABARTH,ABARTH 500,107
2023,3,BMW,BMW I5,107
2023,3,FORD,FORD S-MAX,104
2023,3,ASTON MARTIN,ASTON MARTIN DBX,104
2023,3,INEOS,INEOS GRENADIER FIELDMASTER ED D A,103
2023,3,MERCEDES,MERCEDES G CLASS,103
2023,3,ABARTH,ABARTH 595,101
2023,3,LAMBORGHINI,LAMBORGHINI URUS,101
2023,3,AUDI,AUDI SQ5,97
2023,3,SSANGYONG,SSANGYONG TIVOLI,95
2023,3,DS,DS DS3,92
2023,3,VOLKSWAGEN,VOLKSWAGEN TRANSPORTER,92
2023,3,BENTLEY,BENTLEY CONTINENTAL,89
2023,3,HONDA,HONDA STEPWAGON,87
2023,3,BENTLEY,BENTLEY MODEL MISSING,86
2023,3,MAZDA,MAZDA MODEL MISSING,82
2023,3,AUDI,AUDI A8,81
2023,3,LEXUS,LEXUS UX 300,78
2023,3,MERCEDES,MERCEDES VITO,78
2023,3,FIAT,FIAT TIPO,78
2023,3,ALPINE,ALPINE A110,76
2023,3,SUBARU,SUBARU SOLTERRA,75
2023,3,AUDI,AUDI A7,75
2023,3,MERCEDES,MERCEDES GLS CLASS,72
2023,3,AUDI,AUDI SQ7,70
2023,3,SMART,SMART FORTWO,68
2023,3,NISSAN,NISSAN ELGRAND,68
2023,3,JEEP,JEEP WRANGLER,67
2023,3,AUDI,AUDI SQ8,66
2023,3,PEUGEOT,PEUGEOT BOXER,66
2023,3,ROLLS ROYCE,ROLLS ROYCE CULLINAN,66
2023,3,HONDA,HONDA FIT,63
2023,3,LAMBORGHINI,LAMBORGHINI HURACAN,63
2023,3,GENESIS,GENESIS GV70,62
2023,3,ALFA ROMEO,ALFA ROMEO GIULIA,62
2023,3,ASTON MARTIN,ASTON MARTIN VANTAGE,62
2023,3,SUBARU,SUBARU MODEL MISSING,61
2023,3,TOYOTA,TOYOTA ALPHARD,61
2023,3,FORD,FORD MUSTANG,60
2023,3,TOYOTA,TOYOTA VELLFIRE,59
2023,3,SMART,SMART 1 PREMIUM,57
2023,3,MITSUBISHI,MITSUBISHI MODEL MISSING,57
2023,3,AUDI,AUDI RSQ3,57
2023,3,NISSAN,NISSAN MICRA,57
2023,3,HONDA,HONDA E,54
2023,3,AUDI,AUDI S5,53
2023,3,AUDI,AUDI SQ2,53
2023,3,BMW,BMW M8,53
2023,3,SUZUKI,SUZUKI MODEL MISSING,52
2023,3,BENTLEY,BENTLEY FLYING SPUR,52
2023,3,FORD,FORD ECOSPORT,52
2023,3,SKODA,SKODA MODEL MISSING,50
2023,3,JAGUAR,JAGUAR MODEL MISSING,49
2023,3,ALFA ROMEO,ALFA ROMEO STELVIO,48
2023,3,VAUXHALL,VAUXHALL MOVANO,46
2023,3,FERRARI,FERRARI ROMA,46
2023,3,TOYOTA,TOYOTA SUPRA,46
2023,3,BMW,BMW M5,45
2023,3,CHEVROLET,CHEVROLET CORVETTE,45
2023,3,VOLVO,VOLVO V70,45
2023,3,MERCEDES,MERCEDES SPRINTER,43
2023,3,AUDI,AUDI RS5,43
2023,3,FERRARI,FERRARI 812,42
2023,3,TOYOTA,TOYOTA HIGHLANDER,41
2023,3,PEUGEOT,PEUGEOT MODEL MISSING,39
2023,3,TOYOTA,TOYOTA VITZ,39
2023,3,ASTON MARTIN,ASTON MARTIN DBS,38
2023,3,BMW,BMW XM,38
2023,3,RENAULT,RENAULT MODEL MISSING,37
2023,3,AUDI,AUDI TTRS,37
2023,3,SMART,SMART 1 BRABUS,36
2023,3,FORD,FORD ESCORT,36
2023,3,RENAULT,RENAULT MASTER,36
2023,3,TOYOTA,TOYOTA AQUA,34
2023,3,LEXUS,LEXUS MODEL MISSING,33
2023,3,BMW,BMW M SERIES,33
2023,3,MASERATI,MASERATI LEVANTE,32
2023,3,VOLKSWAGEN,VOLKSWAGEN SHARAN,31
2023,3,JEEP,JEEP MODEL MISSING,31
2023,3,TESLA,TESLA MODEL X,29
2023,3,CITROEN,CITROEN MODEL MISSING,29
2023,3,KIA,KIA MODEL MISSING,29
2023,3,AUDI,AUDI R8,29
2023,3,VOLKSWAGEN,VOLKSWAGEN BEETLE,29
2023,3,DODGE,DODGE MODEL MISSING,28
2023,3,VOLVO,VOLVO S90,27
2023,3,SUBARU,SUBARU IMPREZA,27
2023,3,PORSCHE,PORSCHE MODEL MISSING,25
2023,3,TESLA,TESLA MODEL S,24
2023,3,FORD,FORD ALLIED,24
2023,3,ROLLS ROYCE,ROLLS ROYCE GHOST,24
2023,3,DS,DS DS9,23
2023,3,PEUGEOT,PEUGEOT TRAVELLER,22
2023,3,CATERHAM,CATERHAM MODEL MISSING,22
2023,3,BYD,BYD DOLPHIN DESIGN EV,21
2023,3,CHEVROLET,CHEVROLET MODEL MISSING,21
2023,3,HYUNDAI,HYUNDAI MODEL MISSING,21
2023,3,FERRARI,FERRARI SF90,21
2023,3,BMW,BMW ALPINA,20
2023,3,HONDA,HONDA INSIGHT,20
2023,3,HONDA,HONDA ODYSSEY,20
2023,3,TOYOTA,TOYOTA NOAH,20
2023,3,MCLAREN,MCLAREN 750S,20
2023,3,MORGAN,MORGAN PLUS 4,20
2023,3,AUDI,AUDI S4,19
2023,3,AUDI,AUDI S6,18
2023,3,SUBARU,SUBARU LEGACY,18
2023,3,HONDA,HONDA ACCORD,18
2023,3,AUSTIN HEALEY,AUSTIN HEALEY MODEL MISSING,18
2023,3,FERRARI,FERRARI PORTOFINO,18
2023,3,MERCEDES,MERCEDES 200,16
2023,3,TOYOTA,TOYOTA CROWN,16
2023,3,ASTON MARTIN,ASTON MARTIN DB1,16
2023,3,VOLVO,VOLVO V40,16
2023,3,SMART,SMART 1 PRO,15
2023,3,RENAULT TRUCKS,RENAULT TRUCKS MASTER,15
2023,3,ASTON MARTIN,ASTON MARTIN MODEL MISSING,15
2023,3,AUDI,AUDI RS7,15
2023,3,CHEVROLET GMC,CHEVROLET GMC CORVETTE,15
2023,3,CHRYSLER,CHRYSLER MODEL MISSING,15
2023,3,PEUGEOT,PEUGEOT ALLIED,14
2023,3,NISSAN,NISSAN SERENA,14
2023,3,FIAT,FIAT MODEL MISSING,14
2023,3,MCLAREN,MCLAREN MODEL MISSING,13
2023,3,MITSUBISHI,MITSUBISHI LANCER,13
2023,3,NISSAN,NISSAN SKYLINE,13
2023,3,ALFA ROMEO,ALFA ROMEO MODEL MISSING,12
2023,3,ASTON MARTIN,ASTON MARTIN DB11,12
2023,3,FERRARI,FERRARI MODEL MISSING,12
2023,3,JAGUAR,JAGUAR E TYPE,12
2023,3,JAGUAR,JAGUAR XK SERIES,12
2023,3,LAMBORGHINI,LAMBORGHINI MODEL MISSING,12
2023,3,NISSAN,NISSAN CUBE,12
2023,3,NISSAN,NISSAN SILVIA,12
2023,3,ROLLS ROYCE,ROLLS ROYCE PHANTOM,12
2023,3,MG,MG MODEL MISSING,11
2023,3,TOYOTA,TOYOTA HIACE,11
2023,3,VOLKSWAGEN,VOLKSWAGEN CALIFORNIA,11
2023,3,CADILLAC,CADILLAC MODEL MISSING,11
2023,3,FORD,FORD CORTINA,11
2023,3,MINI,MINI MODEL MISSING,11
2023,3,MCLAREN,MCLAREN ARTURA,11
2023,3,MERCEDES,MERCEDES EQV CLASS,10
2023,3,ROLLS ROYCE,ROLLS ROYCE,10
2023,3,SMART,SMART MODEL MISSING,10
2023,3,AUDI,AUDI S7,10
2023,3,CHEVROLET GMC,CHEVROLET GMC CAMARO,10
2023,3,MASERATI,MASERATI MC20,10
2023,3,VOLVO,VOLVO V50,10
2023,3,OPEL,OPEL MODEL MISSING,9
2023,3,AUSTIN,AUSTIN MINI,9
2023,3,AUSTIN,AUSTIN MODEL MISSING,9
2023,3,CHEVROLET GMC,CHEVROLET GMC MODEL MISSING,9
2023,3,JAGUAR,JAGUAR XJ SERIES,9
2023,3,JEEP,JEEP GRAND CHEROKEE,9
2023,3,LEXUS,LEXUS LC 500,9
2023,3,ROLLS ROYCE,ROLLS ROYCE MODEL MISSING,8
2023,3,PEUGEOT,PEUGEOT 309,8
2023,3,RENAULT TRUCKS,RENAULT TRUCKS TRAFIC,8
2023,3,LEXUS,LEXUS RC F,8
2023,3,MCLAREN,MCLAREN GT,8
2023,3,TOYOTA,TOYOTA FJ CRUISER,8
2023,3,FORD,FORD TRANSIT,7
2023,3,FIAT,FIAT DUCATO,7
2023,3,GENESIS,GENESIS G70,7
2023,3,LAND ROVER,LAND ROVER FREELANDER,7
2023,3,VOLKSWAGEN,VOLKSWAGEN CRAFTER,7
2023,3,GENESIS,GENESIS GV80,7
2023,3,LANCIA,LANCIA FULVIA,7
2023,3,MAZDA,MAZDA RX-7,7
2023,3,MERCEDES,MERCEDES 300,6
2023,3,VAUXHALL,VAUXHALL INSIGNIA,6
2023,3,ASTON MARTIN,ASTON MARTIN VALKYRIE,6
2023,3,LINCOLN,LINCOLN MODEL MISSING,6
2023,3,MASERATI,MASERATI GHIBLI,6
2023,3,ALFA ROMEO,ALFA ROMEO SPIDER,6
2023,3,ARIEL,ARIEL MODEL MISSING,6
2023,3,AUDI,AUDI S8,6
2023,3,BMW,BMW Z3,6
2023,3,DATSUN,DATSUN MODEL MISSING,6
2023,3,LANCIA,LANCIA MODEL MISSING,6
2023,3,MORGAN,MORGAN PLUS 6,6
2023,3,TOYOTA,TOYOTA ALTEZZA,6
2023,3,TRIUMPH,TRIUMPH TR4,6
2023,3,VOLKSWAGEN,VOLKSWAGEN JETTA,6
2023,3,VOLKSWAGEN,VOLKSWAGEN SCIROCCO,6
2023,3,MINI,MINI ONE,5
2023,3,JAGUAR,JAGUAR S TYPE,5
2023,3,NISSAN,NISSAN PRIMASTAR,5
2023,3,SEAT,SEAT MODEL MISSING,5
2023,3,MAEVING,MAEVING MODEL MISSING,5
2023,3,TOYOTA,TOYOTA MR2,5
2023,3,FERRARI,FERRARI DAYTONA,5
2023,3,MAZDA,MAZDA 5,5
2023,3,MAZDA,MAZDA DEMIO,5
2023,3,MORRIS,MORRIS MINI,5
2023,3,NISSAN,NISSAN MARCH,5
2023,3,TOYOTA,TOYOTA CELICA,5
2023,3,BYD,BYD DOLPHIN COMFORT EV,4
2023,3,GENESIS,GENESIS G80,4
2023,3,MAXUS,MAXUS MIFA,4
2023,3,TESLA,TESLA MODEL MISSING,4
2023,3,DACIA,DACIA MODEL MISSING,4
2023,3,FORD,FORD GRANADA,4
2023,3,MERCEDES-BENZ,MERCEDES-BENZ MODEL MISSING,4
2023,3,PEUGEOT,PEUGEOT 205,4
2023,3,VAUXHALL,VAUXHALL MODEL MISSING,4
2023,3,MERCEDES,MERCEDES CLS CLASS,4
2023,3,MERCEDES,MERCEDES COLEMAN MILNE,4
2023,3,TOYOTA,TOYOTA SIENTA,4
2023,3,AUSTIN,AUSTIN SEVEN,4
2023,3,BMW,BMW 6 SERIES,4
2023,3,BUICK,BUICK MODEL MISSING,4
2023,3,CADILLAC,CADILLAC ESCALADE,4
2023,3,CITROEN,CITROEN 2CV,4
2023,3,FORD,FORD KA,4
2023,3,HONDA,HONDA INTEGRA,4
2023,3,LOTUS,LOTUS MODEL MISSING,4
2023,3,MASERATI,MASERATI MODEL MISSING,4
2023,3,MASERATI,MASERATI QUATTROPORTE,4
2023,3,MCLAREN,MCLAREN 720S,4
2023,3,MERCEDES,MERCEDES SL CLASS,4
2023,3,MERCURY,MERCURY MODEL MISSING,4
2023,3,TOYOTA,TOYOTA 4-RUNNER,4
2023,3,TRIUMPH,TRIUMPH TR6,4
2023,3,MOKE AUTOMIBILI,MOKE AUTOMIBILI MODEL MISSING,3
2023,3,CITROEN,CITROEN RELAY,3
2023,3,FORD,FORD MONDEO,3
2023,3,MERCEDES,MERCEDES VIANO,3
2023,3,SKODA,SKODA YETI,3
2023,3,TOYOTA,TOYOTA AVENSIS,3
2023,3,LEXUS,LEXUS CT 200,3
2023,3,LEXUS,LEXUS LS 500,3
2023,3,LEXUS,LEXUS LS 600,3
2023,3,TOYOTA,TOYOTA CAMRY,3
2023,3,TOYOTA,TOYOTA CENTURY,3
2023,3,ALFA ROMEO,ALFA ROMEO GIULIETTA,3
2023,3,CITROEN,CITROEN DS,3
2023,3,FERRARI,FERRARI F8,3
2023,3,FIAT,FIAT 126,3
2023,3,HOUSEHAM,HOUSEHAM MODEL MISSING,3
2023,3,LOTUS,LOTUS ELAN,3
2023,3,LOTUS,LOTUS EUROPA,3
2023,3,MAZDA,MAZDA MPV,3
2023,3,MERCEDES,MERCEDES 190,3
2023,3,MERCEDES,MERCEDES SLK CLASS,3
2023,3,MG,MG ROADSTER,3
2023,3,MITSUBISHI,MITSUBISHI COLT,3
2023,3,MOBILVETTA,MOBILVETTA MODEL MISSING,3
2023,3,OPEL,OPEL ASCONA,3
2023,3,PORSCHE,PORSCHE BOXSTER,3
2023,3,ROLLS ROYCE,ROLLS ROYCE WRAITH,3
2023,3,ROVER,ROVER MINI,3
2023,3,SUNBEAM,SUNBEAM ALPINE,3
2023,3,TOYOTA,TOYOTA MARK II,3
2023,3,TRIUMPH,TRIUMPH TR3,3
2023,3,VOLKSWAGEN,VOLKSWAGEN KARMANN GHIA,3
2023,3,VOLVO,VOLVO S80,3
2023,3,BYD,BYD ENVIRO,2
2023,3,CITROEN,CITROEN E-C4,2
2023,3,DACIA,DACIA LOGAN,2
2023,3,FIAT,FIAT CHAUSSON,2
2023,3,PEUGEOT,PEUGEOT 106,2
2023,3,SEAT,SEAT ALHAMBRA,2
2023,3,DAIHATSU,DAIHATSU MODEL MISSING,2
2023,3,HONCHING,HONCHING MODEL MISSING,2
2023,3,MASERATI,MASERATI GRANTURISMO,2
2023,3,ACURA,ACURA MDX,2
2023,3,ALFA ROMEO,ALFA ROMEO BERLINA,2
2023,3,ALFA ROMEO,ALFA ROMEO JUNIOR,2
2023,3,ASTON MARTIN,ASTON MARTIN VANQUISH,2
2023,3,AUSTIN,AUSTIN A40,2
2023,3,AUSTIN,AUSTIN SPRITE,2
2023,3,BMW,BMW 3.0 CSL,2
2023,3,BUGATTI,BUGATTI MODEL MISSING,2
2023,3,CHEVROLET GMC,CHEVROLET GMC BELAIR,2
2023,3,CITROEN,CITROEN C1,2
2023,3,DATSUN,DATSUN 240,2
2023,3,FERRARI,FERRARI 458,2
2023,3,FIAT,FIAT BARCHETTA,2
2023,3,FIAT,FIAT DINO,2
2023,3,FORD,FORD ANGLIA,2
2023,3,FORD,FORD GT,2
2023,3,HILLMAN,HILLMAN IMP,2
2023,3,HOLDEN,HOLDEN MODEL MISSING,2
2023,3,HONDA,HONDA S2000,2
2023,3,HUMMER,HUMMER MODEL MISSING,2
2023,3,JAGUAR,JAGUAR MK II,2
2023,3,JEEP,JEEP CHEROKEE,2
2023,3,LANCIA,LANCIA MONTECARLO,2
2023,3,LEXUS,LEXUS IS 250,2
2023,3,MAZDA,MAZDA 6,2
2023,3,MERCEDES,MERCEDES 400,2
2023,3,MERCEDES,MERCEDES ML CLASS,2
2023,3,MG,MG MGA,2
2023,3,MG,MG MIDGET,2
2023,3,MITSUBISHI,MITSUBISHI OUTLANDER,2
2023,3,MORRIS,MORRIS MODEL MISSING,2
2023,3,NISSAN,NISSAN NOTE,2
2023,3,PLYMOUTH,PLYMOUTH MODEL MISSING,2
2023,3,PONTIAC,PONTIAC FIREBIRD,2
2023,3,PORSCHE,PORSCHE 944,2
2023,3,SAAB,SAAB 9-3,2
2023,3,SEAT,SEAT MARBELLA,2
2023,3,TOYOTA,TOYOTA IQ,2
2023,3,TOYOTA,TOYOTA PREVIA,2
2023,3,TRIUMPH,TRIUMPH STAG,2
2023,3,VAUXHALL,VAUXHALL VIVA,2
2023,3,VOLVO,VOLVO 122,2
2023,3,VOLVO,VOLVO C30,2
2023,3,VOLVO,VOLVO P1800,2
2023,3,ZHENHUA,ZHENHUA MODEL MISSING,2
2023,3,LEVC,LEVC TX,2
2023,3,MAXUS,MAXUS DELIVER,1
2023,3,POLESTAR,POLESTAR MODEL MISSING,1
2023,3,AM GENERAL,AM GENERAL MODEL MISSING,1
2023,3,CHRYSLER,CHRYSLER VOYAGER,1
2023,3,FIAT,FIAT DOBLO,1
2023,3,FORD,FORD RANGER,1
2023,3,ISUZU TRUCKS,ISUZU TRUCKS GRAFTER,1
2023,3,MAN,MAN MODEL MISSING,1
2023,3,MAN,MAN TGE,1
2023,3,MITSUBISHI,MITSUBISHI SHOGUN,1
2023,3,NISSAN,NISSAN TERRANO,1
2023,3,RENAULT,RENAULT KANGOO,1
2023,3,RENAULT,RENAULT SCENIC,1
2023,3,VOLKSWAGEN,VOLKSWAGEN CARAVELLE,1
2023,3,VOLKSWAGEN,VOLKSWAGEN PHAETON,1
2023,3,COLEMAN MILNE,COLEMAN MILNE MODEL MISSING,1
2023,3,EBRO,EBRO MODEL MISSING,1
2023,3,JAWA,JAWA JAZZ,1
2023,3,KOENIGSEGG,KOENIGSEGG MODEL MISSING,1
2023,3,LEXUS,LEXUS IS 300,1
2023,3,LEXUS,LEXUS NX 300,1
2023,3,TOYOTA,TOYOTA HILUX,1
2023,3,TOYOTA,TOYOTA SOARER,1
2023,3,ABARTH,ABARTH SPIDER,1
2023,3,AC,AC MODEL MISSING,1
2023,3,ALFA ROMEO,ALFA ROMEO 159,1
2023,3,ALFA ROMEO,ALFA ROMEO 1750,1
2023,3,ALFA ROMEO,ALFA ROMEO ALFETTA,1
2023,3,ALFA ROMEO,ALFA ROMEO GTV,1
2023,3,ALFA ROMEO,ALFA ROMEO SPRINT,1
2023,3,ALPINA,ALPINA MODEL MISSING,1
2023,3,ASTON MARTIN,ASTON MARTIN DB2/4,1
2023,3,AUDI,AUDI 100,1
2023,3,AUDI,AUDI S1,1
2023,3,AUSTIN,AUSTIN 1800,1
2023,3,AUSTIN,AUSTIN A30,1
2023,3,AUSTIN-MORRIS,AUSTIN-MORRIS MODEL MISSING,1
2023,3,AVTOVAZ,AVTOVAZ MODEL MISSING,1
2023,3,BENTLEY,BENTLEY AZURE,1
2023,3,BENTLEY,BENTLEY TURBO,1
2023,3,BMW,BMW 1602,1
2023,3,BMW,BMW 2000,1
2023,3,BMW,BMW 2002,1
2023,3,BUICK,BUICK ELECTRA,1
2023,3,CHEVROLET GMC,CHEVROLET GMC BISCAYNE,1
2023,3,CHEVROLET GMC,CHEVROLET GMC IMPALA,1
2023,3,CHRYSLER,CHRYSLER 300,1
2023,3,CHRYSLER,CHRYSLER PT CRUISER,1
2023,3,CITROEN,CITROEN AMI,1
2023,3,CITROEN,CITROEN CX,1
2023,3,CITROEN,CITROEN D SUPER,1
2023,3,CITROEN,CITROEN DYANE,1
2023,3,CITROEN,CITROEN ID,1
2023,3,CITROEN,CITROEN SM,1
2023,3,CORVETTE,CORVETTE MODEL MISSING,1
2023,3,DAIHATSU,DAIHATSU COPEN,1
2023,3,DAIHATSU,DAIHATSU MIRA,1
2023,3,DAIHATSU,DAIHATSU MOVE,1
2023,3,DATSUN,DATSUN 510,1
2023,3,DE TOMASO,DE TOMASO MODEL MISSING,1
2023,3,FERRARI,FERRARI 360,1
2023,3,FERRARI,FERRARI 612,1
2023,3,FERRARI,FERRARI F430,1
2023,3,FERRARI,FERRARI MONZA,1
2023,3,FERRARI,FERRARI SA APERTA,1
2023,3,FIAT,FIAT 124,1
2023,3,FIAT,FIAT 127,1
2023,3,FIAT,FIAT 1500,1
2023,3,FIAT,FIAT 850,1
2023,3,FIAT,FIAT CINQUECENTO,1
2023,3,FIAT,FIAT PUNTO,1
2023,3,FIAT,FIAT QUBO,1
2023,3,FIAT,FIAT UNO,1
2023,3,FORD,FORD B-MAX,1
2023,3,FORD,FORD CAPRI,1
2023,3,FORD,FORD CROWN VICTORIA,1
2023,3,FORD,FORD POPULAR,1
2023,3,FORD,FORD SIERRA,1
2023,3,FORD,FORD THUNDERBIRD,1
2023,3,FORD,FORD ZEPHYR,1
2023,3,GENERAL MOTORS,GENERAL MOTORS MODEL MISSING,1
2023,3,HONDA,HONDA CRX,1
2023,3,HONDA,HONDA NSX,1
2023,3,HONDA,HONDA S660,1
2023,3,HUMBER,HUMBER MODEL MISSING,1
2023,3,HUMMER,HUMMER H2,1
2023,3,HUMMER,HUMMER H3,1
2023,3,HYUNDAI,HYUNDAI SONATA,1
2023,3,INFINITI,INFINITI G37,1
2023,3,INFINITI,INFINITI MODEL MISSING,1
2023,3,JENSEN,JENSEN INTERCEPTOR,1
2023,3,JENSEN,JENSEN MODEL MISSING,1
2023,3,KEEWAY,KEEWAY LANDCRUISER,1
2023,3,LADA,LADA 1500,1
2023,3,LADA,LADA MODEL MISSING,1
2023,3,LAMBORGHINI,LAMBORGHINI DIABLO,1
2023,3,LAMBORGHINI,LAMBORGHINI MURCIELAGO,1
2023,3,LAMBRETTA,LAMBRETTA MODEL MISSING,1
2023,3,LANCIA,LANCIA FLAMINIA,1
2023,3,LANCIA,LANCIA THEMA,1
2023,3,LEXUS,LEXUS GS 250,1
2023,3,LEXUS,LEXUS RX 300,1
2023,3,LEYLAND,LEYLAND MODEL MISSING,1
2023,3,LOTUS,LOTUS ELITE,1
2023,3,LOTUS,LOTUS ESPRIT,1
2023,3,LOTUS,LOTUS EXIGE,1
2023,3,MAGIRUS DEUTZ,MAGIRUS DEUTZ MODEL MISSING,1
2023,3,MAHINDRA,MAHINDRA MODEL MISSING,1
2023,3,MARCOS,MARCOS MODEL MISSING,1
2023,3,MASERATI,MASERATI 3200,1
2023,3,MAZDA,MAZDA 323,1
2023,3,MAZDA,MAZDA PREMACY,1
2023,3,MCLAREN,MCLAREN 765LT,1
2023,3,MCLAREN,MCLAREN ELVA,1
2023,3,MECALAC,MECALAC MODEL MISSING,1
2023,3,MERCEDES,MERCEDES 500,1
2023,3,MERCEDES,MERCEDES CL CLASS,1
2023,3,MERCEDES,MERCEDES CLC CLASS,1
2023,3,MERCEDES,MERCEDES M8,1
2023,3,MG,MG MGB,1
2023,3,MG,MG MGF,1
2023,3,MG,MG TD/TF,1
2023,3,MITSUBISHI,MITSUBISHI ASX,1
2023,3,MITSUBISHI,MITSUBISHI ECLIPSE,1
2023,3,MITSUBISHI,MITSUBISHI PAJERO,1
2023,3,MORGAN,MORGAN 4/4,1
2023,3,MORRIS,MORRIS COWLEY,1
2023,3,MORRIS,MORRIS MINOR,1
2023,3,MORRIS,MORRIS OXFORD,1
2023,3,MOTOR JIKOV,MOTOR JIKOV MODEL MISSING,1
2023,3,NISSAN,NISSAN 200,1
2023,3,NISSAN,NISSAN 350,1
2023,3,NISSAN,NISSAN 370,1
2023,3,NISSAN,NISSAN ALMERA,1
2023,3,NISSAN,NISSAN KUBISTAR,1
2023,3,NISSAN,NISSAN MURANO,1
2023,3,OLDSMOBILE,OLDSMOBILE MODEL MISSING,1
2023,3,OPEL,OPEL CORSA,1
2023,3,OPEL,OPEL GT,1
2023,3,OPEL,OPEL KADETT,1
2023,3,PEUGEOT,PEUGEOT 107,1
2023,3,PEUGEOT,PEUGEOT 108,1
2023,3,PEUGEOT,PEUGEOT 404,1
2023,3,PEUGEOT,PEUGEOT 505,1
2023,3,PONTIAC,PONTIAC MODEL MISSING,1
2023,3,PORSCHE,PORSCHE 928,1
2023,3,RENAULT,RENAULT 4,1
2023,3,RENAULT,RENAULT 5,1
2023,3,RENAULT,RENAULT KADJAR,1
2023,3,ROLLS ROYCE,ROLLS ROYCE CORNICHE,1
2023,3,ROLLS ROYCE,ROLLS ROYCE DAWN,1
2023,3,ROLLS ROYCE,ROLLS ROYCE SILVER SHADOW,1
2023,3,ROVER,ROVER 75,1
2023,3,RUF,RUF MODEL MISSING,1
2023,3,SAAB,SAAB 96,1
2023,3,SAVIEM,SAVIEM MODEL MISSING,1
2023,3,SD,SD MODEL MISSING,1
2023,3,SEAT,SEAT MII,1
2023,3,SKODA,SKODA CITIGO,1
2023,3,SMART,SMART FORFOUR,1
2023,3,SUBARU,SUBARU JUSTY,1
2023,3,SUBARU,SUBARU WRX,1
2023,3,SUNBEAM,SUNBEAM MODEL MISSING,1
2023,3,SUZUKI,SUZUKI JIMNY,1
2023,3,TALBOT,TALBOT MODEL MISSING,1
2023,3,TALBOT,TALBOT SUNBEAM,1
2023,3,TOYOTA,TOYOTA ARISTO,1
2023,3,TOYOTA,TOYOTA AURIS,1
2023,3,TOYOTA,TOYOTA IPSUM,1
2023,3,TOYOTA,TOYOTA SPRINTER,1
2023,3,TOYOTA,TOYOTA STARLET,1
2023,3,TOYOTA,TOYOTA WILL VI,1
2023,3,TRIUMPH,TRIUMPH MODEL MISSING,1
2023,3,TRIUMPH,TRIUMPH SPITFIRE,1
2023,3,TRIUMPH,TRIUMPH TR2,1
2023,3,TRIUMPH,TRIUMPH TR5,1
2023,3,TVR,TVR TASMIN,1
2023,3,TYM,TYM MODEL MISSING,1
2023,3,VAUXHALL,VAUXHALL CRESTA,1
2023,3,VOLKSWAGEN,VOLKSWAGEN LUPO,1
2023,3,VOLVO,VOLVO 1800,1
2023,3,VOLVO,VOLVO 850,1
2023,3,VOLVO,VOLVO 940,1
2023,3,VOLVO,VOLVO XC70,1
2023,3,WESTFIELD,WESTFIELD MODEL MISSING,1
2023,4,FORD,FORD PUMA,12293
2023,4,NISSAN,NISSAN QASHQAI,10747
2023,4,VAUXHALL,VAUXHALL CORSA,10629
2023,4,MINI,MINI COOPER,10364
2023,4,TOYOTA,TOYOTA YARIS,9436
2023,4,VOLKSWAGEN,VOLKSWAGEN POLO,8771
2023,4,MG,MG HS,8552
2023,4,FORD,FORD KUGA,8519
2023,4,VOLKSWAGEN,VOLKSWAGEN GOLF,8001
2023,4,KIA,KIA SPORTAGE,7980
2023,4,TESLA,TESLA MODEL Y,7723
2023,4,VOLVO,VOLVO XC40,7383
2023,4,PEUGEOT,PEUGEOT 2008,7245
2023,4,VOLKSWAGEN,VOLKSWAGEN TIGUAN,7135
2023,4,VAUXHALL,VAUXHALL MOKKA,7048
2023,4,HYUNDAI,HYUNDAI TUCSON,7033
2023,4,BMW,BMW 1 SERIES,7012
2023,4,AUDI,AUDI A3,6683
2023,4,NISSAN,NISSAN JUKE,6195
2023,4,AUDI,AUDI Q4,5637
2023,4,TOYOTA,TOYOTA COROLLA,5618
2023,4,FORD,FORD FOCUS,5518
2023,4,MG,MG ZS,5122
2023,4,TOYOTA,TOYOTA AYGO,4618
2023,4,MERCEDES,MERCEDES A CLASS,4518
2023,4,BMW,BMW 3 SERIES,4398
2023,4,MG,MG 4,4394
2023,4,BMW,BMW IX,4237
2023,4,VOLKSWAGEN,VOLKSWAGEN T-ROC,4172
2023,4,RENAULT,RENAULT CAPTUR,4121
2023,4,PEUGEOT,PEUGEOT 208,3829
2023,4,FORD,FORD FIESTA,3822
2023,4,CITROEN,CITROEN C3,3770
2023,4,DACIA,DACIA SANDERO,3592
2023,4,CUPRA,CUPRA FORMENTOR,3411
2023,4,AUDI,AUDI Q2,3221
2023,4,VOLKSWAGEN,VOLKSWAGEN T-CROSS,3160
2023,4,LAND ROVER,LAND ROVER RANGE ROVER EVOQUE,3134
2023,4,KIA,KIA NIRO,3053
2023,4,AUDI,AUDI A1,2930
2023,4,MERCEDES,MERCEDES CLA CLASS,2893
2023,4,MINI,MINI COUNTRYMAN,2873
2023,4,PORSCHE,PORSCHE TAYCAN,2865
2023,4,HYUNDAI,HYUNDAI KONA,2852
2023,4,LAND ROVER,LAND ROVER DEFENDER,2835
2023,4,BMW,BMW I4,2833
2023,4,RENAULT,RENAULT CLIO,2814
2023,4,SKODA,SKODA OCTAVIA,2752
2023,4,SKODA,SKODA KAROQ,2740
2023,4,SEAT,SEAT ATECA,2722
2023,4,VOLVO,VOLVO XC60,2665
2023,4,LAND ROVER,LAND ROVER RANGE ROVER SPORT,2652
2023,4,TOYOTA,TOYOTA C-HR,2619
2023,4,HONDA,HONDA HR-V,2524
2023,4,BMW,BMW 2 SERIES,2473
2023,4,TOYOTA,TOYOTA PRIUS,2451
2023,4,POLESTAR,POLESTAR 2,2425
2023,4,SKODA,SKODA KAMIQ,2418
2023,4,VAUXHALL,VAUXHALL GRANDLAND,2415
2023,4,AUDI,AUDI A4,2385
2023,4,SKODA,SKODA KODIAQ,2340
2023,4,LAND ROVER,LAND ROVER DISCOVERY,2264
2023,4,VAUXHALL,VAUXHALL ASTRA,2249
2023,4,RENAULT,RENAULT AUSTRAL,2242
2023,4,AUDI,AUDI Q5,2236
2023,4,JAGUAR,JAGUAR F-PACE,2213
2023,4,FIAT,FIAT 500,2172
2023,4,AUDI,AUDI Q8,2164
2023,4,BMW,BMW IX3,2153
2023,4,HYUNDAI,HYUNDAI I10,2136
2023,4,SEAT,SEAT IBIZA,2128
2023,4,RENAULT,RENAULT ARKANA,2122
2023,4,SKODA,SKODA ENYAQ,2109
2023,4,MERCEDES,MERCEDES EQC CLASS,2096
2023,4,BMW,BMW X3,2089
2023,4,TESLA,TESLA MODEL 3,2087
2023,4,AUDI,AUDI Q3,2027
2023,4,TOYOTA,TOYOTA MODEL MISSING,1945
2023,4,CITROEN,CITROEN C4,1940
2023,4,CUPRA,CUPRA BORN,1896
2023,4,SEAT,SEAT ARONA,1876
2023,4,DACIA,DACIA DUSTER,1873
2023,4,VAUXHALL,VAUXHALL CROSSLAND,1863
2023,4,PEUGEOT,PEUGEOT 3008,1837
2023,4,VOLVO,VOLVO XC90,1773
2023,4,KIA,KIA XCEED,1736
2023,4,HYUNDAI,HYUNDAI BAYON,1724
2023,4,DACIA,DACIA JOGGER,1705
2023,4,MERCEDES,MERCEDES EQA CLASS,1699
2023,4,HYUNDAI,HYUNDAI IONIQ,1684
2023,4,MERCEDES,MERCEDES GLC CLASS,1665
2023,4,SKODA,SKODA SUPERB,1661
2023,4,SKODA,SKODA FABIA,1624
2023,4,TOYOTA,TOYOTA RAV4,1601
2023,4,BMW,BMW X5,1558
2023,4,VOLKSWAGEN,VOLKSWAGEN ID4,1555
2023,4,HYUNDAI,HYUNDAI I20,1553
2023,4,MERCEDES,MERCEDES GLA CLASS,1549
2023,4,LAND ROVER,LAND ROVER RANGE ROVER VELAR,1527
2023,4,VOLKSWAGEN,VOLKSWAGEN ID3,1501
2023,4,LAND ROVER,LAND ROVER RANGE ROVER,1461
2023,4,MAZDA,MAZDA CX-5,1455
2023,4,FORD,FORD TOURNEO,1450
2023,4,HONDA,HONDA JAZZ,1444
2023,4,VOLKSWAGEN,VOLKSWAGEN TAIGO,1426
2023,4,MERCEDES,MERCEDES AMG CLASS,1379
2023,4,BMW,BMW X1,1374
2023,4,MAZDA,MAZDA 2,1364
2023,4,MERCEDES,MERCEDES EQB CLASS,1335
2023,4,SUZUKI,SUZUKI VITARA,1312
2023,4,LEXUS,LEXUS UX 250,1272
2023,4,SKODA,SKODA SCALA,1233
2023,4,SUZUKI,SUZUKI SWIFT,1230
2023,4,PORSCHE,PORSCHE MACAN,1215
2023,4,NISSAN,NISSAN LEAF,1200
2023,4,NISSAN,NISSAN X-TRAIL,1182
2023,4,AUDI,AUDI A6,1179
2023,4,PORSCHE,PORSCHE 911,1170
2023,4,CUPRA,CUPRA LEON,1146
2023,4,CITROEN,CITROEN C5,1136
2023,4,KIA,KIA PICANTO,1120
2023,4,PEUGEOT,PEUGEOT 5008,1100
2023,4,SUZUKI,SUZUKI SX4,1098
2023,4,AUDI,AUDI A5,1092
2023,4,KIA,KIA STONIC,1032
2023,4,KIA,KIA CEED,1030
2023,4,VOLKSWAGEN,VOLKSWAGEN ID BUZZ,971
2023,4,LEXUS,LEXUS NX 350,943
2023,4,PEUGEOT,PEUGEOT 308,933
2023,4,AUDI,AUDI S3,899
2023,4,KIA,KIA EV6,877
2023,4,BMW,BMW M3,858
2023,4,SUZUKI,SUZUKI S-CROSS,841
2023,4,MAZDA,MAZDA CX-30,833
2023,4,MINI,MINI JOHN COOPER WORKS,822
2023,4,RENAULT,RENAULT MEGANE,798
2023,4,VOLVO,VOLVO C40,785
2023,4,MG,MG 3,778
2023,4,MAZDA,MAZDA CX-60,761
2023,4,SEAT,SEAT LEON,745
2023,4,MERCEDES,MERCEDES C CLASS,738
2023,4,VOLKSWAGEN,VOLKSWAGEN ID5,734
2023,4,AUDI,AUDI E-TRON,733
2023,4,BMW,BMW M1,723
2023,4,SUZUKI,SUZUKI IGNIS,721
2023,4,MERCEDES,MERCEDES EQE CLASS,703
2023,4,BMW,BMW M2,690
2023,4,BMW,BMW 4 SERIES,679
2023,4,MERCEDES,MERCEDES GLE CLASS,637
2023,4,PORSCHE,PORSCHE CAYENNE,632
2023,4,VOLKSWAGEN,VOLKSWAGEN MULTIVAN,629
2023,4,NISSAN,NISSAN MODEL MISSING,616
2023,4,BYD,BYD ATTO 3,607
2023,4,MAZDA,MAZDA MX-30,599
2023,4,NISSAN,NISSAN ARIYA,594
2023,4,JAGUAR,JAGUAR E-PACE,592
2023,4,CUPRA,CUPRA ATECA,570
2023,4,HONDA,HONDA MODEL MISSING,567
2023,4,LEXUS,LEXUS NX 450,551
2023,4,BMW,BMW I5,546
2023,4,FORD,FORD MUSTANG MACH-E,541
2023,4,BMW,BMW 5 SERIES,524
2023,4,LEXUS,LEXUS ES 300,519
2023,4,MINI,MINI CLUBMAN,519
2023,4,JAGUAR,JAGUAR I-PACE,505
2023,4,HYUNDAI,HYUNDAI SANTA FE,503
2023,4,VOLKSWAGEN,VOLKSWAGEN UP,492
2023,4,HONDA,HONDA CR-V,451
2023,4,KIA,KIA SORENTO,442
2023,4,TOYOTA,TOYOTA GR86,441
2023,4,VOLKSWAGEN,VOLKSWAGEN MODEL MISSING,434
2023,4,MAZDA,MAZDA 3,431
2023,4,AUDI,AUDI Q7,430
2023,4,VOLKSWAGEN,VOLKSWAGEN ARTEON,426
2023,4,MG,MG 5,416
2023,4,SEAT,SEAT TARRACO,406
2023,4,PORSCHE,PORSCHE 718,406
2023,4,PEUGEOT,PEUGEOT 408,403
2023,4,SUZUKI,SUZUKI SWACE,397
2023,4,LOTUS,LOTUS ELETRE,382
2023,4,HONDA,HONDA CIVIC,382
2023,4,BMW,BMW M4,374
2023,4,KIA,KIA PRO CEED,363
2023,4,JAGUAR,JAGUAR XE SERIES,357
2023,4,PEUGEOT,PEUGEOT RIFTER,339
2023,4,VOLKSWAGEN,VOLKSWAGEN TOUAREG,336
2023,4,BMW,BMW X4,335
2023,4,HYUNDAI,HYUNDAI I30,332
2023,4,JEEP,JEEP AVENGER,327
2023,4,MERCEDES,MERCEDES B CLASS,323
2023,4,AUDI,AUDI TT,319
2023,4,TOYOTA,TOYOTA LANDCRUISER,312
2023,4,AUDI,AUDI TTS,311
2023,4,MERCEDES,MERCEDES GLB CLASS,294
2023,4,AUDI,AUDI MODEL MISSING,288
2023,4,LEXUS,LEXUS RX 450,285
2023,4,VOLKSWAGEN,VOLKSWAGEN CADDY,283
2023,4,ALFA ROMEO,ALFA ROMEO TONALE,281
2023,4,HONDA,HONDA E,280
2023,4,MERCEDES,MERCEDES V CLASS,279
2023,4,OTHER BRITISH,OTHER BRITISH MODEL MISSING,250
2023,4,MERCEDES,MERCEDES MODEL MISSING,248
2023,4,AUDI,AUDI RS3,248
2023,4,JEEP,JEEP COMPASS,247
2023,4,ORA,ORA FUNKY CAT,244
2023,4,HONDA,HONDA ZR-V SPORT,244
2023,4,VOLKSWAGEN,VOLKSWAGEN PASSAT,239
2023,4,BMW,BMW X2,230
2023,4,SUBARU,SUBARU SOLTERRA,229
2023,4,PORSCHE,PORSCHE PANAMERA,228
2023,4,RENAULT,RENAULT TRAFIC,227
2023,4,CITROEN,CITROEN BERLINGO,217
2023,4,VAUXHALL,VAUXHALL VIVARO,213
2023,4,JAGUAR,JAGUAR XF SERIES,210
2023,4,GENESIS,GENESIS GV70,202
2023,4,MAZDA,MAZDA MX-5,202
2023,4,JAGUAR,JAGUAR F-TYPE,192
2023,4,MERCEDES,MERCEDES E CLASS,188
2023,4,AUDI,AUDI A7,185
2023,4,TOYOTA,TOYOTA PROACE,184
2023,4,DS,DS DS7,180
2023,4,FIAT,FIAT PANDA,179
2023,4,BMW,BMW MODEL MISSING,178
2023,4,VOLVO,VOLVO V60,177
2023,4,LEXUS,LEXUS RX 350,176
2023,4,MERCEDES,MERCEDES EQS CLASS,170
2023,4,BMW,BMW X7,169
2023,4,MERCEDES,MERCEDES VITO,168
2023,4,SSANGYONG,SSANGYONG TIVOLI,166
2023,4,TOYOTA,TOYOTA ESTIMA,164
2023,4,AUDI,AUDI RS6,163
2023,4,BMW,BMW X6,162
2023,4,SSANGYONG,SSANGYONG KORANDO,160
2023,4,SUBARU,SUBARU OUTBACK,159
2023,4,BMW,BMW 7 SERIES,151
2023,4,MERCEDES,MERCEDES S CLASS,147
2023,4,SUZUKI,SUZUKI ACROSS,147
2023,4,VOLKSWAGEN,VOLKSWAGEN TOURAN,146
2023,4,BMW,BMW 8 SERIES,146
2023,4,DS,DS DS3,141
2023,4,AUDI,AUDI A8,138
2023,4,MASERATI,MASERATI GRECALE,138
2023,4,AUDI,AUDI RS4,138
2023,4,VOLVO,VOLVO S60,136
2023,4,FORD,FORD TRANSIT CUSTOM,132
2023,4,AUDI,AUDI SQ7,131
2023,4,VOLVO,VOLVO MODEL MISSING,124
2023,4,SMART,SMART 1 PREMIUM,122
2023,4,VOLVO,VOLVO V90,119
2023,4,RENAULT,RENAULT ZOE,116
2023,4,FISKER,FISKER OCEAN,113
2023,4,FORD,FORD MODEL MISSING,107
2023,4,GENESIS,GENESIS GV60,107
2023,4,AUDI,AUDI RSQ8,102
2023,4,SUBARU,SUBARU FORESTER,101
2023,4,SMART,SMART 1 BRABUS,99
2023,4,LEXUS,LEXUS RZ 450,98
2023,4,BENTLEY,BENTLEY CONTINENTAL,98
2023,4,AUDI,AUDI SQ8,97
2023,4,INEOS,INEOS GRENADIER,96
2023,4,CITROEN,CITROEN SPACETOURER,95
2023,4,LEXUS,LEXUS RX 500,94
2023,4,ABARTH,ABARTH 695,94
2023,4,BENTLEY,BENTLEY BENTAYGA,94
2023,4,SMART,SMART FORTWO,89
2023,4,DS,DS DS4,89
2023,4,KIA,KIA PROCEED,88
2023,4,LAND ROVER,LAND ROVER MODEL MISSING,86
2023,4,LOTUS,LOTUS EMIRA,86
2023,4,LAMBORGHINI,LAMBORGHINI URUS,84
2023,4,SMART,SMART 1 PRO,82
2023,4,ALFA ROMEO,ALFA ROMEO GIULIA,81
2023,4,FERRARI,FERRARI 296,81
2023,4,TOYOTA,TOYOTA HIGHLANDER,79
2023,4,MITSUBISHI,MITSUBISHI MODEL MISSING,78
2023,4,PEUGEOT,PEUGEOT 508,78
2023,4,TOYOTA,TOYOTA VELLFIRE,77
2023,4,AUDI,AUDI RSQ3,74
2023,4,ASTON MARTIN,ASTON MARTIN DBX,72
2023,4,HONDA,HONDA STEPWAGON,72
2023,4,SSANGYONG,SSANGYONG REXTON,71
2023,4,HONDA,HONDA FIT,65
2023,4,TOYOTA,TOYOTA ALPHARD,65
2023,4,NISSAN,NISSAN ELGRAND,65
2023,4,VOLKSWAGEN,VOLKSWAGEN TRANSPORTER,64
2023,4,SUBARU,SUBARU MODEL MISSING,64
2023,4,JEEP,JEEP RENEGADE,63
2023,4,BENTLEY,BENTLEY MODEL MISSING,63
2023,4,VAUXHALL,VAUXHALL COMBO,62
2023,4,BENTLEY,BENTLEY FLYING SPUR,62
2023,4,SUBARU,SUBARU XV,61
2023,4,SUBARU,SUBARU C-TREK TORING EBXR SYM AWD CVT,60
2023,4,AUDI,AUDI RS5,59
2023,4,ALFA ROMEO,ALFA ROMEO STELVIO,57
2023,4,PEUGEOT,PEUGEOT BOXER,55
2023,4,MAZDA,MAZDA MODEL MISSING,54
2023,4,SUZUKI,SUZUKI MODEL MISSING,54
2023,4,NISSAN,NISSAN MICRA,54
2023,4,JAGUAR,JAGUAR MODEL MISSING,53
2023,4,ABARTH,ABARTH 500,50
2023,4,TOYOTA,TOYOTA VITZ,50
2023,4,MERCEDES,MERCEDES SPRINTER,49
2023,4,KIA,KIA SOUL,48
2023,4,MERCEDES,MERCEDES GLS CLASS,48
2023,4,BYD,BYD DOLPHIN DESIGN EV,47
2023,4,ALPINE,ALPINE A110,47
2023,4,INEOS,INEOS GRENADIER FIELDMASTER ED D A,43
2023,4,RENAULT,RENAULT MASTER,43
2023,4,FERRARI,FERRARI PUROSANGUE,43
2023,4,BMW,BMW Z4,42
2023,4,ROLLS ROYCE,ROLLS ROYCE CULLINAN,42
2023,4,VOLVO,VOLVO V70,42
2023,4,AUDI,AUDI SQ2,41
2023,4,BYD,BYD SEAL DESIGN EV,40
2023,4,ABARTH,ABARTH 595,40
2023,4,DODGE,DODGE MODEL MISSING,40
2023,4,FORD,FORD GALAXY,39
2023,4,PEUGEOT,PEUGEOT 106,39
2023,4,CATERHAM,CATERHAM MODEL MISSING,39
2023,4,ASTON MARTIN,ASTON MARTIN VANTAGE,38
2023,4,BMW,BMW XM,38
2023,4,MERCEDES,MERCEDES G CLASS,37
2023,4,VOLVO,VOLVO S90,37
2023,4,FERRARI,FERRARI ROMA,37
2023,4,LEXUS,LEXUS MODEL MISSING,36
2023,4,FORD,FORD ESCORT,36
2023,4,JEEP,JEEP GRAND CHEROKEE,35
2023,4,FORD,FORD S-MAX,34
2023,4,ROLLS ROYCE,ROLLS ROYCE,33
2023,4,TESLA,TESLA MODEL S,31
2023,4,ASTON MARTIN,ASTON MARTIN MODEL MISSING,31
2023,4,MERCEDES,MERCEDES EQV CLASS,30
2023,4,HONDA,HONDA ACCORD,30
2023,4,ASTON MARTIN,ASTON MARTIN DB1,30
2023,4,MCLAREN,MCLAREN 750S,29
2023,4,PEUGEOT,PEUGEOT TRAVELLER,28
2023,4,TOYOTA,TOYOTA AQUA,28
2023,4,PEUGEOT,PEUGEOT MODEL MISSING,27
2023,4,VOLKSWAGEN,VOLKSWAGEN SHARAN,27
2023,4,CHEVROLET,CHEVROLET CORVETTE,27
2023,4,FORD,FORD MUSTANG,27
2023,4,LAMBORGHINI,LAMBORGHINI HURACAN,27
2023,4,TOYOTA,TOYOTA BZ4X,26
2023,4,AUDI,AUDI SQ5,26
2023,4,CITROEN,CITROEN ALLIED HORIZON,26
2023,4,JEEP,JEEP WRANGLER,26
2023,4,KIA,KIA EV9,25
2023,4,AUDI,AUDI R8,25
2023,4,BMW,BMW M8,25
2023,4,HONDA,HONDA INSIGHT,24
2023,4,HYUNDAI,HYUNDAI MODEL MISSING,23
2023,4,MERCEDES,MERCEDES COLEMAN MILNE,23
2023,4,BYD,BYD DOLPHIN COMFORT EV,22
2023,4,KIA,KIA MODEL MISSING,22
2023,4,RENAULT,RENAULT MODEL MISSING,22
2023,4,SMART,SMART 1 LAUNCH EDITION,22
2023,4,FIAT,FIAT MODEL MISSING,22
2023,4,NISSAN,NISSAN SERENA,22
2023,4,FERRARI,FERRARI 812,22
2023,4,JAGUAR,JAGUAR E TYPE,22
2023,4,NISSAN,NISSAN CUBE,22
2023,4,FORD,FORD ALLIED,21
2023,4,AUDI,AUDI RS7,21
2023,4,PORSCHE,PORSCHE MODEL MISSING,21
2023,4,TOYOTA,TOYOTA SUPRA,21
2023,4,AUDI,AUDI TTRS,20
2023,4,FIAT,FIAT TIPO,20
2023,4,BMW,BMW ALPINA,19
2023,4,MERCEDES,MERCEDES CLE 220 AMG,19
2023,4,MORGAN,MORGAN PLUS 4,19
2023,4,VOLKSWAGEN,VOLKSWAGEN BEETLE,18
2023,4,PEUGEOT,PEUGEOT ALLIED,17
2023,4,TOYOTA,TOYOTA CROWN,17
2023,4,ASTON MARTIN,ASTON MARTIN DBS,17
2023,4,LEXUS,LEXUS UX 300,16
2023,4,MG,MG MODEL MISSING,16
2023,4,HONDA,HONDA ODYSSEY,16
2023,4,BMW,BMW M SERIES,16
2023,4,CHEVROLET,CHEVROLET MODEL MISSING,15
2023,4,JEEP,JEEP MODEL MISSING,15
2023,4,MERCEDES-BENZ,MERCEDES-BENZ MODEL MISSING,15
2023,4,PEUGEOT,PEUGEOT 309,15
2023,4,SUBARU,SUBARU LEGACY,15
2023,4,LEXUS,LEXUS LC 500,15
2023,4,FORD,FORD CORTINA,15
2023,4,ROLLS ROYCE,ROLLS ROYCE GHOST,15
2023,4,ROLLS ROYCE,ROLLS ROYCE PHANTOM,15
2023,4,SUBARU,SUBARU IMPREZA,15
2023,4,TESLA,TESLA MODEL X,14
2023,4,MERCEDES,MERCEDES 200,14
2023,4,RENAULT TRUCKS,RENAULT TRUCKS TRAFIC,14
2023,4,TOYOTA,TOYOTA NOAH,14
2023,4,VOLKSWAGEN,VOLKSWAGEN ID7 PRO LAUNCH EDITION 1,13
2023,4,AUDI,AUDI S6,13
2023,4,CITROEN,CITROEN MODEL MISSING,13
2023,4,MASERATI,MASERATI GRANTURISMO,13
2023,4,NISSAN,NISSAN SILVIA,13
2023,4,FERRARI,FERRARI SF90,13
2023,4,LEXUS,LEXUS LM 350H,12
2023,4,MASERATI,MASERATI LEVANTE,12
2023,4,MINI,MINI MODEL MISSING,12
2023,4,FORD,FORD COLEMAN MILNE,11
2023,4,DACIA,DACIA MODEL MISSING,11
2023,4,FORD,FORD MONDEO,11
2023,4,GENESIS,GENESIS G70,11
2023,4,OPEL,OPEL MODEL MISSING,11
2023,4,VOLKSWAGEN,VOLKSWAGEN CALIFORNIA,11
2023,4,BMW,BMW M5,11
2023,4,FERRARI,FERRARI MODEL MISSING,11
2023,4,GENESIS,GENESIS GV80,11
2023,4,MCLAREN,MCLAREN MODEL MISSING,11
2023,4,FORD,FORD SIERRA,10
2023,4,NISSAN,NISSAN NOTE,10
2023,4,AUDI,AUDI S4,10
2023,4,AUDI,AUDI S8,10
2023,4,NISSAN,NISSAN SKYLINE,10
2023,4,CHRYSLER,CHRYSLER MODEL MISSING,9
2023,4,CITROEN,CITROEN RELAY,9
2023,4,VOLVO,VOLVO V40,9
2023,4,ALFA ROMEO,ALFA ROMEO MODEL MISSING,9
2023,4,ARIEL,ARIEL MODEL MISSING,9
2023,4,LAMBORGHINI,LAMBORGHINI MODEL MISSING,9
2023,4,MORGAN,MORGAN PLUS 6,9
2023,4,VOLVO,VOLVO EX30,8
2023,4,SKODA,SKODA MODEL MISSING,8
2023,4,VAUXHALL,VAUXHALL MOVANO,8
2023,4,FERRARI,FERRARI PORTOFINO,8
2023,4,HONDA,HONDA INTEGRA,8
2023,4,MCLAREN,MCLAREN GT,8
2023,4,MCLAREN,MCLAREN ARTURA,8
2023,4,GENESIS,GENESIS G80,7
2023,4,FORD,FORD TRANSIT,7
2023,4,MERCEDES,MERCEDES CLE 300 AMG,7
2023,4,MERCEDES,MERCEDES CLE 300 PREMIER ED MHEV 4M A,7
2023,4,TOYOTA,TOYOTA SIENTA,7
2023,4,AUSTIN,AUSTIN MINI,7
2023,4,AUSTIN HEALEY,AUSTIN HEALEY MODEL MISSING,7
2023,4,BUICK,BUICK MODEL MISSING,7
2023,4,CHEVROLET GMC,CHEVROLET GMC CORVETTE,7
2023,4,JAGUAR,JAGUAR XK SERIES,7
2023,4,TOYOTA,TOYOTA ALTEZZA,7
2023,4,COLEMAN MILNE,COLEMAN MILNE MODEL MISSING,6
2023,4,FISKER,FISKER MODEL MISSING,6
2023,4,JAGUAR,JAGUAR XJ SERIES,6
2023,4,LAND ROVER,LAND ROVER FREELANDER,6
2023,4,MERCEDES,MERCEDES 300,6
2023,4,VOLKSWAGEN,VOLKSWAGEN CRAFTER,6
2023,4,VOLKSWAGEN,VOLKSWAGEN JETTA,6
2023,4,CHEVROLET GMC,CHEVROLET GMC CAMARO,6
2023,4,DATSUN,DATSUN MODEL MISSING,6
2023,4,JAGUAR,JAGUAR S TYPE,6
2023,4,KIA,KIA RIO,6
2023,4,LANCIA,LANCIA MODEL MISSING,6
2023,4,MAZDA,MAZDA DEMIO,6
2023,4,MERCEDES,MERCEDES SLK CLASS,6
2023,4,PORSCHE,PORSCHE BOXSTER,6
2023,4,VOLKSWAGEN,VOLKSWAGEN KARMANN GHIA,6
2023,4,VOLVO,VOLVO V50,6
2023,4,DS,DS DS9,6
2023,4,CITROEN,CITROEN E-C4,5
2023,4,AUDI,AUDI S7,5
2023,4,CHEVROLET GMC,CHEVROLET GMC MODEL MISSING,5
2023,4,MINI,MINI ONE,5
2023,4,PEUGEOT,PEUGEOT 307,5
2023,4,ALFA ROMEO,ALFA ROMEO SPIDER,5
2023,4,AUSTIN,AUSTIN SEVEN,5
2023,4,FORD,FORD ANGLIA,5
2023,4,HONDA,HONDA S660,5
2023,4,MASERATI,MASERATI MC20,5
2023,4,MAZDA,MAZDA RX-7,5
2023,4,TOYOTA,TOYOTA CELICA,5
2023,4,TOYOTA,TOYOTA HIACE,5
2023,4,AUDI,AUDI S5,4
2023,4,HOLDEN,HOLDEN MODEL MISSING,4
2023,4,MERCEDES,MERCEDES CLS CLASS,4
2023,4,SEAT,SEAT MODEL MISSING,4
2023,4,TOYOTA,TOYOTA AVENSIS,4
2023,4,VOLVO,VOLVO C30,4
2023,4,MERCEDES,MERCEDES CLE 220 PREMIER,4
2023,4,MASERATI,MASERATI GHIBLI,4
2023,4,ALFA ROMEO,ALFA ROMEO GIULIETTA,4
2023,4,ASTON MARTIN,ASTON MARTIN DB6,4
2023,4,AUSTIN,AUSTIN MODEL MISSING,4
2023,4,FERRARI,FERRARI DAYTONA,4
2023,4,LEXUS,LEXUS RC F,4
2023,4,MERCEDES,MERCEDES 190,4
2023,4,MITSUBISHI,MITSUBISHI LANCER,4
2023,4,PEUGEOT,PEUGEOT 504,4
2023,4,RENAULT,RENAULT KADJAR,4
2023,4,ROLLS ROYCE,ROLLS ROYCE MODEL MISSING,4
2023,4,ROVER,ROVER MINI,4
2023,4,SUZUKI,SUZUKI JIMNY,4
2023,4,TOYOTA,TOYOTA 4-RUNNER,4
2023,4,TOYOTA,TOYOTA FJ CRUISER,4
2023,4,WESTFIELD,WESTFIELD MODEL MISSING,4
2023,4,FIAT,FIAT 600E,3
2023,4,LOTUS,LOTUS MODEL MISSING,3
2023,4,REVA,REVA MODEL MISSING,3
2023,4,FORD,FORD FREEDOM,3
2023,4,JEEP,JEEP CHEROKEE,3
2023,4,SEAT,SEAT ALHAMBRA,3
2023,4,SKODA,SKODA YETI,3
2023,4,CADILLAC,CADILLAC MODEL MISSING,3
2023,4,ASTON MARTIN,ASTON MARTIN VALKYRIE,3
2023,4,LEXUS,LEXUS GS 300,3
2023,4,LEXUS,LEXUS LS 600,3
2023,4,LEXUS,LEXUS NX 300,3
2023,4,MAEVING,MAEVING MODEL MISSING,3
2023,4,TOYOTA,TOYOTA MR2,3
2023,4,TOYOTA,TOYOTA STARLET,3
2023,4,ACURA,ACURA MODEL MISSING,3
2023,4,ASTON MARTIN,ASTON MARTIN DB9,3
2023,4,AUSTIN,AUSTIN HEALEY,3
2023,4,BUGATTI,BUGATTI MODEL MISSING,3
2023,4,CITROEN,CITROEN 2CV,3
2023,4,DAIHATSU,DAIHATSU MODEL MISSING,3
2023,4,FORD,FORD ECOSPORT,3
2023,4,HONDA,HONDA NSX,3
2023,4,JAGUAR,JAGUAR MK II,3
2023,4,LOTUS,LOTUS EUROPA,3
2023,4,MITSUBISHI,MITSUBISHI COLT,3
2023,4,MORRIS,MORRIS MINI,3
2023,4,NISSAN,NISSAN 200,3
2023,4,NISSAN,NISSAN PULSAR,3
2023,4,PORSCHE,PORSCHE 928,3
2023,4,TOYOTA,TOYOTA CENTURY,3
2023,4,TOYOTA,TOYOTA SPRINTER,3
2023,4,TRIUMPH,TRIUMPH MODEL MISSING,3
2023,4,TRIUMPH,TRIUMPH TR7,3
2023,4,MITSUBISHI,MITSUBISHI OUTLANDER,3
2023,4,BMW,BMW I3,2
2023,4,POLESTAR,POLESTAR MODEL MISSING,2
2023,4,TESLA,TESLA MODEL MISSING,2
2023,4,FIAT,FIAT DUCATO,2
2023,4,MAZDA,MAZDA 6,2
2023,4,MERCEDES,MERCEDES GL CLASS,2
2023,4,MERCEDES,MERCEDES ML CLASS,2
2023,4,PEUGEOT,PEUGEOT PARTNER,2
2023,4,RENAULT,RENAULT LAGUNA,2
2023,4,SAAB,SAAB 9-5,2
2023,4,SAVIEM,SAVIEM MODEL MISSING,2
2023,4,HONDA,HONDA GL1100D,2
2023,4,HOUSEHAM,HOUSEHAM MODEL MISSING,2
2023,4,LEXUS,LEXUS IS 300,2
2023,4,SSANGYONG,SSANGYONG MODEL MISSING,2
2023,4,TOYOTA,TOYOTA AURIS,2
2023,4,AC,AC MODEL MISSING,2
2023,4,ALFA ROMEO,ALFA ROMEO ALFASUD,2
2023,4,ALFA ROMEO,ALFA ROMEO GTV,2
2023,4,ALFA ROMEO,ALFA ROMEO JUNIOR,2
2023,4,ASTON MARTIN,ASTON MARTIN DB11,2
2023,4,ASTON MARTIN,ASTON MARTIN DB4,2
2023,4,AUSTIN,AUSTIN A40,2
2023,4,BMW,BMW 2002,2
2023,4,BMW,BMW 6 SERIES,2
2023,4,BMW,BMW M6,2
2023,4,BMW,BMW Z3,2
2023,4,CHEVROLET GMC,CHEVROLET GMC CHEVELLE,2
2023,4,CHEVROLET GMC,CHEVROLET GMC IMPALA,2
2023,4,DACIA,DACIA LOGAN,2
2023,4,DAIHATSU,DAIHATSU MIRA,2
2023,4,DATSUN,DATSUN 280,2
2023,4,FERRARI,FERRARI F12,2
2023,4,FERRARI,FERRARI F430,2
2023,4,FORD,FORD C-MAX,2
2023,4,FORD,FORD CROWN VICTORIA,2
2023,4,FORD,FORD GRANADA,2
2023,4,HONDA,HONDA CRX,2
2023,4,HONDA,HONDA LEGEND,2
2023,4,JENSEN,JENSEN JENSEN-HEALEY,2
2023,4,LADA,LADA MODEL MISSING,2
2023,4,LANCIA,LANCIA BETA,2
2023,4,LANCIA,LANCIA FLAMINIA,2
2023,4,LANCIA,LANCIA FLAVIA,2
2023,4,LINCOLN,LINCOLN MODEL MISSING,2
2023,4,MASERATI,MASERATI MODEL MISSING,2
2023,4,MERCEDES,MERCEDES CLK CLASS,2
2023,4,MG,MG MGC,2
2023,4,MG,MG TD/TF,2
2023,4,MITSUBISHI,MITSUBISHI MIRAGE,2
2023,4,MOBILVETTA,MOBILVETTA MODEL MISSING,2
2023,4,MORRIS,MORRIS MINOR,2
2023,4,MORRIS,MORRIS MODEL MISSING,2
2023,4,NISSAN,NISSAN 350,2
2023,4,NISSAN,NISSAN MARCH,2
2023,4,PLYMOUTH,PLYMOUTH MODEL MISSING,2
2023,4,PONTIAC,PONTIAC FIREBIRD,2
2023,4,PONTIAC,PONTIAC MODEL MISSING,2
2023,4,RENAULT,RENAULT 5,2
2023,4,SMART,SMART MODEL MISSING,2
2023,4,SUZUKI,SUZUKI GRAND VITARA,2
2023,4,TOYOTA,TOYOTA TOWNACE,2
2023,4,TRIUMPH,TRIUMPH SPITFIRE,2
2023,4,TRIUMPH,TRIUMPH TR3,2
2023,4,TRIUMPH,TRIUMPH TR4,2
2023,4,TRIUMPH,TRIUMPH TR5,2
2023,4,VOLKSWAGEN,VOLKSWAGEN LUPO,2
2023,4,GREAT WALL,GREAT WALL MODEL MISSING,1
2023,4,MAXUS,MAXUS MIFA,1
2023,4,RENAULT,RENAULT TWINGO,1
2023,4,HYUNDAI,HYUNDAI IX35,1
2023,4,KIA,KIA CARENS,1
2023,4,LAND ROVER,LAND ROVER 88,1
2023,4,MERCEDES,MERCEDES VIANO,1
2023,4,MORRIS,MORRIS MARINA,1
2023,4,OPEL,OPEL ZAFIRA,1
2023,4,PEUGEOT,PEUGEOT 406,1
2023,4,PEUGEOT,PEUGEOT 407,1
2023,4,PINZGAUER,PINZGAUER MODEL MISSING,1
2023,4,RENAULT,RENAULT KANGOO,1
2023,4,RENAULT,RENAULT SCENIC,1
2023,4,ROVER,ROVER RANGE ROVER,1
2023,4,VAUXHALL,VAUXHALL MODEL MISSING,1
2023,4,HONDA,HONDA NC750,1
2023,4,JAGUAR LAND ROVER,JAGUAR LAND ROVER MODEL MISSING,1
2023,4,TOYOTA,TOYOTA CAVALIER,1
2023,4,TOYOTA,TOYOTA HILUX,1
2023,4,TOYOTA,TOYOTA SOARER,1
2023,4,VOLKSWAGEN,VOLKSWAGEN LT 46,1
2023,4,OTHER AGRIC/CONSTRUCTIONAL,OTHER AGRIC/CONSTRUCTIONAL MODEL MISSING,1
2023,4,ABARTH,ABARTH MODEL MISSING,1
2023,4,ACCESS,ACCESS MODEL MISSING,1
2023,4,ALFA ROMEO,ALFA ROMEO 1750,1
2023,4,ALFA ROMEO,ALFA ROMEO SPRINT,1
2023,4,ALPINA,ALPINA MODEL MISSING,1
2023,4,ALPINE,ALPINE MODEL MISSING,1
2023,4,ASQUITH,ASQUITH MODEL MISSING,1
2023,4,ASTON MARTIN,ASTON MARTIN DB2/4,1
2023,4,ASTON MARTIN,ASTON MARTIN DB7,1
2023,4,ASTON MARTIN,ASTON MARTIN V8,1
2023,4,ASTON MARTIN,ASTON MARTIN VOLANTE,1
2023,4,AUDI,AUDI CABRIOLET,1
2023,4,AUDI,AUDI S1,1
2023,4,AUSTIN,AUSTIN 1300,1
2023,4,BMW,BMW 3.0 CS,1
2023,4,BRISTOL,BRISTOL 411,1
2023,4,BUICK,BUICK ELECTRA,1
2023,4,BUICK,BUICK RIVIERA,1
2023,4,BUICK,BUICK SPECIAL,1
2023,4,CHEVROLET,CHEVROLET CAMARO,1
2023,4,CHEVROLET GMC,CHEVROLET GMC BELAIR,1
2023,4,CITROEN,CITROEN AMI,1
2023,4,CITROEN,CITROEN BX,1
2023,4,CITROEN,CITROEN CX,1
2023,4,CITROEN,CITROEN DS,1
2023,4,CITROEN,CITROEN DS5,1
2023,4,CITROEN,CITROEN GSX,1
2023,4,CITROEN,CITROEN PLURIEL,1
2023,4,CITROEN,CITROEN VISA,1
2023,4,COLT,COLT MODEL MISSING,1
2023,4,CORVETTE,CORVETTE MODEL MISSING,1
2023,4,CZ,CZ MODEL MISSING,1
2023,4,DAIHATSU,DAIHATSU CHARADE,1
2023,4,DAIHATSU,DAIHATSU HI-JET,1
2023,4,DAIHATSU,DAIHATSU MOVE,1
2023,4,DAIHATSU,DAIHATSU SIRION,1
2023,4,DAIMLER,DAIMLER SP 250,1
2023,4,DATSUN,DATSUN 100,1
2023,4,DATSUN,DATSUN 1200,1
2023,4,DATSUN,DATSUN 510,1
2023,4,DATSUN,DATSUN BLUEBIRD,1
2023,4,DODGE,DODGE RAM 1500,1
2023,4,FERRARI,FERRARI 458,1
2023,4,FERRARI,FERRARI GTC4,1
2023,4,FIAT,FIAT 124,1
2023,4,FIAT,FIAT 127,1
2023,4,FIAT,FIAT DINO,1
2023,4,FORD,FORD CAPRI,1
2023,4,FORD,FORD EXPLORER,1
2023,4,FORD,FORD KA+,1
2023,4,FORD,FORD ORION,1
2023,4,FORD,FORD PREFECT,1
2023,4,FORD,FORD RS 200,1
2023,4,FORD,FORD ZEPHYR,1
2023,4,FSO CARS,FSO CARS 125,1
2023,4,GENESIS,GENESIS MODEL MISSING,1
2023,4,HILLMAN,HILLMAN MINX,1
2023,4,HONDA,HONDA ACTY,1
2023,4,HONDA,HONDA GL1200A,1
2023,4,HONDA,HONDA N-VAN,1
2023,4,HONDA,HONDA TRX250R,1
2023,4,HUMMER,HUMMER H3,1
2023,4,HUMMER,HUMMER MODEL MISSING,1
2023,4,HYUNDAI,HYUNDAI AMICA,1
2023,4,HYUNDAI,HYUNDAI GENESIS,1
2023,4,JCB,JCB MODEL MISSING,1
2023,4,KIA,KIA STRINGER,1
2023,4,LADA,LADA 1500,1
2023,4,LANCIA,LANCIA FULVIA,1
2023,4,LEXUS,LEXUS IS 250,1
2023,4,LEXUS,LEXUS NX 200,1
2023,4,LEYLAND,LEYLAND MODEL MISSING,1
2023,4,LEYLAND CARS,LEYLAND CARS MODEL MISSING,1
2023,4,LOTUS,LOTUS ELAN,1
2023,4,LOTUS,LOTUS ELISE,1
2023,4,LOTUS,LOTUS SEVEN,1
2023,4,MASERATI,MASERATI BITURBO,1
2023,4,MASERATI,MASERATI GRAN TURISMO,1
2023,4,MASERATI,MASERATI QUATTROPORTE,1
2023,4,MAZDA,MAZDA 929,1
2023,4,MAZDA,MAZDA CX-7,1
2023,4,MAZDA,MAZDA MPV,1
2023,4,MCLAREN,MCLAREN SENNA,1
2023,4,MERCEDES,MERCEDES 400,1
2023,4,MERCEDES,MERCEDES 500,1
2023,4,MERCEDES,MERCEDES SL CLASS,1
2023,4,MERCURY,MERCURY MODEL MISSING,1
2023,4,MG,MG GS,1
2023,4,MG,MG MGB,1
2023,4,MG,MG MIDGET,1
2023,4,MG,MG ROADSTER,1
2023,4,MG,MG RV8,1
2023,4,MG,MG TF,1
2023,4,MITSUBISHI,MITSUBISHI ASX,1
2023,4,MITSUBISHI,MITSUBISHI DELICA,1
2023,4,MITSUBISHI,MITSUBISHI ECLIPSE,1
2023,4,MITSUBISHI,MITSUBISHI SPACE STAR,1
2023,4,MORGAN,MORGAN 4/4,1
2023,4,MORGAN,MORGAN MODEL MISSING,1
2023,4,MORRIS,MORRIS OXFORD,1
2023,4,NISSAN,NISSAN 370,1
2023,4,OLDSMOBILE,OLDSMOBILE MODEL MISSING,1
2023,4,OPEL,OPEL AGILA,1
2023,4,OPEL,OPEL REKORD,1
2023,4,PERODUA,PERODUA MODEL MISSING,1
2023,4,PEUGEOT,PEUGEOT 108,1
2023,4,PEUGEOT,PEUGEOT 206,1
2023,4,PEUGEOT,PEUGEOT 304,1
2023,4,PONTIAC,PONTIAC BONNEVILLE,1
2023,4,PORSCHE,PORSCHE 944,1
2023,4,RIEJU,RIEJU MODEL MISSING,1
2023,4,RILEY,RILEY MODEL MISSING,1
2023,4,ROLLS ROYCE,ROLLS ROYCE WRAITH,1
2023,4,ROVER,ROVER 75,1
2023,4,ROVER,ROVER 95,1
2023,4,ROVER,ROVER SD1,1
2023,4,SAAB,SAAB 9-3,1
2023,4,SEAT,SEAT ALTEA,1
2023,4,SUBARU,SUBARU JUSTY,1
2023,4,SUNBEAM,SUNBEAM ALPINE,1
2023,4,SUNBEAM,SUNBEAM MODEL MISSING,1
2023,4,SUZUKI,SUZUKI CAPPUCCINO,1
2023,4,TALBOT,TALBOT MODEL MISSING,1
2023,4,TOYOTA,TOYOTA AVALON,1
2023,4,TOYOTA,TOYOTA CORONA,1
2023,4,TOYOTA,TOYOTA IPSUM,1
2023,4,TOYOTA,TOYOTA IQ,1
2023,4,TRIUMPH,TRIUMPH BONNEVILLE,1
2023,4,TRIUMPH,TRIUMPH STAG,1
2023,4,TRIUMPH,TRIUMPH TR6,1
2023,4,TRIUMPH,TRIUMPH VITESSE,1
2023,4,TVR,TVR MODEL MISSING,1
2023,4,VAUXHALL,VAUXHALL INSIGNIA,1
2023,4,VELOSOLEX,VELOSOLEX MODEL MISSING,1
2023,4,VOLKSWAGEN,VOLKSWAGEN 1600,1
2023,4,VOLKSWAGEN,VOLKSWAGEN 411,1
2023,4,VOLKSWAGEN,VOLKSWAGEN BORA,1
2023,4,VOLKSWAGEN,VOLKSWAGEN K 70,1
2023,4,VOLKSWAGEN,VOLKSWAGEN SCIROCCO,1
2023,4,VOLKSWAGEN,VOLKSWAGEN VARIANT,1
2023,4,VOLVO,VOLVO XC70 T5 DYNAMIC ED 2WD AUTO,1
2023,4,YAMAHA,YAMAHA MODEL MISSING,1
2023,4,ZASTAVA,ZASTAVA MODEL MISSING,1
2023,4,PORSCHE,PORSCHE 918,1
2024,1,FORD,FORD PUMA,15057
2024,1,NISSAN,NISSAN QASHQAI,14563
2024,1,KIA,KIA SPORTAGE,13619
2024,1,TOYOTA,TOYOTA YARIS,11350
2024,1,NISSAN,NISSAN JUKE,11204
2024,1,VOLKSWAGEN,VOLKSWAGEN GOLF,10967
2024,1,MG,MG HS,10036
2024,1,AUDI,AUDI A3,9824
2024,1,MINI,MINI COOPER,9493
2024,1,BMW,BMW 1 SERIES,9397
2024,1,VOLKSWAGEN,VOLKSWAGEN T-ROC,8924
2024,1,VAUXHALL,VAUXHALL CORSA,8891
2024,1,HYUNDAI,HYUNDAI TUCSON,8718
2024,1,TESLA,TESLA MODEL Y,8171
2024,1,VAUXHALL,VAUXHALL MOKKA,8111
2024,1,MERCEDES,MERCEDES A CLASS,7889
2024,1,MG,MG ZS,7641
2024,1,FORD,FORD KUGA,7185
2024,1,PEUGEOT,PEUGEOT 2008,6702
2024,1,VOLKSWAGEN,VOLKSWAGEN POLO,6508
2024,1,VOLVO,VOLVO XC40,6476
2024,1,PEUGEOT,PEUGEOT 208,6321
2024,1,VOLKSWAGEN,VOLKSWAGEN TIGUAN,6261
2024,1,FORD,FORD FOCUS,6231
2024,1,KIA,KIA NIRO,5808
2024,1,CITROEN,CITROEN C3,5076
2024,1,RENAULT,RENAULT CLIO,5028
2024,1,FIAT,FIAT 500,4956
2024,1,RENAULT,RENAULT CAPTUR,4727
2024,1,NISSAN,NISSAN X-TRAIL,4613
2024,1,VAUXHALL,VAUXHALL GRANDLAND,4571
2024,1,LAND ROVER,LAND ROVER DEFENDER,4489
2024,1,BMW,BMW 3 SERIES,4273
2024,1,MG,MG 4,4179
2024,1,MERCEDES,MERCEDES CLA CLASS,4120
2024,1,HYUNDAI,HYUNDAI KONA,4044
2024,1,AUDI,AUDI Q4,3978
2024,1,VAUXHALL,VAUXHALL ASTRA,3755
2024,1,LAND ROVER,LAND ROVER RANGE ROVER EVOQUE,3747
2024,1,TOYOTA,TOYOTA COROLLA,3661
2024,1,DACIA,DACIA SANDERO,3606
2024,1,TESLA,TESLA MODEL 3,3588
2024,1,SKODA,SKODA KAROQ,3487
2024,1,AUDI,AUDI Q2,3470
2024,1,CUPRA,CUPRA FORMENTOR,3449
2024,1,TOYOTA,TOYOTA C-HR,3445
2024,1,SEAT,SEAT ATECA,3430
2024,1,TOYOTA,TOYOTA AYGO,3391
2024,1,LAND ROVER,LAND ROVER RANGE ROVER SPORT,3386
2024,1,TOYOTA,TOYOTA BZ4X,3371
2024,1,BMW,BMW IX,3257
2024,1,HYUNDAI,HYUNDAI I10,3245
2024,1,BMW,BMW I4,3240
2024,1,LAND ROVER,LAND ROVER DISCOVERY,3221
2024,1,SKODA,SKODA KODIAQ,3203
2024,1,HONDA,HONDA HR-V,3196
2024,1,VAUXHALL,VAUXHALL CROSSLAND,3192
2024,1,BMW,BMW 2 SERIES,3190
2024,1,SKODA,SKODA OCTAVIA,3133
2024,1,JAGUAR,JAGUAR F-PACE,3121
2024,1,HONDA,HONDA ZR-V SPORT,3100
2024,1,HYUNDAI,HYUNDAI I20,3080
2024,1,KIA,KIA PICANTO,3013
2024,1,SEAT,SEAT ARONA,2999
2024,1,PEUGEOT,PEUGEOT 3008,2961
2024,1,MERCEDES,MERCEDES GLA CLASS,2839
2024,1,SKODA,SKODA KAMIQ,2657
2024,1,VOLKSWAGEN,VOLKSWAGEN TAIGO,2633
2024,1,SEAT,SEAT IBIZA,2628
2024,1,AUDI,AUDI Q3,2526
2024,1,DACIA,DACIA DUSTER,2523
2024,1,VOLVO,VOLVO XC60,2473
2024,1,KIA,KIA STONIC,2463
2024,1,AUDI,AUDI A4,2394
2024,1,VOLKSWAGEN,VOLKSWAGEN T-CROSS,2331
2024,1,CITROEN,CITROEN C4,2319
2024,1,KIA,KIA XCEED,2270
2024,1,TOYOTA,TOYOTA PRIUS,2264
2024,1,AUDI,AUDI A1,2236
2024,1,RENAULT,RENAULT AUSTRAL,2183
2024,1,SUZUKI,SUZUKI SWIFT,2167
2024,1,AUDI,AUDI Q5,2158
2024,1,DACIA,DACIA JOGGER,2158
2024,1,VOLVO,VOLVO XC90,2130
2024,1,SKODA,SKODA ENYAQ,2041
2024,1,MERCEDES,MERCEDES C CLASS,2040
2024,1,SKODA,SKODA FABIA,2028
2024,1,LAND ROVER,LAND ROVER RANGE ROVER,2021
2024,1,SUZUKI,SUZUKI VITARA,2000
2024,1,HONDA,HONDA E,1947
2024,1,MAZDA,MAZDA 2,1930
2024,1,MERCEDES,MERCEDES EQB CLASS,1858
2024,1,MERCEDES,MERCEDES EQA CLASS,1848
2024,1,VOLVO,VOLVO EX30,1838
2024,1,HYUNDAI,HYUNDAI BAYON,1829
2024,1,HYUNDAI,HYUNDAI IONIQ,1820
2024,1,JEEP,JEEP AVENGER,1797
2024,1,PEUGEOT,PEUGEOT 308,1792
2024,1,MAZDA,MAZDA CX-5,1757
2024,1,LAND ROVER,LAND ROVER RANGE ROVER VELAR,1706
2024,1,TOYOTA,TOYOTA MODEL MISSING,1696
2024,1,BMW,BMW X5,1665
2024,1,KIA,KIA CEED,1628
2024,1,HONDA,HONDA JAZZ,1601
2024,1,FORD,FORD FIESTA,1585
2024,1,KIA,KIA EV6,1583
2024,1,CUPRA,CUPRA LEON,1567
2024,1,PEUGEOT,PEUGEOT 5008,1558
2024,1,NISSAN,NISSAN ARIYA,1542
2024,1,JAGUAR,JAGUAR I-PACE,1526
2024,1,BMW,BMW X1,1500
2024,1,NISSAN,NISSAN LEAF,1498
2024,1,MAZDA,MAZDA CX-30,1468
2024,1,AUDI,AUDI Q8,1418
2024,1,BMW,BMW I5,1418
2024,1,MERCEDES,MERCEDES GLC CLASS,1416
2024,1,FORD,FORD TOURNEO,1413
2024,1,HONDA,HONDA CIVIC,1413
2024,1,PORSCHE,PORSCHE CAYENNE,1388
2024,1,HONDA,HONDA CR-V,1387
2024,1,BMW,BMW 5 SERIES,1384
2024,1,MINI,MINI COUNTRYMAN,1380
2024,1,SUZUKI,SUZUKI SX4,1357
2024,1,BMW,BMW X3,1349
2024,1,CUPRA,CUPRA BORN,1319
2024,1,POLESTAR,POLESTAR 2,1298
2024,1,PORSCHE,PORSCHE MACAN,1245
2024,1,PEUGEOT,PEUGEOT 408,1232
2024,1,RENAULT,RENAULT ARKANA,1223
2024,1,CITROEN,CITROEN C5,1181
2024,1,MERCEDES,MERCEDES AMG CLASS,1161
2024,1,SEAT,SEAT TARRACO,1149
2024,1,BMW,BMW M1,1149
2024,1,SKODA,SKODA SCALA,1123
2024,1,JAGUAR,JAGUAR E-PACE,1098
2024,1,RENAULT,RENAULT MEGANE,1095
2024,1,MINI,MINI JOHN COOPER WORKS,1054
2024,1,BMW,BMW M2,1032
2024,1,MERCEDES,MERCEDES EQE CLASS,1025
2024,1,AUDI,AUDI A5,1015
2024,1,FORD,FORD MUSTANG MACH-E,1007
2024,1,AUDI,AUDI A6,994
2024,1,SEAT,SEAT LEON,982
2024,1,SUZUKI,SUZUKI IGNIS,966
2024,1,PORSCHE,PORSCHE 911,951
2024,1,SUZUKI,SUZUKI S-CROSS,947
2024,1,MERCEDES,MERCEDES GLE CLASS,941
2024,1,MG,MG 3,936
2024,1,BMW,BMW M3,929
2024,1,VOLKSWAGEN,VOLKSWAGEN ID4,912
2024,1,TOYOTA,TOYOTA RAV4,875
2024,1,MAZDA,MAZDA 3,862
2024,1,BYD,BYD ATTO 3,850
2024,1,SKODA,SKODA SUPERB,831
2024,1,PORSCHE,PORSCHE TAYCAN,817
2024,1,BMW,BMW 4 SERIES,815
2024,1,KIA,KIA EV9,810
2024,1,MERCEDES,MERCEDES GLB CLASS,770
2024,1,MAZDA,MAZDA CX-60,746
2024,1,KIA,KIA SORENTO,742
2024,1,VOLKSWAGEN,VOLKSWAGEN ID3,740
2024,1,BMW,BMW IX3,701
2024,1,MINI,MINI CLUBMAN,696
2024,1,CUPRA,CUPRA ATECA,683
2024,1,LEXUS,LEXUS UX 250,646
2024,1,MERCEDES,MERCEDES EQC CLASS,635
2024,1,LEXUS,LEXUS LBX,632
2024,1,AUDI,AUDI S3,623
2024,1,LEXUS,LEXUS NX 350,622
2024,1,MERCEDES,MERCEDES V CLASS,599
2024,1,KIA,KIA PRO CEED,583
2024,1,NISSAN,NISSAN MODEL MISSING,578
2024,1,JEEP,JEEP COMPASS,547
2024,1,HONDA,HONDA MODEL MISSING,545
2024,1,LEXUS,LEXUS NX 450,531
2024,1,VOLVO,VOLVO C40,524
2024,1,AUDI,AUDI Q7,516
2024,1,VOLKSWAGEN,VOLKSWAGEN MULTIVAN,513
2024,1,PEUGEOT,PEUGEOT RIFTER,510
2024,1,VOLKSWAGEN,VOLKSWAGEN ARTEON,430
2024,1,BMW,BMW M4,417
2024,1,VOLKSWAGEN,VOLKSWAGEN ID5,405
2024,1,AUDI,AUDI E-TRON,400
2024,1,MAZDA,MAZDA MX-5,398
2024,1,LEXUS,LEXUS RZ 450,397
2024,1,HYUNDAI,HYUNDAI SANTA FE,388
2024,1,VOLKSWAGEN,VOLKSWAGEN MODEL MISSING,386
2024,1,JAGUAR,JAGUAR XE SERIES,384
2024,1,PORSCHE,PORSCHE 718,379
2024,1,HYUNDAI,HYUNDAI I30,371
2024,1,VOLKSWAGEN,VOLKSWAGEN ID BUZZ,368
2024,1,LEXUS,LEXUS UX 300,364
2024,1,VOLKSWAGEN,VOLKSWAGEN PASSAT,363
2024,1,VOLKSWAGEN,VOLKSWAGEN TOUAREG,363
2024,1,KIA,KIA PROCEED,363
2024,1,MG,MG 5,355
2024,1,ORA,ORA 03 PURE +,352
2024,1,MERCEDES,MERCEDES E CLASS,349
2024,1,JAGUAR,JAGUAR XF SERIES,331
2024,1,LAND ROVER,LAND ROVER MODEL MISSING,326
2024,1,RENAULT,RENAULT TRAFIC,324
2024,1,CITROEN,CITROEN E-C4,321
2024,1,MAZDA,MAZDA MX-30,321
2024,1,JAGUAR,JAGUAR F-TYPE,317
2024,1,MERCEDES,MERCEDES VITO,316
2024,1,CITROEN,CITROEN BERLINGO,302
2024,1,LEXUS,LEXUS ES 300,289
2024,1,AUDI,AUDI MODEL MISSING,280
2024,1,BMW,BMW X7,280
2024,1,SUBARU,SUBARU OUTBACK,280
2024,1,VOLKSWAGEN,VOLKSWAGEN CADDY,278
2024,1,VOLKSWAGEN,VOLKSWAGEN UP,246
2024,1,LEXUS,LEXUS RX 450,242
2024,1,SUBARU,SUBARU FORESTER,242
2024,1,MERCEDES,MERCEDES MODEL MISSING,228
2024,1,DS,DS DS7,225
2024,1,BMW,BMW X2,215
2024,1,ALFA ROMEO,ALFA ROMEO TONALE,213
2024,1,SUBARU,SUBARU SOLTERRA,210
2024,1,KGM,KGM TIVOLI,207
2024,1,ASTON MARTIN,ASTON MARTIN DB1,206
2024,1,SUZUKI,SUZUKI SWACE,205
2024,1,BMW,BMW X4,202
2024,1,MERCEDES,MERCEDES B CLASS,200
2024,1,BMW,BMW 7 SERIES,194
2024,1,BMW,BMW MODEL MISSING,193
2024,1,VOLKSWAGEN,VOLKSWAGEN ID7 PRO LAUNCH EDITION 1,193
2024,1,AUDI,AUDI RS3,192
2024,1,FIAT,FIAT PANDA,190
2024,1,TOYOTA,TOYOTA ESTIMA,186
2024,1,MERCEDES,MERCEDES EQS CLASS,172
2024,1,VAUXHALL,VAUXHALL VIVARO,168
2024,1,BYD,BYD SEAL DESIGN EV,165
2024,1,LAMBORGHINI,LAMBORGHINI URUS,162
2024,1,KIA,KIA SOUL,159
2024,1,TOYOTA,TOYOTA LANDCRUISER,159
2024,1,VOLKSWAGEN,VOLKSWAGEN TOURAN,159
2024,1,KGM,KGM TORRES,155
2024,1,SMART,SMART 1 PREMIUM,155
2024,1,ALPINE,ALPINE A110,149
2024,1,BMW,BMW X6,147
2024,1,LOTUS,LOTUS EMIRA,147
2024,1,SUBARU,SUBARU C-TREK TORING EBXR SYM AWD CVT,145
2024,1,VOLVO,VOLVO MODEL MISSING,144
2024,1,GENESIS,GENESIS GV70,141
2024,1,BMW,BMW 8 SERIES,139
2024,1,ABARTH,ABARTH 695,138
2024,1,BMW,BMW Z4,137
2024,1,AUDI,AUDI SQ8,136
2024,1,BENTLEY,BENTLEY BENTAYGA,135
2024,1,KGM,KGM REXTON,134
2024,1,MERCEDES,MERCEDES S CLASS,133
2024,1,BYD,BYD DOLPHIN COMFORT EV,132
2024,1,BYD,BYD DOLPHIN DESIGN EV,131
2024,1,SMART,SMART FORTWO,130
2024,1,AUDI,AUDI RS6,129
2024,1,LOTUS,LOTUS ELETRE,129
2024,1,FISKER,FISKER OCEAN,117
2024,1,FORD,FORD MODEL MISSING,115
2024,1,RENAULT TRUCKS,RENAULT TRUCKS TRAFIC,115
2024,1,MASERATI,MASERATI GRECALE,113
2024,1,AUDI,AUDI TT,113
2024,1,AUDI,AUDI RS4,110
2024,1,KGM,KGM KORANDO,109
2024,1,AUDI,AUDI A7,108
2024,1,FIAT,FIAT 600E,107
2024,1,FERRARI,FERRARI PUROSANGUE,107
2024,1,SMART,SMART 1 BRABUS,105
2024,1,AUDI,AUDI SQ7,105
2024,1,OTHER BRITISH,OTHER BRITISH MODEL MISSING,104
2024,1,NISSAN,NISSAN ELGRAND,103
2024,1,TOYOTA,TOYOTA VELLFIRE,102
2024,1,CITROEN,CITROEN SPACETOURER,101
2024,1,ASTON MARTIN,ASTON MARTIN DBX,100
2024,1,JEEP,JEEP WRANGLER,100
2024,1,CITROEN,CITROEN ALLIED HORIZON,99
2024,1,SMART,SMART 1 PRO,97
2024,1,PORSCHE,PORSCHE PANAMERA,96
2024,1,TOYOTA,TOYOTA ALPHARD,94
2024,1,VOLVO,VOLVO V60,93
2024,1,PEUGEOT,PEUGEOT TRAVELLER,89
2024,1,MERCEDES,MERCEDES CLE 220 AMG,89
2024,1,AUDI,AUDI RSQ3,89
2024,1,RENAULT,RENAULT ZOE,88
2024,1,VAUXHALL,VAUXHALL COMBO,88
2024,1,FERRARI,FERRARI 296,86
2024,1,DS,DS DS4,83
2024,1,LAMBORGHINI,LAMBORGHINI HURACAN,83
2024,1,MERCEDES,MERCEDES CLE 300 AMG,82
2024,1,HONDA,HONDA FIT,81
2024,1,NISSAN,NISSAN MICRA,79
2024,1,BENTLEY,BENTLEY CONTINENTAL,78
2024,1,BENTLEY,BENTLEY MODEL MISSING,77
2024,1,HONDA,HONDA STEPWAGON,77
2024,1,LEXUS,LEXUS RX 350,75
2024,1,MITSUBISHI,MITSUBISHI MODEL MISSING,74
2024,1,PEUGEOT,PEUGEOT 508,72
2024,1,ALFA ROMEO,ALFA ROMEO GIULIA,72
2024,1,AUDI,AUDI RSQ8,72
2024,1,ABARTH,ABARTH 500,70
2024,1,ROLLS ROYCE,ROLLS ROYCE,70
2024,1,TOYOTA,TOYOTA VITZ,69
2024,1,VOLVO,VOLVO S60,67
2024,1,ABARTH,ABARTH 595,67
2024,1,ASTON MARTIN,ASTON MARTIN VANTAGE,65
2024,1,DS,DS DS3,64
2024,1,SUBARU,SUBARU MODEL MISSING,61
2024,1,MERCEDES,MERCEDES SPRINTER,59
2024,1,VOLKSWAGEN,VOLKSWAGEN TRANSPORTER,59
2024,1,MERCEDES,MERCEDES GLS CLASS,57
2024,1,VOLVO,VOLVO V90,57
2024,1,LEXUS,LEXUS MODEL MISSING,54
2024,1,AUDI,AUDI TTS,54
2024,1,PEUGEOT,PEUGEOT BOXER,51
2024,1,INEOS,INEOS GRENADIER,50
2024,1,SUZUKI,SUZUKI MODEL MISSING,50
2024,1,TOYOTA,TOYOTA PROACE,49
2024,1,AUDI,AUDI RS5,48
2024,1,FORD,FORD ESCORT,48
2024,1,BMW,BMW XM,47
2024,1,ORA,ORA FUNKY CAT,46
2024,1,RENAULT,RENAULT MASTER,46
2024,1,FERRARI,FERRARI ROMA,45
2024,1,FIAT,FIAT TIPO,45
2024,1,GENESIS,GENESIS GV60,44
2024,1,ALFA ROMEO,ALFA ROMEO STELVIO,44
2024,1,MAZDA,MAZDA MODEL MISSING,44
2024,1,BENTLEY,BENTLEY FLYING SPUR,44
2024,1,NISSAN,NISSAN SERENA,43
2024,1,BMW,BMW M8,41
2024,1,MERCEDES,MERCEDES G CLASS,40
2024,1,MERCEDES,MERCEDES CLE 300 PREMIER ED MHEV 4M A,40
2024,1,VOLKSWAGEN,VOLKSWAGEN BEETLE,40
2024,1,FORD,FORD S-MAX,39
2024,1,PEUGEOT,PEUGEOT 406,39
2024,1,VOLVO,VOLVO V70,38
2024,1,TOYOTA,TOYOTA AQUA,38
2024,1,TOYOTA,TOYOTA GR86,38
2024,1,SKODA,SKODA MODEL MISSING,36
2024,1,DODGE,DODGE MODEL MISSING,36
2024,1,ROLLS ROYCE,ROLLS ROYCE CULLINAN,36
2024,1,CATERHAM,CATERHAM MODEL MISSING,35
2024,1,SUBARU,SUBARU IMPREZA,35
2024,1,RENAULT,RENAULT SCENIC,34
2024,1,JEEP,JEEP RENEGADE,34
2024,1,HONDA,HONDA ACCORD,34
2024,1,SMART,SMART 1 LAUNCH EDITION,30
2024,1,AUDI,AUDI A8,30
2024,1,BMW,BMW ALPINA,30
2024,1,FORD,FORD GALAXY,30
2024,1,PEUGEOT,PEUGEOT 106,29
2024,1,MERCEDES,MERCEDES EQV CLASS,28
2024,1,JAGUAR,JAGUAR MODEL MISSING,28
2024,1,TOYOTA,TOYOTA NOAH,28
2024,1,ASTON MARTIN,ASTON MARTIN MODEL MISSING,28
2024,1,LEXUS,LEXUS RX 500,27
2024,1,SUBARU,SUBARU CROSSTREK LTD EBXR SYM AWD CVT,27
2024,1,MCLAREN,MCLAREN ARTURA,27
2024,1,DFSK,DFSK MODEL MISSING,26
2024,1,ORA,ORA 03 PRO +,24
2024,1,PORSCHE,PORSCHE MODEL MISSING,24
2024,1,CHEVROLET,CHEVROLET MODEL MISSING,24
2024,1,VOLKSWAGEN,VOLKSWAGEN CRAFTER,24
2024,1,AUDI,AUDI RS7,24
2024,1,BMW,BMW M SERIES,24
2024,1,JEEP,JEEP MODEL MISSING,24
2024,1,MCLAREN,MCLAREN 750S,24
2024,1,FORD,FORD ALLIED,23
2024,1,FORD,FORD TRANSIT,23
2024,1,JEEP,JEEP GRAND CHEROKEE,23
2024,1,CITROEN,CITROEN MODEL MISSING,22
2024,1,KIA,KIA MODEL MISSING,22
2024,1,MERCEDES,MERCEDES CLE 220 PREMIER,22
2024,1,MASERATI,MASERATI LEVANTE,22
2024,1,MERCEDES,MERCEDES CLE 200 AMG,22
2024,1,RENAULT,RENAULT MODEL MISSING,21
2024,1,FORD,FORD TRANSIT CUSTOM,21
2024,1,INEOS,INEOS GRENADIER FIELDMASTER ED D A,21
2024,1,AUDI,AUDI R8,21
2024,1,VOLKSWAGEN,VOLKSWAGEN SHARAN,21
2024,1,MERCEDES,MERCEDES 200,20
2024,1,AUDI,AUDI SQ2,20
2024,1,VOLVO,VOLVO V40,19
2024,1,MORGAN,MORGAN PLUS 4,19
2024,1,ROLLS ROYCE,ROLLS ROYCE GHOST,19
2024,1,MERCEDES,MERCEDES COLEMAN MILNE,18
2024,1,SUBARU,SUBARU LEGACY,18
2024,1,PEUGEOT,PEUGEOT ALLIED,17
2024,1,HONDA,HONDA INSIGHT,17
2024,1,TOYOTA,TOYOTA HIGHLANDER,17
2024,1,FERRARI,FERRARI MODEL MISSING,17
2024,1,NISSAN,NISSAN CUBE,17
2024,1,MERCEDES-BENZ,MERCEDES-BENZ MODEL MISSING,16
2024,1,TOYOTA,TOYOTA CROWN,16
2024,1,FERRARI,FERRARI 812,16
2024,1,NISSAN,NISSAN MARCH,16
2024,1,AUDI,AUDI S6,15
2024,1,CHRYSLER,CHRYSLER MODEL MISSING,15
2024,1,HONDA,HONDA ODYSSEY,15
2024,1,LEXUS,LEXUS LC 500,15
2024,1,AUDI,AUDI S7,14
2024,1,HYUNDAI,HYUNDAI MODEL MISSING,14
2024,1,SUBARU,SUBARU XV,14
2024,1,FORD,FORD MUSTANG,14
2024,1,MINI,MINI MODEL MISSING,13
2024,1,JAGUAR,JAGUAR E TYPE,13
2024,1,SUZUKI,SUZUKI ACROSS,13
2024,1,PEUGEOT,PEUGEOT MODEL MISSING,12
2024,1,CADILLAC,CADILLAC MODEL MISSING,12
2024,1,FIAT,FIAT MODEL MISSING,12
2024,1,NISSAN,NISSAN SILVIA,12
2024,1,TESLA,TESLA MODEL S,11
2024,1,TOYOTA,TOYOTA SIENTA,11
2024,1,ARIEL,ARIEL MODEL MISSING,11
2024,1,MASERATI,MASERATI GRANTURISMO,11
2024,1,MORGAN,MORGAN PLUS 6,11
2024,1,NISSAN,NISSAN NOTE,11
2024,1,ROLLS ROYCE,ROLLS ROYCE PHANTOM,11
2024,1,LAMBORGHINI,LAMBORGHINI REVUELTO V12 PHEV S-A,11
2024,1,FORD,FORD MONDEO,10
2024,1,AUSTIN,AUSTIN MINI,10
2024,1,GENESIS,GENESIS GV80,10
2024,1,MITSUBISHI,MITSUBISHI LANCER,10
2024,1,TOYOTA,TOYOTA HIACE,9
2024,1,VOLKSWAGEN,VOLKSWAGEN JETTA,9
2024,1,AUSTIN HEALEY,AUSTIN HEALEY MODEL MISSING,9
2024,1,CHEVROLET,CHEVROLET CORVETTE,9
2024,1,CITROEN,CITROEN DS3,9
2024,1,TOYOTA,TOYOTA ALTEZZA,9
2024,1,OPEL,OPEL MODEL MISSING,8
2024,1,VAUXHALL,VAUXHALL MOVANO,8
2024,1,ALFA ROMEO,ALFA ROMEO MODEL MISSING,8
2024,1,ASTON MARTIN,ASTON MARTIN DBS,8
2024,1,BMW,BMW M5,8
2024,1,CHEVROLET GMC,CHEVROLET GMC CAMARO,8
2024,1,CHEVROLET GMC,CHEVROLET GMC CORVETTE,8
2024,1,FORD,FORD CORTINA,8
2024,1,NISSAN,NISSAN SKYLINE,8
2024,1,PORSCHE,PORSCHE BOXSTER,8
2024,1,TOYOTA,TOYOTA FJ CRUISER,8
2024,1,TESLA,TESLA MODEL X,7
2024,1,LEXUS,LEXUS LM 350H,7
2024,1,MERCEDES,MERCEDES CLE 200 PREMIER,7
2024,1,MERCEDES,MERCEDES CLE 450 AMG,7
2024,1,ASTON MARTIN,ASTON MARTIN VALOUR V12,7
2024,1,FERRARI,FERRARI DAYTONA,7
2024,1,JAGUAR,JAGUAR XK SERIES,7
2024,1,MCLAREN,MCLAREN MODEL MISSING,7
2024,1,MG,MG MODEL MISSING,7
2024,1,MAN,MAN TGE,6
2024,1,VAUXHALL,VAUXHALL MODEL MISSING,6
2024,1,VOLKSWAGEN,VOLKSWAGEN CALIFORNIA,6
2024,1,AUDI,AUDI S4,6
2024,1,AUDI,AUDI S8,6
2024,1,AUSTIN,AUSTIN MODEL MISSING,6
2024,1,JAGUAR,JAGUAR XJ SERIES,6
2024,1,LINCOLN,LINCOLN MODEL MISSING,6
2024,1,MCLAREN,MCLAREN GT,6
2024,1,PONTIAC,PONTIAC MODEL MISSING,6
2024,1,SEAT,SEAT MODEL MISSING,6
2024,1,GENESIS,GENESIS G80,5
2024,1,HOUSEHAM,HOUSEHAM MODEL MISSING,5
2024,1,AUDI,AUDI TTRS,5
2024,1,BMW,BMW Z3,5
2024,1,HONDA,HONDA INTEGRA,5
2024,1,MASERATI,MASERATI MC20,5
2024,1,ROLLS ROYCE,ROLLS ROYCE DAWN,5
2024,1,ROLLS ROYCE,ROLLS ROYCE MODEL MISSING,5
2024,1,FERRARI,FERRARI SF90,5
2024,1,FORD,FORD COLEMAN MILNE,4
2024,1,SMART,SMART 3 PREMIUM,4
2024,1,SMART,SMART 3 PRO,4
2024,1,TRIUMPH,TRIUMPH MODEL MISSING,4
2024,1,AUDI,AUDI SQ5,4
2024,1,CITROEN,CITROEN RELAY,4
2024,1,HYUNDAI,HYUNDAI STARIA,4
2024,1,NISSAN,NISSAN PRIMASTAR,4
2024,1,SKODA,SKODA S100,4
2024,1,MASERATI,MASERATI GHIBLI,4
2024,1,TOYOTA,TOYOTA MR2,4
2024,1,TOYOTA,TOYOTA SOARER,4
2024,1,BUICK,BUICK MODEL MISSING,4
2024,1,CHEVROLET GMC,CHEVROLET GMC BELAIR,4
2024,1,FIAT,FIAT 124,4
2024,1,FORD,FORD ECOSPORT,4
2024,1,JAGUAR,JAGUAR S TYPE,4
2024,1,JEEP,JEEP CHEROKEE,4
2024,1,LADA,LADA MODEL MISSING,4
2024,1,LANCIA,LANCIA MODEL MISSING,4
2024,1,LAND ROVER,LAND ROVER FREELANDER,4
2024,1,MAZDA,MAZDA DEMIO,4
2024,1,MG,MG MGA,4
2024,1,PLYMOUTH,PLYMOUTH MODEL MISSING,4
2024,1,PORSCHE,PORSCHE CAYMAN,4
2024,1,TOYOTA,TOYOTA 4-RUNNER,4
2024,1,TOYOTA,TOYOTA CELICA,4
2024,1,TOYOTA,TOYOTA CENTURY,4
2024,1,VOLKSWAGEN,VOLKSWAGEN LUPO,4
2024,1,MITSUBISHI,MITSUBISHI OUTLANDER,4
2024,1,LOTUS,LOTUS MODEL MISSING,3
2024,1,CITROEN,CITROEN ZX,3
2024,1,MINI,MINI ONE,3
2024,1,VOLKSWAGEN,VOLKSWAGEN CARAVELLE,3
2024,1,INFINITI,INFINITI MODEL MISSING,3
2024,1,ISUZU,ISUZU MODEL MISSING,3
2024,1,LEXUS,LEXUS NX 300,3
2024,1,MERCEDES,MERCEDES CLE 450 PREMIER,3
2024,1,ALFA ROMEO,ALFA ROMEO GIULIETTA,3
2024,1,ASTON MARTIN,ASTON MARTIN DB2/4,3
2024,1,ASTON MARTIN,ASTON MARTIN VANQUISH,3
2024,1,BUGATTI,BUGATTI MODEL MISSING,3
2024,1,CADILLAC,CADILLAC ESCALADE,3
2024,1,CHEVROLET GMC,CHEVROLET GMC IMPALA,3
2024,1,CHEVROLET GMC,CHEVROLET GMC MODEL MISSING,3
2024,1,DAIHATSU,DAIHATSU MIRA,3
2024,1,DATSUN,DATSUN MODEL MISSING,3
2024,1,FERRARI,FERRARI PORTOFINO,3
2024,1,FORD,FORD GRANADA,3
2024,1,FORD,FORD LTD,3
2024,1,FORD,FORD THUNDERBIRD,3
2024,1,GORDON MURRAY,GORDON MURRAY MODEL MISSING,3
2024,1,LAMBORGHINI,LAMBORGHINI MODEL MISSING,3
2024,1,LANCIA,LANCIA DELTA,3
2024,1,LEXUS,LEXUS RC F,3
2024,1,MASERATI,MASERATI QUATTROPORTE,3
2024,1,MAZDA,MAZDA RX-7,3
2024,1,MERCEDES,MERCEDES 190,3
2024,1,MERCURY,MERCURY MODEL MISSING,3
2024,1,MITSUBISHI,MITSUBISHI PAJERO,3
2024,1,MORRIS,MORRIS MINOR,3
2024,1,OLDSMOBILE,OLDSMOBILE MODEL MISSING,3
2024,1,ROVER,ROVER MINI,3
2024,1,SUNBEAM,SUNBEAM TIGER,3
2024,1,SUZUKI,SUZUKI JIMNY,3
2024,1,TOYOTA,TOYOTA IPSUM,3
2024,1,TOYOTA,TOYOTA MARK II,3
2024,1,TRIUMPH,TRIUMPH TR8,3
2024,1,WESTFIELD,WESTFIELD MODEL MISSING,3
2024,1,BMW,BMW I3,2
2024,1,SMART,SMART 3 BRABUS,2
2024,1,ALPINA,ALPINA MODEL MISSING,2
2024,1,DACIA,DACIA MODEL MISSING,2
2024,1,FIAT,FIAT DUCATO,2
2024,1,FORD,FORD FREEDOM,2
2024,1,HYUNDAI,HYUNDAI I800,2
2024,1,MERCEDES,MERCEDES VIANO,2
2024,1,SEAT,SEAT ALHAMBRA,2
2024,1,SSANGYONG,SSANGYONG MODEL MISSING,2
2024,1,TOYOTA,TOYOTA AVENSIS,2
2024,1,VAUXHALL,VAUXHALL ZAFIRA,2
2024,1,ASTON MARTIN,ASTON MARTIN VALKYRIE,2
2024,1,LEXUS,LEXUS CT 200,2
2024,1,LEXUS,LEXUS IS 300,2
2024,1,TOYOTA,TOYOTA AURIS,2
2024,1,TOYOTA,TOYOTA SPRINTER,2
2024,1,TOYOTA,TOYOTA SUPRA,2
2024,1,AC,AC MODEL MISSING,2
2024,1,ACURA,ACURA MODEL MISSING,2
2024,1,ALFA ROMEO,ALFA ROMEO ALFETTA,2
2024,1,ALFA ROMEO,ALFA ROMEO JUNIOR,2
2024,1,ASTON MARTIN,ASTON MARTIN DB9,2
2024,1,ASTON MARTIN,ASTON MARTIN DBR22 V12 AUTO,2
2024,1,AUDI,AUDI QUATTRO,2
2024,1,AUSTIN,AUSTIN SEVEN,2
2024,1,BUICK,BUICK RIVIERA,2
2024,1,CITROEN,CITROEN AMI,2
2024,1,CITROEN,CITROEN DYANE,2
2024,1,DAIHATSU,DAIHATSU HI-JET,2
2024,1,DAIHATSU,DAIHATSU MODEL MISSING,2
2024,1,DATSUN,DATSUN 240,2
2024,1,FIAT,FIAT 126,2
2024,1,FORD,FORD CAPRI,2
2024,1,FORD,FORD SIERRA,2
2024,1,GENESIS,GENESIS G70,2
2024,1,KIA,KIA RIO,2
2024,1,LANCIA,LANCIA FULVIA,2
2024,1,LEXUS,LEXUS IS 250,2
2024,1,LEXUS,LEXUS LS 460,2
2024,1,LOTUS,LOTUS EUROPA,2
2024,1,MAZDA,MAZDA 5,2
2024,1,MAZDA,MAZDA 6,2
2024,1,MERCEDES,MERCEDES SLK CLASS,2
2024,1,MG,MG MGB,2
2024,1,MG,MG ROADSTER,2
2024,1,MITSUBISHI,MITSUBISHI ASX,2
2024,1,OPEL,OPEL KADETT,2
2024,1,PONTIAC,PONTIAC FIREBIRD,2
2024,1,PORSCHE,PORSCHE 928,2
2024,1,ROVER,ROVER 75,2
2024,1,SAAB,SAAB 96,2
2024,1,SAAB,SAAB MODEL MISSING,2
2024,1,SMART,SMART MODEL MISSING,2
2024,1,SUNBEAM,SUNBEAM ALPINE,2
2024,1,TOYOTA,TOYOTA IQ,2
2024,1,TOYOTA,TOYOTA PREVIA,2
2024,1,TOYOTA,TOYOTA STARLET,2
2024,1,TRIUMPH,TRIUMPH TR3,2
2024,1,VOLKSWAGEN,VOLKSWAGEN K 70,2
2024,1,VOLKSWAGEN,VOLKSWAGEN KARMANN GHIA,2
2024,1,VOLKSWAGEN,VOLKSWAGEN VARIANT,2
2024,1,VOLVO,VOLVO 850,2
2024,1,VOLVO,VOLVO S80,2
2024,1,VOLVO,VOLVO V50,2
2024,1,VOLVO,VOLVO XC70 T5 DYNAMIC ED 2WD AUTO,2
2024,1,MAGIRUS DEUTZ,MAGIRUS DEUTZ MODEL MISSING,1
2024,1,MAXUS,MAXUS MIFA,1
2024,1,MOKE AUTOMIBILI,MOKE AUTOMIBILI MODEL MISSING,1
2024,1,POLESTAR,POLESTAR MODEL MISSING,1
2024,1,VICTORY,VICTORY V92,1
2024,1,VOLKSWAGEN,VOLKSWAGEN ID7 MATCH PRO,1
2024,1,AUDI,AUDI COUPE,1
2024,1,CITROEN,CITROEN DISPATCH,1
2024,1,FORD,FORD GRAND C-MAX,1
2024,1,GREAT WALL,GREAT WALL STEED,1
2024,1,KIA,KIA CARENS,1
2024,1,MAHINDRA,MAHINDRA MODEL MISSING,1
2024,1,MERCEDES,MERCEDES 500,1
2024,1,MERCEDES,MERCEDES ML CLASS,1
2024,1,MITSUBISHI,MITSUBISHI CHALLENGER,1
2024,1,NISSAN,NISSAN INTERSTAR,1
2024,1,RENAULT,RENAULT GRAND SCENIC,1
2024,1,TATA,TATA MODEL MISSING,1
2024,1,VOLKSWAGEN,VOLKSWAGEN KOMBI,1
2024,1,VOLKSWAGEN,VOLKSWAGEN SCIROCCO,1
2024,1,VOLVO,VOLVO S40,1
2024,1,FERRARI,FERRARI LAFERRARI,1
2024,1,HONDA,HONDA CR-Z,1
2024,1,LEXUS,LEXUS LS 500,1
2024,1,LEXUS,LEXUS RX 400,1
2024,1,LONSDALE,LONSDALE MODEL MISSING,1
2024,1,TOYOTA,TOYOTA CAVALIER,1
2024,1,VOLVO,VOLVO S90,1
2024,1,ABARTH,ABARTH MODEL MISSING,1
2024,1,AEON,AEON MODEL MISSING,1
2024,1,ALFA ROMEO,ALFA ROMEO 156,1
2024,1,ALFA ROMEO,ALFA ROMEO 159,1
2024,1,ALFA ROMEO,ALFA ROMEO 1750,1
2024,1,ALFA ROMEO,ALFA ROMEO 2000,1
2024,1,ALFA ROMEO,ALFA ROMEO ALFASUD,1
2024,1,ALFA ROMEO,ALFA ROMEO GTV,1
2024,1,ALFA ROMEO,ALFA ROMEO SPIDER,1
2024,1,ALFA ROMEO,ALFA ROMEO SZ,1
2024,1,ASTON MARTIN,ASTON MARTIN LAGONDA,1
2024,1,ASTON MARTIN,ASTON MARTIN V12 VANQUISH,1
2024,1,ASTON MARTIN,ASTON MARTIN VIRAGE,1
2024,1,ASTON MARTIN,ASTON MARTIN VOLANTE,1
2024,1,ASTON MARTIN,ASTON MARTIN ZAGATO,1
2024,1,AUDI,AUDI S5,1
2024,1,AUSTIN,AUSTIN A50,1
2024,1,BEDFORD,BEDFORD MODEL MISSING,1
2024,1,BENTLEY,BENTLEY ARNAGE,1
2024,1,BENTLEY,BENTLEY AZURE,1
2024,1,BMW,BMW 3000,1
2024,1,BOND,BOND MODEL MISSING,1
2024,1,BSA,BSA MODEL MISSING,1
2024,1,BUICK,BUICK SABRE,1
2024,1,CHEVROLET,CHEVROLET KALOS,1
2024,1,CHRYSLER,CHRYSLER GRAND VOYAGER,1
2024,1,CHRYSLER,CHRYSLER NEW YORKER,1
2024,1,CHRYSLER,CHRYSLER VOYAGER,1
2024,1,CITROEN,CITROEN BX,1
2024,1,CITROEN,CITROEN CX,1
2024,1,CITROEN,CITROEN DS,1
2024,1,CITROEN,CITROEN GS,1
2024,1,CITROEN,CITROEN SM,1
2024,1,DAIMLER,DAIMLER V8,1
2024,1,DATSUN,DATSUN 280,1
2024,1,EBRO,EBRO MODEL MISSING,1
2024,1,FERRARI,FERRARI 458,1
2024,1,FERRARI,FERRARI 612,1
2024,1,FERRARI,FERRARI F430,1
2024,1,FERRARI,FERRARI F8,1
2024,1,FIAT,FIAT 128,1
2024,1,FIAT,FIAT 600,1
2024,1,FIAT,FIAT BARCHETTA,1
2024,1,FIAT,FIAT UNO,1
2024,1,FODEN,FODEN MODEL MISSING,1
2024,1,FORD,FORD ANGLIA,1
2024,1,FORD,FORD CROWN VICTORIA,1
2024,1,FORD,FORD GT,1
2024,1,FORD,FORD KA,1
2024,1,FORD,FORD KA+,1
2024,1,FORD,FORD TAURUS,1
2024,1,FORD,FORD ZEPHYR,1
2024,1,FSO CARS,FSO CARS POLONEZ,1
2024,1,GENESIS,GENESIS MODEL MISSING,1
2024,1,HILLMAN,HILLMAN MINX,1
2024,1,HONDA,HONDA N360,1
2024,1,HONDA,HONDA S660,1
2024,1,HUMBER,HUMBER MODEL MISSING,1
2024,1,INFINITI,INFINITI Q50,1
2024,1,INFINITI,INFINITI QX70,1
2024,1,JAGUAR,JAGUAR MK II,1
2024,1,JAGUAR,JAGUAR X TYPE,1
2024,1,JENSEN,JENSEN INTERCEPTOR,1
2024,1,JENSEN,JENSEN MODEL MISSING,1
2024,1,KOENIGSEGG,KOENIGSEGG MODEL MISSING,1
2024,1,LADA,LADA RIVA,1
2024,1,LAMBORGHINI,LAMBORGHINI GALLARDO,1
2024,1,LAMBRETTA,LAMBRETTA MODEL MISSING,1
2024,1,LANCIA,LANCIA FLAVIA,1
2024,1,LEXUS,LEXUS IS 200,1
2024,1,LEXUS,LEXUS IS F,1
2024,1,LEXUS,LEXUS LS 600,1
2024,1,LEYLAND,LEYLAND MODEL MISSING,1
2024,1,LOTUS,LOTUS ELAN,1
2024,1,MASERATI,MASERATI MODEL MISSING,1
2024,1,MAYBACH,MAYBACH MODEL MISSING,1
2024,1,MAZDA,MAZDA RX-8,1
2024,1,MERCEDES,MERCEDES 300,1
2024,1,MERCEDES,MERCEDES 400,1
2024,1,MERCEDES,MERCEDES CLK CLASS,1
2024,1,MERCEDES,MERCEDES SL CLASS,1
2024,1,MG,MG MAGNETTE,1
2024,1,MG,MG METRO,1
2024,1,MG,MG MIDGET,1
2024,1,MG,MG RV8,1
2024,1,MG,MG TF,1
2024,1,MINI,MINI PACEMAN,1
2024,1,MINI,MINI ROADSTER,1
2024,1,MITSUBISHI,MITSUBISHI ECLIPSE,1
2024,1,MITSUBISHI,MITSUBISHI SPACE STAR,1
2024,1,MOBILVETTA,MOBILVETTA MODEL MISSING,1
2024,1,MORGAN,MORGAN PLUS 8,1
2024,1,MORRIS,MORRIS COWLEY,1
2024,1,MORRIS,MORRIS MINI,1
2024,1,MUTT,MUTT MODEL MISSING,1
2024,1,NISSAN,NISSAN 350,1
2024,1,NISSAN,NISSAN 370,1
2024,1,NISSAN,NISSAN MAXIMA,1
2024,1,NISSAN,NISSAN MURANO,1
2024,1,NISSAN,NISSAN PULSAR,1
2024,1,NISSAN,NISSAN TOWNSTAR,1
2024,1,NISSAN,NISSAN URVAN,1
2024,1,NSU,NSU MODEL MISSING,1
2024,1,OPEL,OPEL CORSA,1
2024,1,OPEL,OPEL REKORD,1
2024,1,OPEL,OPEL ZAFIRA,1
2024,1,PEUGEOT,PEUGEOT 205,1
2024,1,PEUGEOT,PEUGEOT 206,1
2024,1,PEUGEOT,PEUGEOT 304,1
2024,1,PEUGEOT,PEUGEOT 404,1
2024,1,PORSCHE,PORSCHE 924,1
2024,1,PORSCHE,PORSCHE CARRERA,1
2024,1,PORSCHE,PORSCHE GT,1
2024,1,RENAULT,RENAULT 16,1
2024,1,RENAULT,RENAULT 17,1
2024,1,RENAULT,RENAULT 4,1
2024,1,RENAULT,RENAULT 5,1
2024,1,RENAULT,RENAULT GRAND ESPACE,1
2024,1,RENAULT,RENAULT KADJAR,1
2024,1,RILEY,RILEY MODEL MISSING,1
2024,1,ROLLS ROYCE,ROLLS ROYCE PARK WARD,1
2024,1,ROLLS ROYCE,ROLLS ROYCE WRAITH,1
2024,1,ROVER,ROVER MODEL MISSING,1
2024,1,SAAB,SAAB 9-5,1
2024,1,SIMCA,SIMCA MODEL MISSING,1
2024,1,SKODA,SKODA CITIGO,1
2024,1,STEYR,STEYR MODEL MISSING,1
2024,1,SUNBEAM,SUNBEAM MODEL MISSING,1
2024,1,SUZUKI,SUZUKI GRAND VITARA,1
2024,1,SUZUKI,SUZUKI SJ,1
2024,1,TALBOT,TALBOT MODEL MISSING,1
2024,1,TOYOTA,TOYOTA ARISTO,1
2024,1,TOYOTA,TOYOTA CAMRY,1
2024,1,TOYOTA,TOYOTA CARINA,1
2024,1,TOYOTA,TOYOTA CORONA,1
2024,1,TRIUMPH,TRIUMPH DOLOMITE,1
2024,1,TRIUMPH,TRIUMPH SPITFIRE,1
2024,1,TRIUMPH,TRIUMPH TR4,1
2024,1,TRIUMPH,TRIUMPH TR6,1
2024,1,TVR,TVR MODEL MISSING,1
2024,1,URAL,URAL MODEL MISSING,1
2024,1,VELOSOLEX,VELOSOLEX S 3800,1
2024,1,VOLKSWAGEN,VOLKSWAGEN 1200,1
2024,1,VOLKSWAGEN,VOLKSWAGEN 1600,1
2024,1,VOLKSWAGEN,VOLKSWAGEN 411,1
2024,1,VOLKSWAGEN,VOLKSWAGEN BORA,1
2024,1,VOLKSWAGEN,VOLKSWAGEN EOS,1
2024,1,VOLKSWAGEN,VOLKSWAGEN VENTO,1
2024,1,VOLVO,VOLVO 440,1
2024,1,VOLVO,VOLVO P1800,1
2024,1,WARTBURG,WARTBURG TOURIST,1
2024,1,WOLSELEY,WOLSELEY MODEL MISSING,1
2024,1,ZASTAVA,ZASTAVA MODEL MISSING,1
2024,1,POLESTAR,POLESTAR 1,1
2024,2,FORD,FORD PUMA,11332
2024,2,TOYOTA,TOYOTA YARIS,10885
2024,2,KIA,KIA SPORTAGE,10509
2024,2,VOLKSWAGEN,VOLKSWAGEN GOLF,9289
2024,2,VOLKSWAGEN,VOLKSWAGEN POLO,9250
2024,2,NISSAN,NISSAN QASHQAI,8339
2024,2,VOLKSWAGEN,VOLKSWAGEN TIGUAN,8244
2024,2,NISSAN,NISSAN JUKE,8220
2024,2,AUDI,AUDI A3,8160
2024,2,VOLVO,VOLVO XC40,7397
2024,2,HYUNDAI,HYUNDAI TUCSON,7347
2024,2,MG,MG ZS,7226
2024,2,TESLA,TESLA MODEL Y,6825
2024,2,VOLKSWAGEN,VOLKSWAGEN T-ROC,6762
2024,2,MG,MG HS,6704
2024,2,HYUNDAI,HYUNDAI KONA,6560
2024,2,BMW,BMW 1 SERIES,6175
2024,2,VAUXHALL,VAUXHALL CORSA,5780
2024,2,FORD,FORD KUGA,5323
2024,2,KIA,KIA NIRO,5283
2024,2,PEUGEOT,PEUGEOT 2008,5270
2024,2,AUDI,AUDI Q4,4845
2024,2,RENAULT,RENAULT CLIO,4822
2024,2,FORD,FORD FOCUS,4683
2024,2,VAUXHALL,VAUXHALL MOKKA,4608
2024,2,RENAULT,RENAULT CAPTUR,4486
2024,2,TESLA,TESLA MODEL 3,4435
2024,2,SKODA,SKODA KAROQ,4373
2024,2,BMW,BMW 3 SERIES,4304
2024,2,BMW,BMW I4,4068
2024,2,TOYOTA,TOYOTA C-HR,4057
2024,2,MERCEDES,MERCEDES A CLASS,3903
2024,2,MERCEDES,MERCEDES CLA CLASS,3858
2024,2,MINI,MINI COOPER,3811
2024,2,AUDI,AUDI A1,3755
2024,2,BMW,BMW IX,3722
2024,2,TOYOTA,TOYOTA AYGO,3701
2024,2,CITROEN,CITROEN C3,3696
2024,2,VOLVO,VOLVO XC60,3523
2024,2,MG,MG 4,3478
2024,2,LAND ROVER,LAND ROVER RANGE ROVER SPORT,3406
2024,2,SKODA,SKODA KODIAQ,3311
2024,2,AUDI,AUDI Q2,3267
2024,2,MG,MG 3,3220
2024,2,CUPRA,CUPRA FORMENTOR,3207
2024,2,AUDI,AUDI Q3,3183
2024,2,SEAT,SEAT IBIZA,3164
2024,2,PEUGEOT,PEUGEOT 208,3144
2024,2,TOYOTA,TOYOTA COROLLA,3056
2024,2,MINI,MINI COUNTRYMAN,3051
2024,2,SEAT,SEAT ATECA,3045
2024,2,VAUXHALL,VAUXHALL GRANDLAND,3004
2024,2,SKODA,SKODA KAMIQ,2918
2024,2,DACIA,DACIA DUSTER,2846
2024,2,SEAT,SEAT ARONA,2784
2024,2,SKODA,SKODA OCTAVIA,2782
2024,2,DACIA,DACIA JOGGER,2767
2024,2,LAND ROVER,LAND ROVER RANGE ROVER EVOQUE,2699
2024,2,VOLVO,VOLVO EX30,2685
2024,2,HYUNDAI,HYUNDAI I20,2669
2024,2,SUZUKI,SUZUKI SWIFT,2605
2024,2,FIAT,FIAT 500,2579
2024,2,LAND ROVER,LAND ROVER DEFENDER,2552
2024,2,VOLVO,VOLVO XC90,2534
2024,2,KIA,KIA PICANTO,2518
2024,2,LAND ROVER,LAND ROVER RANGE ROVER,2505
2024,2,MERCEDES,MERCEDES EQA CLASS,2467
2024,2,AUDI,AUDI A4,2467
2024,2,VAUXHALL,VAUXHALL ASTRA,2328
2024,2,SKODA,SKODA ENYAQ,2262
2024,2,SKODA,SKODA FABIA,2225
2024,2,KIA,KIA STONIC,2217
2024,2,DACIA,DACIA SANDERO,2200
2024,2,LAND ROVER,LAND ROVER DISCOVERY,2140
2024,2,HONDA,HONDA HR-V,2088
2024,2,VOLKSWAGEN,VOLKSWAGEN TAIGO,2066
2024,2,HYUNDAI,HYUNDAI I10,2018
2024,2,VOLKSWAGEN,VOLKSWAGEN T-CROSS,1969
2024,2,NISSAN,NISSAN ARIYA,1968
2024,2,MERCEDES,MERCEDES EQB CLASS,1938
2024,2,VOLKSWAGEN,VOLKSWAGEN ID4,1921
2024,2,HYUNDAI,HYUNDAI IONIQ,1916
2024,2,AUDI,AUDI Q5,1912
2024,2,KIA,KIA CEED,1861
2024,2,JAGUAR,JAGUAR F-PACE,1860
2024,2,TOYOTA,TOYOTA PRIUS,1853
2024,2,LEXUS,LEXUS LBX,1837
2024,2,MERCEDES,MERCEDES GLB CLASS,1790
2024,2,NISSAN,NISSAN X-TRAIL,1775
2024,2,MAZDA,MAZDA 2,1775
2024,2,PEUGEOT,PEUGEOT 3008,1764
2024,2,CUPRA,CUPRA BORN,1757
2024,2,BMW,BMW X1,1725
2024,2,RENAULT,RENAULT AUSTRAL,1706
2024,2,TOYOTA,TOYOTA RAV4,1668
2024,2,KIA,KIA XCEED,1653
2024,2,MERCEDES,MERCEDES GLA CLASS,1614
2024,2,KIA,KIA EV6,1603
2024,2,CUPRA,CUPRA LEON,1588
2024,2,TOYOTA,TOYOTA BZ4X,1557
2024,2,AUDI,AUDI A5,1532
2024,2,BMW,BMW X3,1521
2024,2,BMW,BMW 2 SERIES,1498
2024,2,FORD,FORD TOURNEO,1475
2024,2,MAZDA,MAZDA CX-5,1467
2024,2,POLESTAR,POLESTAR 2,1428
2024,2,MERCEDES,MERCEDES AMG CLASS,1400
2024,2,BMW,BMW X5,1373
2024,2,MERCEDES,MERCEDES GLC CLASS,1365
2024,2,NISSAN,NISSAN LEAF,1358
2024,2,BMW,BMW IX3,1328
2024,2,HONDA,HONDA ZR-V SPORT,1294
2024,2,PORSCHE,PORSCHE MACAN,1293
2024,2,FORD,FORD MUSTANG MACH-E,1285
2024,2,HYUNDAI,HYUNDAI BAYON,1184
2024,2,PORSCHE,PORSCHE CAYENNE,1179
2024,2,BMW,BMW M1,1149
2024,2,MAZDA,MAZDA CX-30,1147
2024,2,HONDA,HONDA JAZZ,1138
2024,2,BMW,BMW M3,1135
2024,2,RENAULT,RENAULT ARKANA,1067
2024,2,PEUGEOT,PEUGEOT 408,1065
2024,2,VOLKSWAGEN,VOLKSWAGEN ID3,1027
2024,2,JEEP,JEEP AVENGER,1025
2024,2,BMW,BMW 5 SERIES,1017
2024,2,MERCEDES,MERCEDES C CLASS,1010
2024,2,LAND ROVER,LAND ROVER RANGE ROVER VELAR,998
2024,2,TOYOTA,TOYOTA MODEL MISSING,995
2024,2,AUDI,AUDI Q8,973
2024,2,SUZUKI,SUZUKI SX4,933
2024,2,BMW,BMW I5,911
2024,2,MERCEDES,MERCEDES GLE CLASS,908
2024,2,CITROEN,CITROEN C5,900
2024,2,MINI,MINI MINI COOPER SE,890
2024,2,AUDI,AUDI A6,872
2024,2,MERCEDES,MERCEDES E CLASS,853
2024,2,PORSCHE,PORSCHE 911,822
2024,2,JAGUAR,JAGUAR E-PACE,809
2024,2,RENAULT,RENAULT MEGANE,795
2024,2,SKODA,SKODA SCALA,791
2024,2,VAUXHALL,VAUXHALL CROSSLAND,789
2024,2,BYD,BYD ATTO 3,773
2024,2,SUZUKI,SUZUKI IGNIS,746
2024,2,BMW,BMW 4 SERIES,725
2024,2,PEUGEOT,PEUGEOT 308,716
2024,2,VOLKSWAGEN,VOLKSWAGEN ID BUZZ,710
2024,2,RENAULT,RENAULT TRAFIC,705
2024,2,SUZUKI,SUZUKI VITARA,689
2024,2,CITROEN,CITROEN C4,685
2024,2,SUZUKI,SUZUKI S-CROSS,682
2024,2,BMW,BMW M2,648
2024,2,MINI,MINI JOHN COOPER WORKS,647
2024,2,SEAT,SEAT LEON,637
2024,2,LEXUS,LEXUS RZ 450,629
2024,2,CITROEN,CITROEN E-C4,626
2024,2,MAZDA,MAZDA CX-60,624
2024,2,PEUGEOT,PEUGEOT RIFTER,615
2024,2,MAZDA,MAZDA MX-30,598
2024,2,MAZDA,MAZDA 3,597
2024,2,SEAT,SEAT TARRACO,594
2024,2,JAGUAR,JAGUAR I-PACE,589
2024,2,MERCEDES,MERCEDES EQE CLASS,554
2024,2,HONDA,HONDA CR-V,543
2024,2,KIA,KIA SORENTO,524
2024,2,KIA,KIA EV9,523
2024,2,HONDA,HONDA CIVIC,512
2024,2,AUDI,AUDI S3,484
2024,2,VOLVO,VOLVO C40,470
2024,2,PEUGEOT,PEUGEOT 5008,470
2024,2,MERCEDES,MERCEDES V CLASS,453
2024,2,LEXUS,LEXUS NX 450,438
2024,2,VOLKSWAGEN,VOLKSWAGEN TOUAREG,429
2024,2,MAZDA,MAZDA MX-5,428
2024,2,ALFA ROMEO,ALFA ROMEO TONALE,423
2024,2,PORSCHE,PORSCHE TAYCAN,421
2024,2,CUPRA,CUPRA ATECA,421
2024,2,KIA,KIA PRO CEED,417
2024,2,SKODA,SKODA SUPERB,408
2024,2,HONDA,HONDA E,397
2024,2,BMW,BMW M4,390
2024,2,LEXUS,LEXUS NX 350,389
2024,2,HYUNDAI,HYUNDAI PONY,385
2024,2,LEXUS,LEXUS UX 300,374
2024,2,NISSAN,NISSAN MODEL MISSING,353
2024,2,PORSCHE,PORSCHE 718,353
2024,2,AUDI,AUDI Q7,336
2024,2,BMW,BMW X7,334
2024,2,VOLKSWAGEN,VOLKSWAGEN PASSAT,327
2024,2,AUDI,AUDI E-TRON,321
2024,2,BYD,BYD DOLPHIN DESIGN EV,321
2024,2,VOLKSWAGEN,VOLKSWAGEN CADDY,321
2024,2,ORA,ORA 03 PURE +,311
2024,2,VOLKSWAGEN,VOLKSWAGEN MODEL MISSING,300
2024,2,AUDI,AUDI MODEL MISSING,282
2024,2,BYD,BYD DOLPHIN COMFORT EV,281
2024,2,HONDA,HONDA MODEL MISSING,277
2024,2,BMW,BMW X2,275
2024,2,TOYOTA,TOYOTA ESTIMA,272
2024,2,VOLKSWAGEN,VOLKSWAGEN ID5,270
2024,2,BMW,BMW X4,261
2024,2,BYD,BYD SEAL DESIGN EV,251
2024,2,BMW,BMW Z4,251
2024,2,HYUNDAI,HYUNDAI I30,248
2024,2,JAGUAR,JAGUAR XF SERIES,246
2024,2,MERCEDES,MERCEDES VITO,243
2024,2,MG,MG 5,236
2024,2,CITROEN,CITROEN SPACETOURER,218
2024,2,VOLKSWAGEN,VOLKSWAGEN MULTIVAN,218
2024,2,SUZUKI,SUZUKI SWACE,218
2024,2,JAGUAR,JAGUAR F-TYPE,214
2024,2,LAND ROVER,LAND ROVER MODEL MISSING,199
2024,2,LEXUS,LEXUS RX 450,198
2024,2,LOTUS,LOTUS ELETRE,193
2024,2,JAGUAR,JAGUAR XE SERIES,191
2024,2,VOLKSWAGEN,VOLKSWAGEN TOURAN,190
2024,2,BMW,BMW 7 SERIES,186
2024,2,MERCEDES,MERCEDES S CLASS,184
2024,2,BMW,BMW X6,184
2024,2,RENAULT,RENAULT RAFALE,184
2024,2,MERCEDES,MERCEDES MODEL MISSING,181
2024,2,AUDI,AUDI RS3,180
2024,2,BMW,BMW MODEL MISSING,177
2024,2,SUBARU,SUBARU SOLTERRA,174
2024,2,RENAULT TRUCKS,RENAULT TRUCKS TRAFIC,170
2024,2,MINI,MINI MINI COOPER CLASSIC ELECTRIC,168
2024,2,SMART,SMART 1 PRO,168
2024,2,OTHER BRITISH,OTHER BRITISH MODEL MISSING,162
2024,2,VAUXHALL,VAUXHALL COMBO,161
2024,2,ORA,ORA 03 PRO +,158
2024,2,VOLKSWAGEN,VOLKSWAGEN UP,157
2024,2,NISSAN,NISSAN ELGRAND,156
2024,2,PORSCHE,PORSCHE PANAMERA,155
2024,2,VOLKSWAGEN,VOLKSWAGEN ARTEON,152
2024,2,RENAULT,RENAULT SCENIC,151
2024,2,FORD,FORD MODEL MISSING,149
2024,2,CITROEN,CITROEN BERLINGO,144
2024,2,SMART,SMART 1 PREMIUM,144
2024,2,HYUNDAI,HYUNDAI MODEL MISSING,144
2024,2,KGM,KGM TIVOLI,144
2024,2,SUBARU,SUBARU OUTBACK,143
2024,2,GENESIS,GENESIS GV60,141
2024,2,GENESIS,GENESIS GV70,141
2024,2,LEXUS,LEXUS ES 300,135
2024,2,FIAT,FIAT PANDA,135
2024,2,KIA,KIA PROCEED,135
2024,2,LOTUS,LOTUS EMIRA,133
2024,2,JEEP,JEEP COMPASS,132
2024,2,TOYOTA,TOYOTA ALPHARD,129
2024,2,HONDA,HONDA FIT,129
2024,2,LAMBORGHINI,LAMBORGHINI URUS,125
2024,2,SUBARU,SUBARU FORESTER,122
2024,2,MERCEDES,MERCEDES B CLASS,121
2024,2,HYUNDAI,HYUNDAI SANTA FE,119
2024,2,AUDI,AUDI RS6,118
2024,2,FIAT,FIAT 600E,114
2024,2,TOYOTA,TOYOTA VELLFIRE,114
2024,2,BENTLEY,BENTLEY MODEL MISSING,113
2024,2,AUDI,AUDI A7,112
2024,2,CITROEN,CITROEN E-BERLINGO,111
2024,2,HYUNDAI,HYUNDAI BAYON ULTIMATE,110
2024,2,MERCEDES,MERCEDES EQS CLASS,109
2024,2,AUDI,AUDI RS4,109
2024,2,HYUNDAI,HYUNDAI BAYON PREMIUM,108
2024,2,SUBARU,SUBARU C-TREK TORING EBXR SYM AWD CVT,106
2024,2,FERRARI,FERRARI 296,105
2024,2,VOLVO,VOLVO MODEL MISSING,103
2024,2,ASTON MARTIN,ASTON MARTIN DB1,102
2024,2,SMART,SMART 1 BRABUS,99
2024,2,BENTLEY,BENTLEY CONTINENTAL,99
2024,2,AUDI,AUDI SQ7,98
2024,2,PEUGEOT,PEUGEOT 508,98
2024,2,KGM,KGM REXTON,95
2024,2,BENTLEY,BENTLEY BENTAYGA,94
2024,2,ABARTH,ABARTH 500,92
2024,2,JEEP,JEEP WRANGLER,92
2024,2,BMW,BMW 8 SERIES,91
2024,2,VAUXHALL,VAUXHALL VIVARO,90
2024,2,MERCEDES,MERCEDES CLE 200 AMG,90
2024,2,AUDI,AUDI SQ8,87
2024,2,MASERATI,MASERATI GRECALE,87
2024,2,MERCEDES,MERCEDES CLE 300 AMG,86
2024,2,HYUNDAI,HYUNDAI BAYON ADVANCE,86
2024,2,ALFA ROMEO,ALFA ROMEO GIULIA,83
2024,2,DS,DS DS4,81
2024,2,FERRARI,FERRARI PUROSANGUE,81
2024,2,KGM,KGM KORANDO,80
2024,2,FERRARI,FERRARI ROMA,80
2024,2,MINI,MINI CLUBMAN,78
2024,2,VOLVO,VOLVO V90,78
2024,2,FORD,FORD FIESTA,78
2024,2,DS,DS DS7,76
2024,2,TOYOTA,TOYOTA NOAH,74
2024,2,AUDI,AUDI S4,73
2024,2,HONDA,HONDA STEPWAGON,72
2024,2,ALPINE,ALPINE A110,71
2024,2,CITROEN,CITROEN ALLIED HORIZON,70
2024,2,MERCEDES,MERCEDES SPRINTER,67
2024,2,SMART,SMART FORTWO,65
2024,2,TOYOTA,TOYOTA VITZ,63
2024,2,LAMBORGHINI,LAMBORGHINI HURACAN,62
2024,2,NISSAN,NISSAN MICRA,62
2024,2,BMW,BMW XM,59
2024,2,TOYOTA,TOYOTA LANDCRUISER,58
2024,2,VOLVO,VOLVO V60,58
2024,2,KGM,KGM TORRES,57
2024,2,INEOS,INEOS GRENADIER,56
2024,2,MERCEDES,MERCEDES GLS CLASS,55
2024,2,JAGUAR,JAGUAR MODEL MISSING,54
2024,2,LAMBORGHINI,LAMBORGHINI REVUELTO V12 PHEV S-A,54
2024,2,MERCEDES,MERCEDES EQC CLASS,53
2024,2,KIA,KIA MODEL MISSING,53
2024,2,FISKER,FISKER OCEAN,51
2024,2,ROLLS ROYCE,ROLLS ROYCE,51
2024,2,MAZDA,MAZDA MODEL MISSING,50
2024,2,ABARTH,ABARTH 595,50
2024,2,DS,DS DS3,49
2024,2,MCLAREN,MCLAREN ARTURA,49
2024,2,VOLVO,VOLVO EX40,47
2024,2,MITSUBISHI,MITSUBISHI MODEL MISSING,47
2024,2,AUDI,AUDI SQ2,47
2024,2,VOLKSWAGEN,VOLKSWAGEN ID7 PRO LAUNCH EDITION 1,46
2024,2,SKODA,SKODA MODEL MISSING,46
2024,2,LEXUS,LEXUS RX 350,46
2024,2,SUZUKI,SUZUKI MODEL MISSING,46
2024,2,RENAULT,RENAULT MASTER,45
2024,2,LEXUS,LEXUS MODEL MISSING,45
2024,2,TOYOTA,TOYOTA AQUA,45
2024,2,ASTON MARTIN,ASTON MARTIN DBX,45
2024,2,ASTON MARTIN,ASTON MARTIN MODEL MISSING,44
2024,2,MERCEDES,MERCEDES CLE 300 PREMIER ED MHEV 4M A,43
2024,2,BENTLEY,BENTLEY FLYING SPUR,42
2024,2,BMW,BMW M8,42
2024,2,ALFA ROMEO,ALFA ROMEO STELVIO,41
2024,2,LEXUS,LEXUS UX 250,41
2024,2,TOYOTA,TOYOTA PROACE,39
2024,2,VOLKSWAGEN,VOLKSWAGEN CRAFTER,39
2024,2,SUBARU,SUBARU MODEL MISSING,39
2024,2,ASTON MARTIN,ASTON MARTIN VANTAGE,38
2024,2,MERCEDES,MERCEDES CLE 220 AMG,37
2024,2,DODGE,DODGE MODEL MISSING,37
2024,2,MERCEDES-BENZ,MERCEDES-BENZ MODEL MISSING,36
2024,2,MG,MG MODEL MISSING,35
2024,2,AUDI,AUDI RSQ8,35
2024,2,CITROEN,CITROEN MODEL MISSING,34
2024,2,MINI,MINI MINI COOPER SPORT ELECTRIC,34
2024,2,AUDI,AUDI RS5,34
2024,2,SUZUKI,SUZUKI ACROSS,34
2024,2,AUDI,AUDI A8,33
2024,2,CATERHAM,CATERHAM MODEL MISSING,33
2024,2,GENESIS,GENESIS GV80,32
2024,2,VOLKSWAGEN,VOLKSWAGEN TRANSPORTER,32
2024,2,BMW,BMW ALPINA,31
2024,2,VOLKSWAGEN,VOLKSWAGEN BEETLE,31
2024,2,SUBARU,SUBARU IMPREZA,31
2024,2,MINI,MINI MINI COOPER EXCLUSIVE ELECTRIC,30
2024,2,FORD,FORD ESCORT,30
2024,2,AUDI,AUDI S5,28
2024,2,AUDI,AUDI S6,27
2024,2,CHEVROLET,CHEVROLET MODEL MISSING,27
2024,2,FORD,FORD TRANSIT,27
2024,2,PEUGEOT,PEUGEOT BOXER,27
2024,2,BMW,BMW M SERIES,26
2024,2,NISSAN,NISSAN NOTE,26
2024,2,LEXUS,LEXUS RX 500,25
2024,2,AUDI,AUDI R8,25
2024,2,MERCEDES,MERCEDES CLE 200 PREMIER,24
2024,2,PEUGEOT,PEUGEOT TRAVELLER,23
2024,2,FORD,FORD ALLIED,23
2024,2,VOLVO,VOLVO V40,23
2024,2,ROLLS ROYCE,ROLLS ROYCE CULLINAN,23
2024,2,VOLVO,VOLVO V70,23
2024,2,FORD,FORD GALAXY,22
2024,2,GENESIS,GENESIS G80,21
2024,2,KIA,KIA SOUL,21
2024,2,SMART,SMART 1 LAUNCH EDITION,21
2024,2,PEUGEOT,PEUGEOT 406,21
2024,2,VOLVO,VOLVO S60,21
2024,2,ABARTH,ABARTH 695,21
2024,2,PEUGEOT,PEUGEOT MODEL MISSING,20
2024,2,INEOS,INEOS GRENADIER FIELDMASTER ED D A,20
2024,2,JEEP,JEEP MODEL MISSING,20
2024,2,MORGAN,MORGAN PLUS 4,20
2024,2,PORSCHE,PORSCHE MODEL MISSING,20
2024,2,FIAT,FIAT MODEL MISSING,19
2024,2,PEUGEOT,PEUGEOT ALLIED,19
2024,2,JEEP,JEEP RENEGADE,19
2024,2,TOYOTA,TOYOTA HIGHLANDER,19
2024,2,FORD,FORD MUSTANG,19
2024,2,MCLAREN,MCLAREN 750S,19
2024,2,MERCEDES,MERCEDES G CLASS,18
2024,2,MERCEDES,MERCEDES EQV CLASS,17
2024,2,FERRARI,FERRARI MODEL MISSING,17
2024,2,NISSAN,NISSAN SERENA,17
2024,2,AUDI,AUDI RSQ3,17
2024,2,LEXUS,LEXUS LC 500,16
2024,2,MERCEDES,MERCEDES CLE 450 PREMIER,16
2024,2,AUDI,AUDI RS7,16
2024,2,ROLLS ROYCE,ROLLS ROYCE GHOST,16
2024,2,SMART,SMART 3 PRO,15
2024,2,AUDI,AUDI SQ5,15
2024,2,HONDA,HONDA INSIGHT,15
2024,2,MASERATI,MASERATI LEVANTE,15
2024,2,JAGUAR,JAGUAR E TYPE,15
2024,2,MCLAREN,MCLAREN MODEL MISSING,15
2024,2,SUBARU,SUBARU LEGACY,15
2024,2,VOLKSWAGEN,VOLKSWAGEN SHARAN,15
2024,2,FORD,FORD COLEMAN MILNE,14
2024,2,VOLKSWAGEN,VOLKSWAGEN ID7 MATCH PRO,14
2024,2,FORD,FORD S-MAX,14
2024,2,PEUGEOT,PEUGEOT 106,14
2024,2,TOYOTA,TOYOTA CROWN,14
2024,2,AUDI,AUDI S8,14
2024,2,AUDI,AUDI TT,14
2024,2,BMW,BMW 6 SERIES,13
2024,2,FORD,FORD CORTINA,13
2024,2,MCLAREN,MCLAREN GT,13
2024,2,NISSAN,NISSAN CUBE,13
2024,2,MASERATI,MASERATI GRANTURISMO,12
2024,2,VOLVO,VOLVO EC40,12
2024,2,VOLVO,VOLVO S90,12
2024,2,MERCEDES,MERCEDES CLE 220 PREMIER,12
2024,2,AUSTIN HEALEY,AUSTIN HEALEY MODEL MISSING,12
2024,2,CHRYSLER,CHRYSLER MODEL MISSING,12
2024,2,FIAT,FIAT TIPO,12
2024,2,JAGUAR,JAGUAR XJ SERIES,12
2024,2,MINI,MINI MODEL MISSING,12
2024,2,NISSAN,NISSAN SILVIA,12
2024,2,TOYOTA,TOYOTA GR86,12
2024,2,VAUXHALL,VAUXHALL MODEL MISSING,11
2024,2,HONDA,HONDA ACCORD,11
2024,2,LEXUS,LEXUS LM 350H,11
2024,2,JAGUAR,JAGUAR XK SERIES,11
2024,2,ROLLS ROYCE,ROLLS ROYCE PHANTOM,11
2024,2,RENAULT,RENAULT ZOE,10
2024,2,MERCEDES,MERCEDES 200,10
2024,2,RENAULT,RENAULT MODEL MISSING,10
2024,2,NISSAN,NISSAN PRIMASTAR,10
2024,2,MITSUBISHI,MITSUBISHI LANCER,10
2024,2,POLESTAR,POLESTAR POLESTAR 3,9
2024,2,SMART,SMART 3 BRABUS,9
2024,2,MAZDA,MAZDA DEMIO,9
2024,2,OPEL,OPEL MODEL MISSING,9
2024,2,TOYOTA,TOYOTA HIACE,9
2024,2,VAUXHALL,VAUXHALL MOVANO,9
2024,2,FIAT,FIAT 600,9
2024,2,HONDA,HONDA ODYSSEY,9
2024,2,ALFA ROMEO,ALFA ROMEO MODEL MISSING,9
2024,2,ARIEL,ARIEL MODEL MISSING,9
2024,2,CADILLAC,CADILLAC MODEL MISSING,9
2024,2,CHEVROLET,CHEVROLET CORVETTE,9
2024,2,CHEVROLET GMC,CHEVROLET GMC CORVETTE,9
2024,2,GORDON MURRAY,GORDON MURRAY T.50,9
2024,2,MORGAN,MORGAN PLUS 6,9
2024,2,SMART,SMART 3 PREMIUM,8
2024,2,TESLA,TESLA MODEL S,8
2024,2,FERRARI,FERRARI 812,8
2024,2,LINCOLN,LINCOLN MODEL MISSING,8
2024,2,NISSAN,NISSAN SKYLINE,8
2024,2,PONTIAC,PONTIAC FIREBIRD,8
2024,2,SUZUKI,SUZUKI JIMNY,8
2024,2,POLESTAR,POLESTAR POLESTAR3 PILOT+ PRFMNC EV AWD,7
2024,2,AUDI,AUDI S7,7
2024,2,FORD,FORD MONDEO,7
2024,2,FORD,FORD TRANSIT CUSTOM,7
2024,2,VOLKSWAGEN,VOLKSWAGEN CALIFORNIA,7
2024,2,MERCEDES,MERCEDES CLE 450 AMG,7
2024,2,TOYOTA,TOYOTA SIENTA,7
2024,2,BMW,BMW M5,7
2024,2,FERRARI,FERRARI DAYTONA,7
2024,2,MINI,MINI ONE,7
2024,2,PONTIAC,PONTIAC MODEL MISSING,7
2024,2,TOYOTA,TOYOTA ALTEZZA,7
2024,2,FERRARI,FERRARI SF90,7
2024,2,COLEMAN MILNE,COLEMAN MILNE MODEL MISSING,6
2024,2,CADILLAC,CADILLAC ESCALADE,6
2024,2,CHEVROLET GMC,CHEVROLET GMC MODEL MISSING,6
2024,2,DAIMLER,DAIMLER MODEL MISSING,6
2024,2,FIAT,FIAT 126,6
2024,2,HYUNDAI,HYUNDAI PICK UP,6
2024,2,JEEP,JEEP CHEROKEE,6
2024,2,JEEP,JEEP GRAND CHEROKEE,6
2024,2,LEXUS,LEXUS RC F,6
2024,2,TOYOTA,TOYOTA FJ CRUISER,6
2024,2,LEXUS,LEXUS RZ 300E,5
2024,2,LOTUS,LOTUS MODEL MISSING,5
2024,2,MAXUS,MAXUS DELIVER,5
2024,2,TESLA,TESLA MODEL X,5
2024,2,CITROEN,CITROEN ZX,5
2024,2,DACIA,DACIA MODEL MISSING,5
2024,2,GENESIS,GENESIS MODEL MISSING,5
2024,2,MASERATI,MASERATI GHIBLI,5
2024,2,CHEVROLET GMC,CHEVROLET GMC CAMARO,5
2024,2,CITROEN,CITROEN DS,5
2024,2,DATSUN,DATSUN 240,5
2024,2,FORD,FORD GRANADA,5
2024,2,MAZDA,MAZDA 6,5
2024,2,MERCEDES,MERCEDES SL CLASS,5
2024,2,NISSAN,NISSAN MARCH,5
2024,2,TOYOTA,TOYOTA PREVIA,5
2024,2,TRIUMPH,TRIUMPH TR6,5
2024,2,VOLKSWAGEN,VOLKSWAGEN JETTA,5
2024,2,MOKE AUTOMIBILI,MOKE AUTOMIBILI MODEL MISSING,4
2024,2,YAMAHA,YAMAHA MODEL MISSING,4
2024,2,CITROEN,CITROEN ALLIED LUNAR,4
2024,2,MERCEDES,MERCEDES 300,4
2024,2,ASTON MARTIN,ASTON MARTIN VALKYRIE,4
2024,2,SUBARU,SUBARU CROSSTREK LTD EBXR SYM AWD CVT,4
2024,2,TOYOTA,TOYOTA MR2,4
2024,2,TOYOTA,TOYOTA SUPRA,4
2024,2,HONDA,HONDA INTEGRA,4
2024,2,LAMBORGHINI,LAMBORGHINI MODEL MISSING,4
2024,2,LANCIA,LANCIA MODEL MISSING,4
2024,2,LAND ROVER,LAND ROVER FREELANDER,4
2024,2,MAZDA,MAZDA MPV,4
2024,2,MAZDA,MAZDA RX-7,4
2024,2,MERCEDES-BENZ,MERCEDES-BENZ AMG GT,4
2024,2,MERCURY,MERCURY MODEL MISSING,4
2024,2,ROLLS ROYCE,ROLLS ROYCE MODEL MISSING,4
2024,2,TOYOTA,TOYOTA CELICA,4
2024,2,TRIUMPH,TRIUMPH MODEL MISSING,4
2024,2,VOLKSWAGEN,VOLKSWAGEN K 70,4
2024,2,VOLKSWAGEN,VOLKSWAGEN KARMANN GHIA,4
2024,2,VOLKSWAGEN,VOLKSWAGEN LUPO,4
2024,2,ALFA ROMEO,ALFA ROMEO JUNIOR,3
2024,2,TESLA,TESLA MODEL MISSING,3
2024,2,CITROEN,CITROEN RELAY,3
2024,2,VOLKSWAGEN,VOLKSWAGEN CARAVELLE,3
2024,2,LEXUS,LEXUS LS 600,3
2024,2,TOYOTA,TOYOTA SOARER,3
2024,2,ALFA ROMEO,ALFA ROMEO SPIDER,3
2024,2,ASTON MARTIN,ASTON MARTIN VALOUR V12,3
2024,2,AUDI,AUDI TTS,3
2024,2,FORD,FORD ANGLIA,3
2024,2,FORD,FORD SIERRA,3
2024,2,FORD,FORD THUNDERBIRD,3
2024,2,GENESIS,GENESIS G70,3
2024,2,HONDA,HONDA S660,3
2024,2,JAGUAR,JAGUAR MK II,3
2024,2,JENSEN,JENSEN INTERCEPTOR,3
2024,2,LANCIA,LANCIA FULVIA,3
2024,2,MASERATI,MASERATI MC20,3
2024,2,MORRIS,MORRIS MINOR,3
2024,2,MORRIS,MORRIS MODEL MISSING,3
2024,2,PLYMOUTH,PLYMOUTH MODEL MISSING,3
2024,2,PORSCHE,PORSCHE BOXSTER,3
2024,2,ROVER,ROVER MINI,3
2024,2,SAAB,SAAB MODEL MISSING,3
2024,2,SUNBEAM,SUNBEAM TIGER,3
2024,2,TRIUMPH,TRIUMPH TR3,3
2024,2,VOLVO,VOLVO V50,3
2024,2,PEUGEOT,PEUGEOT 508 PSE S/S PHEV 4X4 AUTO,3
2024,2,MAXUS,MAXUS MIFA,2
2024,2,MAN,MAN TGE,2
2024,2,MERCEDES,MERCEDES VIANO,2
2024,2,MERCEDES-BENZ,MERCEDES-BENZ V 220,2
2024,2,PEUGEOT,PEUGEOT 504,2
2024,2,PEUGEOT,PEUGEOT PARTNER,2
2024,2,ROVER,ROVER MODEL MISSING,2
2024,2,SEAT,SEAT ALHAMBRA,2
2024,2,SKODA,SKODA YETI,2
2024,2,VOLVO,VOLVO S80,2
2024,2,LEXUS,LEXUS IS 300,2
2024,2,MERCEDES,MERCEDES COLEMAN MILNE,2
2024,2,RENAULT,RENAULT SYMBIOZ,2
2024,2,ABARTH,ABARTH MODEL MISSING,2
2024,2,ACURA,ACURA MODEL MISSING,2
2024,2,ALFA ROMEO,ALFA ROMEO GTV,2
2024,2,ASTON MARTIN,ASTON MARTIN DB11,2
2024,2,AUSTIN,AUSTIN MINI,2
2024,2,AUSTIN,AUSTIN MODEL MISSING,2
2024,2,BMW,BMW 2002,2
2024,2,BUICK,BUICK MODEL MISSING,2
2024,2,BUICK,BUICK RIVIERA,2
2024,2,CHEVROLET GMC,CHEVROLET GMC IMPALA,2
2024,2,CITROEN,CITROEN 2CV,2
2024,2,DAIHATSU,DAIHATSU HI-JET,2
2024,2,DAIHATSU,DAIHATSU MODEL MISSING,2
2024,2,DAIHATSU,DAIHATSU MOVE,2
2024,2,DS,DS DS9,2
2024,2,FIAT,FIAT UNO,2
2024,2,FORD,FORD CONSUL,2
2024,2,HONDA,HONDA LEGEND,2
2024,2,HYMER,HYMER B CLASS,2
2024,2,LANCIA,LANCIA DELTA,2
2024,2,LEXUS,LEXUS IS 250,2
2024,2,LEXUS,LEXUS NX 200,2
2024,2,LEYLAND CARS,LEYLAND CARS MODEL MISSING,2
2024,2,LONSDALE,LONSDALE MODEL MISSING,2
2024,2,LOTUS,LOTUS ELAN,2
2024,2,LOTUS,LOTUS EUROPA,2
2024,2,LOTUS,LOTUS EXIGE,2
2024,2,MASERATI,MASERATI MODEL MISSING,2
2024,2,MERCEDES,MERCEDES 190,2
2024,2,MERCEDES,MERCEDES ML CLASS,2
2024,2,MERCEDES,MERCEDES SLK CLASS,2
2024,2,MERCEDES-BENZ,MERCEDES-BENZ AMG A 45 S 4MATIC+ LEGACY ED A,2
2024,2,MG,MG MGA,2
2024,2,MG,MG MGB,2
2024,2,MORRIS,MORRIS COWLEY,2
2024,2,MORRIS,MORRIS MINI,2
2024,2,OLDSMOBILE,OLDSMOBILE MODEL MISSING,2
2024,2,OPEL,OPEL ASCONA,2
2024,2,OPEL,OPEL CORSA,2
2024,2,PEUGEOT,PEUGEOT 108,2
2024,2,PEUGEOT,PEUGEOT 205,2
2024,2,PEUGEOT,PEUGEOT 207,2
2024,2,RENAULT,RENAULT 4,2
2024,2,RENAULT,RENAULT 5,2
2024,2,SAAB,SAAB 96,2
2024,2,SEAT,SEAT MODEL MISSING,2
2024,2,SIMCA,SIMCA 1000,2
2024,2,SINGER,SINGER MODEL MISSING,2
2024,2,SMART,SMART MODEL MISSING,2
2024,2,SUZUKI,SUZUKI ALTO,2
2024,2,SUZUKI,SUZUKI CELERIO,2
2024,2,TOYOTA,TOYOTA GT86,2
2024,2,TOYOTA,TOYOTA IPSUM,2
2024,2,TOYOTA,TOYOTA STARLET,2
2024,2,TRIUMPH,TRIUMPH GT6,2
2024,2,TRIUMPH,TRIUMPH TR4,2
2024,2,VOLVO,VOLVO C30,2
2024,2,WOLSELEY,WOLSELEY MODEL MISSING,2
2024,2,MERCEDES,MERCEDES ECITAN,1
2024,2,ORA,ORA 07 GT 4X4,1
2024,2,ORA,ORA 07 PRO,1
2024,2,ORA,ORA 07 PURE,1
2024,2,ORA,ORA FUNKY CAT,1
2024,2,RENAULT,RENAULT FLUENCE,1
2024,2,RENAULT,RENAULT TWIZY,1
2024,2,SKYWELL,SKYWELL MODEL MISSING,1
2024,2,SMART,SMART 3 25TH ANNIVERSARY,1
2024,2,SMART,SMART FORFOUR,1
2024,2,ALFA ROMEO,ALFA ROMEO GIULIETTA,1
2024,2,CITROEN,CITROEN C6,1
2024,2,CITROEN,CITROEN CX,1
2024,2,DATSUN,DATSUN CEDRIC,1
2024,2,DS,DS MODEL MISSING,1
2024,2,FIAT,FIAT SCUDO,1
2024,2,FORD,FORD FREEDOM,1
2024,2,FORD,FORD RANGER,1
2024,2,KIA,KIA OPTIMA,1
2024,2,KIA,KIA RIO,1
2024,2,MAHINDRA,MAHINDRA MODEL MISSING,1
2024,2,MERCEDES,MERCEDES GL CLASS,1
2024,2,MITSUBISHI,MITSUBISHI SHOGUN,1
2024,2,NISSAN,NISSAN URVAN,1
2024,2,ORA,ORA MODEL MISSING,1
2024,2,PEUGEOT,PEUGEOT BIPPER,1
2024,2,PEUGEOT,PEUGEOT ELDDIS,1
2024,2,PEUGEOT,PEUGEOT EXPERT,1
2024,2,ROVER,ROVER RANGE ROVER,1
2024,2,VAUXHALL,VAUXHALL BELMONT,1
2024,2,VAUXHALL,VAUXHALL INSIGNIA,1
2024,2,VAUXHALL,VAUXHALL ZAFIRA,1
2024,2,VOLKSWAGEN,VOLKSWAGEN GRAND CALIFORNIA,1
2024,2,ALFA ROMEO,ALFA ROMEO 147,1
2024,2,VOLVO,VOLVO 240,1
2024,2,FORD,FORD CHAUSSON,1
2024,2,HONDA,HONDA GL1100D,1
2024,2,HYUNDAI,HYUNDAI ACCENT,1
2024,2,LEXUS,LEXUS GS 300,1
2024,2,LEXUS,LEXUS LS 500,1
2024,2,LEXUS,LEXUS RX 400,1
2024,2,TOYOTA,TOYOTA AVENSIS,1
2024,2,TOYOTA,TOYOTA CAVALIER,1
2024,2,TOYOTA,TOYOTA HARRIER,1
2024,2,AC,AC MODEL MISSING,1
2024,2,ACURA,ACURA MDX,1
2024,2,ALFA ROMEO,ALFA ROMEO 164,1
2024,2,ALFA ROMEO,ALFA ROMEO 1750,1
2024,2,ALFA ROMEO,ALFA ROMEO ALFETTA,1
2024,2,ALFA ROMEO,ALFA ROMEO BRERA,1
2024,2,ALFA ROMEO,ALFA ROMEO MONTREAL,1
2024,2,ALFA ROMEO,ALFA ROMEO SPRINT,1
2024,2,ASTON MARTIN,ASTON MARTIN DB5,1
2024,2,ASTON MARTIN,ASTON MARTIN DB7,1
2024,2,ASTON MARTIN,ASTON MARTIN DBS,1
2024,2,AUDI,AUDI 100,1
2024,2,AUDI,AUDI 80,1
2024,2,AUDI,AUDI CABRIOLET,1
2024,2,AUDI,AUDI QUATTRO,1
2024,2,AUDI,AUDI S1,1
2024,2,AUDI,AUDI TTRS,1
2024,2,AUSTIN,AUSTIN HEALEY,1
2024,2,AUSTIN,AUSTIN SEVEN,1
2024,2,BARONI,BARONI MODEL MISSING,1
2024,2,BIMOTA,BIMOTA MODEL MISSING,1
2024,2,BMW,BMW 3.0 S,1
2024,2,BMW,BMW Z8,1
2024,2,BUGATTI,BUGATTI MODEL MISSING,1
2024,2,CADILLAC,CADILLAC CTS,1
2024,2,CHEVROLET,CHEVROLET CAMARO,1
2024,2,CHRYSLER,CHRYSLER 180,1
2024,2,CHRYSLER,CHRYSLER CROSSFIRE,1
2024,2,CITROEN,CITROEN D SUPER,1
2024,2,CITROEN,CITROEN DS21,1
2024,2,CITROEN,CITROEN DS3,1
2024,2,CITROEN,CITROEN ID,1
2024,2,CITROEN,CITROEN VISA,1
2024,2,CZ,CZ MODEL MISSING,1
2024,2,DAIHATSU,DAIHATSU COPEN,1
2024,2,DAIHATSU,DAIHATSU MIRA,1
2024,2,DAIHATSU,DAIHATSU TERIOS,1
2024,2,DATSUN,DATSUN 100,1
2024,2,DATSUN,DATSUN 120,1
2024,2,DATSUN,DATSUN 280,1
2024,2,DATSUN,DATSUN 510,1
2024,2,DATSUN,DATSUN MODEL MISSING,1
2024,2,DATSUN,DATSUN SKYLINE,1
2024,2,FERRARI,FERRARI 360,1
2024,2,FERRARI,FERRARI 599,1
2024,2,FERRARI,FERRARI F430,1
2024,2,FERRARI,FERRARI PORTOFINO,1
2024,2,FIAT,FIAT 125,1
2024,2,FIAT,FIAT 127,1
2024,2,FIAT,FIAT 1500,1
2024,2,FIAT,FIAT 850,1
2024,2,FIAT,FIAT COUPE,1
2024,2,FORD,FORD CAPRI,1
2024,2,FORD,FORD CORSAIR,1
2024,2,FORD,FORD CROWN VICTORIA,1
2024,2,FORD,FORD ECOSPORT,1
2024,2,FORD,FORD F150,1
2024,2,FORD,FORD KA,1
2024,2,FORD,FORD ZEPHYR,1
2024,2,FORD,FORD ZODIAC,1
2024,2,HOLDEN,HOLDEN MODEL MISSING,1
2024,2,HONDA,HONDA CRX,1
2024,2,HONDA,HONDA NSX,1
2024,2,HOUSEHAM,HOUSEHAM MODEL MISSING,1
2024,2,HUMBER,HUMBER HAWK,1
2024,2,HUMMER,HUMMER H2,1
2024,2,HUMMER,HUMMER MODEL MISSING,1
2024,2,HYUNDAI,HYUNDAI GETZ,1
2024,2,JAGUAR,JAGUAR 420,1
2024,2,JENSEN,JENSEN MODEL MISSING,1
2024,2,LADA,LADA MODEL MISSING,1
2024,2,LAMBORGHINI,LAMBORGHINI DIABLO,1
2024,2,LAMBORGHINI,LAMBORGHINI GALLARDO,1
2024,2,LAMBORGHINI,LAMBORGHINI MURCIELAGO,1
2024,2,LEXUS,LEXUS GS 460,1
2024,2,LEXUS,LEXUS IS 200,1
2024,2,LEXUS,LEXUS IS F,1
2024,2,LINCOLN,LINCOLN TOWN CAR,1
2024,2,MARCOS,MARCOS MODEL MISSING,1
2024,2,MASERATI,MASERATI BITURBO,1
2024,2,MASERATI,MASERATI MERAK,1
2024,2,MASERATI,MASERATI QUATTROPORTE,1
2024,2,MAZDA,MAZDA 323,1
2024,2,MAZDA,MAZDA 5,1
2024,2,MERCEDES,MERCEDES 400,1
2024,2,MERCEDES,MERCEDES 600,1
2024,2,MERCEDES,MERCEDES CL CLASS,1
2024,2,MERCEDES,MERCEDES CLK CLASS,1
2024,2,MERCEDES,MERCEDES CLS CLASS,1
2024,2,MERCEDES,MERCEDES R CLASS,1
2024,2,MERCEDES,MERCEDES SLS CLASS,1
2024,2,MG,MG ROADSTER,1
2024,2,MGB,MGB MODEL MISSING,1
2024,2,MITSUBISHI,MITSUBISHI DELICA,1
2024,2,MITSUBISHI,MITSUBISHI ECLIPSE,1
2024,2,MITSUBISHI,MITSUBISHI PAJERO,1
2024,2,MORGAN,MORGAN PLUS 8,1
2024,2,NISSAN,NISSAN 350,1
2024,2,NISSAN,NISSAN NV200,1
2024,2,NISSAN,NISSAN STAGEA,1
2024,2,OPEL,OPEL GT,1
2024,2,OPEL,OPEL KADETT,1
2024,2,PERODUA,PERODUA MYVI,1
2024,2,PEUGEOT,PEUGEOT 107,1
2024,2,PEUGEOT,PEUGEOT 206,1
2024,2,PORSCHE,PORSCHE 928,1
2024,2,PORSCHE,PORSCHE CAYMAN,1
2024,2,R-VISION,R-VISION MODEL MISSING,1
2024,2,RENAULT,RENAULT 14,1
2024,2,RENAULT,RENAULT 16,1
2024,2,RENAULT,RENAULT TWINGO,1
2024,2,ROLLS ROYCE,ROLLS ROYCE CORNICHE,1
2024,2,ROLLS ROYCE,ROLLS ROYCE SILVER SHADOW,1
2024,2,SAAB,SAAB 9-5,1
2024,2,SAVIEM,SAVIEM MODEL MISSING,1
2024,2,SKODA,SKODA ROOMSTER,1
2024,2,SUBARU,SUBARU WRX,1
2024,2,SUNBEAM,SUNBEAM ALPINE,1
2024,2,TALBOT,TALBOT MODEL MISSING,1
2024,2,TALBOT,TALBOT SUNBEAM,1
2024,2,TOYOTA,TOYOTA 2000,1
2024,2,TOYOTA,TOYOTA 4-RUNNER,1
2024,2,TOYOTA,TOYOTA CENTURY,1
2024,2,TOYOTA,TOYOTA CORONA,1
2024,2,TOYOTA,TOYOTA HILUX,1
2024,2,TOYOTA,TOYOTA MARK II,1
2024,2,TOYOTA,TOYOTA VISTA,1
2024,2,TRIUMPH,TRIUMPH 1300,1
2024,2,TRIUMPH,TRIUMPH TR7,1
2024,2,UNI CARRIERS,UNI CARRIERS MODEL MISSING,1
2024,2,VAUXHALL,VAUXHALL VICTOR,1
2024,2,VAUXHALL,VAUXHALL VIVA,1
2024,2,VESPA (DOUGLAS),VESPA (DOUGLAS) MODEL MISSING,1
2024,2,VOLKSWAGEN,VOLKSWAGEN 1500,1
2024,2,VOLKSWAGEN,VOLKSWAGEN FOX,1
2024,2,VOLKSWAGEN,VOLKSWAGEN VARIANT,1
2024,2,VOLTA TRUCKS,VOLTA TRUCKS MODEL MISSING,1
2024,2,VOLVO,VOLVO 122,1
2024,2,VOLVO,VOLVO 264,1
2024,2,VOLVO,VOLVO 850,1
2024,2,VOLVO,VOLVO P1800,1
2024,2,WESTFIELD,WESTFIELD MODEL MISSING,1
2024,2,ZHENHUA,ZHENHUA MODEL MISSING,1
2024,2,MITSUBISHI,MITSUBISHI OUTLANDER,1
2024,3,KIA,KIA SPORTAGE,13453
2024,3,FORD,FORD PUMA,12561
2024,3,TOYOTA,TOYOTA YARIS,10971
2024,3,NISSAN,NISSAN QASHQAI,10042
2024,3,NISSAN,NISSAN JUKE,9303
2024,3,HYUNDAI,HYUNDAI TUCSON,9181
2024,3,VOLKSWAGEN,VOLKSWAGEN POLO,9088
2024,3,VOLKSWAGEN,VOLKSWAGEN GOLF,9026
2024,3,VOLKSWAGEN,VOLKSWAGEN TIGUAN,8570
2024,3,TESLA,TESLA MODEL Y,8505
2024,3,VOLVO,VOLVO XC40,8092
2024,3,FORD,FORD KUGA,7181
2024,3,MG,MG HS,6378
2024,3,KIA,KIA NIRO,6230
2024,3,HYUNDAI,HYUNDAI KONA,5681
2024,3,VOLKSWAGEN,VOLKSWAGEN T-ROC,5654
2024,3,MERCEDES,MERCEDES A CLASS,5630
2024,3,VAUXHALL,VAUXHALL CORSA,5582
2024,3,PEUGEOT,PEUGEOT 3008,5464
2024,3,AUDI,AUDI A3,5338
2024,3,TOYOTA,TOYOTA C-HR,5123
2024,3,AUDI,AUDI A1,4906
2024,3,FORD,FORD FOCUS,4723
2024,3,TESLA,TESLA MODEL 3,4615
2024,3,BMW,BMW 2 SERIES,4497
2024,3,VAUXHALL,VAUXHALL MOKKA,4493
2024,3,PEUGEOT,PEUGEOT 2008,4487
2024,3,TOYOTA,TOYOTA AYGO,4470
2024,3,MINI,MINI COOPER,4419
2024,3,RENAULT,RENAULT CLIO,4395
2024,3,AUDI,AUDI Q3,4369
2024,3,HYUNDAI,HYUNDAI I10,4345
2024,3,MERCEDES,MERCEDES CLA CLASS,4188
2024,3,VAUXHALL,VAUXHALL GRANDLAND,4168
2024,3,CUPRA,CUPRA FORMENTOR,4163
2024,3,AUDI,AUDI Q4,4130
2024,3,CITROEN,CITROEN C3,4080
2024,3,LAND ROVER,LAND ROVER RANGE ROVER EVOQUE,4022
2024,3,AUDI,AUDI Q5,3873
2024,3,MERCEDES,MERCEDES EQA CLASS,3822
2024,3,MG,MG 4,3804
2024,3,SKODA,SKODA KAROQ,3787
2024,3,BMW,BMW 3 SERIES,3785
2024,3,MG,MG ZS,3649
2024,3,VOLVO,VOLVO XC60,3513
2024,3,BMW,BMW I4,3503
2024,3,SEAT,SEAT IBIZA,3470
2024,3,KIA,KIA PICANTO,3451
2024,3,TOYOTA,TOYOTA COROLLA,3322
2024,3,MG,MG 3,3311
2024,3,SKODA,SKODA FABIA,3282
2024,3,SKODA,SKODA ENYAQ,3244
2024,3,FIAT,FIAT 500,3167
2024,3,VOLVO,VOLVO EX30,3151
2024,3,LAND ROVER,LAND ROVER DEFENDER,3127
2024,3,SUZUKI,SUZUKI SWIFT,3098
2024,3,VOLKSWAGEN,VOLKSWAGEN ID4,3065
2024,3,LAND ROVER,LAND ROVER RANGE ROVER SPORT,3064
2024,3,SEAT,SEAT ATECA,2939
2024,3,SKODA,SKODA KAMIQ,2858
2024,3,MINI,MINI COUNTRYMAN,2857
2024,3,NISSAN,NISSAN X-TRAIL,2849
2024,3,SEAT,SEAT ARONA,2834
2024,3,SKODA,SKODA OCTAVIA,2798
2024,3,POLESTAR,POLESTAR 2,2724
2024,3,MERCEDES,MERCEDES GLC CLASS,2717
2024,3,RENAULT,RENAULT CAPTUR,2716
2024,3,VOLVO,VOLVO XC90,2686
2024,3,PEUGEOT,PEUGEOT 208,2680
2024,3,DACIA,DACIA SANDERO,2667
2024,3,CUPRA,CUPRA BORN,2639
2024,3,MAZDA,MAZDA 2,2631
2024,3,SKODA,SKODA KODIAQ,2551
2024,3,BMW,BMW 1 SERIES,2525
2024,3,BMW,BMW IX,2490
2024,3,LAND ROVER,LAND ROVER DISCOVERY,2418
2024,3,AUDI,AUDI Q2,2393
2024,3,AUDI,AUDI A4,2336
2024,3,LAND ROVER,LAND ROVER RANGE ROVER,2326
2024,3,VOLKSWAGEN,VOLKSWAGEN TAIGO,2324
2024,3,MAZDA,MAZDA CX-5,2304
2024,3,TOYOTA,TOYOTA RAV4,2300
2024,3,VOLKSWAGEN,VOLKSWAGEN ID3,2236
2024,3,HONDA,HONDA E,2222
2024,3,VAUXHALL,VAUXHALL ASTRA,2209
2024,3,MERCEDES,MERCEDES GLA CLASS,2206
2024,3,DACIA,DACIA DUSTER,2153
2024,3,NISSAN,NISSAN LEAF,2136
2024,3,HONDA,HONDA JAZZ,2106
2024,3,TOYOTA,TOYOTA PRIUS,2095
2024,3,HYUNDAI,HYUNDAI I20,2052
2024,3,DACIA,DACIA JOGGER,2016
2024,3,RENAULT,RENAULT AUSTRAL,2002
2024,3,JEEP,JEEP AVENGER,1963
2024,3,HONDA,HONDA CR-V,1879
2024,3,KIA,KIA CEED,1855
2024,3,TOYOTA,TOYOTA BZ4X,1827
2024,3,LEXUS,LEXUS LBX,1826
2024,3,MERCEDES,MERCEDES EQB CLASS,1802
2024,3,KIA,KIA STONIC,1793
2024,3,BMW,BMW X3,1751
2024,3,HONDA,HONDA HR-V,1750
2024,3,FORD,FORD EXPLORER PREMIUM EV,1741
2024,3,VOLKSWAGEN,VOLKSWAGEN T-CROSS,1723
2024,3,BMW,BMW X1,1699
2024,3,MAZDA,MAZDA CX-30,1693
2024,3,MERCEDES,MERCEDES AMG CLASS,1660
2024,3,SUZUKI,SUZUKI SX4,1575
2024,3,KIA,KIA EV6,1552
2024,3,KIA,KIA XCEED,1537
2024,3,FORD,FORD TOURNEO,1499
2024,3,CUPRA,CUPRA LEON,1498
2024,3,NISSAN,NISSAN ARIYA,1484
2024,3,HYUNDAI,HYUNDAI IONIQ,1466
2024,3,MERCEDES,MERCEDES C CLASS,1448
2024,3,SKODA,SKODA SUPERB,1341
2024,3,JAGUAR,JAGUAR F-PACE,1306
2024,3,RENAULT,RENAULT ARKANA,1239
2024,3,AUDI,AUDI A5,1211
2024,3,MERCEDES,MERCEDES GLB CLASS,1208
2024,3,RENAULT,RENAULT SCENIC,1206
2024,3,LAND ROVER,LAND ROVER RANGE ROVER VELAR,1189
2024,3,AUDI,AUDI A6,1175
2024,3,RENAULT,RENAULT MEGANE,1162
2024,3,FORD,FORD MUSTANG MACH-E,1084
2024,3,VOLKSWAGEN,VOLKSWAGEN ID7 MATCH PRO,1071
2024,3,VAUXHALL,VAUXHALL CROSSLAND,1065
2024,3,BYD,BYD ATTO 3,1060
2024,3,PORSCHE,PORSCHE CAYENNE,1039
2024,3,AUDI,AUDI Q8,1014
2024,3,BMW,BMW X5,912
2024,3,SUZUKI,SUZUKI S-CROSS,908
2024,3,HONDA,HONDA CIVIC,900
2024,3,TOYOTA,TOYOTA MODEL MISSING,898
2024,3,PEUGEOT,PEUGEOT 308,893
2024,3,HYUNDAI,HYUNDAI BAYON PREMIUM,887
2024,3,CITROEN,CITROEN C5,884
2024,3,SKODA,SKODA SCALA,881
2024,3,BMW,BMW M2,877
2024,3,PORSCHE,PORSCHE MACAN,874
2024,3,PEUGEOT,PEUGEOT RIFTER,872
2024,3,BMW,BMW M3,872
2024,3,RENAULT,RENAULT TRAFIC,861
2024,3,BMW,BMW 4 SERIES,860
2024,3,MINI,MINI MINI COOPER SE,852
2024,3,MERCEDES,MERCEDES GLE CLASS,806
2024,3,VOLVO,VOLVO C40,794
2024,3,CITROEN,CITROEN C4,792
2024,3,KIA,KIA EV9,787
2024,3,SUZUKI,SUZUKI VITARA,783
2024,3,PEUGEOT,PEUGEOT 408,782
2024,3,POLESTAR,POLESTAR POLESTAR 4,763
2024,3,OMODA,OMODA 5 NOBLE AUTO,759
2024,3,MERCEDES,MERCEDES E CLASS,751
2024,3,CITROEN,CITROEN E-C4,750
2024,3,BMW,BMW IX3,730
2024,3,VOLKSWAGEN,VOLKSWAGEN ID BUZZ,725
2024,3,HONDA,HONDA ZR-V SPORT,725
2024,3,KIA,KIA PROCEED,703
2024,3,CUPRA,CUPRA ATECA,693
2024,3,JAGUAR,JAGUAR E-PACE,687
2024,3,PORSCHE,PORSCHE TAYCAN,680
2024,3,LEXUS,LEXUS UX 300,679
2024,3,PORSCHE,PORSCHE 911,673
2024,3,MAZDA,MAZDA MX-30,654
2024,3,BYD,BYD SEAL DESIGN EV,630
2024,3,HYUNDAI,HYUNDAI SANTA FE,629
2024,3,JAGUAR,JAGUAR FP RD,620
2024,3,HYUNDAI,HYUNDAI MODEL MISSING,610
2024,3,MAZDA,MAZDA 3,606
2024,3,LEXUS,LEXUS NX 450,604
2024,3,AUDI,AUDI Q7,603
2024,3,KIA,KIA SORENTO,593
2024,3,SEAT,SEAT LEON,587
2024,3,PEUGEOT,PEUGEOT 5008,582
2024,3,MG,MG 5,544
2024,3,RENAULT,RENAULT SYMBIOZ,534
2024,3,VAUXHALL,VAUXHALL COMBO,525
2024,3,MAZDA,MAZDA CX-60,503
2024,3,AUDI,AUDI S3,497
2024,3,VOLKSWAGEN,VOLKSWAGEN TOUAREG,490
2024,3,SUZUKI,SUZUKI IGNIS,485
2024,3,BMW,BMW 5 SERIES,465
2024,3,LEXUS,LEXUS RZ 450,463
2024,3,JAGUAR,JAGUAR I-PACE,452
2024,3,NISSAN,NISSAN MODEL MISSING,421
2024,3,TOYOTA,TOYOTA ESTIMA,421
2024,3,VOLKSWAGEN,VOLKSWAGEN MULTIVAN,415
2024,3,VOLKSWAGEN,VOLKSWAGEN ID5,412
2024,3,HYUNDAI,HYUNDAI BAYON ULTIMATE,383
2024,3,PORSCHE,PORSCHE 718,376
2024,3,BYD,BYD DOLPHIN COMFORT EV,371
2024,3,VOLKSWAGEN,VOLKSWAGEN PASSAT,369
2024,3,LEXUS,LEXUS RX 450,364
2024,3,LOTUS,LOTUS ELETRE,359
2024,3,HONDA,HONDA MODEL MISSING,356
2024,3,BMW,BMW M1,349
2024,3,LEXUS,LEXUS NX 350,344
2024,3,CITROEN,CITROEN SPACETOURER,341
2024,3,VOLVO,VOLVO EX40,338
2024,3,CITROEN,CITROEN E-BERLINGO,337
2024,3,BMW,BMW M4,332
2024,3,VOLKSWAGEN,VOLKSWAGEN TOURAN,327
2024,3,BMW,BMW X2,323
2024,3,MAZDA,MAZDA MX-5,310
2024,3,HYUNDAI,HYUNDAI BAYON ADVANCE,308
2024,3,BMW,BMW I5,298
2024,3,MINI,MINI MINI COOPER CLASSIC ELECTRIC,293
2024,3,MINI,MINI JOHN COOPER WORKS,293
2024,3,AUDI,AUDI MODEL MISSING,291
2024,3,VOLKSWAGEN,VOLKSWAGEN MODEL MISSING,281
2024,3,BMW,BMW Z4,281
2024,3,BMW,BMW X4,279
2024,3,VOLKSWAGEN,VOLKSWAGEN CADDY,278
2024,3,FIAT,FIAT 600,275
2024,3,BYD,BYD DOLPHIN DESIGN EV,274
2024,3,HYUNDAI,HYUNDAI I20 N,257
2024,3,VOLKSWAGEN,VOLKSWAGEN ARTEON,256
2024,3,MERCEDES,MERCEDES EQE CLASS,247
2024,3,ABARTH,ABARTH 695,244
2024,3,SMART,SMART 1 PRO,235
2024,3,SUBARU,SUBARU OUTBACK,231
2024,3,PEUGEOT,PEUGEOT E-5008 ALLURE,225
2024,3,KGM,KGM TIVOLI,224
2024,3,ALFA ROMEO,ALFA ROMEO TONALE,223
2024,3,MERCEDES-BENZ,MERCEDES-BENZ EQE 350+,222
2024,3,VOLKSWAGEN,VOLKSWAGEN UP,220
2024,3,AUDI,AUDI SQ5,207
2024,3,AUDI,AUDI Q6 E-TRON,200
2024,3,JAGUAR,JAGUAR XF SERIES,199
2024,3,SUBARU,SUBARU FORESTER,194
2024,3,OMODA,OMODA E5 COMFORT,191
2024,3,MERCEDES,MERCEDES MODEL MISSING,190
2024,3,SUZUKI,SUZUKI SWACE,188
2024,3,NISSAN,NISSAN ELGRAND,184
2024,3,AUDI,AUDI E-TRON,183
2024,3,JEEP,JEEP COMPASS,182
2024,3,SMART,SMART 1 BRABUS,181
2024,3,OMODA,OMODA 5 COMFORT AUTO,176
2024,3,GENESIS,GENESIS GV70,173
2024,3,MERCEDES,MERCEDES EQS CLASS,172
2024,3,BMW,BMW MODEL MISSING,171
2024,3,MERCEDES,MERCEDES B CLASS,171
2024,3,TOYOTA,TOYOTA NOAH,169
2024,3,FIAT,FIAT 600E,167
2024,3,CITROEN,CITROEN BERLINGO,163
2024,3,MERCEDES-BENZ,MERCEDES-BENZ V 300,162
2024,3,HYUNDAI,HYUNDAI TUCSON ADVANCE PHEV AUTO,162
2024,3,BENTLEY,BENTLEY MODEL MISSING,161
2024,3,PORSCHE,PORSCHE PANAMERA,161
2024,3,LAND ROVER,LAND ROVER MODEL MISSING,153
2024,3,BMW,BMW M SERIES,152
2024,3,OTHER BRITISH,OTHER BRITISH MODEL MISSING,151
2024,3,ABARTH,ABARTH 500,149
2024,3,AUDI,AUDI RS6,149
2024,3,HONDA,HONDA FIT,149
2024,3,DS,DS DS4,148
2024,3,TOYOTA,TOYOTA VELLFIRE,145
2024,3,VAUXHALL,VAUXHALL VIVARO,144
2024,3,SUZUKI,SUZUKI ACROSS,143
2024,3,TOYOTA,TOYOTA ALPHARD,142
2024,3,VOLKSWAGEN,VOLKSWAGEN TRANSPORTER,141
2024,3,LOTUS,LOTUS EMIRA,141
2024,3,JEEP,JEEP WRANGLER,137
2024,3,DS,DS DS7,133
2024,3,RENAULT,RENAULT RAFALE,133
2024,3,MERCEDES-BENZ,MERCEDES-BENZ V 220,131
2024,3,MERCEDES,MERCEDES CLE 300 AMG,131
2024,3,ORA,ORA 03 PURE +,126
2024,3,SUBARU,SUBARU C-TREK TORING EBXR SYM AWD CVT,124
2024,3,PEUGEOT,PEUGEOT TRAVELLER,123
2024,3,SMART,SMART 1 PREMIUM,122
2024,3,VOLVO,VOLVO V90,122
2024,3,HYUNDAI,HYUNDAI IONIQ 5,121
2024,3,VOLVO,VOLVO MODEL MISSING,121
2024,3,AUDI,AUDI SQ7,121
2024,3,HYUNDAI,HYUNDAI BAYON,119
2024,3,MERCEDES,MERCEDES CLE 200 AMG,119
2024,3,DS,DS DS3,117
2024,3,AUDI,AUDI RS4,117
2024,3,HONDA,HONDA STEPWAGON,110
2024,3,BMW,BMW X7,109
2024,3,GENESIS,GENESIS GV60,108
2024,3,MERCEDES,MERCEDES VITO,108
2024,3,MERCEDES,MERCEDES S CLASS,108
2024,3,FORD,FORD TRANSIT CUSTOM,106
2024,3,KGM,KGM TORRES,104
2024,3,BENTLEY,BENTLEY BENTAYGA,104
2024,3,JAGUAR,JAGUAR XE SERIES,103
2024,3,JAGUAR,JAGUAR F-TYPE,103
2024,3,LAMBORGHINI,LAMBORGHINI URUS,100
2024,3,FORD,FORD MODEL MISSING,99
2024,3,MINI,MINI MINI COOPER EXCLUSIVE ELECTRIC,94
2024,3,MINI,MINI MINI COOPER SPORT ELECTRIC,94
2024,3,LEXUS,LEXUS ES 300,93
2024,3,AUDI,AUDI A7,92
2024,3,POLESTAR,POLESTAR POLESTAR 3,82
2024,3,CITROEN,CITROEN MODEL MISSING,82
2024,3,MERCEDES-BENZ,MERCEDES-BENZ AMG G 63,81
2024,3,MG,MG CYBERSTER,80
2024,3,SEAT,SEAT TARRACO,79
2024,3,ASTON MARTIN,ASTON MARTIN DBX,79
2024,3,FIAT,FIAT PANDA,79
2024,3,MASERATI,MASERATI GRECALE,78
2024,3,KGM,KGM REXTON,78
2024,3,SUZUKI,SUZUKI MODEL MISSING,78
2024,3,NISSAN,NISSAN MICRA,78
2024,3,LEXUS,LEXUS RX 500,77
2024,3,ALPINE,ALPINE A110,76
2024,3,MERCEDES-BENZ,MERCEDES-BENZ CLE 300,75
2024,3,RENAULT TRUCKS,RENAULT TRUCKS TRAFIC,74
2024,3,ALFA ROMEO,ALFA ROMEO GIULIA,74
2024,3,KIA,KIA MODEL MISSING,73
2024,3,FERRARI,FERRARI 296,73
2024,3,INEOS,INEOS GRENADIER,72
2024,3,BMW,BMW 7 SERIES,71
2024,3,TOYOTA,TOYOTA VITZ,71
2024,3,KIA,KIA SOUL,70
2024,3,BMW,BMW 8 SERIES,70
2024,3,MERCEDES,MERCEDES V CLASS,69
2024,3,MERCEDES-BENZ,MERCEDES-BENZ EQE 350,68
2024,3,TOYOTA,TOYOTA AQUA,67
2024,3,MERCEDES,MERCEDES GLS CLASS,66
2024,3,SUBARU,SUBARU MODEL MISSING,66
2024,3,ASTON MARTIN,ASTON MARTIN DB1,66
2024,3,AUDI,AUDI S4,65
2024,3,MERCEDES-BENZ,MERCEDES-BENZ G 500 AMG LINE PREM + MHEV A,64
2024,3,TOYOTA,TOYOTA LANDCRUISER,63
2024,3,JEEP,JEEP RENEGADE,63
2024,3,TOYOTA,TOYOTA PROACE,62
2024,3,LEXUS,LEXUS RX 350,62
2024,3,AUDI,AUDI SQ2,62
2024,3,MITSUBISHI,MITSUBISHI MODEL MISSING,60
2024,3,PEUGEOT,PEUGEOT BOXER,60
2024,3,FERRARI,FERRARI ROMA,60
2024,3,PEUGEOT,PEUGEOT 508,58
2024,3,ASTON MARTIN,ASTON MARTIN VANTAGE,58
2024,3,ALFA ROMEO,ALFA ROMEO STELVIO,55
2024,3,FORD,FORD MUSTANG,55
2024,3,AUDI,AUDI RS3,54
2024,3,VOLVO,VOLVO EC40,53
2024,3,FERRARI,FERRARI PUROSANGUE,53
2024,3,HYUNDAI,HYUNDAI I30,52
2024,3,AUDI,AUDI SQ8,51
2024,3,BMW,BMW XM,51
2024,3,LEXUS,LEXUS RZ 300E,50
2024,3,POLESTAR,POLESTAR POLESTAR3 PILOT+ PRFMNC EV AWD,50
2024,3,VOLKSWAGEN,VOLKSWAGEN CRAFTER,50
2024,3,MERCEDES-BENZ,MERCEDES-BENZ CLA 180 SPORT EDITION MHEV A,50
2024,3,ROLLS ROYCE,ROLLS ROYCE,49
2024,3,ABARTH,ABARTH 595,49
2024,3,JAGUAR,JAGUAR MODEL MISSING,48
2024,3,SUBARU,SUBARU SOLTERRA,48
2024,3,MERCEDES,MERCEDES SPRINTER,48
2024,3,SKODA,SKODA MODEL MISSING,48
2024,3,LAMBORGHINI,LAMBORGHINI HURACAN,48
2024,3,ORA,ORA 03 PRO +,47
2024,3,MERCEDES,MERCEDES CLE 300 PREMIER ED MHEV 4M A,47
2024,3,SMART,SMART 3 PREMIUM,46
2024,3,CITROEN,CITROEN ALLIED LUNAR,44
2024,3,VOLVO,VOLVO V60,44
2024,3,SUBARU,SUBARU IMPREZA,44
2024,3,AUDI,AUDI RS5,44
2024,3,KGM,KGM KORANDO,42
2024,3,JEEP,JEEP MODEL MISSING,41
2024,3,CATERHAM,CATERHAM MODEL MISSING,40
2024,3,VOLKSWAGEN,VOLKSWAGEN BEETLE,39
2024,3,VOLVO,VOLVO V70,38
2024,3,MERCEDES,MERCEDES CLE 220 AMG,37
2024,3,SMART,SMART 3 PRO,36
2024,3,MERCEDES-BENZ,MERCEDES-BENZ MODEL MISSING,36
2024,3,AUDI,AUDI S6,35
2024,3,MERCEDES-BENZ,MERCEDES-BENZ EQE 500,34
2024,3,MAZDA,MAZDA MODEL MISSING,34
2024,3,LEXUS,LEXUS MODEL MISSING,34
2024,3,ROLLS ROYCE,ROLLS ROYCE CULLINAN,34
2024,3,SMART,SMART 3 BRABUS,32
2024,3,FORD,FORD ESCORT,32
2024,3,FORD,FORD TRANSIT,31
2024,3,BMW,BMW X6,30
2024,3,INEOS,INEOS GRENADIER FIELDMASTER ED D A,30
2024,3,HONDA,HONDA ODYSSEY,30
2024,3,BENTLEY,BENTLEY CONTINENTAL,30
2024,3,LAMBORGHINI,LAMBORGHINI REVUELTO V12 PHEV S-A,30
2024,3,ASTON MARTIN,ASTON MARTIN MODEL MISSING,29
2024,3,PEUGEOT,PEUGEOT ALLIED,28
2024,3,MAN,MAN TGE,28
2024,3,PEUGEOT,PEUGEOT MODEL MISSING,28
2024,3,AUDI,AUDI S E-TRON GT LAUNCH ED QUATTRO,27
2024,3,AUDI,AUDI SQ6 E-TRON,27
2024,3,MERCEDES-BENZ,MERCEDES-BENZ G 450 AMG LINE PREM + D MHEV A,27
2024,3,DODGE,DODGE MODEL MISSING,27
2024,3,MERCEDES-BENZ,MERCEDES-BENZ AMG GLC,25
2024,3,ALFA ROMEO,ALFA ROMEO JUNIOR,24
2024,3,BYD,BYD DOLPHIN,24
2024,3,MERCEDES,MERCEDES CLE 200 PREMIER,24
2024,3,FORD,FORD FIESTA,24
2024,3,MCLAREN,MCLAREN 750S,24
2024,3,VOLKSWAGEN,VOLKSWAGEN ID7 GTX,23
2024,3,VOLVO,VOLVO V40,23
2024,3,CHEVROLET,CHEVROLET MODEL MISSING,22
2024,3,AUDI,AUDI A8,22
2024,3,FORD,FORD ALLIED,22
2024,3,FORD,FORD COLEMAN MILNE,21
2024,3,RENAULT,RENAULT MASTER,21
2024,3,RENAULT,RENAULT MODEL MISSING,21
2024,3,MG,MG MODEL MISSING,20
2024,3,JAGUAR,JAGUAR FPC RDC S 90ANY ED D MHEV AWDA,20
2024,3,JEEP,JEEP GRAND CHEROKEE,20
2024,3,VAUXHALL,VAUXHALL MOVANO,20
2024,3,NISSAN,NISSAN SERENA,20
2024,3,TOYOTA,TOYOTA HIGHLANDER,20
2024,3,AUDI,AUDI R8,20
2024,3,HONDA,HONDA ACCORD,19
2024,3,AUDI,AUDI RS Q8 LNCH ED TFSI MHEV QUAT A,19
2024,3,HYUNDAI,HYUNDAI PONY,18
2024,3,MINI,MINI MODEL MISSING,17
2024,3,BENTLEY,BENTLEY FLYING SPUR,17
2024,3,MORGAN,MORGAN PLUS 4,17
2024,3,NISSAN,NISSAN CUBE,17
2024,3,AUDI,AUDI S5,16
2024,3,BMW,BMW ALPINA,16
2024,3,MASERATI,MASERATI LEVANTE,16
2024,3,LEXUS,LEXUS LM 350H,15
2024,3,MCLAREN,MCLAREN ARTURA,15
2024,3,MERCEDES,MERCEDES EQV CLASS,14
2024,3,CITROEN,CITROEN ALLIED HORIZON,14
2024,3,FORD,FORD RANGER,14
2024,3,TOYOTA,TOYOTA SIENTA,14
2024,3,AUSTIN HEALEY,AUSTIN HEALEY MODEL MISSING,14
2024,3,NISSAN,NISSAN NOTE,14
2024,3,VOLVO,VOLVO S60,13
2024,3,BMW,BMW M8,13
2024,3,MERCEDES-BENZ,MERCEDES-BENZ AMG A 45 S 4MATIC+ LEGACY ED A,13
2024,3,PORSCHE,PORSCHE MODEL MISSING,13
2024,3,MERCEDES-BENZ,MERCEDES-BENZ GLE 400,13
2024,3,MASERATI,MASERATI GRANTURISMO,12
2024,3,MERCEDES,MERCEDES 200,12
2024,3,MERCEDES,MERCEDES CLE 220 PREMIER,12
2024,3,MERCEDES-BENZ,MERCEDES-BENZ GLE 450,12
2024,3,MERCEDES,MERCEDES CLE 450 AMG,12
2024,3,ROLLS ROYCE,ROLLS ROYCE GHOST,12
2024,3,FERRARI,FERRARI SF90,12
2024,3,AUDI,AUDI RS7,11
2024,3,FORD,FORD CORTINA,11
2024,3,JAGUAR,JAGUAR E TYPE,11
2024,3,NISSAN,NISSAN SILVIA,11
2024,3,SUBARU,SUBARU LEGACY,11
2024,3,VOLKSWAGEN,VOLKSWAGEN SHARAN,11
2024,3,POLESTAR,POLESTAR MODEL MISSING,10
2024,3,TESLA,TESLA MODEL X,10
2024,3,VOLKSWAGEN,VOLKSWAGEN JETTA,10
2024,3,CHRYSLER,CHRYSLER MODEL MISSING,10
2024,3,FERRARI,FERRARI 812,10
2024,3,FERRARI,FERRARI MODEL MISSING,10
2024,3,JAGUAR,JAGUAR XJ SERIES,10
2024,3,MORGAN,MORGAN PLUS 6,10
2024,3,NISSAN,NISSAN MARCH,10
2024,3,SUZUKI,SUZUKI JIMNY,10
2024,3,AUSTIN,AUSTIN MODEL MISSING,9
2024,3,ORA,ORA FUNKY CAT,9
2024,3,TESLA,TESLA MODEL MISSING,9
2024,3,AUDI,AUDI S7,9
2024,3,PEUGEOT,PEUGEOT HORIZON,9
2024,3,VAUXHALL,VAUXHALL MODEL MISSING,9
2024,3,TOYOTA,TOYOTA CROWN,9
2024,3,AUDI,AUDI TT,9
2024,3,NISSAN,NISSAN SKYLINE,9
2024,3,VOLKSWAGEN,VOLKSWAGEN KARMANN GHIA,9
2024,3,FORD,FORD S-MAX,8
2024,3,MERCEDES,MERCEDES G CLASS,8
2024,3,OPEL,OPEL MODEL MISSING,8
2024,3,ALFA ROMEO,ALFA ROMEO MODEL MISSING,8
2024,3,AUSTIN,AUSTIN MINI,8
2024,3,BMW,BMW 6 SERIES,8
2024,3,CHEVROLET,CHEVROLET CORVETTE,8
2024,3,CHEVROLET GMC,CHEVROLET GMC CORVETTE,8
2024,3,MITSUBISHI,MITSUBISHI LANCER,8
2024,3,ROLLS ROYCE,ROLLS ROYCE PHANTOM,8
2024,3,VOLVO,VOLVO V50,8
2024,3,MERCEDES,MERCEDES EQC CLASS,7
2024,3,MERCEDES-BENZ,MERCEDES-BENZ AMG EQE,7
2024,3,SMART,SMART 1 LAUNCH EDITION,7
2024,3,TESLA,TESLA MODEL S,7
2024,3,SEAT,SEAT MODEL MISSING,7
2024,3,TOYOTA,TOYOTA HIACE,7
2024,3,MERCEDES-BENZ,MERCEDES-BENZ E 220 EXCLUSIVE,7
2024,3,HONDA,HONDA INSIGHT,7
2024,3,MERCEDES,MERCEDES CLE 450 PREMIER,7
2024,3,MERCEDES-BENZ,MERCEDES-BENZ AMG C,7
2024,3,TOYOTA,TOYOTA SOARER,7
2024,3,BUICK,BUICK MODEL MISSING,7
2024,3,DATSUN,DATSUN MODEL MISSING,7
2024,3,MCLAREN,MCLAREN MODEL MISSING,7
2024,3,TOYOTA,TOYOTA FJ CRUISER,7
2024,3,MERCEDES-BENZ,MERCEDES-BENZ S580 MYBCH NT SERIES MHEV 4M A,7
2024,3,GENESIS,GENESIS G80,6
2024,3,VOLKSWAGEN,VOLKSWAGEN ID7 PRO LAUNCH EDITION 1,6
2024,3,DACIA,DACIA MODEL MISSING,6
2024,3,FORD,FORD GALAXY,6
2024,3,VAUXHALL,VAUXHALL ZAFIRA,6
2024,3,DS,DS DS 4 PALLAS,6
2024,3,CADILLAC,CADILLAC MODEL MISSING,6
2024,3,FORD,FORD CAPRI,6
2024,3,FORD,FORD SIERRA,6
2024,3,HONDA,HONDA INTEGRA,6
2024,3,JAGUAR,JAGUAR XK SERIES,6
2024,3,JEEP,JEEP CHEROKEE,6
2024,3,LAMBORGHINI,LAMBORGHINI MODEL MISSING,6
2024,3,LANCIA,LANCIA FULVIA,6
2024,3,LINCOLN,LINCOLN MODEL MISSING,6
2024,3,MAZDA,MAZDA BONGO FRIENDEE A,6
2024,3,MCLAREN,MCLAREN GT,6
2024,3,MINI,MINI CLUBMAN,6
2024,3,MAZDA,MAZDA CX-80 EXCLUSIVE-LINE D MHEV A,6
2024,3,MERCEDES-BENZ,MERCEDES-BENZ E 300 URBAN EDITION,6
2024,3,LOTUS,LOTUS MODEL MISSING,5
2024,3,MERCEDES-BENZ,MERCEDES-BENZ EQV 300 EXECUTIVE EXTRA-LONG,5
2024,3,SMART,SMART 3 25TH ANNIVERSARY,5
2024,3,TATA,TATA MODEL MISSING,5
2024,3,AUDI,AUDI QUATTRO,5
2024,3,ROLLS ROYCE,ROLLS ROYCE MODEL MISSING,5
2024,3,TOYOTA,TOYOTA LAND CRUISER FIRST EDITION D A,5
2024,3,MASERATI,MASERATI GHIBLI,5
2024,3,ARIEL,ARIEL MODEL MISSING,5
2024,3,BMW,BMW Z3,5
2024,3,CHEVROLET GMC,CHEVROLET GMC CAMARO,5
2024,3,CITROEN,CITROEN DS,5
2024,3,FIAT,FIAT TIPO,5
2024,3,MINI,MINI ONE,5
2024,3,DS,DS DS9,5
2024,3,DACIA,DACIA SPRING,4
2024,3,MAXUS,MAXUS DELIVER,4
2024,3,FORD,FORD FREEDOM,4
2024,3,LAND ROVER,LAND ROVER FREELANDER,4
2024,3,MERCEDES,MERCEDES 300,4
2024,3,VOLKSWAGEN,VOLKSWAGEN CALIFORNIA,4
2024,3,ASTON MARTIN,ASTON MARTIN VALKYRIE,4
2024,3,DS,DS DS 4 ETOILE,4
2024,3,LEXUS,LEXUS LS 600,4
2024,3,MERCEDES-BENZ,MERCEDES-BENZ E 200,4
2024,3,TOYOTA,TOYOTA SPRINTER,4
2024,3,ALFA ROMEO,ALFA ROMEO GIULIETTA,4
2024,3,ALFA ROMEO,ALFA ROMEO SPIDER,4
2024,3,BMW,BMW 2002,4
2024,3,BMW,BMW M5,4
2024,3,BUGATTI,BUGATTI MODEL MISSING,4
2024,3,FERRARI,FERRARI DAYTONA,4
2024,3,FIAT,FIAT MODEL MISSING,4
2024,3,GENESIS,GENESIS GV80,4
2024,3,GORDON MURRAY,GORDON MURRAY T.50,4
2024,3,MASERATI,MASERATI GRANCABRIO,4
2024,3,MAZDA,MAZDA DEMIO,4
2024,3,MAZDA,MAZDA RX-7,4
2024,3,MERCEDES,MERCEDES 190,4
2024,3,MG,MG ROADSTER,4
2024,3,OPEL,OPEL KADETT,4
2024,3,TOYOTA,TOYOTA SUPRA,4
2024,3,TRIUMPH,TRIUMPH TR6,4
2024,3,OMODA,OMODA MODEL MISSING,3
2024,3,FORD,FORD MONDEO,3
2024,3,GENESIS,GENESIS G70,3
2024,3,GREAT WALL,GREAT WALL MODEL MISSING,3
2024,3,LEXUS,LEXUS LC 500,3
2024,3,SUBARU,SUBARU CROSSTREK LTD EBXR SYM AWD CVT,3
2024,3,TOYOTA,TOYOTA MR2,3
2024,3,ALFA ROMEO,ALFA ROMEO GTV,3
2024,3,ASTON MARTIN,ASTON MARTIN DB4,3
2024,3,AUDI,AUDI S8,3
2024,3,AUSTIN,AUSTIN SEVEN,3
2024,3,BMW,BMW M6,3
2024,3,CADILLAC,CADILLAC ESCALADE,3
2024,3,CHEVROLET GMC,CHEVROLET GMC MODEL MISSING,3
2024,3,DATSUN,DATSUN 240,3
2024,3,FORD,FORD ZEPHYR,3
2024,3,HONDA,HONDA S660,3
2024,3,LEXUS,LEXUS SC 430,3
2024,3,MASERATI,MASERATI MC20,3
2024,3,MERCEDES,MERCEDES SL CLASS,3
2024,3,MG,MG MGB,3
2024,3,MORRIS,MORRIS MODEL MISSING,3
2024,3,PORSCHE,PORSCHE BOXSTER,3
2024,3,ROVER,ROVER MODEL MISSING,3
2024,3,SMART,SMART MODEL MISSING,3
2024,3,SUZUKI,SUZUKI ALTO,3
2024,3,TOYOTA,TOYOTA 4-RUNNER,3
2024,3,TOYOTA,TOYOTA AVENSIS,3
2024,3,TOYOTA,TOYOTA CENTURY,3
2024,3,TRIUMPH,TRIUMPH TR3,3
2024,3,VOLKSWAGEN,VOLKSWAGEN SCIROCCO,3
2024,3,WESTFIELD,WESTFIELD MODEL MISSING,3
2024,3,JAGUAR,JAGUAR FPCE RDC S 90AVY ED PHEV AWD A,3
2024,3,MITSUBISHI,MITSUBISHI OUTLANDER,3
2024,3,SKYWELL,SKYWELL BE11 LONG RANGE,2
2024,3,FORD,FORD ECOSPORT,2
2024,3,HYUNDAI,HYUNDAI IX35,2
2024,3,MAZDA,MAZDA 6,2
2024,3,MERCEDES,MERCEDES 500,2
2024,3,MERCEDES,MERCEDES SLK CLASS,2
2024,3,RENAULT,RENAULT KADJAR,2
2024,3,SEAT,SEAT ALHAMBRA,2
2024,3,SEAT,SEAT EXEO,2
2024,3,VOLKSWAGEN,VOLKSWAGEN CARAVELLE,2
2024,3,GWM,GWM GWM HAVAL JOLION PRO A,2
2024,3,HONDA,HONDA CR-Z,2
2024,3,LEXUS,LEXUS CT 200,2
2024,3,VOLVO,VOLVO S90,2
2024,3,AC,AC MODEL MISSING,2
2024,3,ALFA ROMEO,ALFA ROMEO 2000,2
2024,3,ASTON MARTIN,ASTON MARTIN DB5,2
2024,3,AUDI,AUDI RSQ8,2
2024,3,AUDI,AUDI TTRS,2
2024,3,CHEVROLET GMC,CHEVROLET GMC IMPALA,2
2024,3,DAIHATSU,DAIHATSU MODEL MISSING,2
2024,3,FIAT,FIAT CINQUECENTO,2
2024,3,FIAT,FIAT MIRAFIORI,2
2024,3,FORD,FORD ANGLIA,2
2024,3,FORD,FORD THUNDERBIRD,2
2024,3,HOLDEN,HOLDEN MODEL MISSING,2
2024,3,HONDA,HONDA N-VAN,2
2024,3,HONDA,HONDA NSX,2
2024,3,HONDA,HONDA S2000,2
2024,3,HUMBER,HUMBER MODEL MISSING,2
2024,3,HYUNDAI,HYUNDAI IX20,2
2024,3,HYUNDAI,HYUNDAI X2,2
2024,3,JENSEN,JENSEN INTERCEPTOR,2
2024,3,KIA,KIA RIO,2
2024,3,KIA,KIA STRINGER,2
2024,3,LANCIA,LANCIA DELTA,2
2024,3,LANCIA,LANCIA MODEL MISSING,2
2024,3,LANCIA,LANCIA MONTECARLO,2
2024,3,LEXUS,LEXUS GSF,2
2024,3,MERCEDES,MERCEDES ML CLASS,2
2024,3,MERCEDES,MERCEDES VIANO,2
2024,3,MERCEDES-BENZ,MERCEDES-BENZ AMG GT,2
2024,3,MERCURY,MERCURY MODEL MISSING,2
2024,3,MG,MG MIDGET,2
2024,3,NISSAN,NISSAN PRIMERA,2
2024,3,OPEL,OPEL MANTA,2
2024,3,PEUGEOT,PEUGEOT 206,2
2024,3,PLYMOUTH,PLYMOUTH MODEL MISSING,2
2024,3,ROVER,ROVER MINI,2
2024,3,SAAB,SAAB 9-5,2
2024,3,SUNBEAM,SUNBEAM RAPIER,2
2024,3,TOYOTA,TOYOTA ALTEZZA,2
2024,3,TOYOTA,TOYOTA CELICA,2
2024,3,TOYOTA,TOYOTA IPSUM,2
2024,3,TOYOTA,TOYOTA MARK II,2
2024,3,TOYOTA,TOYOTA TOWNACE,2
2024,3,TRIUMPH,TRIUMPH 2000,2
2024,3,TRIUMPH,TRIUMPH TR4,2
2024,3,VOLKSWAGEN,VOLKSWAGEN VARIANT,2
2024,3,VOLVO,VOLVO 850,2
2024,3,MERCEDES-BENZ,MERCEDES-BENZ C 300 URBAN EDITION E AUTO,2
2024,3,CITROEN,CITROEN DYANE,1
2024,3,FORD,FORD AUTO SLEEPERS,1
2024,3,MERCEDES-BENZ,MERCEDES-BENZ EQS 680 MAYBACH FIRST CLASS 4M,1
2024,3,MERCEDES-BENZ,MERCEDES-BENZ G 580 WTH EQ-TECHNOLOGY ED ONE,1
2024,3,MOKE AUTOMIBILI,MOKE AUTOMIBILI MODEL MISSING,1
2024,3,RENAULT,RENAULT TWIZY,1
2024,3,SMART,SMART FORTWO,1
2024,3,ALPINA,ALPINA MODEL MISSING,1
2024,3,CHAMP,CHAMP MODEL MISSING,1
2024,3,CITROEN,CITROEN DISPATCH,1
2024,3,CITROEN,CITROEN RELAY,1
2024,3,FIAT,FIAT DETHLEFFS,1
2024,3,FIAT,FIAT DOBLO,1
2024,3,FIAT,FIAT DUCATO,1
2024,3,FORD,FORD SWIFT,1
2024,3,HYUNDAI,HYUNDAI I800,1
2024,3,ISUZU,ISUZU D-MAX,1
2024,3,KIA,KIA SEDONA,1
2024,3,LAND ROVER,LAND ROVER 88,1
2024,3,LONDON TAXIS INT,LONDON TAXIS INT. MODEL MISSING,1
2024,3,NISSAN,NISSAN INTERSTAR,1
2024,3,NISSAN,NISSAN PATROL,1
2024,3,OPEL,OPEL ASTRA,1
2024,3,OPEL,OPEL INSIGNIA,1
2024,3,OPEL,OPEL ZAFIRA,1
2024,3,PEUGEOT,PEUGEOT 106,1
2024,3,PEUGEOT,PEUGEOT 406,1
2024,3,RENAULT,RENAULT GRAND SCENIC,1
2024,3,SSANGYONG,SSANGYONG MODEL MISSING,1
2024,3,TOYOTA,TOYOTA AURIS,1
2024,3,TOYOTA,TOYOTA HILUX,1
2024,3,VOLVO,VOLVO S40,1
2024,3,VOLVO,VOLVO S80,1
2024,3,VOLVO,VOLVO XC70,1
2024,3,ZHENHUA,ZHENHUA MODEL MISSING,1
2024,3,MERCEDES-BENZ,MERCEDES-BENZ E 450 EXCLUSVE,1
2024,3,AEON,AEON PULSAR,1
2024,3,HONDA,HONDA LEGEND,1
2024,3,LEXUS,LEXUS GS 450,1
2024,3,LEXUS,LEXUS IS 300,1
2024,3,LEXUS,LEXUS NX 300,1
2024,3,LEXUS,LEXUS RX 400,1
2024,3,LEXUS,LEXUS UX 250,1
2024,3,MOBILVETTA,MOBILVETTA MODEL MISSING,1
2024,3,OVER,OVER MODEL MISSING,1
2024,3,TOYOTA,TOYOTA CAVALIER,1
2024,3,ABARTH,ABARTH MODEL MISSING,1
2024,3,ACURA,ACURA MDX,1
2024,3,ACURA,ACURA MODEL MISSING,1
2024,3,ACURA,ACURA TL,1
2024,3,ALFA ROMEO,ALFA ROMEO 1750,1
2024,3,ALFA ROMEO,ALFA ROMEO ALFETTA,1
2024,3,ASTON MARTIN,ASTON MARTIN DB6,1
2024,3,ASTON MARTIN,ASTON MARTIN DB7,1
2024,3,ASTON MARTIN,ASTON MARTIN DB9,1
2024,3,ASTON MARTIN,ASTON MARTIN DBR22 V12 AUTO,1
2024,3,ASTON MARTIN,ASTON MARTIN DBS,1
2024,3,ASTON MARTIN,ASTON MARTIN V8,1
2024,3,ASTON MARTIN,ASTON MARTIN VALOUR V12,1
2024,3,ASTON MARTIN,ASTON MARTIN VANQUISH,1
2024,3,AUDI,AUDI S1,1
2024,3,AUSTIN,AUSTIN 1100,1
2024,3,AUSTIN,AUSTIN A40,1
2024,3,AUSTIN,AUSTIN HEALEY,1
2024,3,AUSTIN,AUSTIN SPRITE,1
2024,3,BRISTOL,BRISTOL 400,1
2024,3,BUICK,BUICK RIVIERA,1
2024,3,CAN-AM,CAN-AM TRAXTER,1
2024,3,CHEVROLET GMC,CHEVROLET GMC CHEVELLE,1
2024,3,CHRYSLER,CHRYSLER 300C,1
2024,3,CITROEN,CITROEN 2CV,1
2024,3,CITROEN,CITROEN DS21,1
2024,3,CITROEN,CITROEN SM,1
2024,3,CITROEN,CITROEN XSARA,1
2024,3,CORVETTE,CORVETTE MODEL MISSING,1
2024,3,CORVETTE,CORVETTE Z06,1
2024,3,DAF,DAF MODEL MISSING,1
2024,3,DAIHATSU,DAIHATSU HI-JET,1
2024,3,DAIHATSU,DAIHATSU SIRION,1
2024,3,DAIMLER,DAIMLER MODEL MISSING,1
2024,3,DAIMLER,DAIMLER SP 250,1
2024,3,DAIMLER,DAIMLER V8,1
2024,3,DATSUN,DATSUN 1200,1
2024,3,DATSUN,DATSUN 160,1
2024,3,DATSUN,DATSUN 280,1
2024,3,DE TOMASO,DE TOMASO MODEL MISSING,1
2024,3,DENNIS,DENNIS MODEL MISSING,1
2024,3,DODGE,DODGE RAM 1500,1
2024,3,FERRARI,FERRARI 360,1
2024,3,FERRARI,FERRARI F430,1
2024,3,FERRARI,FERRARI MONZA,1
2024,3,FERRARI,FERRARI PORTOFINO,1
2024,3,FERRARI,FERRARI SA APERTA,1
2024,3,FIAT,FIAT 124,1
2024,3,FIAT,FIAT QUBO,1
2024,3,FORD,FORD C-MAX,1
2024,3,FORD,FORD CONSUL,1
2024,3,FORD,FORD CORSAIR,1
2024,3,FORD,FORD CROWN VICTORIA,1
2024,3,FORD,FORD GRANADA,1
2024,3,FORD,FORD TAURUS,1
2024,3,GAZ,GAZ MODEL MISSING,1
2024,3,GENESIS,GENESIS MODEL MISSING,1
2024,3,HONDA,HONDA INSPIRE,1
2024,3,HOUSEHAM,HOUSEHAM MODEL MISSING,1
2024,3,HYUNDAI,HYUNDAI COUPE,1
2024,3,JAGUAR,JAGUAR MK II,1
2024,3,JAGUAR,JAGUAR S TYPE,1
2024,3,JENSEN,JENSEN MODEL MISSING,1
2024,3,KARRIER,KARRIER MODEL MISSING,1
2024,3,KIA,KIA PRO CEED,1
2024,3,LADA,LADA NIVA,1
2024,3,LANCIA,LANCIA BETA,1
2024,3,LANCIA,LANCIA FLAVIA,1
2024,3,LEXUS,LEXUS GS 300,1
2024,3,LEXUS,LEXUS IS 250,1
2024,3,LEXUS,LEXUS LFA,1
2024,3,LEXUS,LEXUS RC F,1
2024,3,LEYLAND CARS,LEYLAND CARS MINI,1
2024,3,LOTUS,LOTUS ELISE,1
2024,3,MAGIRUS DEUTZ,MAGIRUS DEUTZ MODEL MISSING,1
2024,3,MARCOS,MARCOS MODEL MISSING,1
2024,3,MASERATI,MASERATI GRAN TURISMO,1
2024,3,MASERATI,MASERATI MERAK,1
2024,3,MASERATI,MASERATI QUATTROPORTE,1
2024,3,MASERATI,MASERATI SHAMAL,1
2024,3,MAYBACH,MAYBACH 57,1
2024,3,MAZDA,MAZDA EUNOS,1
2024,3,MAZDA,MAZDA FAMILIA,1
2024,3,MAZDA,MAZDA MPV,1
2024,3,MAZDA,MAZDA PREMACY,1
2024,3,MERCEDES,MERCEDES SLS CLASS,1
2024,3,MG,MG GS,1
2024,3,MG,MG MGA,1
2024,3,MG,MG MGC,1
2024,3,MG,MG RV8,1
2024,3,MG,MG TF,1
2024,3,MINI,MINI GT,1
2024,3,MINI,MINI PACEMAN,1
2024,3,MITSUBISHI,MITSUBISHI COLT,1
2024,3,MORGAN,MORGAN MODEL MISSING,1
2024,3,MORGAN,MORGAN PLUS 8,1
2024,3,MORRIS,MORRIS MINI,1
2024,3,NISSAN,NISSAN MURANO,1
2024,3,NISSAN,NISSAN PULSAR,1
2024,3,NISSAN,NISSAN STAGEA,1
2024,3,OPEL,OPEL CORSA,1
2024,3,OPEL,OPEL REKORD,1
2024,3,PEUGEOT,PEUGEOT 204,1
2024,3,PEUGEOT,PEUGEOT 207,1
2024,3,PEUGEOT,PEUGEOT 306,1
2024,3,PEUGEOT,PEUGEOT 504,1
2024,3,PONTIAC,PONTIAC CATALINA,1
2024,3,PONTIAC,PONTIAC MODEL MISSING,1
2024,3,PORSCHE,PORSCHE 944,1
2024,3,PORSCHE,PORSCHE CAYMAN,1
2024,3,RENAULT,RENAULT 4,1
2024,3,RENAULT,RENAULT 5,1
2024,3,RENAULT,RENAULT LAGUNA,1
2024,3,ROLLS ROYCE,ROLLS ROYCE CORNICHE,1
2024,3,ROVER,ROVER 2000 SERIES,1
2024,3,ROYAL ENFIELD,ROYAL ENFIELD MODEL MISSING,1
2024,3,SAAB,SAAB 9000,1
2024,3,SAAB,SAAB 95,1
2024,3,SAAB,SAAB 96,1
2024,3,SAAB,SAAB SONETT,1
2024,3,SIMCA,SIMCA MODEL MISSING,1
2024,3,SKODA,SKODA CITIGO,1
2024,3,SSANGYONG,SSANGYONG TIVOLI,1
2024,3,SUNBEAM,SUNBEAM ALPINE,1
2024,3,SUNBEAM,SUNBEAM MODEL MISSING,1
2024,3,SUZUKI,SUZUKI GRAND VITARA,1
2024,3,SUZUKI,SUZUKI SAMURAI,1
2024,3,TOYOTA,TOYOTA 1000,1
2024,3,TOYOTA,TOYOTA CELSIOR,1
2024,3,TOYOTA,TOYOTA GR86,1
2024,3,TOYOTA,TOYOTA GT86,1
2024,3,TOYOTA,TOYOTA IQ,1
2024,3,TRIUMPH,TRIUMPH MODEL MISSING,1
2024,3,TRIUMPH,TRIUMPH SPITFIRE,1
2024,3,TRIUMPH,TRIUMPH STAG,1
2024,3,TRIUMPH,TRIUMPH TR8,1
2024,3,VAUXHALL,VAUXHALL ADAM,1
2024,3,VAUXHALL,VAUXHALL VELOX,1
2024,3,VAUXHALL,VAUXHALL VICTOR,1
2024,3,VOLKSWAGEN,VOLKSWAGEN 1600,1
2024,3,VOLKSWAGEN,VOLKSWAGEN LUPO,1
2024,3,VOLKSWAGEN,VOLKSWAGEN TL,1
2024,3,VOLKSWAGEN,VOLKSWAGEN URBAN,1
2024,3,VOLVO,VOLVO 142,1
2024,3,VOLVO,VOLVO C30,1
2024,3,WACKER NEUSON,WACKER NEUSON MODEL MISSING,1
2024,3,MCLAREN,MCLAREN P1,1
2024,3,MERCEDES-BENZ,MERCEDES-BENZ AMG SL,1
2024,3,MERCEDES-BENZ,MERCEDES-BENZ S 580 L AMG,1
2024,3,PEUGEOT,PEUGEOT 508 PSE S/S PHEV 4X4 AUTO,1
2024,4,KIA,KIA SPORTAGE,9577
2024,4,NISSAN,NISSAN QASHQAI,9500
2024,4,VOLKSWAGEN,VOLKSWAGEN TIGUAN,9398
2024,4,FORD,FORD PUMA,9383
2024,4,TESLA,TESLA MODEL Y,9371
2024,4,TOYOTA,TOYOTA YARIS,9253
2024,4,VOLVO,VOLVO XC40,8264
2024,4,MG,MG HS,7095
2024,4,VAUXHALL,VAUXHALL CORSA,6895
2024,4,MINI,MINI COOPER,6627
2024,4,FORD,FORD KUGA,6010
2024,4,NISSAN,NISSAN JUKE,5735
2024,4,VOLKSWAGEN,VOLKSWAGEN POLO,5607
2024,4,PEUGEOT,PEUGEOT 3008,5432
2024,4,VOLKSWAGEN,VOLKSWAGEN GOLF,5414
2024,4,MG,MG ZS,5367
2024,4,HYUNDAI,HYUNDAI TUCSON,4962
2024,4,TESLA,TESLA MODEL 3,4809
2024,4,PEUGEOT,PEUGEOT 208,4690
2024,4,AUDI,AUDI Q4,4680
2024,4,MINI,MINI COUNTRYMAN,4427
2024,4,CITROEN,CITROEN C3,4314
2024,4,SKODA,SKODA ENYAQ,4269
2024,4,HYUNDAI,HYUNDAI KONA,4226
2024,4,MG,MG 4,3728
2024,4,VOLKSWAGEN,VOLKSWAGEN T-ROC,3715
2024,4,AUDI,AUDI A3,3701
2024,4,BMW,BMW IX,3599
2024,4,PEUGEOT,PEUGEOT 2008,3571
2024,4,BMW,BMW 1 SERIES,3571
2024,4,HYUNDAI,HYUNDAI I10,3523
2024,4,MERCEDES,MERCEDES EQA CLASS,3484
2024,4,MERCEDES,MERCEDES GLA CLASS,3450
2024,4,RENAULT,RENAULT CLIO,3413
2024,4,SKODA,SKODA KODIAQ,3398
2024,4,VOLVO,VOLVO XC60,3362
2024,4,PORSCHE,PORSCHE MACAN,3342
2024,4,DACIA,DACIA JOGGER,3286
2024,4,TOYOTA,TOYOTA COROLLA,3230
2024,4,MERCEDES,MERCEDES EQB CLASS,3228
2024,4,VAUXHALL,VAUXHALL MOKKA,3226
2024,4,TOYOTA,TOYOTA C-HR,3220
2024,4,AUDI,AUDI Q3,3212
2024,4,TOYOTA,TOYOTA AYGO,3073
2024,4,LAND ROVER,LAND ROVER RANGE ROVER EVOQUE,3029
2024,4,VOLKSWAGEN,VOLKSWAGEN ID4,3026
2024,4,FORD,FORD EXPLORER PREMIUM EV,2967
2024,4,BMW,BMW 2 SERIES,2921
2024,4,AUDI,AUDI A1,2912
2024,4,SKODA,SKODA KAROQ,2905
2024,4,FORD,FORD FOCUS,2900
2024,4,CUPRA,CUPRA FORMENTOR,2800
2024,4,MINI,MINI MINI COOPER SE,2752
2024,4,RENAULT,RENAULT SCENIC,2711
2024,4,LAND ROVER,LAND ROVER DEFENDER,2664
2024,4,LAND ROVER,LAND ROVER DISCOVERY,2655
2024,4,MERCEDES,MERCEDES CLA CLASS,2654
2024,4,BMW,BMW X5,2653
2024,4,JEEP,JEEP AVENGER,2650
2024,4,MERCEDES,MERCEDES A CLASS,2644
2024,4,SKODA,SKODA KAMIQ,2586
2024,4,SKODA,SKODA FABIA,2547
2024,4,RENAULT,RENAULT CAPTUR,2454
2024,4,SKODA,SKODA OCTAVIA,2450
2024,4,KIA,KIA NIRO,2422
2024,4,KIA,KIA PICANTO,2402
2024,4,VOLKSWAGEN,VOLKSWAGEN ID3,2377
2024,4,DACIA,DACIA SANDERO,2352
2024,4,MG,MG 3,2340
2024,4,VAUXHALL,VAUXHALL GRANDLAND,2246
2024,4,VOLVO,VOLVO EX30,2225
2024,4,SEAT,SEAT IBIZA,2195
2024,4,NISSAN,NISSAN X-TRAIL,2172
2024,4,BMW,BMW 3 SERIES,2163
2024,4,BMW,BMW I4,2148
2024,4,TOYOTA,TOYOTA PRIUS,2148
2024,4,RENAULT,RENAULT SYMBIOZ,2132
2024,4,CUPRA,CUPRA BORN,2108
2024,4,BMW,BMW X1,2015
2024,4,VOLVO,VOLVO XC90,1999
2024,4,FIAT,FIAT 500,1944
2024,4,VAUXHALL,VAUXHALL ASTRA,1851
2024,4,BMW,BMW X3,1832
2024,4,AUDI,AUDI Q6 E-TRON,1805
2024,4,SEAT,SEAT ATECA,1748
2024,4,DACIA,DACIA DUSTER,1723
2024,4,AUDI,AUDI Q5,1701
2024,4,SKODA,SKODA SUPERB,1701
2024,4,VOLKSWAGEN,VOLKSWAGEN TAIGO,1689
2024,4,BYD,BYD SEAL DESIGN EV,1682
2024,4,VOLKSWAGEN,VOLKSWAGEN T-CROSS,1677
2024,4,LAND ROVER,LAND ROVER RANGE ROVER SPORT,1565
2024,4,KIA,KIA STONIC,1509
2024,4,VOLKSWAGEN,VOLKSWAGEN ID7 MATCH PRO,1489
2024,4,FORD,FORD TOURNEO,1484
2024,4,MERCEDES,MERCEDES AMG CLASS,1477
2024,4,MERCEDES,MERCEDES GLC CLASS,1470
2024,4,PEUGEOT,PEUGEOT 5008,1456
2024,4,LAND ROVER,LAND ROVER RANGE ROVER,1441
2024,4,HYUNDAI,HYUNDAI IONIQ,1433
2024,4,HONDA,HONDA JAZZ,1421
2024,4,MAZDA,MAZDA CX-5,1378
2024,4,MAZDA,MAZDA 2,1348
2024,4,MAZDA,MAZDA CX-30,1346
2024,4,RENAULT,RENAULT MEGANE,1336
2024,4,SUZUKI,SUZUKI SWIFT,1331
2024,4,AUDI,AUDI Q2,1303
2024,4,HYUNDAI,HYUNDAI I20,1297
2024,4,MINI,MINI ACEMAN CLASSIC ELECTRIC,1283
2024,4,NISSAN,NISSAN ARIYA,1271
2024,4,TOYOTA,TOYOTA RAV4,1247
2024,4,VAUXHALL,VAUXHALL COMBO,1244
2024,4,LEXUS,LEXUS LBX,1213
2024,4,RENAULT,RENAULT AUSTRAL,1212
2024,4,TOYOTA,TOYOTA BZ4X,1208
2024,4,BMW,BMW I5,1199
2024,4,VOLKSWAGEN,VOLKSWAGEN ID5,1191
2024,4,LEXUS,LEXUS NX 450,1152
2024,4,SEAT,SEAT ARONA,1147
2024,4,OMODA,OMODA 5 NOBLE AUTO,1113
2024,4,CUPRA,CUPRA ATECA,1094
2024,4,PORSCHE,PORSCHE CAYENNE,1081
2024,4,KIA,KIA EV3 AIR,1069
2024,4,JAGUAR,JAGUAR FP RD,1049
2024,4,POLESTAR,POLESTAR POLESTAR 4,1034
2024,4,PORSCHE,PORSCHE 911,1023
2024,4,DACIA,DACIA SPRING,1022
2024,4,PEUGEOT,PEUGEOT RIFTER,1010
2024,4,LAND ROVER,LAND ROVER RANGE ROVER VELAR,1009
2024,4,BMW,BMW 5 SERIES,1007
2024,4,KIA,KIA CEED,965
2024,4,CUPRA,CUPRA LEON,961
2024,4,AUDI,AUDI A4,950
2024,4,HONDA,HONDA HR-V,947
2024,4,NISSAN,NISSAN LEAF,941
2024,4,PORSCHE,PORSCHE TAYCAN,937
2024,4,RENAULT,RENAULT ARKANA,927
2024,4,OMODA,OMODA E5 COMFORT,873
2024,4,MINI,MINI JOHN COOPER WORKS,857
2024,4,AUDI,AUDI A6,841
2024,4,POLESTAR,POLESTAR 2,823
2024,4,HONDA,HONDA E,814
2024,4,JAGUAR,JAGUAR I-PACE,793
2024,4,BYD,BYD ATTO 3,745
2024,4,HYUNDAI,HYUNDAI TUCSON ADVANCE PHEV AUTO,745
2024,4,BMW,BMW X7,726
2024,4,CITROEN,CITROEN C5,725
2024,4,BMW,BMW M SERIES,711
2024,4,AUDI,AUDI Q7,697
2024,4,MERCEDES,MERCEDES C CLASS,691
2024,4,AUDI,AUDI A5,690
2024,4,RENAULT,RENAULT TRAFIC,680
2024,4,PEUGEOT,PEUGEOT 308,673
2024,4,VOLKSWAGEN,VOLKSWAGEN MULTIVAN,668
2024,4,FORD,FORD MUSTANG MACH-E,666
2024,4,BYD,BYD DOLPHIN COMFORT EV,649
2024,4,HYUNDAI,HYUNDAI BAYON PREMIUM,645
2024,4,SKODA,SKODA SCALA,638
2024,4,HYUNDAI,HYUNDAI SANTA FE,628
2024,4,BMW,BMW M2,628
2024,4,VOLVO,VOLVO EX40,627
2024,4,TOYOTA,TOYOTA MODEL MISSING,610
2024,4,CITROEN,CITROEN E-BERLINGO,594
2024,4,CUPRA,CUPRA TAVASCAN,580
2024,4,BMW,BMW M3,559
2024,4,VOLKSWAGEN,VOLKSWAGEN TOUAREG,557
2024,4,MAZDA,MAZDA 3,554
2024,4,BMW,BMW IX3,553
2024,4,PORSCHE,PORSCHE 718,550
2024,4,MERCEDES,MERCEDES GLE CLASS,540
2024,4,AUDI,AUDI Q8,539
2024,4,OMODA,OMODA 5 COMFORT AUTO,516
2024,4,FIAT,FIAT 600,505
2024,4,LEXUS,LEXUS UX 300,504
2024,4,PEUGEOT,PEUGEOT 408,499
2024,4,CITROEN,CITROEN C4,498
2024,4,SEAT,SEAT LEON,498
2024,4,KIA,KIA EV6,490
2024,4,MERCEDES,MERCEDES GLB CLASS,484
2024,4,HYUNDAI,HYUNDAI BAYON ULTIMATE,484
2024,4,MAZDA,MAZDA CX-60,482
2024,4,FORD,FORD CAPRI PREMIUM EV,477
2024,4,BMW,BMW X2,468
2024,4,LOTUS,LOTUS ELETRE,455
2024,4,MG,MG 5,455
2024,4,AUDI,AUDI S3,442
2024,4,KIA,KIA EV9,438
2024,4,BMW,BMW 4 SERIES,435
2024,4,KIA,KIA XCEED,430
2024,4,BYD,BYD DOLPHIN DESIGN EV,429
2024,4,VOLKSWAGEN,VOLKSWAGEN ID BUZZ,420
2024,4,LEXUS,LEXUS RZ 450,410
2024,4,POLESTAR,POLESTAR POLESTAR 3,403
2024,4,VOLKSWAGEN,VOLKSWAGEN CADDY,400
2024,4,HYUNDAI,HYUNDAI MODEL MISSING,395
2024,4,BMW,BMW 7 SERIES,383
2024,4,MAZDA,MAZDA MX-30,382
2024,4,VOLKSWAGEN,VOLKSWAGEN TOURAN,380
2024,4,HONDA,HONDA CR-V,371
2024,4,TOYOTA,TOYOTA ESTIMA,368
2024,4,MERCEDES-BENZ,MERCEDES-BENZ EQE 350+,367
2024,4,MINI,MINI MINI COOPER CLASSIC ELECTRIC,363
2024,4,MINI,MINI MINI COOPER EXCLUSIVE ELECTRIC,357
2024,4,PEUGEOT,PEUGEOT E-5008 ALLURE,349
2024,4,VOLKSWAGEN,VOLKSWAGEN PASSAT,347
2024,4,TOYOTA,TOYOTA LAND CRUISER FIRST EDITION D A,346
2024,4,SUZUKI,SUZUKI VITARA,339
2024,4,HYUNDAI,HYUNDAI I20 N,322
2024,4,CITROEN,CITROEN E-C4,306
2024,4,BMW,BMW X4,298
2024,4,VOLKSWAGEN,VOLKSWAGEN ID7 GTX,297
2024,4,HYUNDAI,HYUNDAI IONIQ 5,294
2024,4,HONDA,HONDA CIVIC,294
2024,4,CITROEN,CITROEN SPACETOURER,293
2024,4,KIA,KIA PROCEED,283
2024,4,MERCEDES,MERCEDES E CLASS,281
2024,4,AUDI,AUDI MODEL MISSING,276
2024,4,NISSAN,NISSAN MODEL MISSING,276
2024,4,LEXUS,LEXUS RX 450,265
2024,4,ALFA ROMEO,ALFA ROMEO TONALE,262
2024,4,BMW,BMW M4,261
2024,4,RENAULT,RENAULT RAFALE,258
2024,4,LEXUS,LEXUS NX 350,253
2024,4,VOLKSWAGEN,VOLKSWAGEN MODEL MISSING,251
2024,4,JAGUAR,JAGUAR E-PACE,250
2024,4,VOLVO,VOLVO V60,240
2024,4,PORSCHE,PORSCHE PANAMERA,236
2024,4,HONDA,HONDA MODEL MISSING,231
2024,4,VOLVO,VOLVO V90,230
2024,4,BMW,BMW X6,228
2024,4,PEUGEOT,PEUGEOT TRAVELLER,222
2024,4,FORD,FORD TRANSIT CUSTOM,218
2024,4,SUZUKI,SUZUKI SX4,218
2024,4,MINI,MINI MINI COOPER SPORT ELECTRIC,214
2024,4,SUBARU,SUBARU FORESTER,213
2024,4,VOLKSWAGEN,VOLKSWAGEN UP,211
2024,4,BMW,BMW XM,208
2024,4,MERCEDES,MERCEDES MODEL MISSING,201
2024,4,VAUXHALL,VAUXHALL VIVARO,195
2024,4,JAGUAR,JAGUAR F-PACE,186
2024,4,VAUXHALL,VAUXHALL CROSSLAND,181
2024,4,HYUNDAI,HYUNDAI BAYON ADVANCE,179
2024,4,KIA,KIA SORENTO,178
2024,4,MG,MG CYBERSTER,176
2024,4,BMW,BMW MODEL MISSING,166
2024,4,SUZUKI,SUZUKI S-CROSS,163
2024,4,MAZDA,MAZDA MX-5,163
2024,4,GENESIS,GENESIS GV60,162
2024,4,GENESIS,GENESIS GV70,161
2024,4,CITROEN,CITROEN MODEL MISSING,160
2024,4,JAECOO,JAECOO 7 LUXURY 4X4 AUTO,160
2024,4,JEEP,JEEP COMPASS,155
2024,4,TOYOTA,TOYOTA VELLFIRE,155
2024,4,AUDI,AUDI SQ5,154
2024,4,FORD,FORD MUSTANG,149
2024,4,FIAT,FIAT 600E,147
2024,4,NISSAN,NISSAN ELGRAND,147
2024,4,LAND ROVER,LAND ROVER MODEL MISSING,144
2024,4,VOLVO,VOLVO MODEL MISSING,144
2024,4,CITROEN,CITROEN BERLINGO,143
2024,4,VOLVO,VOLVO C40,143
2024,4,BENTLEY,BENTLEY CONTINENTAL,143
2024,4,AUDI,AUDI SQ6 E-TRON,142
2024,4,OTHER BRITISH,OTHER BRITISH MODEL MISSING,141
2024,4,BMW,BMW Z4,141
2024,4,TOYOTA,TOYOTA NOAH,140
2024,4,SUZUKI,SUZUKI IGNIS,132
2024,4,TOYOTA,TOYOTA PROACE,124
2024,4,TOYOTA,TOYOTA ALPHARD,124
2024,4,HONDA,HONDA FIT,118
2024,4,MERCEDES-BENZ,MERCEDES-BENZ AMG G 63,118
2024,4,BENTLEY,BENTLEY BENTAYGA,118
2024,4,SUBARU,SUBARU OUTBACK,115
2024,4,MERCEDES,MERCEDES VITO,114
2024,4,JAGUAR,JAGUAR FPC RDC S 90ANY ED D MHEV AWDA,111
2024,4,CITROEN,CITROEN E-C3 +,108
2024,4,MERCEDES,MERCEDES CLE 300 AMG,107
2024,4,VOLVO,VOLVO EC40,104
2024,4,AUDI,AUDI S5,104
2024,4,AUDI,AUDI RS6,102
2024,4,MERCEDES,MERCEDES B CLASS,99
2024,4,FORD,FORD MODEL MISSING,98
2024,4,AUDI,AUDI A7,96
2024,4,SUBARU,SUBARU C-TREK TORING EBXR SYM AWD CVT,96
2024,4,MERCEDES-BENZ,MERCEDES-BENZ EQE 350,94
2024,4,VOLKSWAGEN,VOLKSWAGEN TRANSPORTER,94
2024,4,HONDA,HONDA STEPWAGON,92
2024,4,KGM,KGM TIVOLI,89
2024,4,MERCEDES-BENZ,MERCEDES-BENZ CLE 300,89
2024,4,MERCEDES,MERCEDES GLS CLASS,86
2024,4,LOTUS,LOTUS EMIRA,85
2024,4,MERCEDES,MERCEDES EQS CLASS,84
2024,4,SUZUKI,SUZUKI MODEL MISSING,84
2024,4,INEOS,INEOS GRENADIER,82
2024,4,TOYOTA,TOYOTA LANDCRUISER,80
2024,4,AUDI,AUDI SQ7,77
2024,4,ALPINE,ALPINE A110,77
2024,4,ASTON MARTIN,ASTON MARTIN DBX,77
2024,4,DS,DS DS7,76
2024,4,BMW,BMW 8 SERIES,76
2024,4,NISSAN,NISSAN MICRA,76
2024,4,ABARTH,ABARTH 500,75
2024,4,MERCEDES,MERCEDES V CLASS,75
2024,4,MERCEDES-BENZ,MERCEDES-BENZ GLE 450,75
2024,4,JEEP,JEEP WRANGLER,75
2024,4,ALFA ROMEO,ALFA ROMEO GIULIA,74
2024,4,SMART,SMART 1 PRO,73
2024,4,POLESTAR,POLESTAR POLESTAR3 PILOT+ PRFMNC EV AWD,72
2024,4,JAGUAR,JAGUAR XF SERIES,72
2024,4,HONDA,HONDA ZR-V SPORT,72
2024,4,VOLKSWAGEN,VOLKSWAGEN ARTEON,70
2024,4,ASTON MARTIN,ASTON MARTIN DB1,70
2024,4,MERCEDES-BENZ,MERCEDES-BENZ EQE 500,69
2024,4,SMART,SMART 1 PREMIUM,69
2024,4,LEXUS,LEXUS RX 500,68
2024,4,MERCEDES-BENZ,MERCEDES-BENZ GLE 400,68
2024,4,CITROEN,CITROEN ALLIED LUNAR,67
2024,4,MERCEDES-BENZ,MERCEDES-BENZ CLA 180 SPORT EDITION MHEV A,67
2024,4,VOLVO,VOLVO EX90 PLUS AWD,66
2024,4,MERCEDES-BENZ,MERCEDES-BENZ V 220,66
2024,4,JAGUAR,JAGUAR MODEL MISSING,65
2024,4,LAMBORGHINI,LAMBORGHINI URUS,65
2024,4,SKODA,SKODA MODEL MISSING,62
2024,4,LEXUS,LEXUS RX 350,62
2024,4,MERCEDES-BENZ,MERCEDES-BENZ E 300 URBAN EDITION,61
2024,4,ABARTH,ABARTH 695,60
2024,4,MERCEDES,MERCEDES S CLASS,57
2024,4,MERCEDES,MERCEDES CLE 200 AMG,57
2024,4,MASERATI,MASERATI GRECALE,56
2024,4,ASTON MARTIN,ASTON MARTIN VANTAGE,56
2024,4,ALFA ROMEO,ALFA ROMEO JUNIOR,55
2024,4,MERCEDES-BENZ,MERCEDES-BENZ G 580 WTH EQ-TECHNOLOGY ED ONE,55
2024,4,MERCEDES-BENZ,MERCEDES-BENZ V 300,55
2024,4,VOLKSWAGEN,VOLKSWAGEN CRAFTER,55
2024,4,ROLLS ROYCE,ROLLS ROYCE CULLINAN,55
2024,4,SUBARU,SUBARU MODEL MISSING,54
2024,4,MERCEDES,MERCEDES EQE CLASS,53
2024,4,TOYOTA,TOYOTA AQUA,53
2024,4,AUDI,AUDI S6,50
2024,4,VAUXHALL,VAUXHALL MOVANO,49
2024,4,AUDI,AUDI R8,49
2024,4,KGM,KGM TORRES,48
2024,4,PEUGEOT,PEUGEOT MODEL MISSING,48
2024,4,MERCEDES-BENZ,MERCEDES-BENZ MODEL MISSING,48
2024,4,ORA,ORA 03 PURE +,47
2024,4,LEXUS,LEXUS ES 300,47
2024,4,SUZUKI,SUZUKI SWACE,47
2024,4,FERRARI,FERRARI PUROSANGUE,47
2024,4,PEUGEOT,PEUGEOT BOXER,46
2024,4,VOLVO,VOLVO V70,46
2024,4,TOYOTA,TOYOTA VITZ,46
2024,4,DODGE,DODGE MODEL MISSING,45
2024,4,RENAULT,RENAULT MASTER,44
2024,4,BENTLEY,BENTLEY FLYING SPUR,44
2024,4,FORD,FORD GALAXY,43
2024,4,LEXUS,LEXUS MODEL MISSING,43
2024,4,FERRARI,FERRARI 296,43
2024,4,AUDI,AUDI SQ2,42
2024,4,DS,DS DS3,41
2024,4,FERRARI,FERRARI ROMA,41
2024,4,SUZUKI,SUZUKI JIMNY,41
2024,4,FORD,FORD ESCORT,40
2024,4,AUDI,AUDI A8,39
2024,4,MITSUBISHI,MITSUBISHI MODEL MISSING,39
2024,4,JAECOO,JAECOO 7 DELUXE AUTO,39
2024,4,FORD,FORD TRANSIT,38
2024,4,PEUGEOT,PEUGEOT ALLIED,36
2024,4,MERCEDES,MERCEDES SPRINTER,36
2024,4,BENTLEY,BENTLEY MODEL MISSING,36
2024,4,JEEP,JEEP RENEGADE,36
2024,4,MAZDA,MAZDA MODEL MISSING,36
2024,4,MERCEDES-BENZ,MERCEDES-BENZ G 500 AMG LINE PREM + MHEV A,35
2024,4,KGM,KGM REXTON,34
2024,4,AUDI,AUDI RSQ8 PRF CBN BLK TFSI MHEV Q A,34
2024,4,AUDI,AUDI RS Q8 LNCH ED TFSI MHEV QUAT A,33
2024,4,SMART,SMART 1 BRABUS,32
2024,4,KIA,KIA MODEL MISSING,32
2024,4,VOLKSWAGEN,VOLKSWAGEN BEETLE,32
2024,4,LOTUS,LOTUS EMEYA,31
2024,4,SMART,SMART 3 PREMIUM,31
2024,4,ALFA ROMEO,ALFA ROMEO STELVIO,31
2024,4,MERCEDES-BENZ,MERCEDES-BENZ AMG GLC,31
2024,4,AUDI,AUDI S E-TRON GT LAUNCH ED QUATTRO,30
2024,4,INEOS,INEOS GRENADIER FIELDMASTER ED D A,30
2024,4,BMW,BMW M8,30
2024,4,AUDI,AUDI RS4,29
2024,4,MAXUS,MAXUS MIFA,28
2024,4,JEEP,JEEP MODEL MISSING,28
2024,4,PEUGEOT,PEUGEOT 508,28
2024,4,MERCEDES-BENZ,MERCEDES-BENZ G 450 AMG LINE PREM + D MHEV A,27
2024,4,AUDI,AUDI RS3,27
2024,4,CHEVROLET,CHEVROLET MODEL MISSING,27
2024,4,AUDI,AUDI SQ8,26
2024,4,ROLLS ROYCE,ROLLS ROYCE,26
2024,4,LAMBORGHINI,LAMBORGHINI HURACAN,25
2024,4,SUBARU,SUBARU IMPREZA,25
2024,4,LAMBORGHINI,LAMBORGHINI REVUELTO V12 PHEV S-A,25
2024,4,SUZUKI,SUZUKI ACROSS,25
2024,4,BYD,BYD DOLPHIN,24
2024,4,SMART,SMART 3 BRABUS,24
2024,4,PORSCHE,PORSCHE MODEL MISSING,24
2024,4,CATERHAM,CATERHAM MODEL MISSING,24
2024,4,MCLAREN,MCLAREN 750S,24
2024,4,RENAULT,RENAULT MODEL MISSING,23
2024,4,FERRARI,FERRARI SF90,23
2024,4,FORD,FORD MONDEO,22
2024,4,HONDA,HONDA ODYSSEY,22
2024,4,MERCEDES-BENZ,MERCEDES-BENZ AMG C,22
2024,4,SMART,SMART 3 PRO,21
2024,4,NISSAN,NISSAN SERENA,21
2024,4,MERCEDES-BENZ,MERCEDES-BENZ C 300 URBAN EDITION E AUTO,21
2024,4,FORD,FORD COLEMAN MILNE,20
2024,4,LEXUS,LEXUS RZ 300E,20
2024,4,ORA,ORA 03 PRO +,20
2024,4,SUBARU,SUBARU SOLTERRA,20
2024,4,AUDI,AUDI S4,20
2024,4,FORD,FORD FIESTA,20
2024,4,MAN,MAN TGE,20
2024,4,RENAULT TRUCKS,RENAULT TRUCKS TRAFIC,20
2024,4,VOLVO,VOLVO V40,20
2024,4,MERCEDES,MERCEDES CLE 220 AMG,20
2024,4,DS,DS DS 4 PALLAS,20
2024,4,JAGUAR,JAGUAR F-TYPE,20
2024,4,MORGAN,MORGAN PLUS 4,20
2024,4,JAGUAR,JAGUAR FPCE RDC S 90AVY ED PHEV AWD A,20
2024,4,ORA,ORA FUNKY CAT,19
2024,4,HONDA,HONDA ACCORD,19
2024,4,MCLAREN,MCLAREN ARTURA,19
2024,4,DS,DS DS4,18
2024,4,FORD,FORD ALLIED,18
2024,4,MINI,MINI CLUBMAN,18
2024,4,HYUNDAI,HYUNDAI I30,18
2024,4,VOLVO,VOLVO S60,18
2024,4,FIAT,FIAT PANDA,18
2024,4,KGM,KGM KORANDO,17
2024,4,SUBARU,SUBARU LEGACY,17
2024,4,GENESIS,GENESIS G70,16
2024,4,JEEP,JEEP GRAND CHEROKEE,16
2024,4,NISSAN,NISSAN SKYLINE,16
2024,4,MERCEDES-BENZ,MERCEDES-BENZ S580 MYBCH NT SERIES MHEV 4M A,16
2024,4,ASTON MARTIN,ASTON MARTIN VANQUISH,15
2024,4,BMW,BMW M1,15
2024,4,BMW,BMW ALPINA,14
2024,4,FIAT,FIAT MODEL MISSING,14
2024,4,MERCEDES,MERCEDES EQV CLASS,13
2024,4,MAZDA,MAZDA CX-80 EXCLUSIVE-LINE D MHEV A,13
2024,4,VOLKSWAGEN,VOLKSWAGEN SHARAN,13
2024,4,LEXUS,LEXUS LM 350H,13
2024,4,MERCEDES,MERCEDES CLE 300 PREMIER ED MHEV 4M A,13
2024,4,ASTON MARTIN,ASTON MARTIN MODEL MISSING,13
2024,4,AUDI,AUDI TT,13
2024,4,GENESIS,GENESIS GV80,13
2024,4,NISSAN,NISSAN SILVIA,13
2024,4,MINI,MINI MODEL MISSING,12
2024,4,MERCEDES,MERCEDES CLE 450 AMG,12
2024,4,TOYOTA,TOYOTA CROWN,12
2024,4,JAGUAR,JAGUAR E TYPE,12
2024,4,NISSAN,NISSAN CUBE,12
2024,4,MG,MG MODEL MISSING,11
2024,4,MERCEDES-BENZ,MERCEDES-BENZ E 220 EXCLUSIVE,11
2024,4,VOLVO,VOLVO S90,11
2024,4,AUDI,AUDI RS5,11
2024,4,CADILLAC,CADILLAC MODEL MISSING,11
2024,4,FERRARI,FERRARI MODEL MISSING,11
2024,4,MERCEDES-BENZ,MERCEDES-BENZ AMG GT,11
2024,4,MAXUS,MAXUS DELIVER,10
2024,4,DACIA,DACIA MODEL MISSING,10
2024,4,JAGUAR,JAGUAR XJ SERIES,10
2024,4,MERCEDES,MERCEDES 200,10
2024,4,PEUGEOT,PEUGEOT HORIZON,10
2024,4,VAUXHALL,VAUXHALL MODEL MISSING,10
2024,4,MERCEDES,MERCEDES CLE 220 PREMIER,10
2024,4,AUSTIN HEALEY,AUSTIN HEALEY MODEL MISSING,10
2024,4,FORD,FORD CORTINA,10
2024,4,MERCEDES-BENZ,MERCEDES-BENZ E 300,10
2024,4,MERCEDES-BENZ,MERCEDES-BENZ AMG E,10
2024,4,JAGUAR,JAGUAR XE SERIES,9
2024,4,ALFA ROMEO,ALFA ROMEO MODEL MISSING,9
2024,4,AUDI,AUDI RS7,9
2024,4,HONDA,HONDA INTEGRA,9
2024,4,MITSUBISHI,MITSUBISHI LANCER,9
2024,4,SEAT,SEAT TARRACO,9
2024,4,MERCEDES-BENZ,MERCEDES-BENZ E 300 EXCLUSIVE PREMIUM,9
2024,4,GENESIS,GENESIS G80,8
2024,4,MERCEDES-BENZ,MERCEDES-BENZ AMG EQE,8
2024,4,AUDI,AUDI S7,8
2024,4,LAND ROVER,LAND ROVER FREELANDER,8
2024,4,TOYOTA,TOYOTA HIACE,8
2024,4,FERRARI,FERRARI 12CILINDRI CAVALINO S-A,8
2024,4,MASERATI,MASERATI GRANTURISMO,7
2024,4,MERCEDES-BENZ,MERCEDES-BENZ EQV 300 EXECUTIVE EXTRA-LONG,7
2024,4,MERCEDES,MERCEDES G CLASS,7
2024,4,OPEL,OPEL MODEL MISSING,7
2024,4,TOYOTA,TOYOTA SIENTA,7
2024,4,CHEVROLET GMC,CHEVROLET GMC CORVETTE,7
2024,4,JEEP,JEEP CHEROKEE,7
2024,4,MAZDA,MAZDA BONGO FRIENDEE A,7
2024,4,ROLLS ROYCE,ROLLS ROYCE PHANTOM,7
2024,4,TOYOTA,TOYOTA FJ CRUISER,7
2024,4,MERCEDES,MERCEDES 300,6
2024,4,TOYOTA,TOYOTA SOARER,6
2024,4,TOYOTA,TOYOTA SPRINTER,6
2024,4,CHEVROLET GMC,CHEVROLET GMC CAMARO,6
2024,4,MCLAREN,MCLAREN GT,6
2024,4,MORGAN,MORGAN PLUS 6,6
2024,4,TOYOTA,TOYOTA SUPRA,6
2024,4,VOLVO,VOLVO C30,6
2024,4,ARIEL,ARIEL MODEL MISSING,5
2024,4,AUDI,AUDI E-TRON,5
2024,4,SMART,SMART 3 25TH ANNIVERSARY,5
2024,4,LONDON TAXIS INT,LONDON TAXIS INT. MODEL MISSING,5
2024,4,SEAT,SEAT MODEL MISSING,5
2024,4,MERCEDES-BENZ,MERCEDES-BENZ E 450 EXCLUSVE,5
2024,4,HONDA,HONDA INSIGHT,5
2024,4,MERCEDES,MERCEDES COLEMAN MILNE,5
2024,4,ALFA ROMEO,ALFA ROMEO GIULIETTA,5
2024,4,BMW,BMW M5,5
2024,4,FORD,FORD GRANADA,5
2024,4,LANCIA,LANCIA FULVIA,5
2024,4,LEXUS,LEXUS IS 200,5
2024,4,MASERATI,MASERATI MC20,5
2024,4,MAZDA,MAZDA RX-7,5
2024,4,ROLLS ROYCE,ROLLS ROYCE GHOST,5
2024,4,SMART,SMART MODEL MISSING,5
2024,4,TOYOTA,TOYOTA ALTEZZA,5
2024,4,AUSTIN,AUSTIN MODEL MISSING,4
2024,4,BMW,BMW I3,4
2024,4,MASERATI,MASERATI GRANCABRIO,4
2024,4,PEUGEOT,PEUGEOT RIFTER ALLURE BLUEHDI,4
2024,4,SKYWELL,SKYWELL BE11 LONG RANGE,4
2024,4,TESLA,TESLA MODEL MISSING,4
2024,4,PONTIAC,PONTIAC MODEL MISSING,4
2024,4,TOYOTA,TOYOTA HILUX,4
2024,4,VOLKSWAGEN,VOLKSWAGEN JETTA,4
2024,4,DS,DS DS 4 ETOILE,4
2024,4,LEXUS,LEXUS LS 600,4
2024,4,MERCEDES-BENZ,MERCEDES-BENZ E 200,4
2024,4,MERCEDES-BENZ,MERCEDES-BENZ E 450 AMG LINE,4
2024,4,SUBARU,SUBARU CROSSTREK LTD EBXR SYM AWD CVT,4
2024,4,TOYOTA,TOYOTA CAVALIER,4
2024,4,TOYOTA,TOYOTA TOWNACE,4
2024,4,AUSTIN,AUSTIN MINI,4
2024,4,BMW,BMW Z3,4
2024,4,CHEVROLET GMC,CHEVROLET GMC IMPALA,4
2024,4,FERRARI,FERRARI DAYTONA,4
2024,4,FIAT,FIAT 126,4
2024,4,HONDA,HONDA S2000,4
2024,4,INEOS,INEOS MODEL MISSING,4
2024,4,LEXUS,LEXUS IS 250,4
2024,4,MASERATI,MASERATI LEVANTE,4
2024,4,MAZDA,MAZDA DEMIO,4
2024,4,MINI,MINI ONE,4
2024,4,MORRIS,MORRIS MINOR,4
2024,4,NISSAN,NISSAN MARCH,4
2024,4,PEUGEOT,PEUGEOT 108,4
2024,4,ROLLS ROYCE,ROLLS ROYCE MODEL MISSING,4
2024,4,ROVER,ROVER MINI,4
2024,4,TOYOTA,TOYOTA CELICA,4
2024,4,VOLVO,VOLVO 850,4
2024,4,VOLVO,VOLVO V50,4
2024,4,MERCEDES-BENZ,MERCEDES-BENZ EQS 350 BUSINESS CLASS,3
2024,4,POLESTAR,POLESTAR MODEL MISSING,3
2024,4,TESLA,TESLA MODEL S,3
2024,4,TESLA,TESLA MODEL X,3
2024,4,VOLKSWAGEN,VOLKSWAGEN ID7 PRO LAUNCH EDITION 1,3
2024,4,XPENG,XPENG G6 LONG RANGE,3
2024,4,CITROEN,CITROEN RELAY,3
2024,4,FORD,FORD GRAND C-MAX,3
2024,4,FORD,FORD S-MAX,3
2024,4,MAXUS,MAXUS MODEL MISSING,3
2024,4,PEUGEOT,PEUGEOT 406,3
2024,4,VAUXHALL,VAUXHALL INSIGNIA,3
2024,4,LEXUS,LEXUS CT 200,3
2024,4,TOYOTA,TOYOTA HIGHLANDER,3
2024,4,ABARTH,ABARTH 595,3
2024,4,ALFA ROMEO,ALFA ROMEO SPIDER,3
2024,4,AUDI,AUDI S8,3
2024,4,BMW,BMW 6 SERIES,3
2024,4,BUGATTI,BUGATTI MODEL MISSING,3
2024,4,CHEVROLET GMC,CHEVROLET GMC MODEL MISSING,3
2024,4,CHRYSLER,CHRYSLER MODEL MISSING,3
2024,4,FERRARI,FERRARI 488,3
2024,4,FIAT,FIAT 124,3
2024,4,FIAT,FIAT TIPO,3
2024,4,FORD,FORD ANGLIA,3
2024,4,JAGUAR,JAGUAR XK SERIES,3
2024,4,LAMBORGHINI,LAMBORGHINI MODEL MISSING,3
2024,4,MERCEDES,MERCEDES CLK CLASS,3
2024,4,MERCEDES,MERCEDES SLK CLASS,3
2024,4,MERCEDES-BENZ,MERCEDES-BENZ AMG A 45 S 4MATIC+ LEGACY ED A,3
2024,4,MG,MG MGB,3
2024,4,NISSAN,NISSAN PULSAR,3
2024,4,PORSCHE,PORSCHE 928,3
2024,4,PORSCHE,PORSCHE CAYMAN,3
2024,4,RENAULT,RENAULT 4,3
2024,4,ROVER,ROVER MODEL MISSING,3
2024,4,SUBARU,SUBARU XV,3
2024,4,TOYOTA,TOYOTA 4-RUNNER,3
2024,4,TOYOTA,TOYOTA AURIS,3
2024,4,TRIUMPH,TRIUMPH TR4,3
2024,4,TRIUMPH,TRIUMPH TR6,3
2024,4,MERCEDES-BENZ,MERCEDES-BENZ S 580 L AMG,3
2024,4,FISKER,FISKER OCEAN,2
2024,4,LOTUS,LOTUS MODEL MISSING,2
2024,4,MERCEDES,MERCEDES EQC CLASS,2
2024,4,MOKE AUTOMIBILI,MOKE AUTOMIBILI MODEL MISSING,2
2024,4,XPENG,XPENG G6 STANDARD RANGE,2
2024,4,KIA,KIA RIO,2
2024,4,MERCEDES,MERCEDES VIANO,2
2024,4,NISSAN,NISSAN PATROL,2
2024,4,MERCEDES,MERCEDES CLE 200 PREMIER,2
2024,4,NISSAN,NISSAN NOTE,2
2024,4,ALFA ROMEO,ALFA ROMEO GTV,2
2024,4,ASTON MARTIN,ASTON MARTIN DB5,2
2024,4,ASTON MARTIN,ASTON MARTIN DBS,2
2024,4,AUSTIN,AUSTIN SEVEN,2
2024,4,CITROEN,CITROEN 2CV,2
2024,4,DAIHATSU,DAIHATSU HI-JET,2
2024,4,DAIMLER,DAIMLER DOUBLE SIX,2
2024,4,DATSUN,DATSUN MODEL MISSING,2
2024,4,FERRARI,FERRARI 812,2
2024,4,GENERAL MOTORS,GENERAL MOTORS MODEL MISSING,2
2024,4,GORDON MURRAY,GORDON MURRAY T.50,2
2024,4,HOLDEN,HOLDEN MODEL MISSING,2
2024,4,HONDA,HONDA N-VAN,2
2024,4,HONDA,HONDA PRELUDE,2
2024,4,KGM,KGM ACTYON K50 AUTO,2
2024,4,KIA,KIA PRO CEED,2
2024,4,LANCIA,LANCIA MODEL MISSING,2
2024,4,LEXUS,LEXUS IS F,2
2024,4,LEYLAND CARS,LEYLAND CARS MINI,2
2024,4,LOTUS,LOTUS ELISE,2
2024,4,MERCEDES,MERCEDES 400,2
2024,4,MERCURY,MERCURY MODEL MISSING,2
2024,4,MG,MG MGA,2
2024,4,MITSUBISHI,MITSUBISHI ASX,2
2024,4,MITSUBISHI,MITSUBISHI COLT,2
2024,4,MITSUBISHI,MITSUBISHI PAJERO,2
2024,4,MORGAN,MORGAN ROADSTER,2
2024,4,MORRIS,MORRIS MODEL MISSING,2
2024,4,OLDSMOBILE,OLDSMOBILE MODEL MISSING,2
2024,4,OPEL,OPEL KADETT,2
2024,4,PEUGEOT,PEUGEOT 107,2
2024,4,PEUGEOT,PEUGEOT 205,2
2024,4,PORSCHE,PORSCHE CARRERA,2
2024,4,RUF,RUF MODEL MISSING,2
2024,4,SAAB,SAAB 9-3,2
2024,4,SKODA,SKODA CITIGO,2
2024,4,SMART,SMART FORTWO,2
2024,4,TOYOTA,TOYOTA CARINA,2
2024,4,TOYOTA,TOYOTA GT86,2
2024,4,TRIUMPH,TRIUMPH TR3,2
2024,4,VOLKSWAGEN,VOLKSWAGEN 181,2
2024,4,VOLKSWAGEN,VOLKSWAGEN KARMANN GHIA,2
2024,4,DS,DS DS9,2
2024,4,PEUGEOT,PEUGEOT 508 PSE S/S PHEV 4X4 AUTO,2
2024,4,KIA,KIA SOUL,1
2024,4,XPENG,XPENG MODEL MISSING,1
2024,4,CITROEN,CITROEN ALLIED ELUNAR,1
2024,4,CITROEN,CITROEN C6,1
2024,4,COLEMAN MILNE,COLEMAN MILNE MODEL MISSING,1
2024,4,FIAT,FIAT BURSTNER,1
2024,4,FIAT,FIAT DUCATO,1
2024,4,FIAT,FIAT QUBO,1
2024,4,FORD,FORD C-MAX,1
2024,4,HYUNDAI,HYUNDAI I800,1
2024,4,MINI,MINI PACEMAN,1
2024,4,MITSUBISHI,MITSUBISHI L300,1
2024,4,PEUGEOT,PEUGEOT 207,1
2024,4,SKODA,SKODA FAVORIT,1
2024,4,SKODA,SKODA RAPID,1
2024,4,SKODA,SKODA YETI,1
2024,4,SMC,SMC MODEL MISSING,1
2024,4,SSANGYONG,SSANGYONG MODEL MISSING,1
2024,4,SUNLIGHT,SUNLIGHT MODEL MISSING,1
2024,4,TATA,TATA MODEL MISSING,1
2024,4,TATA,TATA SAFARI,1
2024,4,VAUXHALL,VAUXHALL MERIVA,1
2024,4,VAUXHALL,VAUXHALL VECTRA,1
2024,4,VOLKSWAGEN,VOLKSWAGEN CALIFORNIA,1
2024,4,VOLKSWAGEN,VOLKSWAGEN CARAVELLE,1
2024,4,ASTON MARTIN,ASTON MARTIN VALKYRIE,1
2024,4,LEXUS,LEXUS GS 300,1
2024,4,LEXUS,LEXUS IS 300,1
2024,4,LEXUS,LEXUS LS 500,1
2024,4,MERCEDES,MERCEDES CLE 450 PREMIER,1
2024,4,MITSUBISHI,MITSUBISHI OUTLANDER,1
2024,4,MOBILVETTA,MOBILVETTA MODEL MISSING,1
2024,4,NISSAN,NISSAN KUBISTAR,1
2024,4,SANTANA,SANTANA MODEL MISSING,1
2024,4,TOYOTA,TOYOTA CORONA,1
2024,4,TOYOTA,TOYOTA HARRIER,1
2024,4,TOYOTA,TOYOTA PREVIA,1
2024,4,AC,AC MODEL MISSING,1
2024,4,ACURA,ACURA MDX,1
2024,4,ACURA,ACURA MODEL MISSING,1
2024,4,ALFA ROMEO,ALFA ROMEO 159,1
2024,4,ALFA ROMEO,ALFA ROMEO 2000,1
2024,4,ASTON MARTIN,ASTON MARTIN DB4,1
2024,4,ASTON MARTIN,ASTON MARTIN DB6,1
2024,4,ASTON MARTIN,ASTON MARTIN DB9,1
2024,4,ASTON MARTIN,ASTON MARTIN V12 VANQUISH,1
2024,4,ASTON MARTIN,ASTON MARTIN VOLANTE,1
2024,4,AUDI,AUDI 80,1
2024,4,AUDI,AUDI RSQ3,1
2024,4,AUDI,AUDI S1,1
2024,4,AUSTIN,AUSTIN A40,1
2024,4,AUSTIN,AUSTIN A50,1
2024,4,AUSTIN,AUSTIN SPRITE,1
2024,4,BENTLEY,BENTLEY AZURE,1
2024,4,BENTLEY,BENTLEY MULSANNE,1
2024,4,BMW,BMW 1802,1
2024,4,BMW,BMW 2002,1
2024,4,BUICK,BUICK MODEL MISSING,1
2024,4,BUICK,BUICK RIVIERA,1
2024,4,CHEVROLET,CHEVROLET LACETTI,1
2024,4,CHEVROLET GMC,CHEVROLET GMC BELAIR,1
2024,4,CHEVROLET GMC,CHEVROLET GMC CHEVELLE,1
2024,4,CHEVROLET GMC,CHEVROLET GMC TAHOE,1
2024,4,CITROEN,CITROEN AMI,1
2024,4,CITROEN,CITROEN DS,1
2024,4,CITROEN,CITROEN DYANE,1
2024,4,CORVETTE,CORVETTE MODEL MISSING,1
2024,4,CUPRA,CUPRA MODEL MISSING,1
2024,4,DAIHATSU,DAIHATSU MIRA,1
2024,4,DAIHATSU,DAIHATSU MODEL MISSING,1
2024,4,DAIHATSU,DAIHATSU MOVE,1
2024,4,DAIMLER,DAIMLER MODEL MISSING,1
2024,4,DATSUN,DATSUN 510,1
2024,4,DATSUN,DATSUN BLUEBIRD,1
2024,4,DENNIS,DENNIS MODEL MISSING,1
2024,4,FERRARI,FERRARI F8,1
2024,4,FERRARI,FERRARI FF,1
2024,4,FERRARI,FERRARI MONZA,1
2024,4,FIAT,FIAT 850,1
2024,4,FIAT,FIAT BARCHETTA,1
2024,4,FIAT,FIAT DINO,1
2024,4,FIAT,FIAT FIORINO,1
2024,4,FIAT,FIAT STRADA,1
2024,4,FIAT,FIAT X1/9,1
2024,4,FORD,FORD CAPRI,1
2024,4,FORD,FORD CONSUL,1
2024,4,FORD,FORD CROWN VICTORIA,1
2024,4,FORD,FORD ECOSPORT,1
2024,4,FORD,FORD KA,1
2024,4,FORD,FORD POPULAR,1
2024,4,FORD,FORD SIERRA,1
2024,4,FORD,FORD THUNDERBIRD,1
2024,4,GREAT WALL,GREAT WALL MODEL MISSING,1
2024,4,HILLMAN,HILLMAN IMP,1
2024,4,HONDA,HONDA NSX,1
2024,4,HONDA,HONDA S660,1
2024,4,HOUSEHAM,HOUSEHAM MODEL MISSING,1
2024,4,HUMBER,HUMBER MODEL MISSING,1
2024,4,INFINITI,INFINITI G37,1
2024,4,INFINITI,INFINITI MODEL MISSING,1
2024,4,INFINITI,INFINITI QX30,1
2024,4,ISUZU,ISUZU MODEL MISSING,1
2024,4,IVECO,IVECO MODEL MISSING,1
2024,4,JAGUAR,JAGUAR MK VII,1
2024,4,JAGUAR,JAGUAR S TYPE,1
2024,4,KOENIGSEGG,KOENIGSEGG MODEL MISSING,1
2024,4,LADA,LADA NIVA,1
2024,4,LAMBRETTA,LAMBRETTA MODEL MISSING,1
2024,4,LANCIA,LANCIA DELTA,1
2024,4,LAND ROVER,LAND ROVER 88,1
2024,4,LEXUS,LEXUS LC 500,1
2024,4,LEXUS,LEXUS SC 430,1
2024,4,LINCOLN,LINCOLN MODEL MISSING,1
2024,4,LOTUS,LOTUS ELAN,1
2024,4,LOTUS,LOTUS EUROPA,1
2024,4,LOTUS,LOTUS SEVEN,1
2024,4,MASERATI,MASERATI COUPE,1
2024,4,MASERATI,MASERATI GRANSPORT,1
2024,4,MASERATI,MASERATI MODEL MISSING,1
2024,4,MASERATI,MASERATI QUATTROPORTE,1
2024,4,MAZDA,MAZDA 6,1
2024,4,MCC,MCC MODEL MISSING,1
2024,4,MCLAREN,MCLAREN MODEL MISSING,1
2024,4,MERCEDES,MERCEDES 190,1
2024,4,MERCEDES,MERCEDES SL CLASS,1
2024,4,MERCEDES,MERCEDES SLS CLASS,1
2024,4,MG,MG MGC,1
2024,4,MG,MG MIDGET,1
2024,4,MG,MG RV8,1
2024,4,MG,MG TD/TF,1
2024,4,MITSUBISHI,MITSUBISHI DELICA,1
2024,4,MITSUBISHI,MITSUBISHI ECLIPSE,1
2024,4,MK SPORTSCARS,MK SPORTSCARS MODEL MISSING,1
2024,4,MORGAN,MORGAN 4/4,1
2024,4,MORGAN,MORGAN MODEL MISSING,1
2024,4,MORRIS,MORRIS MINI,1
2024,4,NISSAN,NISSAN 200,1
2024,4,NISSAN,NISSAN PRIMERA,1
2024,4,NISSAN,NISSAN TOWNSTAR,1
2024,4,NOBLE,NOBLE MODEL MISSING,1
2024,4,NSU,NSU RO80,1
2024,4,OLDSMOBILE,OLDSMOBILE TORONADO,1
2024,4,OMODA,OMODA MODEL MISSING,1
2024,4,OPEL,OPEL ASCONA,1
2024,4,OPEL,OPEL CORSA,1
2024,4,OPEL,OPEL MONZA,1
2024,4,OPEL,OPEL OLYMPIA,1
2024,4,PEUGEOT,PEUGEOT 206,1
2024,4,PEUGEOT,PEUGEOT 309,1
2024,4,PEUGEOT,PEUGEOT 404,1
2024,4,PEUGEOT,PEUGEOT 504,1
2024,4,PONTIAC,PONTIAC BONNEVILLE,1
2024,4,PONTIAC,PONTIAC FIREBIRD,1
2024,4,PORSCHE,PORSCHE BOXSTER,1
2024,4,R-VISION,R-VISION MODEL MISSING,1
2024,4,RENAULT,RENAULT 16,1
2024,4,RENAULT,RENAULT 19,1
2024,4,RENAULT,RENAULT 5,1
2024,4,RENAULT,RENAULT CARAVELLE,1
2024,4,RENAULT,RENAULT KADJAR,1
2024,4,RENAULT,RENAULT TWINGO,1
2024,4,RILEY,RILEY MODEL MISSING,1
2024,4,ROLLS ROYCE,ROLLS ROYCE DAWN,1
2024,4,ROLLS ROYCE,ROLLS ROYCE SILVER SERAPH,1
2024,4,SAVIEM,SAVIEM MODEL MISSING,1
2024,4,SIMCA,SIMCA 1100,1
2024,4,SKODA,SKODA ROOMSTER,1
2024,4,SUNBEAM,SUNBEAM IMP,1
2024,4,SUZUKI,SUZUKI ALTO,1
2024,4,SUZUKI,SUZUKI GRAND VITARA,1
2024,4,SUZUKI,SUZUKI LJ,1
2024,4,TEREX,TEREX TV1200,1
2024,4,TOYOTA,TOYOTA AVENSIS,1
2024,4,TOYOTA,TOYOTA CENTURY,1
2024,4,TOYOTA,TOYOTA CRESSIDA,1
2024,4,TOYOTA,TOYOTA GR86,1
2024,4,TOYOTA,TOYOTA MARK II,1
2024,4,TOYOTA,TOYOTA MR2,1
2024,4,TRIUMPH,TRIUMPH MODEL MISSING,1
2024,4,TRIUMPH,TRIUMPH SPITFIRE,1
2024,4,TRIUMPH,TRIUMPH STAG,1
2024,4,TVR,TVR GRIFFITH,1
2024,4,UMM,UMM MODEL MISSING,1
2024,4,VAUXHALL,VAUXHALL OMEGA,1
2024,4,VAUXHALL,VAUXHALL VIVA,1
2024,4,VAUXHALL,VAUXHALL ZAFIRA,1
2024,4,VOLKSWAGEN,VOLKSWAGEN FOX,1
2024,4,VOLKSWAGEN,VOLKSWAGEN LUPO,1
2024,4,VOLKSWAGEN,VOLKSWAGEN SANTANA,1
2024,4,VOLKSWAGEN,VOLKSWAGEN SCIROCCO,1
2024,4,VOLVO,VOLVO 122,1
2024,4,VOLVO,VOLVO 740,1
2024,4,VOLVO,VOLVO S80,1
2024,4,VOLVO,VOLVO XC70,1
2024,4,WESTFIELD,WESTFIELD MODEL MISSING,1
2024,4,YUAN,YUAN MODEL MISSING,1
2024,4,ZENOS,ZENOS E10,1
2024,4,MERCEDES-BENZ,MERCEDES-BENZ AMG GLE 53 E 4MATIC+ AUTO,1
2025,1,FORD,FORD PUMA,14934
2025,1,KIA,KIA SPORTAGE,12860
2025,1,TOYOTA,TOYOTA YARIS,11874
2025,1,NISSAN,NISSAN QASHQAI,11791
2025,1,VAUXHALL,VAUXHALL CORSA,11485
2025,1,VOLKSWAGEN,VOLKSWAGEN GOLF,11358
2025,1,VOLKSWAGEN,VOLKSWAGEN TIGUAN,10690
2025,1,NISSAN,NISSAN JUKE,10418
2025,1,MG,MG HS,9738
2025,1,MG,MG ZS,9038
2025,1,VOLVO,VOLVO XC40,8613
2025,1,FORD,FORD KUGA,8175
2025,1,PEUGEOT,PEUGEOT 2008,8041
2025,1,VOLKSWAGEN,VOLKSWAGEN T-ROC,7859
2025,1,VOLKSWAGEN,VOLKSWAGEN POLO,7812
2025,1,PEUGEOT,PEUGEOT 3008,7705
2025,1,VAUXHALL,VAUXHALL MOKKA,7354
2025,1,HYUNDAI,HYUNDAI TUCSON,7264
2025,1,PEUGEOT,PEUGEOT 208,6758
2025,1,BYD,BYD SEAL DESIGN EV,6614
2025,1,TESLA,TESLA MODEL Y,6426
2025,1,LAND ROVER,LAND ROVER RANGE ROVER EVOQUE,6276
2025,1,TESLA,TESLA MODEL 3,6034
2025,1,BMW,BMW 1 SERIES,5480
2025,1,VAUXHALL,VAUXHALL GRANDLAND,5474
2025,1,HONDA,HONDA JAZZ,5437
2025,1,MINI,MINI COOPER,5409
2025,1,AUDI,AUDI A3,4930
2025,1,FORD,FORD FOCUS,4570
2025,1,HYUNDAI,HYUNDAI KONA,4546
2025,1,RENAULT,RENAULT CLIO,4494
2025,1,KIA,KIA NIRO,4448
2025,1,HYUNDAI,HYUNDAI I10,4387
2025,1,AUDI,AUDI Q4,4347
2025,1,BMW,BMW IX,4302
2025,1,LAND ROVER,LAND ROVER DEFENDER,4237
2025,1,TOYOTA,TOYOTA C-HR,4152
2025,1,NISSAN,NISSAN X-TRAIL,4116
2025,1,TOYOTA,TOYOTA AYGO,3880
2025,1,KIA,KIA EV3 AIR,3870
2025,1,LAND ROVER,LAND ROVER DISCOVERY,3829
2025,1,SKODA,SKODA KODIAQ,3722
2025,1,JEEP,JEEP AVENGER,3660
2025,1,SUZUKI,SUZUKI SWIFT,3658
2025,1,KIA,KIA PICANTO,3621
2025,1,AUDI,AUDI A1,3600
2025,1,SKODA,SKODA FABIA,3570
2025,1,BMW,BMW I4,3560
2025,1,VOLVO,VOLVO XC60,3553
2025,1,SKODA,SKODA ENYAQ,3545
2025,1,CUPRA,CUPRA FORMENTOR,3522
2025,1,LAND ROVER,LAND ROVER RANGE ROVER SPORT,3454
2025,1,AUDI,AUDI Q3,3432
2025,1,MERCEDES,MERCEDES A CLASS,3382
2025,1,MERCEDES,MERCEDES CLA CLASS,3378
2025,1,MERCEDES,MERCEDES GLA CLASS,3376
2025,1,RENAULT,RENAULT SYMBIOZ,3376
2025,1,SKODA,SKODA KAROQ,3362
2025,1,MINI,MINI COUNTRYMAN,3288
2025,1,MAZDA,MAZDA CX-5,3274
2025,1,SKODA,SKODA KAMIQ,3193
2025,1,KIA,KIA CEED,3134
2025,1,DACIA,DACIA DUSTER,3089
2025,1,TOYOTA,TOYOTA COROLLA,3052
2025,1,AUDI,AUDI Q6 E-TRON,3014
2025,1,RENAULT,RENAULT CAPTUR,2980
2025,1,VOLKSWAGEN,VOLKSWAGEN ID4,2965
2025,1,SEAT,SEAT IBIZA,2927
2025,1,MG,MG 3,2913
2025,1,BMW,BMW 3 SERIES,2886
2025,1,PORSCHE,PORSCHE MACAN,2876
2025,1,FORD,FORD EXPLORER PREMIUM EV,2840
2025,1,MERCEDES,MERCEDES EQA CLASS,2794
2025,1,FIAT,FIAT 500,2762
2025,1,BMW,BMW 2 SERIES,2740
2025,1,MG,MG 4,2708
2025,1,VOLKSWAGEN,VOLKSWAGEN T-CROSS,2704
2025,1,BMW,BMW X1,2651
2025,1,HYUNDAI,HYUNDAI I20,2649
2025,1,BMW,BMW X5,2527
2025,1,DACIA,DACIA SANDERO,2511
2025,1,KIA,KIA STONIC,2507
2025,1,MERCEDES,MERCEDES EQB CLASS,2389
2025,1,VOLVO,VOLVO XC90,2376
2025,1,CUPRA,CUPRA BORN,2230
2025,1,DACIA,DACIA JOGGER,2221
2025,1,MAZDA,MAZDA CX-30,2220
2025,1,LEXUS,LEXUS LBX,2193
2025,1,JAECOO,JAECOO 7 LUXURY 4X4 AUTO,2181
2025,1,MERCEDES,MERCEDES GLC CLASS,2166
2025,1,VOLVO,VOLVO EX30,2103
2025,1,PEUGEOT,PEUGEOT 5008,2102
2025,1,POLESTAR,POLESTAR POLESTAR 4,2080
2025,1,TOYOTA,TOYOTA PRIUS,2054
2025,1,OMODA,OMODA 5 NOBLE AUTO,2040
2025,1,SKODA,SKODA OCTAVIA,2019
2025,1,RENAULT,RENAULT SCENIC,2008
2025,1,LAND ROVER,LAND ROVER RANGE ROVER,2002
2025,1,FORD,FORD TOURNEO,1990
2025,1,AUDI,AUDI Q2,1980
2025,1,VOLKSWAGEN,VOLKSWAGEN TAIGO,1914
2025,1,BMW,BMW X3,1840
2025,1,VOLKSWAGEN,VOLKSWAGEN ID3,1829
2025,1,BMW,BMW I5,1790
2025,1,SEAT,SEAT ARONA,1789
2025,1,MAZDA,MAZDA 2,1763
2025,1,MINI,MINI ACEMAN CLASSIC ELECTRIC,1746
2025,1,RENAULT,RENAULT AUSTRAL,1686
2025,1,CUPRA,CUPRA LEON,1617
2025,1,VOLKSWAGEN,VOLKSWAGEN ID7 MATCH PRO,1612
2025,1,MERCEDES,MERCEDES GLB CLASS,1600
2025,1,JAGUAR,JAGUAR I-PACE,1590
2025,1,BMW,BMW M SERIES,1576
2025,1,VAUXHALL,VAUXHALL COMBO,1564
2025,1,TOYOTA,TOYOTA BZ4X,1548
2025,1,VAUXHALL,VAUXHALL ASTRA,1545
2025,1,MERCEDES,MERCEDES C CLASS,1525
2025,1,AUDI,AUDI A5,1523
2025,1,MERCEDES,MERCEDES AMG CLASS,1492
2025,1,NISSAN,NISSAN ARIYA,1483
2025,1,MAZDA,MAZDA 3,1483
2025,1,HYUNDAI,HYUNDAI IONIQ,1464
2025,1,SEAT,SEAT ATECA,1456
2025,1,KIA,KIA XCEED,1423
2025,1,HONDA,HONDA HR-V,1392
2025,1,DACIA,DACIA SPRING,1367
2025,1,HONDA,HONDA CR-V,1336
2025,1,SUZUKI,SUZUKI VITARA,1302
2025,1,VOLKSWAGEN,VOLKSWAGEN ID5,1300
2025,1,CUPRA,CUPRA TAVASCAN,1271
2025,1,MAZDA,MAZDA CX-60,1271
2025,1,BMW,BMW 5 SERIES,1266
2025,1,RENAULT,RENAULT TRAFIC,1262
2025,1,SKODA,SKODA ELROQ EDITION,1242
2025,1,PEUGEOT,PEUGEOT 308,1216
2025,1,BYD,BYD ATTO 3,1203
2025,1,KIA,KIA EV6,1196
2025,1,LAND ROVER,LAND ROVER RANGE ROVER VELAR,1191
2025,1,FIAT,FIAT 600,1158
2025,1,SKODA,SKODA SUPERB,1121
2025,1,VOLVO,VOLVO EX40,1115
2025,1,CITROEN,CITROEN C3,1108
2025,1,POLESTAR,POLESTAR 2,1095
2025,1,MINI,MINI MINI COOPER SE,1077
2025,1,PEUGEOT,PEUGEOT RIFTER,1073
2025,1,VOLKSWAGEN,VOLKSWAGEN PASSAT,1070
2025,1,JAECOO,JAECOO 7 DELUXE AUTO,1054
2025,1,AUDI,AUDI Q7,1044
2025,1,RENAULT,RENAULT MEGANE,1004
2025,1,CUPRA,CUPRA TERRAMAR,994
2025,1,SKODA,SKODA SCALA,967
2025,1,FORD,FORD CAPRI PREMIUM EV,943
2025,1,PORSCHE,PORSCHE 911,938
2025,1,MINI,MINI JOHN COOPER WORKS,929
2025,1,LEXUS,LEXUS NX 450,929
2025,1,HYUNDAI,HYUNDAI SANTA FE,920
2025,1,HYUNDAI,HYUNDAI TUCSON ADVANCE PHEV AUTO,911
2025,1,TOYOTA,TOYOTA RAV4,906
2025,1,AUDI,AUDI Q5,902
2025,1,KIA,KIA SORENTO,884
2025,1,OMODA,OMODA E5 COMFORT,810
2025,1,SEAT,SEAT LEON,806
2025,1,CITROEN,CITROEN C4,791
2025,1,TOYOTA,TOYOTA MODEL MISSING,779
2025,1,BMW,BMW 4 SERIES,749
2025,1,VOLVO,VOLVO V60,742
2025,1,BYD,BYD DOLPHIN COMFORT EV,732
2025,1,VOLKSWAGEN,VOLKSWAGEN ID7 GTX,729
2025,1,VOLKSWAGEN,VOLKSWAGEN TOUAREG,728
2025,1,MERCEDES,MERCEDES GLE CLASS,722
2025,1,AUDI,AUDI RS3,711
2025,1,HONDA,HONDA CIVIC,699
2025,1,AUDI,AUDI A6,698
2025,1,PEUGEOT,PEUGEOT E-5008 ALLURE,695
2025,1,CITROEN,CITROEN C5,688
2025,1,BMW,BMW M3,681
2025,1,HYUNDAI,HYUNDAI IONIQ 5,651
2025,1,BMW,BMW 7 SERIES,641
2025,1,BMW,BMW X2,634
2025,1,PORSCHE,PORSCHE CAYENNE,631
2025,1,BYD,BYD DOLPHIN DESIGN EV,625
2025,1,KIA,KIA EV9,624
2025,1,BMW,BMW M2,600
2025,1,FORD,FORD MUSTANG MACH-E,570
2025,1,CITROEN,CITROEN E-C3 +,554
2025,1,HYUNDAI,HYUNDAI BAYON PREMIUM,553
2025,1,HYUNDAI,HYUNDAI MODEL MISSING,552
2025,1,SUZUKI,SUZUKI S-CROSS,550
2025,1,MERCEDES,MERCEDES E CLASS,543
2025,1,LOTUS,LOTUS ELETRE,538
2025,1,MERCEDES-BENZ,MERCEDES-BENZ EQE 350+,523
2025,1,POLESTAR,POLESTAR POLESTAR 3,502
2025,1,CITROEN,CITROEN E-BERLINGO,494
2025,1,VOLKSWAGEN,VOLKSWAGEN CADDY,490
2025,1,BMW,BMW X7,454
2025,1,ALFA ROMEO,ALFA ROMEO TONALE,452
2025,1,TOYOTA,TOYOTA ESTIMA,445
2025,1,BMW,BMW M4,443
2025,1,PORSCHE,PORSCHE TAYCAN,439
2025,1,PEUGEOT,PEUGEOT 408,438
2025,1,HYUNDAI,HYUNDAI I20 N,429
2025,1,FORD,FORD TRANSIT CUSTOM,426
2025,1,CITROEN,CITROEN SPACETOURER,421
2025,1,BMW,BMW IX3,419
2025,1,RENAULT,RENAULT RAFALE,419
2025,1,VOLKSWAGEN,VOLKSWAGEN ID BUZZ,417
2025,1,CUPRA,CUPRA ATECA,408
2025,1,MAZDA,MAZDA MX-30,402
2025,1,LEXUS,LEXUS UX 300,389
2025,1,PEUGEOT,PEUGEOT TRAVELLER,382
2025,1,VOLKSWAGEN,VOLKSWAGEN MULTIVAN,380
2025,1,MINI,MINI MINI COOPER EXCLUSIVE ELECTRIC,361
2025,1,NISSAN,NISSAN MODEL MISSING,358
2025,1,KIA,KIA PROCEED,358
2025,1,AUDI,AUDI S3,355
2025,1,OMODA,OMODA 5 COMFORT AUTO,347
2025,1,MERCEDES,MERCEDES VITO,342
2025,1,AUDI,AUDI Q8,326
2025,1,SUBARU,SUBARU FORESTER,324
2025,1,AUDI,AUDI MODEL MISSING,309
2025,1,RENAULT,RENAULT ARKANA,309
2025,1,HONDA,HONDA ZR-V SPORT,308
2025,1,MAZDA,MAZDA MX-5,307
2025,1,LEXUS,LEXUS NX 350,302
2025,1,PORSCHE,PORSCHE 718,293
2025,1,MAZDA,MAZDA CX-80 EXCLUSIVE-LINE D MHEV A,292
2025,1,HONDA,HONDA MODEL MISSING,286
2025,1,SUBARU,SUBARU OUTBACK,272
2025,1,FORD,FORD MUSTANG,268
2025,1,HYUNDAI,HYUNDAI BAYON ADVANCE,259
2025,1,CITROEN,CITROEN BERLINGO,253
2025,1,SUBARU,SUBARU C-TREK TORING EBXR SYM AWD CVT,252
2025,1,VOLKSWAGEN,VOLKSWAGEN UP,252
2025,1,VOLKSWAGEN,VOLKSWAGEN MODEL MISSING,244
2025,1,HYUNDAI,HYUNDAI BAYON ULTIMATE,243
2025,1,BMW,BMW X6,235
2025,1,TOYOTA,TOYOTA LAND CRUISER FIRST EDITION D A,232
2025,1,VOLKSWAGEN,VOLKSWAGEN TAYRON ELEGANCE ETSI S-A,228
2025,1,LAMBORGHINI,LAMBORGHINI URUS,219
2025,1,VOLVO,VOLVO V90,215
2025,1,LEXUS,LEXUS RZ 450,211
2025,1,MERCEDES-BENZ,MERCEDES-BENZ V 300,211
2025,1,MERCEDES,MERCEDES MODEL MISSING,203
2025,1,TOYOTA,TOYOTA NOAH,203
2025,1,MERCEDES-BENZ,MERCEDES-BENZ CLE 300,199
2025,1,JEEP,JEEP WRANGLER,195
2025,1,CITROEN,CITROEN E-C4,194
2025,1,SMART,SMART 1 PRO,193
2025,1,LAND ROVER,LAND ROVER MODEL MISSING,186
2025,1,AUDI,AUDI S5,186
2025,1,AUDI,AUDI A4,184
2025,1,BMW,BMW MODEL MISSING,181
2025,1,MERCEDES-BENZ,MERCEDES-BENZ CLA 180 SPORT EDITION MHEV A,181
2025,1,TOYOTA,TOYOTA VELLFIRE,180
2025,1,GENESIS,GENESIS GV60,176
2025,1,LAND ROVER,LAND ROVER DISCOVRY 35TH ANNIV ED DMHEV A,176
2025,1,MERCEDES,MERCEDES CLE 300 AMG,176
2025,1,BMW,BMW XM,175
2025,1,TOYOTA,TOYOTA PROACE,173
2025,1,LEXUS,LEXUS RZ 300E,172
2025,1,VOLVO,VOLVO EC40,172
2025,1,JEEP,JEEP COMPASS,172
2025,1,VOLKSWAGEN,VOLKSWAGEN TOURAN,170
2025,1,MERCEDES,MERCEDES CLE 200 AMG,170
2025,1,PORSCHE,PORSCHE PANAMERA,168
2025,1,FIAT,FIAT 600E,166
2025,1,AUDI,AUDI SQ5,161
2025,1,RENAULT,RENAULT 5 TECHNO E-TECH EV,158
2025,1,SUZUKI,SUZUKI SWACE,158
2025,1,MERCEDES,MERCEDES V CLASS,156
2025,1,MERCEDES-BENZ,MERCEDES-BENZ GLE 450,154
2025,1,DS,DS DS7,153
2025,1,BENTLEY,BENTLEY CONTINENTAL,153
2025,1,NISSAN,NISSAN ELGRAND,153
2025,1,PEUGEOT,PEUGEOT RIFTER ALLURE BLUEHDI,152
2025,1,SUZUKI,SUZUKI IGNIS,149
2025,1,KGM,KGM TIVOLI,145
2025,1,VOLVO,VOLVO MODEL MISSING,144
2025,1,HONDA,HONDA FIT,143
2025,1,BMW,BMW X4,143
2025,1,VAUXHALL,VAUXHALL VIVARO,142
2025,1,MERCEDES-BENZ,MERCEDES-BENZ AMG G 63,142
2025,1,MERCEDES,MERCEDES B CLASS,137
2025,1,MERCEDES,MERCEDES S CLASS,135
2025,1,MINI,MINI MINI COOPER CLASSIC ELECTRIC,133
2025,1,JAGUAR,JAGUAR FP RD,130
2025,1,SUZUKI,SUZUKI MODEL MISSING,128
2025,1,HONDA,HONDA STEPWAGON,125
2025,1,MERCEDES-BENZ,MERCEDES-BENZ V 220,124
2025,1,AUDI,AUDI RS6,121
2025,1,ALFA ROMEO,ALFA ROMEO JUNIOR,119
2025,1,SMART,SMART 1 PREMIUM,119
2025,1,MG,MG CYBERSTER,117
2025,1,MERCEDES,MERCEDES GLS CLASS,117
2025,1,BENTLEY,BENTLEY BENTAYGA,116
2025,1,MERCEDES,MERCEDES EQS CLASS,113
2025,1,AUDI,AUDI SQ7,112
2025,1,KGM,KGM TORRES,111
2025,1,AUDI,AUDI SQ6 E-TRON,108
2025,1,TOYOTA,TOYOTA ALPHARD,108
2025,1,MINI,MINI MINI COOPER SPORT ELECTRIC,107
2025,1,KGM,KGM REXTON,106
2025,1,MERCEDES-BENZ,MERCEDES-BENZ E 300 URBAN EDITION,106
2025,1,MG,MG 5,105
2025,1,BMW,BMW M8,105
2025,1,BMW,BMW Z4,105
2025,1,VOLVO,VOLVO EX90 PLUS AWD,104
2025,1,MERCEDES-BENZ,MERCEDES-BENZ AMG GLC,104
2025,1,FORD,FORD MODEL MISSING,103
2025,1,LEAPMOTOR,LEAPMOTOR C10,102
2025,1,BYD,BYD DOLPHIN,101
2025,1,AUDI,AUDI S6,99
2025,1,GENESIS,GENESIS GV70,98
2025,1,MERCEDES-BENZ,MERCEDES-BENZ EQE 350,97
2025,1,ASTON MARTIN,ASTON MARTIN DB1,97
2025,1,OTHER BRITISH,OTHER BRITISH MODEL MISSING,96
2025,1,ALFA ROMEO,ALFA ROMEO GIULIA,96
2025,1,LEAPMOTOR,LEAPMOTOR T03,91
2025,1,KGM,KGM ACTYON K50 AUTO,90
2025,1,BENTLEY,BENTLEY MODEL MISSING,88
2025,1,SUZUKI,SUZUKI SX4,88
2025,1,ASTON MARTIN,ASTON MARTIN VANTAGE,87
2025,1,MERCEDES-BENZ,MERCEDES-BENZ C 300 URBAN EDITION E AUTO,87
2025,1,MASERATI,MASERATI GRECALE,85
2025,1,ASTON MARTIN,ASTON MARTIN DBX,84
2025,1,AUDI,AUDI RSQ8 PRF CBN BLK TFSI MHEV Q A,83
2025,1,ALFA ROMEO,ALFA ROMEO STELVIO,79
2025,1,MERCEDES,MERCEDES EQE CLASS,78
2025,1,RENAULT,RENAULT 5 ICONIC E-TECH EV,76
2025,1,VOLKSWAGEN,VOLKSWAGEN TRANSPORTER,75
2025,1,BMW,BMW 8 SERIES,75
2025,1,BMW,BMW ALPINA,74
2025,1,FERRARI,FERRARI 296,74
2025,1,MERCEDES-BENZ,MERCEDES-BENZ AMG C,72
2025,1,RENAULT,RENAULT MASTER,71
2025,1,GENESIS,GENESIS GV80,70
2025,1,VOLKSWAGEN,VOLKSWAGEN CRAFTER,70
2025,1,NISSAN,NISSAN LEAF,67
2025,1,VAUXHALL,VAUXHALL MOVANO,66
2025,1,MERCEDES-BENZ,MERCEDES-BENZ MODEL MISSING,65
2025,1,LEXUS,LEXUS ES 300,65
2025,1,TOYOTA,TOYOTA AQUA,64
2025,1,AUDI,AUDI SQ2,64
2025,1,LOTUS,LOTUS EMIRA,64
2025,1,ROLLS ROYCE,ROLLS ROYCE CULLINAN,63
2025,1,SUZUKI,SUZUKI JIMNY,63
2025,1,KGM,KGM KORANDO,61
2025,1,LEXUS,LEXUS RX 450,58
2025,1,MERCEDES-BENZ,MERCEDES-BENZ G 450 AMG LINE PREM + D MHEV A,57
2025,1,ABARTH,ABARTH 600E,56
2025,1,RENAULT TRUCKS,RENAULT TRUCKS TRAFIC,56
2025,1,TOYOTA,TOYOTA LANDCRUISER,56
2025,1,ABARTH,ABARTH 500,55
2025,1,MERCEDES,MERCEDES CLE 220 AMG,55
2025,1,CITROEN,CITROEN MODEL MISSING,54
2025,1,SUBARU,SUBARU MODEL MISSING,53
2025,1,TOYOTA,TOYOTA VITZ,52
2025,1,MERCEDES-BENZ,MERCEDES-BENZ S580 MYBCH NT SERIES MHEV 4M A,52
2025,1,VOLVO,VOLVO V70,51
2025,1,NISSAN,NISSAN MICRA,51
2025,1,MERCEDES-BENZ,MERCEDES-BENZ G 580 WTH EQ-TECHNOLOGY ED ONE,50
2025,1,MITSUBISHI,MITSUBISHI MODEL MISSING,50
2025,1,FERRARI,FERRARI 12CILINDRI CAVALINO S-A,50
2025,1,FERRARI,FERRARI PUROSANGUE,49
2025,1,FERRARI,FERRARI ROMA,49
2025,1,MERCEDES-BENZ,MERCEDES-BENZ AMG GT,49
2025,1,PEUGEOT,PEUGEOT ALLIED,48
2025,1,SMART,SMART 3 PREMIUM,48
2025,1,HONDA,HONDA E,47
2025,1,DACIA,DACIA BIGSTER EXPRESSION HEV AUTO,47
2025,1,JEEP,JEEP RENEGADE,47
2025,1,MERCEDES-BENZ,MERCEDES-BENZ S 450 L AMG LINE PREM + E 4M A,47
2025,1,LOTUS,LOTUS EMEYA,45
2025,1,AUDI,AUDI A7,45
2025,1,FORD,FORD GALAXY,45
2025,1,GENESIS,GENESIS G70,45
2025,1,MERCEDES-BENZ,MERCEDES-BENZ E 200,45
2025,1,VOLKSWAGEN,VOLKSWAGEN BEETLE,44
2025,1,INEOS,INEOS GRENADIER,43
2025,1,LEXUS,LEXUS MODEL MISSING,43
2025,1,ALPINE,ALPINE A110,43
2025,1,ASTON MARTIN,ASTON MARTIN VANQUISH,43
2025,1,SMART,SMART 1 BRABUS,42
2025,1,LEXUS,LEXUS RX 500,42
2025,1,MERCEDES,MERCEDES CLE 300 PREMIER ED MHEV 4M A,42
2025,1,MERCEDES-BENZ,MERCEDES-BENZ G 500 AMG LINE PREM + MHEV A,42
2025,1,SMART,SMART 3 PRO,41
2025,1,VOLKSWAGEN,VOLKSWAGEN ARTEON,41
2025,1,PEUGEOT,PEUGEOT BOXER,40
2025,1,FIAT,FIAT DUCATO,39
2025,1,MERCEDES-BENZ,MERCEDES-BENZ AMG E,39
2025,1,MCLAREN,MCLAREN ARTURA,38
2025,1,FORD,FORD ESCORT,37
2025,1,HYUNDAI,HYUNDAI I30 ADVANCE MHEV,37
2025,1,XPENG,XPENG G6 LONG RANGE,35
2025,1,VOLVO,VOLVO V40,35
2025,1,SUBARU,SUBARU IMPREZA,35
2025,1,ORA,ORA 03 PURE +,34
2025,1,MAZDA,MAZDA MODEL MISSING,34
2025,1,FORD,FORD FIESTA,34
2025,1,SMART,SMART 3 BRABUS,33
2025,1,AUDI,AUDI A8,33
2025,1,AUDI,AUDI S E-TRON GT LAUNCH ED QUATTRO,32
2025,1,MERCEDES-BENZ,MERCEDES-BENZ EQE 500,32
2025,1,PEUGEOT,PEUGEOT MODEL MISSING,32
2025,1,MAXUS,MAXUS MIFA,31
2025,1,MERCEDES-BENZ,MERCEDES-BENZ E 300 EXCLUSIVE PREMIUM,31
2025,1,FERRARI,FERRARI SF90,31
2025,1,GENESIS,GENESIS G80,30
2025,1,MERCEDES,MERCEDES SPRINTER,30
2025,1,LAMBORGHINI,LAMBORGHINI HURACAN,30
2025,1,LAMBORGHINI,LAMBORGHINI REVUELTO V12 PHEV S-A,30
2025,1,JEEP,JEEP MODEL MISSING,29
2025,1,SKODA,SKODA MODEL MISSING,29
2025,1,MERCEDES,MERCEDES COLEMAN MILNE,29
2025,1,MCLAREN,MCLAREN 750S,29
2025,1,SUZUKI,SUZUKI ACROSS,29
2025,1,ROLLS ROYCE,ROLLS ROYCE,27
2025,1,ASTON MARTIN,ASTON MARTIN MODEL MISSING,27
2025,1,AUDI,AUDI SQ8,27
2025,1,KIA,KIA MODEL MISSING,26
2025,1,FORD,FORD TRANSIT,26
2025,1,GWM,GWM GWM HAVAL JOLION PRO A,26
2025,1,MERCEDES-BENZ,MERCEDES-BENZ E 300,25
2025,1,JAGUAR,JAGUAR MODEL MISSING,24
2025,1,AUDI,AUDI RS Q8 LNCH ED TFSI MHEV QUAT A,23
2025,1,CATERHAM,CATERHAM MODEL MISSING,23
2025,1,BENTLEY,BENTLEY FLYING SPUR,23
2025,1,CHEVROLET,CHEVROLET MODEL MISSING,22
2025,1,TESLA,TESLA MODEL X,22
2025,1,MERCEDES-BENZ,MERCEDES-BENZ E 220 EXCLUSIVE,22
2025,1,MERCEDES,MERCEDES CLE 200 PREMIER,22
2025,1,MERCEDES,MERCEDES CLE 450 AMG,22
2025,1,DODGE,DODGE MODEL MISSING,22
2025,1,VOLVO,VOLVO C40,21
2025,1,PORSCHE,PORSCHE MODEL MISSING,21
2025,1,CHEVROLET,CHEVROLET CORVETTE,21
2025,1,ORA,ORA 03 PRO +,20
2025,1,ABARTH,ABARTH 695,20
2025,1,POLESTAR,POLESTAR POLESTAR3 PILOT+ PRFMNC EV AWD,19
2025,1,DS,DS DS4,19
2025,1,LEXUS,LEXUS LM 350H,19
2025,1,MORGAN,MORGAN PLUS 4,19
2025,1,MINI,MINI MODEL MISSING,18
2025,1,PEUGEOT,PEUGEOT 508,18
2025,1,MERCEDES-BENZ,MERCEDES-BENZ AMG EQE,17
2025,1,MERCEDES-BENZ,MERCEDES-BENZ EQV 300 EXECUTIVE EXTRA-LONG,17
2025,1,ROLLS ROYCE,ROLLS ROYCE GHOST,17
2025,1,AUDI,AUDI S4,16
2025,1,VOLKSWAGEN,VOLKSWAGEN SHARAN,16
2025,1,AUDI,AUDI RS5,16
2025,1,AUDI,AUDI E-TRON,15
2025,1,MG,MG MG S5 SE EV,15
2025,1,DS,DS DS 4 PALLAS,15
2025,1,HONDA,HONDA ACCORD,14
2025,1,RENAULT,RENAULT MODEL MISSING,14
2025,1,NISSAN,NISSAN SERENA,14
2025,1,JEEP,JEEP GRAND CHEROKEE,14
2025,1,MERCEDES-BENZ,MERCEDES-BENZ EQS 350 BUSINESS CLASS,13
2025,1,MERCEDES,MERCEDES 200,13
2025,1,RENAULT TRUCKS,RENAULT TRUCKS MODEL MISSING,13
2025,1,TOYOTA,TOYOTA SIENTA,13
2025,1,AUDI,AUDI RS4,13
2025,1,JAGUAR,JAGUAR E TYPE,13
2025,1,CADILLAC,CADILLAC MODEL MISSING,12
2025,1,MG,MG MODEL MISSING,12
2025,1,AUDI,AUDI S7,12
2025,1,FIAT,FIAT MODEL MISSING,12
2025,1,FORD,FORD S-MAX,12
2025,1,INEOS,INEOS GRENADIER FIELDMASTER ED D A,12
2025,1,PEUGEOT,PEUGEOT HORIZON,12
2025,1,VAUXHALL,VAUXHALL CROSSLAND,12
2025,1,MERCEDES-BENZ,MERCEDES-BENZ E 450 EXCLUSVE,12
2025,1,ARIEL,ARIEL MODEL MISSING,12
2025,1,AUDI,AUDI RS7,12
2025,1,FERRARI,FERRARI MODEL MISSING,12
2025,1,HONDA,HONDA ODYSSEY,12
2025,1,HYUNDAI,HYUNDAI LANTRA,12
2025,1,ROLLS ROYCE,ROLLS ROYCE PHANTOM,12
2025,1,TOYOTA,TOYOTA FJ CRUISER,12
2025,1,MERCEDES-BENZ,MERCEDES-BENZ GLE 400,12
2025,1,GWM,GWM ORA 03 GT,11
2025,1,POLESTAR,POLESTAR MODEL MISSING,11
2025,1,SMART,SMART 3 25TH ANNIVERSARY,11
2025,1,SEAT,SEAT TARRACO,11
2025,1,NISSAN,NISSAN NOTE,11
2025,1,CHRYSLER,CHRYSLER MODEL MISSING,11
2025,1,MINI,MINI CLUBMAN,11
2025,1,DS,DS DS3,10
2025,1,FORD,FORD ALLIED,10
2025,1,VOLVO,VOLVO S60,10
2025,1,TOYOTA,TOYOTA CROWN,10
2025,1,JAGUAR,JAGUAR XJ SERIES,10
2025,1,MCLAREN,MCLAREN MODEL MISSING,10
2025,1,ORA,ORA 03 GT,9
2025,1,JAGUAR,JAGUAR F-PACE,9
2025,1,NISSAN,NISSAN PRIMASTAR,9
2025,1,TOYOTA,TOYOTA HIACE,9
2025,1,HONDA,HONDA INSIGHT,9
2025,1,MITSUBISHI,MITSUBISHI LANCER,9
2025,1,MORGAN,MORGAN PLUS 6,9
2025,1,NISSAN,NISSAN SILVIA,9
2025,1,MAXUS,MAXUS DELIVER,8
2025,1,VAUXHALL,VAUXHALL MODEL MISSING,8
2025,1,MERCEDES,MERCEDES CLE 220 PREMIER,8
2025,1,BMW,BMW M5,8
2025,1,LINCOLN,LINCOLN MODEL MISSING,8
2025,1,NISSAN,NISSAN SKYLINE,8
2025,1,LOTUS,LOTUS MODEL MISSING,7
2025,1,SKYWELL,SKYWELL BE11 LONG RANGE,7
2025,1,LEXUS,LEXUS RX 350,7
2025,1,AUDI,AUDI TT,7
2025,1,AUSTIN HEALEY,AUSTIN HEALEY MODEL MISSING,7
2025,1,BMW,BMW M1,7
2025,1,MASERATI,MASERATI GRANTURISMO,7
2025,1,VOLVO,VOLVO V50,7
2025,1,FISKER,FISKER OCEAN,6
2025,1,MASERATI,MASERATI LEVANTE,6
2025,1,MERCEDES,MERCEDES CLE 450 PREMIER,6
2025,1,DATSUN,DATSUN MODEL MISSING,6
2025,1,FIAT,FIAT TIPO,6
2025,1,MCLAREN,MCLAREN GT,6
2025,1,NISSAN,NISSAN CUBE,6
2025,1,SUBARU,SUBARU LEGACY,6
2025,1,TOYOTA,TOYOTA ALTEZZA,6
2025,1,VOLKSWAGEN,VOLKSWAGEN LUPO,6
2025,1,TESLA,TESLA MODEL S,5
2025,1,ALFA ROMEO,ALFA ROMEO MODEL MISSING,5
2025,1,FORD,FORD MONDEO,5
2025,1,VOLKSWAGEN,VOLKSWAGEN JETTA,5
2025,1,LEXUS,LEXUS LS 600,5
2025,1,TOYOTA,TOYOTA CAVALIER,5
2025,1,VOLVO,VOLVO S90,5
2025,1,ASTON MARTIN,ASTON MARTIN VALIANT V12,5
2025,1,AUDI,AUDI S8,5
2025,1,BMW,BMW 6 SERIES,5
2025,1,FERRARI,FERRARI DAYTONA,5
2025,1,HONDA,HONDA INTEGRA,5
2025,1,JAGUAR,JAGUAR XK SERIES,5
2025,1,LANCIA,LANCIA MODEL MISSING,5
2025,1,MINI,MINI ONE,5
2025,1,SMART,SMART MODEL MISSING,5
2025,1,VOLVO,VOLVO S80,5
2025,1,MASERATI,MASERATI GRANCABRIO,4
2025,1,VOLKSWAGEN,VOLKSWAGEN ID7 PRO LAUNCH EDITION 1,4
2025,1,AUDI,AUDI QUATTRO,4
2025,1,DACIA,DACIA MODEL MISSING,4
2025,1,JAGUAR,JAGUAR EAGLE,4
2025,1,MERCEDES,MERCEDES G CLASS,4
2025,1,MERCEDES-BENZ,MERCEDES-BENZ GLE 300 URBAN ED D MHEV 4M A,4
2025,1,HYUNDAI,HYUNDAI I30,4
2025,1,CHEVROLET GMC,CHEVROLET GMC CORVETTE,4
2025,1,FIAT,FIAT 126,4
2025,1,FORD,FORD CORTINA,4
2025,1,FORD,FORD SIERRA,4
2025,1,LAMBORGHINI,LAMBORGHINI MODEL MISSING,4
2025,1,LEXUS,LEXUS IS 250,4
2025,1,MAZDA,MAZDA DEMIO,4
2025,1,MERCEDES,MERCEDES SL CLASS,4
2025,1,MERCEDES-BENZ,MERCEDES-BENZ AMG SL,4
2025,1,MORRIS,MORRIS MINI,4
2025,1,NISSAN,NISSAN MARCH,4
2025,1,TOYOTA,TOYOTA 4-RUNNER,4
2025,1,TOYOTA,TOYOTA CENTURY,4
2025,1,TRIUMPH,TRIUMPH TR3,4
2025,1,TRIUMPH,TRIUMPH TR4,4
2025,1,RENAULT,RENAULT 5 EVOLUTION E-TECH EV,3
2025,1,ALFA ROMEO,ALFA ROMEO GIULIETTA,3
2025,1,CITROEN,CITROEN RELAY,3
2025,1,FORD,FORD ECOSPORT,3
2025,1,JAGUAR,JAGUAR FPC RDC S 90ANY ED D MHEV AWDA,3
2025,1,MERCEDES,MERCEDES VIANO,3
2025,1,VAUXHALL,VAUXHALL INSIGNIA,3
2025,1,OMODA,OMODA MODEL MISSING,3
2025,1,TOYOTA,TOYOTA MR2,3
2025,1,ALFA ROMEO,ALFA ROMEO GTV,3
2025,1,AUSTIN,AUSTIN A35,3
2025,1,AUSTIN,AUSTIN SEVEN,3
2025,1,BMW,BMW Z3,3
2025,1,BUICK,BUICK MODEL MISSING,3
2025,1,CHEVROLET GMC,CHEVROLET GMC CAMARO,3
2025,1,CHEVROLET GMC,CHEVROLET GMC MODEL MISSING,3
2025,1,CITROEN,CITROEN 2CV,3
2025,1,DAIHATSU,DAIHATSU MODEL MISSING,3
2025,1,DATSUN,DATSUN 510,3
2025,1,GORDON MURRAY,GORDON MURRAY T.50,3
2025,1,LANCIA,LANCIA FULVIA,3
2025,1,LAND ROVER,LAND ROVER FREELANDER,3
2025,1,LEXUS,LEXUS IS F,3
2025,1,MAZDA,MAZDA RX-7,3
2025,1,MERCEDES,MERCEDES SLS CLASS,3
2025,1,MORGAN,MORGAN PLUS SIX AUTO,3
2025,1,PORSCHE,PORSCHE 928,3
2025,1,ROVER,ROVER MODEL MISSING,3
2025,1,TOYOTA,TOYOTA IQ,3
2025,1,TOYOTA,TOYOTA MARK II,3
2025,1,TOYOTA,TOYOTA SUPRA,3
2025,1,VOLKSWAGEN,VOLKSWAGEN KARMANN GHIA,3
2025,1,JAGUAR,JAGUAR E-PACE,3
2025,1,MERCEDES-BENZ,MERCEDES-BENZ S 580 L AMG,3
2025,1,CUPRA,CUPRA MODEL MISSING,2
2025,1,FISKER,FISKER MODEL MISSING,2
2025,1,MERCEDES,MERCEDES EQV CLASS,2
2025,1,MERCEDES-BENZ,MERCEDES-BENZ EQS 680 MAYBACH FIRST CLASS 4M,2
2025,1,SMART,SMART FORFOUR,2
2025,1,TATA,TATA MODEL MISSING,2
2025,1,TESLA,TESLA MODEL MISSING,2
2025,1,ALPINA,ALPINA MODEL MISSING,2
2025,1,FIAT,FIAT PUNTO,2
2025,1,HOLDEN,HOLDEN MODEL MISSING,2
2025,1,JAGUAR,JAGUAR XE SERIES,2
2025,1,MAN,MAN TGE,2
2025,1,OPEL,OPEL MODEL MISSING,2
2025,1,PEUGEOT,PEUGEOT 207,2
2025,1,TOYOTA,TOYOTA GRANVIA,2
2025,1,FORD,FORD FUSION,2
2025,1,HYUNDAI,HYUNDAI BAYON,2
2025,1,LEVC,LEVC TX,2
2025,1,SUBARU,SUBARU CROSSTREK LTD EBXR SYM AWD CVT,2
2025,1,TOYOTA,TOYOTA CARINA,2
2025,1,TOYOTA,TOYOTA HIGHLANDER,2
2025,1,ABARTH,ABARTH 595,2
2025,1,ABARTH,ABARTH MODEL MISSING,2
2025,1,AC,AC MODEL MISSING,2
2025,1,ACURA,ACURA MODEL MISSING,2
2025,1,ALFA ROMEO,ALFA ROMEO 159,2
2025,1,AUSTIN,AUSTIN MINI,2
2025,1,AUSTIN,AUSTIN MODEL MISSING,2
2025,1,BMW,BMW 2002,2
2025,1,BMW,BMW 3.0 CS,2
2025,1,CITROEN,CITROEN DS21,2
2025,1,FERRARI,FERRARI 812,2
2025,1,FORD,FORD ANGLIA,2
2025,1,FORD,FORD CAPRI,2
2025,1,FORD,FORD CROWN VICTORIA,2
2025,1,FORD,FORD GRANADA,2
2025,1,HONDA,HONDA ACTY,2
2025,1,HUMMER,HUMMER H3,2
2025,1,HYUNDAI,HYUNDAI S-COUPE,2
2025,1,JAGUAR,JAGUAR S TYPE,2
2025,1,JAGUAR,JAGUAR XF SERIES,2
2025,1,JENSEN,JENSEN MODEL MISSING,2
2025,1,KIA,KIA PRO CEED,2
2025,1,KIA,KIA RIO,2
2025,1,MASERATI,MASERATI MODEL MISSING,2
2025,1,MAZDA,MAZDA BONGO FRIENDEE A,2
2025,1,MAZDA,MAZDA CX-3,2
2025,1,MERCEDES,MERCEDES 190,2
2025,1,MERCEDES,MERCEDES 400,2
2025,1,MERCEDES,MERCEDES 500,2
2025,1,MERCEDES-BENZ,MERCEDES-BENZ AMG A 45 S 4MATIC+ LEGACY ED A,2
2025,1,MERCEDES-BENZ,MERCEDES-BENZ S680 MYBCH FST CLS NT SRS 4M A,2
2025,1,MG,MG MGA,2
2025,1,MG,MG TF,2
2025,1,MGB,MGB MODEL MISSING,2
2025,1,MITSUBISHI,MITSUBISHI COLT,2
2025,1,MORRIS,MORRIS MINOR,2
2025,1,NISSAN,NISSAN 350,2
2025,1,OLDSMOBILE,OLDSMOBILE MODEL MISSING,2
2025,1,PEUGEOT,PEUGEOT 205,2
2025,1,PEUGEOT,PEUGEOT 206,2
2025,1,PORSCHE,PORSCHE BOXSTER,2
2025,1,ROLLS ROYCE,ROLLS ROYCE MODEL MISSING,2
2025,1,ROVER,ROVER MINI,2
2025,1,SAAB,SAAB 9-3,2
2025,1,SEAT,SEAT MODEL MISSING,2
2025,1,SUNBEAM,SUNBEAM ALPINE,2
2025,1,SUZUKI,SUZUKI ALTO,2
2025,1,TOYOTA,TOYOTA CELICA,2
2025,1,TOYOTA,TOYOTA GT86,2
2025,1,TOYOTA,TOYOTA IPSUM,2
2025,1,TRIUMPH,TRIUMPH TR7,2
2025,1,VOLVO,VOLVO 850,2
2025,1,VOLVO,VOLVO C30,2
2025,1,VOLVO,VOLVO S40,2
2025,1,VOLVO,VOLVO XC70,2
2025,1,WESTFIELD,WESTFIELD MODEL MISSING,2
2025,1,JAGUAR,JAGUAR FPCE RDC S 90AVY ED PHEV AWD A,2
2025,1,MERCEDES-BENZ,MERCEDES-BENZ AMG GLE 53 E 4MATIC+ AUTO,2
2025,1,BYD,BYD MODEL MISSING,1
2025,1,FORD,FORD COLEMAN MILNE,1
2025,1,HUMMER,HUMMER MODEL MISSING,1
2025,1,KIA,KIA SOUL,1
2025,1,MOKE AUTOMIBILI,MOKE AUTOMIBILI MODEL MISSING,1
2025,1,ORA,ORA 07 PURE,1
2025,1,TESLA,TESLA ROADSTER,1
2025,1,TOYOTA,TOYOTA MIRAI,1
2025,1,XPENG,XPENG G6 STANDARD RANGE,1
2025,1,XPENG,XPENG MODEL MISSING,1
2025,1,CITROEN,CITROEN AX,1
2025,1,FIAT,FIAT BRAVO,1
2025,1,FIAT,FIAT BURSTNER,1
2025,1,FORD,FORD RANGER,1
2025,1,HYUNDAI,HYUNDAI IX35,1
2025,1,ISUZU,ISUZU MODEL MISSING,1
2025,1,JEEP,JEEP CHEROKEE,1
2025,1,LONDON TAXIS INT,LONDON TAXIS INT. MODEL MISSING,1
2025,1,MERCEDES,MERCEDES ML CLASS,1
2025,1,MITSUBISHI,MITSUBISHI SHOGUN,1
2025,1,NISSAN,NISSAN NV200,1
2025,1,NISSAN,NISSAN PATROL,1
2025,1,PEUGEOT,PEUGEOT 307,1
2025,1,PEUGEOT,PEUGEOT PARTNER,1
2025,1,RENAULT,RENAULT GRAND SCENIC,1
2025,1,RENAULT,RENAULT KANGOO,1
2025,1,SEAT,SEAT ALHAMBRA,1
2025,1,TATA,TATA SAFARI,1
2025,1,VAUXHALL,VAUXHALL VECTRA,1
2025,1,ZHENHUA,ZHENHUA MODEL MISSING,1
2025,1,ASTON MARTIN,ASTON MARTIN VALKYRIE,1
2025,1,DS,DS DS 4 ETOILE,1
2025,1,HONDA,HONDA CR-Z,1
2025,1,HONDA,HONDA LEGEND,1
2025,1,HONDA,HONDA PF50MR2,1
2025,1,LEXUS,LEXUS CT 200,1
2025,1,LEXUS,LEXUS LS 500,1
2025,1,LEXUS,LEXUS NX 300,1
2025,1,MERCEDES-BENZ,MERCEDES-BENZ GLS600,1
2025,1,MERCEDES-BENZ,MERCEDES-BENZ S580MYBC FST CLS NT SRS MHV4MA,1
2025,1,MOBILVETTA,MOBILVETTA MODEL MISSING,1
2025,1,PEUGEOT,PEUGEOT 208 ALLURE MHEV AUTO,1
2025,1,ROVER,ROVER RANGE ROVER,1
2025,1,TOYOTA,TOYOTA CAMRY,1
2025,1,TOYOTA,TOYOTA HARRIER,1
2025,1,TOYOTA,TOYOTA PREVIA,1
2025,1,TOYOTA,TOYOTA SOARER,1
2025,1,ALFA ROMEO,ALFA ROMEO 147,1
2025,1,ALFA ROMEO,ALFA ROMEO ALFETTA,1
2025,1,ALFA ROMEO,ALFA ROMEO SPIDER,1
2025,1,ARTEGA,ARTEGA MODEL MISSING,1
2025,1,ASTON MARTIN,ASTON MARTIN DBR22 V12 AUTO,1
2025,1,ASTON MARTIN,ASTON MARTIN LAGONDA,1
2025,1,ASTON MARTIN,ASTON MARTIN VALOUR V12,1
2025,1,AUDI,AUDI 80,1
2025,1,AUDI,AUDI R8,1
2025,1,AUDI,AUDI RS2,1
2025,1,AUDI,AUDI TTS,1
2025,1,AUSTIN,AUSTIN PRINCESS,1
2025,1,BENTLEY,BENTLEY EIGHT,1
2025,1,BUGATTI,BUGATTI MODEL MISSING,1
2025,1,BUICK,BUICK ENCORE AUTO,1
2025,1,BUICK,BUICK RIVIERA,1
2025,1,BUICK,BUICK SABRE,1
2025,1,CHEVROLET,CHEVROLET AVEO,1
2025,1,CHEVROLET GMC,CHEVROLET GMC BELAIR,1
2025,1,CHEVROLET GMC,CHEVROLET GMC IMPALA,1
2025,1,CHEVROLET GMC,CHEVROLET GMC VEGA,1
2025,1,CITROEN,CITROEN CX,1
2025,1,CITROEN,CITROEN DS4,1
2025,1,CITROEN,CITROEN DYANE,1
2025,1,CORVETTE,CORVETTE MODEL MISSING,1
2025,1,DAIHATSU,DAIHATSU MIRA,1
2025,1,DAIMLER,DAIMLER DOUBLE SIX,1
2025,1,DAIMLER,DAIMLER LIMOUSINE,1
2025,1,DAIMLER,DAIMLER SP 250,1
2025,1,DATSUN,DATSUN 260,1
2025,1,DODGE,DODGE JOURNEY,1
2025,1,DS,DS MODEL MISSING,1
2025,1,FERRARI,FERRARI 488,1
2025,1,FERRARI,FERRARI F12,1
2025,1,FERRARI,FERRARI F430,1
2025,1,FERRARI,FERRARI F8,1
2025,1,FIAT,FIAT 1100,1
2025,1,FIAT,FIAT 124,1
2025,1,FIAT,FIAT 127,1
2025,1,FIAT,FIAT 850,1
2025,1,FIAT,FIAT BARCHETTA,1
2025,1,FIAT,FIAT PANDA,1
2025,1,FORD,FORD C-MAX,1
2025,1,FORD,FORD GT,1
2025,1,FORD,FORD TAURUS,1
2025,1,FORD,FORD THUNDERBIRD,1
2025,1,FORD,FORD ZEPHYR,1
2025,1,HAKO,HAKO MODEL MISSING,1
2025,1,HILLMAN,HILLMAN IMP,1
2025,1,HONCHING,HONCHING MODEL MISSING,1
2025,1,HONDA,HONDA NSX,1
2025,1,HONDA,HONDA S2000,1
2025,1,HONDA,HONDA S660,1
2025,1,HOUSEHAM,HOUSEHAM MODEL MISSING,1
2025,1,INFINITI,INFINITI MODEL MISSING,1
2025,1,JAGUAR,JAGUAR MK II,1
2025,1,JAGUAR,JAGUAR MK IX,1
2025,1,KIA,KIA VENGA,1
2025,1,KTM,X-BOW X-BOW,1
2025,1,LADA,LADA 1200,1
2025,1,LADA,LADA 1500,1
2025,1,LADA,LADA MODEL MISSING,1
2025,1,LAMBORGHINI,LAMBORGHINI DIABLO,1
2025,1,LAMBORGHINI,LAMBORGHINI GALLARDO,1
2025,1,LAMBORGHINI,LAMBORGHINI MURCIELAGO,1
2025,1,LANCIA,LANCIA DELTA,1
2025,1,LANCIA,LANCIA FLAMINIA,1
2025,1,LANCIA,LANCIA GAMMA,1
2025,1,LANCIA,LANCIA MONTECARLO,1
2025,1,LEXUS,LEXUS LS 460,1
2025,1,LEYLAND CARS,LEYLAND CARS MODEL MISSING,1
2025,1,LONSDALE,LONSDALE MODEL MISSING,1
2025,1,LOTUS,LOTUS ESPRIT,1
2025,1,MASERATI,MASERATI COUPE,1
2025,1,MASERATI,MASERATI GHIBLI,1
2025,1,MASERATI,MASERATI MERAK,1
2025,1,MASERATI,MASERATI QUATTROPORTE,1
2025,1,MAYBACH,MAYBACH 62,1
2025,1,MAYBACH,MAYBACH MODEL MISSING,1
2025,1,MAZDA,MAZDA 323,1
2025,1,MAZDA,MAZDA FAMILIA,1
2025,1,MCLAREN,MCLAREN 675LT,1
2025,1,MCLAREN,MCLAREN ELVA,1
2025,1,MERCEDES,MERCEDES 300,1
2025,1,MERCEDES,MERCEDES CL CLASS,1
2025,1,MERCEDES,MERCEDES CLK CLASS,1
2025,1,MERCEDES,MERCEDES R CLASS,1
2025,1,MERCEDES,MERCEDES SLC CLASS,1
2025,1,MERCEDES-BENZ,MERCEDES-BENZ SPRINTER 317 CDI,1
2025,1,MERCURY,MERCURY MODEL MISSING,1
2025,1,MG,MG MGB,1
2025,1,MG,MG MGC,1
2025,1,MG,MG ROADSTER,1
2025,1,MG,MG RV8,1
2025,1,MG,MG ZT,1
2025,1,MITSUBISHI,MITSUBISHI DELICA,1
2025,1,MITSUBISHI,MITSUBISHI ECLIPSE,1
2025,1,MORGAN,MORGAN MIDSUMMER AUTO,1
2025,1,MORGAN,MORGAN MODEL MISSING,1
2025,1,MORRIS,MORRIS MODEL MISSING,1
2025,1,NISSAN,NISSAN GT-R,1
2025,1,NISSAN,NISSAN STAGEA,1
2025,1,OPEL,OPEL ASCONA,1
2025,1,PEUGEOT,PEUGEOT 107,1
2025,1,PEUGEOT,PEUGEOT 108,1
2025,1,PLYMOUTH,PLYMOUTH MODEL MISSING,1
2025,1,PONTIAC,PONTIAC FIREBIRD,1
2025,1,PONTIAC,PONTIAC MODEL MISSING,1
2025,1,PORSCHE,PORSCHE 944,1
2025,1,PORSCHE,PORSCHE CAYMAN,1
2025,1,RELIANT,RELIANT REGAL,1
2025,1,RENAULT,RENAULT 4,1
2025,1,RENAULT,RENAULT TWINGO,1
2025,1,ROLLS ROYCE,ROLLS ROYCE DAWN,1
2025,1,ROVER,ROVER 75,1
2025,1,SAAB,SAAB 96,1
2025,1,SAVIEM,SAVIEM MODEL MISSING,1
2025,1,SKODA,SKODA CITIGO,1
2025,1,SKODA,SKODA FAVORIT,1
2025,1,SUNBEAM,SUNBEAM TIGER,1
2025,1,SUZUKI,SUZUKI CAPPUCCINO,1
2025,1,SUZUKI,SUZUKI CARRY,1
2025,1,TAISHAN,TAISHAN MODEL MISSING,1
2025,1,TALBOT,TALBOT MODEL MISSING,1
2025,1,TALBOT,TALBOT SAMBA,1
2025,1,TOYOTA,TOYOTA AURIS,1
2025,1,TOYOTA,TOYOTA CORONA,1
2025,1,TOYOTA,TOYOTA GR86,1
2025,1,TOYOTA,TOYOTA SPRINTER,1
2025,1,TOYOTA,TOYOTA STARLET,1
2025,1,TOYOTA,TOYOTA VERSO,1
2025,1,TRIUMPH,TRIUMPH GT6,1
2025,1,TRIUMPH,TRIUMPH MODEL MISSING,1
2025,1,TRIUMPH,TRIUMPH STAG,1
2025,1,TRIUMPH,TRIUMPH TR6,1
2025,1,TRIUMPH,TRIUMPH TR8,1
2025,1,TRIUMPH,TRIUMPH VITESSE,1
2025,1,VAUXHALL,VAUXHALL AGILA,1
2025,1,VOLKSWAGEN,VOLKSWAGEN EOS,1
2025,1,ZASTAVA,ZASTAVA MODEL MISSING,1
2025,1,MERCEDES-BENZ,MERCEDES-BENZ GLE 350 URBAN EDITION DE 4M A,1
2025,2,FORD,FORD PUMA,11350
2025,2,NISSAN,NISSAN QASHQAI,10286
2025,2,KIA,KIA SPORTAGE,10137
2025,2,VAUXHALL,VAUXHALL CORSA,8661
2025,2,TOYOTA,TOYOTA YARIS,8351
2025,2,NISSAN,NISSAN JUKE,8117
2025,2,BYD,BYD SEAL DESIGN EV,7578
2025,2,PEUGEOT,PEUGEOT 2008,7092
2025,2,VOLKSWAGEN,VOLKSWAGEN T-ROC,6780
2025,2,VOLKSWAGEN,VOLKSWAGEN GOLF,6737
2025,2,VOLVO,VOLVO XC40,6663
2025,2,MG,MG HS,6383
2025,2,VOLKSWAGEN,VOLKSWAGEN POLO,6336
2025,2,VOLKSWAGEN,VOLKSWAGEN TIGUAN,6186
2025,2,MG,MG ZS,5831
2025,2,HYUNDAI,HYUNDAI KONA,5824
2025,2,AUDI,AUDI A3,5669
2025,2,TESLA,TESLA MODEL Y,5583
2025,2,HYUNDAI,HYUNDAI TUCSON,5138
2025,2,FORD,FORD KUGA,5015
2025,2,VAUXHALL,VAUXHALL MOKKA,4985
2025,2,PEUGEOT,PEUGEOT 3008,4949
2025,2,TESLA,TESLA MODEL 3,4666
2025,2,MINI,MINI COOPER,4555
2025,2,VAUXHALL,VAUXHALL GRANDLAND,4279
2025,2,JAECOO,JAECOO 7 LUXURY 4X4 AUTO,4178
2025,2,HYUNDAI,HYUNDAI I10,4056
2025,2,BMW,BMW IX,4023
2025,2,KIA,KIA PICANTO,3884
2025,2,RENAULT,RENAULT CLIO,3830
2025,2,BMW,BMW 1 SERIES,3716
2025,2,AUDI,AUDI A1,3493
2025,2,SKODA,SKODA KODIAQ,3428
2025,2,TOYOTA,TOYOTA COROLLA,3403
2025,2,LAND ROVER,LAND ROVER RANGE ROVER SPORT,3365
2025,2,MERCEDES,MERCEDES A CLASS,3331
2025,2,BMW,BMW I4,3271
2025,2,BMW,BMW X1,3241
2025,2,AUDI,AUDI Q4,3229
2025,2,MERCEDES,MERCEDES CLA CLASS,3207
2025,2,MG,MG 3,3192
2025,2,SKODA,SKODA ENYAQ,3191
2025,2,PEUGEOT,PEUGEOT 208,3105
2025,2,SKODA,SKODA ELROQ EDITION,3082
2025,2,MAZDA,MAZDA CX-5,3064
2025,2,LAND ROVER,LAND ROVER DEFENDER,3011
2025,2,TOYOTA,TOYOTA AYGO,2945
2025,2,FORD,FORD EXPLORER PREMIUM EV,2935
2025,2,LAND ROVER,LAND ROVER RANGE ROVER EVOQUE,2928
2025,2,KIA,KIA NIRO,2887
2025,2,BMW,BMW 3 SERIES,2869
2025,2,VOLKSWAGEN,VOLKSWAGEN ID4,2868
2025,2,AUDI,AUDI Q6 E-TRON,2764
2025,2,TOYOTA,TOYOTA C-HR,2752
2025,2,AUDI,AUDI Q3,2695
2025,2,FORD,FORD FOCUS,2591
2025,2,SKODA,SKODA KAROQ,2564
2025,2,SKODA,SKODA KAMIQ,2547
2025,2,VOLVO,VOLVO XC60,2519
2025,2,RENAULT,RENAULT CAPTUR,2518
2025,2,CUPRA,CUPRA FORMENTOR,2477
2025,2,VOLKSWAGEN,VOLKSWAGEN ID3,2463
2025,2,NISSAN,NISSAN X-TRAIL,2461
2025,2,KIA,KIA CEED,2429
2025,2,KIA,KIA EV3 AIR,2413
2025,2,DACIA,DACIA DUSTER,2402
2025,2,BMW,BMW 2 SERIES,2388
2025,2,SEAT,SEAT IBIZA,2347
2025,2,BMW,BMW X3,2307
2025,2,LAND ROVER,LAND ROVER DISCOVERY,2290
2025,2,JEEP,JEEP AVENGER,2286
2025,2,MINI,MINI COUNTRYMAN,2200
2025,2,VOLVO,VOLVO EX30,2190
2025,2,SKODA,SKODA OCTAVIA,2159
2025,2,CUPRA,CUPRA BORN,2146
2025,2,HYUNDAI,HYUNDAI I20,2143
2025,2,SUZUKI,SUZUKI SWIFT,2092
2025,2,RENAULT,RENAULT SYMBIOZ,2091
2025,2,FORD,FORD TOURNEO,2083
2025,2,MERCEDES,MERCEDES GLA CLASS,2074
2025,2,HONDA,HONDA JAZZ,2066
2025,2,KIA,KIA STONIC,2052
2025,2,POLESTAR,POLESTAR POLESTAR 4,2036
2025,2,CUPRA,CUPRA TERRAMAR,2035
2025,2,VOLKSWAGEN,VOLKSWAGEN T-CROSS,2004
2025,2,POLESTAR,POLESTAR 2,1888
2025,2,SKODA,SKODA FABIA,1860
2025,2,TOYOTA,TOYOTA PRIUS,1855
2025,2,VOLVO,VOLVO XC90,1822
2025,2,BMW,BMW X5,1808
2025,2,LEXUS,LEXUS LBX,1784
2025,2,AUDI,AUDI A5,1756
2025,2,PORSCHE,PORSCHE MACAN,1755
2025,2,AUDI,AUDI Q2,1710
2025,2,SEAT,SEAT ARONA,1709
2025,2,VOLKSWAGEN,VOLKSWAGEN ID7 GTX,1689
2025,2,OMODA,OMODA E5 COMFORT,1648
2025,2,FIAT,FIAT 600,1593
2025,2,MERCEDES,MERCEDES GLC CLASS,1585
2025,2,MG,MG 4,1567
2025,2,RENAULT,RENAULT SCENIC,1557
2025,2,MAZDA,MAZDA CX-30,1538
2025,2,PEUGEOT,PEUGEOT 5008,1537
2025,2,VOLKSWAGEN,VOLKSWAGEN TAIGO,1502
2025,2,MERCEDES,MERCEDES EQA CLASS,1461
2025,2,OMODA,OMODA 5 NOBLE AUTO,1448
2025,2,AUDI,AUDI Q5,1432
2025,2,DACIA,DACIA SPRING,1419
2025,2,RENAULT,RENAULT AUSTRAL,1409
2025,2,HONDA,HONDA HR-V,1403
2025,2,CUPRA,CUPRA LEON,1395
2025,2,TOYOTA,TOYOTA RAV4,1379
2025,2,SKODA,SKODA SCALA,1287
2025,2,SKODA,SKODA SUPERB,1271
2025,2,DACIA,DACIA JOGGER,1238
2025,2,LAND ROVER,LAND ROVER RANGE ROVER VELAR,1237
2025,2,LAND ROVER,LAND ROVER RANGE ROVER,1227
2025,2,CITROEN,CITROEN C3,1218
2025,2,DACIA,DACIA SANDERO,1210
2025,2,MERCEDES,MERCEDES EQB CLASS,1201
2025,2,BYD,BYD ATTO 3,1196
2025,2,CITROEN,CITROEN C4,1186
2025,2,FORD,FORD CAPRI PREMIUM EV,1186
2025,2,HYUNDAI,HYUNDAI TUCSON ADVANCE PHEV AUTO,1155
2025,2,BMW,BMW M SERIES,1121
2025,2,HYUNDAI,HYUNDAI INSTER,1118
2025,2,BMW,BMW 5 SERIES,1115
2025,2,VOLKSWAGEN,VOLKSWAGEN TAYRON ELEGANCE ETSI S-A,1111
2025,2,VOLKSWAGEN,VOLKSWAGEN ID BUZZ,1108
2025,2,RENAULT,RENAULT 5 ICONIC E-TECH EV,1098
2025,2,MERCEDES,MERCEDES GLB CLASS,1079
2025,2,MERCEDES,MERCEDES C CLASS,1072
2025,2,MAZDA,MAZDA 3,1058
2025,2,JAECOO,JAECOO 7 DELUXE AUTO,989
2025,2,PEUGEOT,PEUGEOT RIFTER,974
2025,2,MERCEDES,MERCEDES AMG CLASS,969
2025,2,HYUNDAI,HYUNDAI SANTA FE,947
2025,2,MG,MG MG S5 SE EV,928
2025,2,RENAULT,RENAULT 5 TECHNO E-TECH EV,921
2025,2,CUPRA,CUPRA TAVASCAN,919
2025,2,HYUNDAI,HYUNDAI IONIQ,900
2025,2,RENAULT,RENAULT MEGANE,850
2025,2,PEUGEOT,PEUGEOT E-5008 ALLURE,837
2025,2,VAUXHALL,VAUXHALL ASTRA,827
2025,2,KIA,KIA XCEED,822
2025,2,LEXUS,LEXUS NX 450,807
2025,2,AUDI,AUDI A6,798
2025,2,VOLKSWAGEN,VOLKSWAGEN MULTIVAN,783
2025,2,KIA,KIA EV9,778
2025,2,SUZUKI,SUZUKI VITARA,766
2025,2,TOYOTA,TOYOTA BZ4X,762
2025,2,MINI,MINI JOHN COOPER WORKS,761
2025,2,TOYOTA,TOYOTA MODEL MISSING,740
2025,2,VOLVO,VOLVO EX40,737
2025,2,MINI,MINI ACEMAN CLASSIC ELECTRIC,728
2025,2,VOLKSWAGEN,VOLKSWAGEN ID5,723
2025,2,PORSCHE,PORSCHE 911,718
2025,2,MAZDA,MAZDA 2,716
2025,2,PORSCHE,PORSCHE CAYENNE,704
2025,2,MAZDA,MAZDA CX-60,703
2025,2,CITROEN,CITROEN C5,701
2025,2,POLESTAR,POLESTAR POLESTAR 3,699
2025,2,KIA,KIA EV6,696
2025,2,SEAT,SEAT LEON,677
2025,2,RENAULT,RENAULT TRAFIC,655
2025,2,SEAT,SEAT ATECA,652
2025,2,BMW,BMW I5,649
2025,2,VOLKSWAGEN,VOLKSWAGEN CADDY,603
2025,2,BMW,BMW 4 SERIES,582
2025,2,DACIA,DACIA BIGSTER EXPRESSION HEV AUTO,576
2025,2,BYD,BYD DOLPHIN COMFORT EV,573
2025,2,CITROEN,CITROEN E-C3 +,572
2025,2,BMW,BMW 7 SERIES,565
2025,2,SUZUKI,SUZUKI S-CROSS,551
2025,2,KIA,KIA SORENTO,550
2025,2,HONDA,HONDA CR-V,537
2025,2,BMW,BMW X2,532
2025,2,VOLKSWAGEN,VOLKSWAGEN PASSAT,527
2025,2,MINI,MINI MINI COOPER SE,521
2025,2,HYUNDAI,HYUNDAI MODEL MISSING,511
2025,2,PEUGEOT,PEUGEOT 308,495
2025,2,HYUNDAI,HYUNDAI BAYON PREMIUM,492
2025,2,MERCEDES,MERCEDES E CLASS,488
2025,2,LEXUS,LEXUS RX 450,488
2025,2,BYD,BYD DOLPHIN,487
2025,2,VAUXHALL,VAUXHALL COMBO,485
2025,2,MERCEDES-BENZ,MERCEDES-BENZ EQE 350+,482
2025,2,HYUNDAI,HYUNDAI IONIQ 5,477
2025,2,OMODA,OMODA 9 NOBLE PHEV AUTO,469
2025,2,PORSCHE,PORSCHE TAYCAN,455
2025,2,NISSAN,NISSAN ARIYA,451
2025,2,VOLVO,VOLVO V60,439
2025,2,AUDI,AUDI Q7,429
2025,2,MAZDA,MAZDA MX-5,427
2025,2,TOYOTA,TOYOTA PROACE,408
2025,2,BMW,BMW M3,407
2025,2,MERCEDES,MERCEDES GLE CLASS,397
2025,2,CITROEN,CITROEN SPACETOURER,396
2025,2,BMW,BMW M2,395
2025,2,AUDI,AUDI RS3,379
2025,2,PORSCHE,PORSCHE 718,379
2025,2,HONDA,HONDA CIVIC,377
2025,2,LEXUS,LEXUS UX 300,373
2025,2,PEUGEOT,PEUGEOT 408,369
2025,2,NISSAN,NISSAN MODEL MISSING,368
2025,2,HYUNDAI,HYUNDAI I20 N,367
2025,2,HYUNDAI,HYUNDAI BAYON ULTIMATE,349
2025,2,CITROEN,CITROEN E-BERLINGO,348
2025,2,ALFA ROMEO,ALFA ROMEO JUNIOR,347
2025,2,LEXUS,LEXUS RZ 300E,346
2025,2,BMW,BMW X7,334
2025,2,AUDI,AUDI S3,334
2025,2,AUDI,AUDI Q8,333
2025,2,TOYOTA,TOYOTA ESTIMA,331
2025,2,RENAULT,RENAULT RAFALE,329
2025,2,DS,DS DS7,321
2025,2,VOLKSWAGEN,VOLKSWAGEN MODEL MISSING,319
2025,2,AUDI,AUDI MODEL MISSING,318
2025,2,BMW,BMW M4,316
2025,2,VOLKSWAGEN,VOLKSWAGEN TOUAREG,311
2025,2,HYUNDAI,HYUNDAI BAYON ADVANCE,304
2025,2,CITROEN,CITROEN BERLINGO,298
2025,2,MERCEDES-BENZ,MERCEDES-BENZ E 300 URBAN EDITION,298
2025,2,PEUGEOT,PEUGEOT 208 GT PREMIUM AUTO,288
2025,2,BYD,BYD DOLPHIN DESIGN EV,284
2025,2,HONDA,HONDA MODEL MISSING,276
2025,2,GENESIS,GENESIS GV60,273
2025,2,FIAT,FIAT 600E,272
2025,2,AUDI,AUDI S5,269
2025,2,LEXUS,LEXUS RZ 450,264
2025,2,FORD,FORD MUSTANG MACH-E,247
2025,2,MERCEDES,MERCEDES VITO,242
2025,2,VOLVO,VOLVO EX90 PLUS AWD,241
2025,2,VOLKSWAGEN,VOLKSWAGEN ID7 MATCH PRO,237
2025,2,MERCEDES-BENZ,MERCEDES-BENZ CLA 180 SPORT EDITION MHEV A,236
2025,2,FIAT,FIAT 500,231
2025,2,CITROEN,CITROEN E-C4,222
2025,2,VOLVO,VOLVO V90,220
2025,2,ALPINE,ALPINE A290 GT EV,218
2025,2,BMW,BMW XM,217
2025,2,BMW,BMW MODEL MISSING,216
2025,2,PORSCHE,PORSCHE PANAMERA,211
2025,2,MERCEDES,MERCEDES MODEL MISSING,204
2025,2,BMW,BMW Z4,201
2025,2,SUBARU,SUBARU FORESTER,199
2025,2,LEAPMOTOR,LEAPMOTOR T03,197
2025,2,VOLKSWAGEN,VOLKSWAGEN UP,197
2025,2,TOYOTA,TOYOTA NOAH,191
2025,2,TOYOTA,TOYOTA VELLFIRE,191
2025,2,VOLKSWAGEN,VOLKSWAGEN TOURAN,189
2025,2,MERCEDES-BENZ,MERCEDES-BENZ EQA 250PLUS URBAN EDITION,186
2025,2,LAMBORGHINI,LAMBORGHINI URUS,185
2025,2,AUDI,AUDI SQ5,184
2025,2,DS,DS DS4,182
2025,2,OMODA,OMODA 5 COMFORT AUTO,182
2025,2,MERCEDES-BENZ,MERCEDES-BENZ EQE 350,178
2025,2,MAZDA,MAZDA CX-80 EXCLUSIVE-LINE D MHEV A,176
2025,2,LEXUS,LEXUS NX 350,165
2025,2,CUPRA,CUPRA ATECA,165
2025,2,SUBARU,SUBARU C-TREK TORING EBXR SYM AWD CVT,159
2025,2,LEAPMOTOR,LEAPMOTOR C10,152
2025,2,MAZDA,MAZDA MX-30,149
2025,2,ALFA ROMEO,ALFA ROMEO TONALE,149
2025,2,VOLVO,VOLVO MODEL MISSING,147
2025,2,MERCEDES-BENZ,MERCEDES-BENZ GLE 450,147
2025,2,HONDA,HONDA E,140
2025,2,TOYOTA,TOYOTA LAND CRUISER FIRST EDITION D A,140
2025,2,BMW,BMW X4,140
2025,2,NISSAN,NISSAN ELGRAND,138
2025,2,BENTLEY,BENTLEY CONTINENTAL,138
2025,2,KIA,KIA PROCEED,137
2025,2,LAND ROVER,LAND ROVER MODEL MISSING,134
2025,2,SUZUKI,SUZUKI MODEL MISSING,134
2025,2,OTHER BRITISH,OTHER BRITISH MODEL MISSING,132
2025,2,MERCEDES-BENZ,MERCEDES-BENZ C 300 URBAN EDITION E AUTO,131
2025,2,AUDI,AUDI A4,129
2025,2,FORD,FORD TRANSIT CUSTOM,124
2025,2,BMW,BMW X6,122
2025,2,VAUXHALL,VAUXHALL VIVARO,121
2025,2,HONDA,HONDA ZR-V SPORT,120
2025,2,MERCEDES,MERCEDES CLE 300 AMG,120
2025,2,JEEP,JEEP COMPASS,119
2025,2,KGM,KGM TIVOLI,119
2025,2,MERCEDES-BENZ,MERCEDES-BENZ EQB 250PLUS URBAN EDITION,118
2025,2,MERCEDES,MERCEDES V CLASS,118
2025,2,MERCEDES-BENZ,MERCEDES-BENZ V 300,117
2025,2,FORD,FORD MODEL MISSING,110
2025,2,MERCEDES-BENZ,MERCEDES-BENZ EQE 500,108
2025,2,DS,DS DS3,105
2025,2,MINI,MINI MINI COOPER EXCLUSIVE ELECTRIC,105
2025,2,HONDA,HONDA FIT,105
2025,2,PEUGEOT,PEUGEOT RIFTER ALLURE BLUEHDI,104
2025,2,AUDI,AUDI SQ6 E-TRON,103
2025,2,MERCEDES,MERCEDES CLE 200 AMG,102
2025,2,MERCEDES-BENZ,MERCEDES-BENZ CLE 300,101
2025,2,SMART,SMART 1 PRO,99
2025,2,VOLVO,VOLVO EC40,99
2025,2,FORD,FORD MUSTANG,97
2025,2,MERCEDES-BENZ,MERCEDES-BENZ GLE 400,97
2025,2,RENAULT,RENAULT 5 EVOLUTION E-TECH EV,96
2025,2,SMART,SMART 1 PREMIUM,95
2025,2,XPENG,XPENG G6 LONG RANGE,95
2025,2,KGM,KGM TORRES,94
2025,2,MERCEDES,MERCEDES B CLASS,94
2025,2,TOYOTA,TOYOTA ALPHARD,94
2025,2,SUZUKI,SUZUKI JIMNY,90
2025,2,HONDA,HONDA STEPWAGON,89
2025,2,HYUNDAI,HYUNDAI I30 ADVANCE MHEV,89
2025,2,SUBARU,SUBARU OUTBACK,86
2025,2,GENESIS,GENESIS GV70,85
2025,2,PEUGEOT,PEUGEOT TRAVELLER,80
2025,2,SUZUKI,SUZUKI SWACE,78
2025,2,MERCEDES-BENZ,MERCEDES-BENZ AMG G 63,77
2025,2,AUDI,AUDI RS6,77
2025,2,BENTLEY,BENTLEY BENTAYGA,74
2025,2,AUDI,AUDI S6,73
2025,2,DS,DS DS 4 PALLAS,72
2025,2,MERCEDES,MERCEDES GLS CLASS,72
2025,2,MERCEDES-BENZ,MERCEDES-BENZ V 220,72
2025,2,MERCEDES,MERCEDES EQS CLASS,71
2025,2,MG,MG CYBERSTER,70
2025,2,VOLKSWAGEN,VOLKSWAGEN CRAFTER,70
2025,2,GWM,GWM GWM HAVAL JOLION PRO A,70
2025,2,MERCEDES-BENZ,MERCEDES-BENZ G 580 WTH EQ-TECHNOLOGY ED ONE,67
2025,2,INEOS,INEOS GRENADIER,67
2025,2,ASTON MARTIN,ASTON MARTIN DB1,66
2025,2,MITSUBISHI,MITSUBISHI MODEL MISSING,65
2025,2,NISSAN,NISSAN MICRA,65
2025,2,MERCEDES,MERCEDES SPRINTER,64
2025,2,ASTON MARTIN,ASTON MARTIN DBX,64
2025,2,PEUGEOT,PEUGEOT BOXER,63
2025,2,MERCEDES-BENZ,MERCEDES-BENZ MODEL MISSING,62
2025,2,RENAULT,RENAULT MASTER,62
2025,2,LEXUS,LEXUS ES 300,62
2025,2,LOTUS,LOTUS EMEYA,61
2025,2,ALPINE,ALPINE A110,61
2025,2,MERCEDES,MERCEDES CLE 220 AMG,60
2025,2,AUDI,AUDI SQ2,60
2025,2,ROLLS ROYCE,ROLLS ROYCE CULLINAN,60
2025,2,TOYOTA,TOYOTA AQUA,59
2025,2,JEEP,JEEP RENEGADE,58
2025,2,LOTUS,LOTUS ELETRE,57
2025,2,MASERATI,MASERATI GRECALE,55
2025,2,RENAULT,RENAULT ARKANA,55
2025,2,MINI,MINI MINI COOPER CLASSIC ELECTRIC,54
2025,2,TOYOTA,TOYOTA LANDCRUISER,54
2025,2,MERCEDES-BENZ,MERCEDES-BENZ AMG GLC,54
2025,2,ASTON MARTIN,ASTON MARTIN VANTAGE,54
2025,2,FERRARI,FERRARI 12CILINDRI CAVALINO S-A,54
2025,2,LAND ROVER,LAND ROVER DISCOVRY 35TH ANNIV ED DMHEV A,53
2025,2,MERCEDES-BENZ,MERCEDES-BENZ AMG C,52
2025,2,KGM,KGM KORANDO,52
2025,2,SUBARU,SUBARU MODEL MISSING,52
2025,2,ALFA ROMEO,ALFA ROMEO GIULIA,51
2025,2,LOTUS,LOTUS EMIRA,50
2025,2,BMW,BMW 8 SERIES,47
2025,2,JAGUAR,JAGUAR MODEL MISSING,46
2025,2,LEXUS,LEXUS RX 350,45
2025,2,AUDI,AUDI RSQ8 PRF CBN BLK TFSI MHEV Q A,45
2025,2,JEEP,JEEP GRAND CHEROKEE,44
2025,2,VOLVO,VOLVO V40,43
2025,2,TOYOTA,TOYOTA VITZ,42
2025,2,FERRARI,FERRARI 296,42
2025,2,BENTLEY,BENTLEY MODEL MISSING,40
2025,2,RENAULT,RENAULT 4 ICONIC E-TECH EV,40
2025,2,AUDI,AUDI SQ7,40
2025,2,MERCEDES,MERCEDES S CLASS,39
2025,2,SUZUKI,SUZUKI SX4,39
2025,2,BENTLEY,BENTLEY FLYING SPUR,39
2025,2,MAZDA,MAZDA MODEL MISSING,39
2025,2,MERCEDES-BENZ,MERCEDES-BENZ S580 MYBCH NT SERIES MHEV 4M A,39
2025,2,MERCEDES-BENZ,MERCEDES-BENZ AMG GT,38
2025,2,CITROEN,CITROEN MODEL MISSING,37
2025,2,VOLVO,VOLVO V70,37
2025,2,DS,DS DS9,37
2025,2,FORD,FORD TRANSIT,36
2025,2,AUDI,AUDI A8,36
2025,2,PEUGEOT,PEUGEOT MODEL MISSING,36
2025,2,FERRARI,FERRARI PUROSANGUE,36
2025,2,RENAULT TRUCKS,RENAULT TRUCKS TRAFIC,35
2025,2,MERCEDES-BENZ,MERCEDES-BENZ E 200,35
2025,2,CATERHAM,CATERHAM MODEL MISSING,35
2025,2,FERRARI,FERRARI ROMA,35
2025,2,ABARTH,ABARTH 500,34
2025,2,BMW,BMW IX3,34
2025,2,XPENG,XPENG G6 STANDARD RANGE,34
2025,2,KGM,KGM REXTON,34
2025,2,VOLKSWAGEN,VOLKSWAGEN BEETLE,34
2025,2,VAUXHALL,VAUXHALL MOVANO,33
2025,2,LEXUS,LEXUS MODEL MISSING,33
2025,2,KIA,KIA MODEL MISSING,32
2025,2,MERCEDES-BENZ,MERCEDES-BENZ G 450 AMG LINE PREM + D MHEV A,32
2025,2,ASTON MARTIN,ASTON MARTIN MODEL MISSING,32
2025,2,MINI,MINI MINI COOPER SPORT ELECTRIC,31
2025,2,DODGE,DODGE MODEL MISSING,31
2025,2,FORD,FORD ESCORT,31
2025,2,ABARTH,ABARTH 600E,30
2025,2,LEXUS,LEXUS LM 350H,30
2025,2,MERCEDES-BENZ,MERCEDES-BENZ S 450 L AMG LINE PREM + E 4M A,30
2025,2,AUDI,AUDI S E-TRON GT LAUNCH ED QUATTRO,28
2025,2,DS,DS DS 4 ETOILE,28
2025,2,SUBARU,SUBARU IMPREZA,28
2025,2,JEEP,JEEP WRANGLER,27
2025,2,RENAULT,RENAULT MODEL MISSING,26
2025,2,ALFA ROMEO,ALFA ROMEO STELVIO,26
2025,2,AUDI,AUDI A7,26
2025,2,MERCEDES,MERCEDES CLE 450 AMG,26
2025,2,AUDI,AUDI SQ8,25
2025,2,MERCEDES,MERCEDES COLEMAN MILNE,25
2025,2,SUZUKI,SUZUKI IGNIS,25
2025,2,MCLAREN,MCLAREN ARTURA,25
2025,2,SMART,SMART 1 BRABUS,24
2025,2,SMART,SMART 3 BRABUS,24
2025,2,SMART,SMART 3 PREMIUM,23
2025,2,SMART,SMART 3 PRO,23
2025,2,PORSCHE,PORSCHE MODEL MISSING,23
2025,2,VOLKSWAGEN,VOLKSWAGEN ARTEON,23
2025,2,TOYOTA,TOYOTA SIENTA,23
2025,2,KGM,KGM ACTYON K50 AUTO,23
2025,2,INEOS,INEOS GRENADIER FIELDMASTER ED D A,22
2025,2,NISSAN,NISSAN NOTE,22
2025,2,PEUGEOT,PEUGEOT ALLIED,21
2025,2,VOLKSWAGEN,VOLKSWAGEN TRANSPORTER,21
2025,2,HONDA,HONDA ODYSSEY,21
2025,2,MERCEDES-BENZ,MERCEDES-BENZ EQV 300 EXECUTIVE EXTRA-LONG,20
2025,2,PEUGEOT,PEUGEOT 2008 GT PREMIUM EV,20
2025,2,CHEVROLET,CHEVROLET MODEL MISSING,20
2025,2,VOLKSWAGEN,VOLKSWAGEN CALIFORNIA,20
2025,2,MERCEDES,MERCEDES CLE 300 PREMIER ED MHEV 4M A,19
2025,2,ROLLS ROYCE,ROLLS ROYCE GHOST,19
2025,2,LAMBORGHINI,LAMBORGHINI REVUELTO V12 PHEV S-A,19
2025,2,MERCEDES-BENZ,MERCEDES-BENZ AMG E,18
2025,2,FIAT,FIAT MODEL MISSING,17
2025,2,MAXUS,MAXUS DELIVER,17
2025,2,LEXUS,LEXUS RX 500,17
2025,2,AUDI,AUDI S4,17
2025,2,BMW,BMW M1,17
2025,2,JEEP,JEEP MODEL MISSING,17
2025,2,RENAULT,RENAULT 5 ROLAND GARROS E-TECH EV,16
2025,2,SKODA,SKODA MODEL MISSING,16
2025,2,HONDA,HONDA ACCORD,16
2025,2,MERCEDES,MERCEDES CLE 200 PREMIER,16
2025,2,NISSAN,NISSAN SERENA,16
2025,2,TOYOTA,TOYOTA FJ CRUISER,16
2025,2,FISKER,FISKER OCEAN,15
2025,2,MERCEDES-BENZ,MERCEDES-BENZ EQS 350 BUSINESS CLASS,15
2025,2,POLESTAR,POLESTAR MODEL MISSING,15
2025,2,ROLLS ROYCE,ROLLS ROYCE,15
2025,2,FORD,FORD FIESTA,15
2025,2,MERCEDES-BENZ,MERCEDES-BENZ E 300,15
2025,2,MERCEDES-BENZ,MERCEDES-BENZ E 300 EXCLUSIVE PREMIUM,15
2025,2,SUZUKI,SUZUKI ACROSS,15
2025,2,BMW,BMW ALPINA,14
2025,2,MERCEDES-BENZ,MERCEDES-BENZ E 220 EXCLUSIVE,14
2025,2,MINI,MINI MODEL MISSING,14
2025,2,LEVC,LEVC MODEL MISSING,13
2025,2,MINI,MINI CLUBMAN,13
2025,2,VOLVO,VOLVO S60,13
2025,2,TOYOTA,TOYOTA CROWN,13
2025,2,ASTON MARTIN,ASTON MARTIN VANQUISH,13
2025,2,BMW,BMW M8,13
2025,2,MORGAN,MORGAN PLUS 4,13
2025,2,SUBARU,SUBARU LEGACY,13
2025,2,FERRARI,FERRARI SF90,13
2025,2,AUDI,AUDI E-TRON,12
2025,2,MAXUS,MAXUS MIFA,12
2025,2,MERCEDES,MERCEDES 200,12
2025,2,AUDI,AUDI RS5,12
2025,2,CHEVROLET GMC,CHEVROLET GMC CORVETTE,12
2025,2,CHEVROLET GMC,CHEVROLET GMC MODEL MISSING,12
2025,2,JAGUAR,JAGUAR XK SERIES,12
2025,2,VOLKSWAGEN,VOLKSWAGEN SHARAN,12
2025,2,GENESIS,GENESIS G80,11
2025,2,GWM,GWM ORA 03 PRO,11
2025,2,FORD,FORD ALLIED,11
2025,2,HYUNDAI,HYUNDAI I30,11
2025,2,NISSAN,NISSAN CUBE,11
2025,2,PEUGEOT,PEUGEOT 508,11
2025,2,AUSTIN HEALEY,AUSTIN HEALEY MODEL MISSING,10
2025,2,CADILLAC,CADILLAC MODEL MISSING,10
2025,2,GWM,GWM ORA 03 GT,10
2025,2,HYUNDAI,HYUNDAI IONIQ 9 CALLIGRAPHY EV 4X4,10
2025,2,RENAULT,RENAULT 4 TECHNO E-TECH EV,10
2025,2,AUDI,AUDI S7,10
2025,2,OPEL,OPEL MODEL MISSING,10
2025,2,SUBARU,SUBARU CROSSTREK LTD EBXR SYM AWD CVT,10
2025,2,ALFA ROMEO,ALFA ROMEO MODEL MISSING,10
2025,2,MERCEDES,MERCEDES EQV CLASS,9
2025,2,MERCEDES-BENZ,MERCEDES-BENZ AMG EQE,9
2025,2,MAZDA,MAZDA DEMIO,9
2025,2,NISSAN,NISSAN SILVIA,9
2025,2,AUDI,AUDI RS4,9
2025,2,CHRYSLER,CHRYSLER MODEL MISSING,9
2025,2,MCLAREN,MCLAREN 750S,9
2025,2,NISSAN,NISSAN SKYLINE,9
2025,2,HONDA,HONDA S660,8
2025,2,ARIEL,ARIEL MODEL MISSING,8
2025,2,BMW,BMW M5,8
2025,2,FERRARI,FERRARI MODEL MISSING,8
2025,2,JAGUAR,JAGUAR E TYPE,8
2025,2,MINI,MINI ONE,8
2025,2,ROLLS ROYCE,ROLLS ROYCE MODEL MISSING,8
2025,2,TOYOTA,TOYOTA ALTEZZA,8
2025,2,MASERATI,MASERATI GRANCABRIO,7
2025,2,MASERATI,MASERATI GRANTURISMO,7
2025,2,MG,MG MODEL MISSING,7
2025,2,TOYOTA,TOYOTA HIACE,7
2025,2,CHEVROLET,CHEVROLET CORVETTE,7
2025,2,CHEVROLET GMC,CHEVROLET GMC CAMARO,7
2025,2,MCLAREN,MCLAREN MODEL MISSING,7
2025,2,NISSAN,NISSAN MARCH,7
2025,2,DS,DS NO 8 ETOILE EV,6
2025,2,VOLVO,VOLVO C40,6
2025,2,MAN,MAN TGE,6
2025,2,TOYOTA,TOYOTA HIGHLANDER,6
2025,2,AUDI,AUDI RS Q8 LNCH ED TFSI MHEV QUAT A,6
2025,2,AUSTIN,AUSTIN MINI,6
2025,2,FORD,FORD CORTINA,6
2025,2,LAMBORGHINI,LAMBORGHINI HURACAN,6
2025,2,MITSUBISHI,MITSUBISHI LANCER,6
2025,2,ROLLS ROYCE,ROLLS ROYCE PHANTOM,6
2025,2,SKODA,SKODA RAPID,6
2025,2,POLESTAR,POLESTAR POLESTAR3 PILOT+ PRFMNC EV AWD,5
2025,2,DACIA,DACIA MODEL MISSING,5
2025,2,VAUXHALL,VAUXHALL MODEL MISSING,5
2025,2,VOLKSWAGEN,VOLKSWAGEN JETTA,5
2025,2,MERCEDES,MERCEDES CLE 220 PREMIER,5
2025,2,MERCEDES-BENZ,MERCEDES-BENZ A 200 PREMIER EDITION MHEV A,5
2025,2,MERCEDES-BENZ,MERCEDES-BENZ G 500 AMG LINE PREM + MHEV A,5
2025,2,AUSTIN,AUSTIN MODEL MISSING,5
2025,2,FORD,FORD SIERRA,5
2025,2,HONDA,HONDA INTEGRA,5
2025,2,HONDA,HONDA S2000,5
2025,2,LANCIA,LANCIA MODEL MISSING,5
2025,2,MERCURY,MERCURY MODEL MISSING,5
2025,2,MERCEDES-BENZ,MERCEDES-BENZ GLE 350 URBAN EDITION DE 4M A,5
2025,2,MERCEDES,MERCEDES EQE CLASS,4
2025,2,MG,MG 5,4
2025,2,SKYWELL,SKYWELL BE11 LONG RANGE,4
2025,2,SMART,SMART MODEL MISSING,4
2025,2,FORD,FORD MONDEO,4
2025,2,JAGUAR,JAGUAR XJ SERIES,4
2025,2,MERCEDES,MERCEDES 300,4
2025,2,SEAT,SEAT MODEL MISSING,4
2025,2,LEXUS,LEXUS LS 600,4
2025,2,MERCEDES-BENZ,MERCEDES-BENZ E 450 EXCLUSVE,4
2025,2,HONDA,HONDA INSIGHT,4
2025,2,TOYOTA,TOYOTA MR2,4
2025,2,AUDI,AUDI RS7,4
2025,2,AUDI,AUDI TT,4
2025,2,KOENIGSEGG,KOENIGSEGG MODEL MISSING,4
2025,2,LAMBORGHINI,LAMBORGHINI MODEL MISSING,4
2025,2,MCLAREN,MCLAREN GT,4
2025,2,TOYOTA,TOYOTA 4-RUNNER,4
2025,2,TOYOTA,TOYOTA CELICA,4
2025,2,TOYOTA,TOYOTA CENTURY,4
2025,2,VOLVO,VOLVO 850,4
2025,2,WESTFIELD,WESTFIELD MODEL MISSING,4
2025,2,LOTUS,LOTUS MODEL MISSING,3
2025,2,TESLA,TESLA MODEL S,3
2025,2,ZURN HARVESTING,ZURN HARVESTING Z160,3
2025,2,FORD,FORD GALAXY,3
2025,2,KIA,KIA CARENS,3
2025,2,NISSAN,NISSAN PRIMASTAR,3
2025,2,SEAT,SEAT TARRACO,3
2025,2,MERCEDES-BENZ,MERCEDES-BENZ GLE 300 URBAN ED D MHEV 4M A,3
2025,2,LEXUS,LEXUS CT 200,3
2025,2,ALFA ROMEO,ALFA ROMEO SPIDER,3
2025,2,AUDI,AUDI S8,3
2025,2,AUSTIN,AUSTIN HEALEY,3
2025,2,CITROEN,CITROEN 2CV,3
2025,2,DATSUN,DATSUN 240,3
2025,2,DATSUN,DATSUN MODEL MISSING,3
2025,2,FERRARI,FERRARI DAYTONA,3
2025,2,FORD,FORD ANGLIA,3
2025,2,HONDA,HONDA N-VAN,3
2025,2,JEEP,JEEP CHEROKEE,3
2025,2,LADA,LADA MODEL MISSING,3
2025,2,LAND ROVER,LAND ROVER FREELANDER,3
2025,2,MAZDA,MAZDA BONGO FRIENDEE A,3
2025,2,MERCEDES,MERCEDES SL CLASS,3
2025,2,MG,MG MGB,3
2025,2,MG,MG ROADSTER,3
2025,2,MORGAN,MORGAN PLUS 6,3
2025,2,MORGAN,MORGAN PLUS SIX AUTO,3
2025,2,MORRIS,MORRIS MINI,3
2025,2,MORRIS,MORRIS MINOR,3
2025,2,PONTIAC,PONTIAC FIREBIRD,3
2025,2,PORSCHE,PORSCHE 944,3
2025,2,RENAULT,RENAULT TWINGO,3
2025,2,ROVER,ROVER MODEL MISSING,3
2025,2,SUZUKI,SUZUKI ALTO,3
2025,2,TRIUMPH,TRIUMPH MODEL MISSING,3
2025,2,VOLVO,VOLVO V50,3
2025,2,FORD,FORD COLEMAN MILNE,2
2025,2,TESLA,TESLA MODEL MISSING,2
2025,2,TESLA,TESLA MODEL X,2
2025,2,TESLA,TESLA ROADSTER,2
2025,2,VOLKSWAGEN,VOLKSWAGEN ID7 PRO LAUNCH EDITION 1,2
2025,2,CITROEN,CITROEN RELAY,2
2025,2,FORD,FORD C-MAX,2
2025,2,FORD,FORD S-MAX,2
2025,2,GORDON MURRAY,GORDON MURRAY MODEL MISSING,2
2025,2,JAGUAR,JAGUAR XE SERIES,2
2025,2,MITSUBISHI,MITSUBISHI SHOGUN,2
2025,2,NISSAN,NISSAN PATROL,2
2025,2,PEUGEOT,PEUGEOT HORIZON,2
2025,2,RENAULT,RENAULT KADJAR,2
2025,2,MERCEDES,MERCEDES CLE 450 PREMIER,2
2025,2,MERCEDES-BENZ,MERCEDES-BENZ GLS600,2
2025,2,TOYOTA,TOYOTA CAVALIER,2
2025,2,TOYOTA,TOYOTA SOARER,2
2025,2,ACURA,ACURA MODEL MISSING,2
2025,2,ASTON MARTIN,ASTON MARTIN DBS,2
2025,2,ASTON MARTIN,ASTON MARTIN LAGONDA,2
2025,2,BMW,BMW 6 SERIES,2
2025,2,BUGATTI,BUGATTI MODEL MISSING,2
2025,2,DAIHATSU,DAIHATSU COPEN,2
2025,2,DAIHATSU,DAIHATSU MODEL MISSING,2
2025,2,DAIMLER,DAIMLER MODEL MISSING,2
2025,2,DATSUN,DATSUN 1200,2
2025,2,FIAT,FIAT DINO,2
2025,2,FORD,FORD GRANADA,2
2025,2,GENESIS,GENESIS MODEL MISSING,2
2025,2,GORDON MURRAY,GORDON MURRAY T.50,2
2025,2,HOLDEN,HOLDEN MODEL MISSING,2
2025,2,HONDA,HONDA NSX,2
2025,2,INFINITI,INFINITI MODEL MISSING,2
2025,2,JENSEN,JENSEN INTERCEPTOR,2
2025,2,LANCIA,LANCIA FULVIA,2
2025,2,LEYLAND CARS,LEYLAND CARS MINI,2
2025,2,MASERATI,MASERATI GHIBLI,2
2025,2,MAZDA,MAZDA 6,2
2025,2,MAZDA,MAZDA RX-7,2
2025,2,MERCEDES,MERCEDES 190,2
2025,2,MERCEDES,MERCEDES 400,2
2025,2,MERCEDES,MERCEDES 500,2
2025,2,MERCEDES,MERCEDES G CLASS,2
2025,2,MERCEDES,MERCEDES ML CLASS,2
2025,2,MERCEDES-BENZ,MERCEDES-BENZ SL680 MAYBCH MONOGRAM SRS 4M A,2
2025,2,OPEL,OPEL KADETT,2
2025,2,PLYMOUTH,PLYMOUTH MODEL MISSING,2
2025,2,PONTIAC,PONTIAC MODEL MISSING,2
2025,2,PORSCHE,PORSCHE BOXSTER,2
2025,2,PORSCHE,PORSCHE CAYMAN,2
2025,2,ROVER,ROVER MINI,2
2025,2,ROVER,ROVER SD1,2
2025,2,SKODA,SKODA CITIGO,2
2025,2,TOYOTA,TOYOTA IPSUM,2
2025,2,TOYOTA,TOYOTA MARK II,2
2025,2,TRIUMPH,TRIUMPH DOLOMITE,2
2025,2,VOLVO,VOLVO 145,2
2025,2,VOLVO,VOLVO S80,2
2025,2,JAGUAR,JAGUAR FP RD,2
2025,2,JAGUAR,JAGUAR I-PACE,1
2025,2,MERCEDES-BENZ,MERCEDES-BENZ ECITAN,1
2025,2,MERCEDES-BENZ,MERCEDES-BENZ EQS 680 MAYBACH FIRST CLASS 4M,1
2025,2,MERCEDES-BENZ,MERCEDES-BENZ ESPRINTER,1
2025,2,NISSAN,NISSAN LEAF,1
2025,2,ORA,ORA 03 GT,1
2025,2,RENAULT,RENAULT 4 EVOLUTION E-TECH EV,1
2025,2,RENAULT,RENAULT FLUENCE,1
2025,2,SKYWELL,SKYWELL MODEL MISSING,1
2025,2,SMART,SMART FORTWO,1
2025,2,TOYOTA,TOYOTA MIRAI,1
2025,2,ALFA ROMEO,ALFA ROMEO GIULIETTA,1
2025,2,CHEVROLET,CHEVROLET CRUZE,1
2025,2,CHRYSLER,CHRYSLER 180,1
2025,2,CITROEN,CITROEN ALLIED FLEXILITE,1
2025,2,CITROEN,CITROEN ALLIED HORIZON,1
2025,2,FIAT,FIAT SCUDO STANDARD,1
2025,2,GENESIS,GENESIS G70,1
2025,2,INEOS,INEOS MODEL MISSING,1
2025,2,MITSUBISHI,MITSUBISHI OUTLANDER,1
2025,2,NISSAN,NISSAN PATHFINDER,1
2025,2,PEUGEOT,PEUGEOT ELDDIS,1
2025,2,PEUGEOT,PEUGEOT EXPERT,1
2025,2,PINZGAUER,PINZGAUER MODEL MISSING,1
2025,2,RENAULT,RENAULT LAGUNA,1
2025,2,SEAT,SEAT ALHAMBRA,1
2025,2,TOYOTA,TOYOTA AVENSIS,1
2025,2,HONDA,HONDA CR-Z,1
2025,2,HONDA,HONDA PRELUDE,1
2025,2,HYUNDAI,HYUNDAI BAYON,1
2025,2,JAGUAR,JAGUAR F-PACE,1
2025,2,MERCEDES-BENZ,MERCEDES-BENZ S580MYBC FST CLS NT SRS MHV4MA,1
2025,2,MOBILVETTA,MOBILVETTA MODEL MISSING,1
2025,2,TOYOTA,TOYOTA SPRINTER,1
2025,2,VOLVO,VOLVO S90,1
2025,2,ABARTH,ABARTH 595,1
2025,2,ALFA ROMEO,ALFA ROMEO 145,1
2025,2,ALFA ROMEO,ALFA ROMEO 2000,1
2025,2,ALFA ROMEO,ALFA ROMEO 4C,1
2025,2,ALFA ROMEO,ALFA ROMEO 6,1
2025,2,ALFA ROMEO,ALFA ROMEO ALFASUD,1
2025,2,ALFA ROMEO,ALFA ROMEO BRERA,1
2025,2,ALFA ROMEO,ALFA ROMEO MONTREAL,1
2025,2,ASTON MARTIN,ASTON MARTIN DB7,1
2025,2,ASTON MARTIN,ASTON MARTIN VALOUR V12,1
2025,2,AUDI,AUDI 200,1
2025,2,AUDI,AUDI 80,1
2025,2,AUDI,AUDI COUPE,1
2025,2,AUDI,AUDI QUATTRO,1
2025,2,AUDI,AUDI RSQ3,1
2025,2,AUDI,AUDI TTS,1
2025,2,AUSTIN,AUSTIN SEVEN,1
2025,2,AUSTIN,AUSTIN SPRITE,1
2025,2,BMW,BMW 3.3 L,1
2025,2,BMW,BMW M6,1
2025,2,BMW,BMW Z1,1
2025,2,BMW,BMW Z3,1
2025,2,BUICK,BUICK MODEL MISSING,1
2025,2,CASE,CASE MODEL MISSING,1
2025,2,CHEVROLET,CHEVROLET CAMARO,1
2025,2,CHEVROLET,CHEVROLET LACETTI,1
2025,2,CHEVROLET GMC,CHEVROLET GMC CHEVELLE,1
2025,2,CHRYSLER,CHRYSLER NEW YORKER,1
2025,2,CITROEN,CITROEN BX,1
2025,2,CUPRA,CUPRA MODEL MISSING,1
2025,2,DAIHATSU,DAIHATSU HI-JET,1
2025,2,DAIHATSU,DAIHATSU MATERIA,1
2025,2,DAIHATSU,DAIHATSU MIRA,1
2025,2,DAIMLER,DAIMLER MAJESTIC,1
2025,2,DAIMLER,DAIMLER SOVEREIGN,1
2025,2,DAIMLER,DAIMLER SP 250,1
2025,2,DATSUN,DATSUN 280,1
2025,2,DATSUN,DATSUN 510,1
2025,2,DATSUN,DATSUN CHERRY,1
2025,2,DE TOMASO,DE TOMASO MODEL MISSING,1
2025,2,DIAMOND,DIAMOND MODEL MISSING,1
2025,2,FERRARI,FERRARI CALIFORNIA,1
2025,2,FERRARI,FERRARI F430,1
2025,2,FERRARI,FERRARI FF,1
2025,2,FIAT,FIAT 124,1
2025,2,FIAT,FIAT 850,1
2025,2,FIAT,FIAT PUNTO,1
2025,2,FIAT,FIAT UNO,1
2025,2,FORD,FORD B-MAX,1
2025,2,FORD,FORD CONSUL,1
2025,2,FORD,FORD ECOSPORT,1
2025,2,FORD,FORD F150,1
2025,2,FORD,FORD KA,1
2025,2,FORD,FORD PREFECT,1
2025,2,FORD,FORD THUNDERBIRD,1
2025,2,GAZ,GAZ MODEL MISSING,1
2025,2,HONDA,HONDA ACTY,1
2025,2,HONDA,HONDA CRX,1
2025,2,HONDA,HONDA GL1100D,1
2025,2,HONDA,HONDA LEGEND,1
2025,2,HUMMER,HUMMER MODEL MISSING,1
2025,2,JAGUAR,JAGUAR MK II,1
2025,2,KIA,KIA RIO,1
2025,2,LANCIA,LANCIA MONTECARLO,1
2025,2,LEXUS,LEXUS GS 300,1
2025,2,LEXUS,LEXUS RC F,1
2025,2,LEXUS,LEXUS SC 430,1
2025,2,LINCOLN,LINCOLN MODEL MISSING,1
2025,2,LOTUS,LOTUS ELAN,1
2025,2,LOTUS,LOTUS ELISE,1
2025,2,MASERATI,MASERATI GRAN TURISMO,1
2025,2,MAZDA,MAZDA 929,1
2025,2,MAZDA,MAZDA FAMILIA,1
2025,2,MAZDA,MAZDA R SERIES,1
2025,2,MERCEDES,MERCEDES CL CLASS,1
2025,2,MERCEDES,MERCEDES CLS CLASS,1
2025,2,MERCEDES-BENZ,MERCEDES-BENZ AMG A 45 S 4MATIC+ LEGACY ED A,1
2025,2,MG,MG METRO,1
2025,2,MG,MG MGA,1
2025,2,MG,MG MIDGET,1
2025,2,MG,MG RV8,1
2025,2,MG,MG ZT,1
2025,2,MGB,MGB MODEL MISSING,1
2025,2,MINI,MINI PACEMAN,1
2025,2,MITSUBISHI,MITSUBISHI MIRAGE,1
2025,2,MITSUBISHI,MITSUBISHI PAJERO,1
2025,2,MORGAN,MORGAN MODEL MISSING,1
2025,2,MORGAN,MORGAN ROADSTER,1
2025,2,MORRIS,MORRIS MODEL MISSING,1
2025,2,NISSAN,NISSAN 350,1
2025,2,NISSAN,NISSAN GT-R,1
2025,2,NISSAN,NISSAN MURANO,1
2025,2,NISSAN,NISSAN NV200,1
2025,2,NISSAN,NISSAN SUNNY,1
2025,2,OPEL,OPEL ASCONA,1
2025,2,OPEL,OPEL ASTRA,1
2025,2,PEUGEOT,PEUGEOT 104,1
2025,2,PEUGEOT,PEUGEOT 108,1
2025,2,PEUGEOT,PEUGEOT 205,1
2025,2,PEUGEOT,PEUGEOT 206,1
2025,2,PEUGEOT,PEUGEOT 207,1
2025,2,PEUGEOT,PEUGEOT 504,1
2025,2,PEUGEOT,PEUGEOT 505,1
2025,2,PIAGGIO,PIAGGIO MODEL MISSING,1
2025,2,POLARIS,POLARIS MODEL MISSING,1
2025,2,R-VISION,R-VISION MODEL MISSING,1
2025,2,RENAULT,RENAULT 17,1
2025,2,RENAULT,RENAULT GRAND SCENIC,1
2025,2,RENAULT,RENAULT GTA,1
2025,2,ROLLS ROYCE,ROLLS ROYCE DAWN,1
2025,2,ROVER,ROVER 2000 SERIES,1
2025,2,SAAB,SAAB 9-3,1
2025,2,SAAB,SAAB 9-5,1
2025,2,SAAB,SAAB 900,1
2025,2,SAAB,SAAB 96,1
2025,2,SKODA,SKODA YETI,1
2025,2,SSANGYONG,SSANGYONG TIVOLI,1
2025,2,STEYR,STEYR MODEL MISSING,1
2025,2,SUBARU,SUBARU XV,1
2025,2,SUNBEAM,SUNBEAM ALPINE,1
2025,2,SUNBEAM,SUNBEAM TIGER,1
2025,2,SUZUKI,SUZUKI CARRY,1
2025,2,SUZUKI,SUZUKI SPLASH,1
2025,2,TOYOTA,TOYOTA CARINA,1
2025,2,TOYOTA,TOYOTA CORONA,1
2025,2,TOYOTA,TOYOTA CRESSIDA,1
2025,2,TOYOTA,TOYOTA IQ,1
2025,2,TOYOTA,TOYOTA STARLET,1
2025,2,TOYOTA,TOYOTA TOWNACE,1
2025,2,TOYOTA,TOYOTA WILL VI,1
2025,2,TRIUMPH,TRIUMPH 1300,1
2025,2,TRIUMPH,TRIUMPH 2.5,1
2025,2,TRIUMPH,TRIUMPH 2000,1
2025,2,TRIUMPH,TRIUMPH TR2,1
2025,2,TRIUMPH,TRIUMPH TR4,1
2025,2,VAUXHALL,VAUXHALL CROSSLAND,1
2025,2,VAUXHALL,VAUXHALL INSIGNIA,1
2025,2,VAUXHALL,VAUXHALL VICTOR,1
2025,2,VAUXHALL,VAUXHALL VIVA,1
2025,2,VAUXHALL,VAUXHALL ZAFIRA,1
2025,2,VENTURI,VENTURI MODEL MISSING,1
2025,2,VOLKSWAGEN,VOLKSWAGEN 1303,1
2025,2,VOLKSWAGEN,VOLKSWAGEN 1600,1
2025,2,VOLKSWAGEN,VOLKSWAGEN KARMANN GHIA,1
2025,2,VOLKSWAGEN,VOLKSWAGEN LT 40,1
2025,2,VOLKSWAGEN,VOLKSWAGEN LUPO,1
2025,2,VOLKSWAGEN,VOLKSWAGEN MICROBUS,1
2025,2,VOLKSWAGEN,VOLKSWAGEN SCIROCCO,1
2025,2,VOLKSWAGEN,VOLKSWAGEN VARIANT,1
2025,2,VOLVO,VOLVO S70,1
2025,2,WOLSELEY,WOLSELEY HORNET,1
2025,2,ZENOS,ZENOS E10,1
2025,2,MERCEDES-BENZ,MERCEDES-BENZ AMG GLE 53 E 4MATIC+ AUTO,1
2025,2,MERCEDES-BENZ,MERCEDES-BENZ COLEMAN MILNE AUTO,1
2025,2,MERCEDES-BENZ,MERCEDES-BENZ S 580 L AMG,1
2025,3,KIA,KIA SPORTAGE,15718
2025,3,FORD,FORD PUMA,15145
2025,3,BYD,BYD SEAL DESIGN EV,12355
2025,3,NISSAN,NISSAN QASHQAI,10683
2025,3,VAUXHALL,VAUXHALL CORSA,9204
2025,3,TOYOTA,TOYOTA YARIS,9095
2025,3,VOLKSWAGEN,VOLKSWAGEN GOLF,8975
2025,3,NISSAN,NISSAN JUKE,8475
2025,3,VOLKSWAGEN,VOLKSWAGEN TIGUAN,8359
2025,3,MG,MG HS,7994
2025,3,JAECOO,JAECOO 7 LUXURY 4X4 AUTO,7775
2025,3,VOLVO,VOLVO XC40,7681
2025,3,VOLKSWAGEN,VOLKSWAGEN POLO,7146
2025,3,VOLKSWAGEN,VOLKSWAGEN T-ROC,7038
2025,3,PEUGEOT,PEUGEOT 2008,6898
2025,3,HYUNDAI,HYUNDAI TUCSON,6564
2025,3,AUDI,AUDI A3,6416
2025,3,TESLA,TESLA MODEL Y,6314
2025,3,HYUNDAI,HYUNDAI KONA,5933
2025,3,TESLA,TESLA MODEL 3,5918
2025,3,FORD,FORD KUGA,5648
2025,3,BMW,BMW 1 SERIES,5570
2025,3,MINI,MINI COOPER,5358
2025,3,PEUGEOT,PEUGEOT 3008,5145
2025,3,VAUXHALL,VAUXHALL MOKKA,5100
2025,3,RENAULT,RENAULT CLIO,4877
2025,3,MG,MG ZS,4781
2025,3,TOYOTA,TOYOTA AYGO,4665
2025,3,TOYOTA,TOYOTA C-HR,4655
2025,3,MERCEDES,MERCEDES A CLASS,4325
2025,3,AUDI,AUDI A1,4291
2025,3,MG,MG 3,4288
2025,3,AUDI,AUDI Q6 E-TRON,3937
2025,3,BMW,BMW IX,3644
2025,3,OMODA,OMODA 5 NOBLE AUTO,3637
2025,3,HONDA,HONDA JAZZ,3601
2025,3,AUDI,AUDI Q4,3515
2025,3,KIA,KIA PICANTO,3510
2025,3,VAUXHALL,VAUXHALL GRANDLAND,3453
2025,3,VOLVO,VOLVO XC60,3364
2025,3,LAND ROVER,LAND ROVER RANGE ROVER EVOQUE,3351
2025,3,FORD,FORD EXPLORER PREMIUM EV,3327
2025,3,MINI,MINI COUNTRYMAN,3322
2025,3,TOYOTA,TOYOTA COROLLA,3279
2025,3,SKODA,SKODA ELROQ EDITION,3253
2025,3,LAND ROVER,LAND ROVER RANGE ROVER SPORT,3194
2025,3,HYUNDAI,HYUNDAI I10,3156
2025,3,SKODA,SKODA FABIA,3152
2025,3,SKODA,SKODA KODIAQ,3114
2025,3,PEUGEOT,PEUGEOT 208,3099
2025,3,CUPRA,CUPRA FORMENTOR,3052
2025,3,SUZUKI,SUZUKI SWIFT,3034
2025,3,VOLVO,VOLVO EX30,3028
2025,3,SEAT,SEAT IBIZA,3028
2025,3,KIA,KIA EV3 AIR,2990
2025,3,MERCEDES,MERCEDES GLA CLASS,2946
2025,3,KIA,KIA NIRO,2943
2025,3,SKODA,SKODA KAMIQ,2943
2025,3,VOLKSWAGEN,VOLKSWAGEN ID3,2926
2025,3,SKODA,SKODA ENYAQ,2924
2025,3,BMW,BMW X1,2894
2025,3,FORD,FORD FOCUS,2884
2025,3,MERCEDES,MERCEDES CLA CLASS,2848
2025,3,MG,MG 4,2775
2025,3,BMW,BMW I4,2730
2025,3,KIA,KIA STONIC,2667
2025,3,CUPRA,CUPRA BORN,2652
2025,3,CUPRA,CUPRA TERRAMAR,2636
2025,3,RENAULT,RENAULT CAPTUR,2587
2025,3,MAZDA,MAZDA CX-30,2587
2025,3,SKODA,SKODA KAROQ,2583
2025,3,AUDI,AUDI Q2,2557
2025,3,BMW,BMW 3 SERIES,2531
2025,3,MG,MG MG S5 SE EV,2480
2025,3,BMW,BMW 2 SERIES,2438
2025,3,TOYOTA,TOYOTA RAV4,2379
2025,3,JEEP,JEEP AVENGER,2375
2025,3,PEUGEOT,PEUGEOT 5008,2358
2025,3,BMW,BMW X3,2321
2025,3,LAND ROVER,LAND ROVER DEFENDER,2279
2025,3,MERCEDES,MERCEDES GLC CLASS,2244
2025,3,POLESTAR,POLESTAR POLESTAR 4,2216
2025,3,SKODA,SKODA OCTAVIA,2209
2025,3,AUDI,AUDI Q3,2204
2025,3,NISSAN,NISSAN X-TRAIL,2192
2025,3,VOLKSWAGEN,VOLKSWAGEN ID4,2189
2025,3,VOLVO,VOLVO XC90,2168
2025,3,DACIA,DACIA DUSTER,2089
2025,3,SEAT,SEAT ARONA,2061
2025,3,AUDI,AUDI Q5,2043
2025,3,RENAULT,RENAULT SYMBIOZ,2038
2025,3,TOYOTA,TOYOTA PRIUS,2018
2025,3,VOLKSWAGEN,VOLKSWAGEN ID7 GTX,2016
2025,3,MAZDA,MAZDA CX-5,2014
2025,3,JAECOO,JAECOO 7 DELUXE AUTO,1999
2025,3,BMW,BMW X5,1970
2025,3,LAND ROVER,LAND ROVER DISCOVERY,1932
2025,3,FORD,FORD TOURNEO,1878
2025,3,HYUNDAI,HYUNDAI I20,1848
2025,3,AUDI,AUDI A5,1844
2025,3,PORSCHE,PORSCHE MACAN,1831
2025,3,VOLKSWAGEN,VOLKSWAGEN TAIGO,1803
2025,3,CITROEN,CITROEN C3,1789
2025,3,OMODA,OMODA E5 COMFORT,1754
2025,3,CUPRA,CUPRA TAVASCAN,1716
2025,3,RENAULT,RENAULT SCENIC,1707
2025,3,FIAT,FIAT 600,1648
2025,3,HONDA,HONDA HR-V,1632
2025,3,DACIA,DACIA SPRING,1607
2025,3,MERCEDES,MERCEDES EQA CLASS,1582
2025,3,HYUNDAI,HYUNDAI INSTER,1579
2025,3,MINI,MINI ACEMAN CLASSIC ELECTRIC,1572
2025,3,LEXUS,LEXUS LBX,1565
2025,3,POLESTAR,POLESTAR 2,1560
2025,3,BYD,BYD ATTO 3,1551
2025,3,VOLKSWAGEN,VOLKSWAGEN TAYRON ELEGANCE ETSI S-A,1523
2025,3,FORD,FORD CAPRI PREMIUM EV,1496
2025,3,MERCEDES,MERCEDES AMG CLASS,1495
2025,3,HYUNDAI,HYUNDAI IONIQ,1482
2025,3,OMODA,OMODA 9 NOBLE PHEV AUTO,1471
2025,3,CUPRA,CUPRA LEON,1463
2025,3,VOLKSWAGEN,VOLKSWAGEN T-CROSS,1395
2025,3,AUDI,AUDI A6,1362
2025,3,CHERY,CHERY TIGGO,1289
2025,3,LAND ROVER,LAND ROVER RANGE ROVER,1282
2025,3,RENAULT,RENAULT AUSTRAL,1270
2025,3,HONDA,HONDA CR-V,1241
2025,3,DACIA,DACIA SANDERO,1235
2025,3,SKODA,SKODA SUPERB,1234
2025,3,HYUNDAI,HYUNDAI TUCSON ADVANCE PHEV AUTO,1205
2025,3,HYUNDAI,HYUNDAI SANTA FE,1178
2025,3,DACIA,DACIA BIGSTER EXPRESSION HEV AUTO,1147
2025,3,NISSAN,NISSAN ARIYA,1141
2025,3,KIA,KIA XCEED,1115
2025,3,PEUGEOT,PEUGEOT 208 GT PREMIUM AUTO,1105
2025,3,BMW,BMW X2,1099
2025,3,BYD,BYD DOLPHIN,1089
2025,3,MERCEDES,MERCEDES EQB CLASS,1084
2025,3,VAUXHALL,VAUXHALL FRONTERA DESIGN EV,1074
2025,3,VOLKSWAGEN,VOLKSWAGEN ID BUZZ,1063
2025,3,SUZUKI,SUZUKI S-CROSS,1049
2025,3,MERCEDES-BENZ,MERCEDES-BENZ EQA 250PLUS URBAN EDITION,1039
2025,3,SKODA,SKODA SCALA,1009
2025,3,LAND ROVER,LAND ROVER RANGE ROVER VELAR,987
2025,3,MERCEDES-BENZ,MERCEDES-BENZ CLA 250+ WITH EQ TCH AMG LN ED,977
2025,3,MINI,MINI JOHN COOPER WORKS,977
2025,3,KIA,KIA EV6,964
2025,3,MAZDA,MAZDA 2,927
2025,3,VOLVO,VOLVO EX40,919
2025,3,BMW,BMW 5 SERIES,897
2025,3,LEXUS,LEXUS NX 450,897
2025,3,BMW,BMW I5,864
2025,3,MAZDA,MAZDA 3,857
2025,3,CITROEN,CITROEN E-C3 +,834
2025,3,RENAULT,RENAULT 5 ICONIC E-TECH EV,829
2025,3,TOYOTA,TOYOTA BZ4X,826
2025,3,MERCEDES-BENZ,MERCEDES-BENZ EQB 250PLUS URBAN EDITION,803
2025,3,MAZDA,MAZDA CX-60,797
2025,3,BMW,BMW M SERIES,795
2025,3,HONDA,HONDA CIVIC,786
2025,3,SEAT,SEAT LEON,783
2025,3,PEUGEOT,PEUGEOT RIFTER,768
2025,3,KIA,KIA EV9,750
2025,3,PEUGEOT,PEUGEOT E-5008 ALLURE,750
2025,3,MERCEDES,MERCEDES GLB CLASS,749
2025,3,PORSCHE,PORSCHE CAYENNE,747
2025,3,MERCEDES,MERCEDES C CLASS,738
2025,3,AUDI,AUDI Q7,736
2025,3,ALFA ROMEO,ALFA ROMEO JUNIOR,705
2025,3,MINI,MINI MINI COOPER SE,693
2025,3,VOLKSWAGEN,VOLKSWAGEN MULTIVAN,690
2025,3,DACIA,DACIA JOGGER,684
2025,3,PORSCHE,PORSCHE 911,675
2025,3,TOYOTA,TOYOTA MODEL MISSING,672
2025,3,VOLKSWAGEN,VOLKSWAGEN PASSAT,665
2025,3,HYUNDAI,HYUNDAI BAYON PREMIUM,663
2025,3,PEUGEOT,PEUGEOT 308,662
2025,3,VAUXHALL,VAUXHALL ASTRA,652
2025,3,CITROEN,CITROEN C5,648
2025,3,RENAULT,RENAULT 5 TECHNO E-TECH EV,610
2025,3,VOLKSWAGEN,VOLKSWAGEN TOUAREG,610
2025,3,SUZUKI,SUZUKI VITARA,610
2025,3,HYUNDAI,HYUNDAI IONIQ 5,602
2025,3,PEUGEOT,PEUGEOT 2008 GT PREMIUM EV,579
2025,3,VOLKSWAGEN,VOLKSWAGEN ID5,543
2025,3,ALPINE,ALPINE A290 GT EV,538
2025,3,BMW,BMW M3,537
2025,3,POLESTAR,POLESTAR POLESTAR 3,530
2025,3,BMW,BMW 4 SERIES,519
2025,3,LEAPMOTOR,LEAPMOTOR C10,512
2025,3,MAZDA,MAZDA MX-5,510
2025,3,BMW,BMW XM,510
2025,3,SEAT,SEAT ATECA,509
2025,3,KIA,KIA SORENTO,508
2025,3,LEXUS,LEXUS UX 300,505
2025,3,HYUNDAI,HYUNDAI MODEL MISSING,501
2025,3,VOLKSWAGEN,VOLKSWAGEN TOURAN,488
2025,3,MERCEDES,MERCEDES GLE CLASS,484
2025,3,LEAPMOTOR,LEAPMOTOR T03,483
2025,3,RENAULT,RENAULT TRAFIC,481
2025,3,VOLKSWAGEN,VOLKSWAGEN CADDY,467
2025,3,AUDI,AUDI S3,467
2025,3,HYUNDAI,HYUNDAI BAYON ADVANCE,465
2025,3,BMW,BMW M2,459
2025,3,PORSCHE,PORSCHE 718,456
2025,3,MERCEDES-BENZ,MERCEDES-BENZ EQE 350+,428
2025,3,VOLVO,VOLVO V60,419
2025,3,LEXUS,LEXUS RZ 300E,413
2025,3,CITROEN,CITROEN SPACETOURER,411
2025,3,AUDI,AUDI RS3,402
2025,3,NISSAN,NISSAN MODEL MISSING,401
2025,3,AUDI,AUDI MODEL MISSING,399
2025,3,AUDI,AUDI Q8,394
2025,3,OMODA,OMODA 5 KNIGHT AUTO,394
2025,3,BMW,BMW X7,384
2025,3,RENAULT,RENAULT MEGANE,377
2025,3,RENAULT,RENAULT RAFALE,376
2025,3,HYUNDAI,HYUNDAI BAYON ULTIMATE,376
2025,3,LEXUS,LEXUS RX 450,375
2025,3,CITROEN,CITROEN C4,372
2025,3,BMW,BMW 7 SERIES,364
2025,3,HONDA,HONDA ZR-V SPORT,363
2025,3,BYD,BYD DOLPHIN COMFORT EV,359
2025,3,HYUNDAI,HYUNDAI I20 N,356
2025,3,BYD,BYD DOLPHIN DESIGN EV,349
2025,3,TOYOTA,TOYOTA ESTIMA,348
2025,3,BMW,BMW M4,337
2025,3,PORSCHE,PORSCHE TAYCAN,327
2025,3,HONDA,HONDA MODEL MISSING,318
2025,3,LEXUS,LEXUS NX 350,313
2025,3,MERCEDES,MERCEDES VITO,312
2025,3,AUDI,AUDI SQ5,299
2025,3,XPENG,XPENG G6 LONG RANGE,286
2025,3,VOLVO,VOLVO EX90 PLUS AWD,278
2025,3,VOLKSWAGEN,VOLKSWAGEN UP,271
2025,3,FORD,FORD MUSTANG MACH-E,264
2025,3,MERCEDES,MERCEDES MODEL MISSING,261
2025,3,MERCEDES-BENZ,MERCEDES-BENZ V 300,260
2025,3,MERCEDES-BENZ,MERCEDES-BENZ GLE 450,260
2025,3,VAUXHALL,VAUXHALL COMBO,259
2025,3,VOLKSWAGEN,VOLKSWAGEN MODEL MISSING,258
2025,3,FIAT,FIAT 500,257
2025,3,TOYOTA,TOYOTA PROACE,256
2025,3,TOYOTA,TOYOTA VELLFIRE,255
2025,3,PEUGEOT,PEUGEOT 408,246
2025,3,MERCEDES,MERCEDES E CLASS,245
2025,3,BYD,BYD ATTO 2 BOOST,243
2025,3,FORD,FORD MUSTANG,228
2025,3,MAZDA,MAZDA MX-30,224
2025,3,SUBARU,SUBARU FORESTER,211
2025,3,SUZUKI,SUZUKI JIMNY,209
2025,3,BMW,BMW X4,205
2025,3,CITROEN,CITROEN E-BERLINGO,195
2025,3,BMW,BMW Z4,195
2025,3,MAZDA,MAZDA CX-80 EXCLUSIVE-LINE D MHEV A,193
2025,3,VOLVO,VOLVO MODEL MISSING,192
2025,3,BMW,BMW MODEL MISSING,190
2025,3,TOYOTA,TOYOTA NOAH,187
2025,3,MG,MG IM6 LAUNCH EDITION AWD,184
2025,3,KGM,KGM TIVOLI,184
2025,3,CITROEN,CITROEN BERLINGO,180
2025,3,AUDI,AUDI SQ6 E-TRON,176
2025,3,HYUNDAI,HYUNDAI IONIQ 9 CALLIGRAPHY EV 4X4,176
2025,3,MERCEDES-BENZ,MERCEDES-BENZ E 300 URBAN EDITION,175
2025,3,FORD,FORD TRANSIT CUSTOM,169
2025,3,MG,MG IM5 LONG RANGE,168
2025,3,GENESIS,GENESIS GV60,167
2025,3,SMART,SMART 3 PRO,163
2025,3,AUDI,AUDI S5,162
2025,3,PEUGEOT,PEUGEOT 408 GT EV,158
2025,3,NISSAN,NISSAN ELGRAND,156
2025,3,MERCEDES,MERCEDES S CLASS,154
2025,3,SUZUKI,SUZUKI MODEL MISSING,153
2025,3,MINI,MINI MINI COOPER CLASSIC ELECTRIC,152
2025,3,SUBARU,SUBARU OUTBACK,152
2025,3,RENAULT,RENAULT 4 TECHNO E-TECH EV,151
2025,3,MERCEDES-BENZ,MERCEDES-BENZ EQE 350,150
2025,3,LAND ROVER,LAND ROVER MODEL MISSING,147
2025,3,MERCEDES-BENZ,MERCEDES-BENZ AMG GLC,147
2025,3,LOTUS,LOTUS ELETRE,146
2025,3,MERCEDES,MERCEDES V CLASS,145
2025,3,GWM,GWM ORA 03 PRO,144
2025,3,CUPRA,CUPRA ATECA,142
2025,3,MINI,MINI MINI COOPER SPORT ELECTRIC,141
2025,3,AUDI,AUDI A4,139
2025,3,FIAT,FIAT 600E,138
2025,3,JEEP,JEEP COMPASS,133
2025,3,MINI,MINI MINI COOPER EXCLUSIVE ELECTRIC,130
2025,3,LAMBORGHINI,LAMBORGHINI URUS,129
2025,3,SUBARU,SUBARU C-TREK TORING EBXR SYM AWD CVT,127
2025,3,LEXUS,LEXUS RZ 450,124
2025,3,BENTLEY,BENTLEY CONTINENTAL,124
2025,3,SMART,SMART 1 PRO,123
2025,3,HONDA,HONDA STEPWAGON,117
2025,3,TOYOTA,TOYOTA ALPHARD,117
2025,3,FORD,FORD MODEL MISSING,116
2025,3,MERCEDES-BENZ,MERCEDES-BENZ V 220,116
2025,3,BMW,BMW X6,113
2025,3,MERCEDES-BENZ,MERCEDES-BENZ GLE 400,113
2025,3,KGM,KGM TORRES,111
2025,3,MERCEDES-BENZ,MERCEDES-BENZ AMG G 63,109
2025,3,MERCEDES,MERCEDES CLE 300 AMG,108
2025,3,PORSCHE,PORSCHE PANAMERA,108
2025,3,HONDA,HONDA FIT,107
2025,3,MERCEDES,MERCEDES CLE 200 AMG,105
2025,3,BMW,BMW 8 SERIES,105
2025,3,MG,MG CYBERSTER,103
2025,3,VOLVO,VOLVO EC40,103
2025,3,LEXUS,LEXUS ES 300,103
2025,3,MERCEDES-BENZ,MERCEDES-BENZ EQE 500,99
2025,3,OTHER BRITISH,OTHER BRITISH MODEL MISSING,99
2025,3,ASTON MARTIN,ASTON MARTIN VANTAGE,96
2025,3,AUDI,AUDI SQ7,94
2025,3,INEOS,INEOS GRENADIER,91
2025,3,MERCEDES,MERCEDES GLS CLASS,90
2025,3,MASERATI,MASERATI GRECALE,89
2025,3,MERCEDES-BENZ,MERCEDES-BENZ S580 MYBCH NT SERIES MHEV 4M A,89
2025,3,ALFA ROMEO,ALFA ROMEO TONALE,88
2025,3,MERCEDES-BENZ,MERCEDES-BENZ AMG C,87
2025,3,PEUGEOT,PEUGEOT BOXER,86
2025,3,LOTUS,LOTUS EMEYA,84
2025,3,RENAULT,RENAULT 5 ROLAND GARROS E-TECH EV,84
2025,3,VOLVO,VOLVO V90,83
2025,3,SMART,SMART 1 PREMIUM,81
2025,3,AUDI,AUDI SQ2,81
2025,3,PEUGEOT,PEUGEOT TRAVELLER,80
2025,3,AUDI,AUDI RS6,80
2025,3,ALFA ROMEO,ALFA ROMEO GIULIA,78
2025,3,HYUNDAI,HYUNDAI I30 ADVANCE MHEV,77
2025,3,BENTLEY,BENTLEY BENTAYGA,76
2025,3,JAGUAR,JAGUAR MODEL MISSING,75
2025,3,JEEP,JEEP RENEGADE,75
2025,3,AUDI,AUDI E-TRON,72
2025,3,TOYOTA,TOYOTA AQUA,72
2025,3,PEUGEOT,PEUGEOT MODEL MISSING,70
2025,3,ASTON MARTIN,ASTON MARTIN DBX,70
2025,3,RENAULT,RENAULT 4 ICONIC E-TECH EV,69
2025,3,SMART,SMART 1 BRABUS,68
2025,3,TOYOTA,TOYOTA LANDCRUISER,68
2025,3,VOLVO,VOLVO V40,68
2025,3,MERCEDES-BENZ,MERCEDES-BENZ G 450 AMG LINE PREM + D MHEV A,68
2025,3,MERCEDES-BENZ,MERCEDES-BENZ AMG GLE 53 E 4MATIC+ AUTO,68
2025,3,MERCEDES,MERCEDES EQS CLASS,67
2025,3,ASTON MARTIN,ASTON MARTIN DB1,67
2025,3,JEEP,JEEP WRANGLER,66
2025,3,VOLKSWAGEN,VOLKSWAGEN CALIFORNIA,66
2025,3,RENAULT,RENAULT 5 EVOLUTION E-TECH EV,63
2025,3,RENAULT TRUCKS,RENAULT TRUCKS TRAFIC,63
2025,3,MERCEDES-BENZ,MERCEDES-BENZ MODEL MISSING,62
2025,3,LEXUS,LEXUS RX 350,61
2025,3,TOYOTA,TOYOTA LAND CRUISER FIRST EDITION D A,60
2025,3,MERCEDES-BENZ,MERCEDES-BENZ CLE 300,60
2025,3,AUDI,AUDI S6,59
2025,3,HONDA,HONDA E,59
2025,3,SUZUKI,SUZUKI E VITARA,59
2025,3,MERCEDES-BENZ,MERCEDES-BENZ AMG GT,59
2025,3,NISSAN,NISSAN MICRA,59
2025,3,ROLLS ROYCE,ROLLS ROYCE CULLINAN,59
2025,3,SMART,SMART 3 BRABUS,58
2025,3,XPENG,XPENG G6 STANDARD RANGE,58
2025,3,MERCEDES-BENZ,MERCEDES-BENZ CLA 180 SPORT EDITION MHEV A,57
2025,3,SUBARU,SUBARU MODEL MISSING,57
2025,3,AUDI,AUDI RSQ8 PRF CBN BLK TFSI MHEV Q A,56
2025,3,MERCEDES-BENZ,MERCEDES-BENZ G 580 WTH EQ-TECHNOLOGY ED ONE,55
2025,3,LOTUS,LOTUS EMIRA,55
2025,3,BENTLEY,BENTLEY MODEL MISSING,54
2025,3,TOYOTA,TOYOTA VITZ,52
2025,3,KGM,KGM ACTYON K50 AUTO,51
2025,3,MERCEDES-BENZ,MERCEDES-BENZ C 300 URBAN EDITION E AUTO,51
2025,3,GWM,GWM ORA 03 GT,50
2025,3,KGM,KGM REXTON,50
2025,3,MERCEDES,MERCEDES B CLASS,50
2025,3,VOLVO,VOLVO V70,50
2025,3,ABARTH,ABARTH 500,49
2025,3,MERCEDES,MERCEDES SPRINTER,49
2025,3,VOLKSWAGEN,VOLKSWAGEN BEETLE,49
2025,3,BENTLEY,BENTLEY FLYING SPUR,49
2025,3,MITSUBISHI,MITSUBISHI MODEL MISSING,48
2025,3,VOLKSWAGEN,VOLKSWAGEN CRAFTER,47
2025,3,SUZUKI,SUZUKI SX4,47
2025,3,GENESIS,GENESIS GV70,46
2025,3,MAZDA,MAZDA MODEL MISSING,46
2025,3,SUBARU,SUBARU IMPREZA,46
2025,3,VOLKSWAGEN,VOLKSWAGEN ID7 MATCH PRO,43
2025,3,MERCEDES,MERCEDES CLE 220 AMG,43
2025,3,ALFA ROMEO,ALFA ROMEO STELVIO,42
2025,3,KGM,KGM KORANDO,42
2025,3,FERRARI,FERRARI PUROSANGUE,41
2025,3,PEUGEOT,PEUGEOT RIFTER ALLURE BLUEHDI,40
2025,3,JEEP,JEEP MODEL MISSING,40
2025,3,ALPINE,ALPINE A110,39
2025,3,AUDI,AUDI SQ8,38
2025,3,KIA,KIA CEED,36
2025,3,VOLKSWAGEN,VOLKSWAGEN ARTEON,36
2025,3,MERCEDES,MERCEDES CLE 300 PREMIER ED MHEV 4M A,36
2025,3,VAUXHALL,VAUXHALL VIVARO,34
2025,3,AUDI,AUDI A7,34
2025,3,CHEVROLET,CHEVROLET CORVETTE,34
2025,3,FORD,FORD ESCORT,34
2025,3,CITROEN,CITROEN E-C5,33
2025,3,GWM,GWM GWM HAVAL JOLION PRO A,32
2025,3,AUDI,AUDI S E-TRON GT LAUNCH ED QUATTRO,31
2025,3,CITROEN,CITROEN MODEL MISSING,31
2025,3,LEXUS,LEXUS MODEL MISSING,31
2025,3,VOLKSWAGEN,VOLKSWAGEN TRANSPORTER,31
2025,3,MERCEDES,MERCEDES CLE 450 AMG,31
2025,3,JEEP,JEEP GRAND CHEROKEE,31
2025,3,NISSAN,NISSAN NOTE,31
2025,3,FORD,FORD FIESTA,30
2025,3,HONDA,HONDA ODYSSEY,30
2025,3,RENAULT,RENAULT MASTER,29
2025,3,VOLVO,VOLVO S60,29
2025,3,FORD,FORD TRANSIT,28
2025,3,AUDI,AUDI A8,27
2025,3,LEXUS,LEXUS LM 350H,27
2025,3,BMW,BMW M1,26
2025,3,OMODA,OMODA 5 COMFORT AUTO,26
2025,3,MERCEDES-BENZ,MERCEDES-BENZ AMG EQE,25
2025,3,FERRARI,FERRARI 12CILINDRI CAVALINO S-A,24
2025,3,SMART,SMART 3 PREMIUM,23
2025,3,MERCEDES-BENZ,MERCEDES-BENZ A 200 PREMIER EDITION MHEV A,23
2025,3,POLESTAR,POLESTAR MODEL MISSING,22
2025,3,RENAULT,RENAULT MODEL MISSING,22
2025,3,MERCEDES-BENZ,MERCEDES-BENZ E 220 EXCLUSIVE,22
2025,3,MERCEDES-BENZ,MERCEDES-BENZ AMG E,22
2025,3,PEUGEOT,PEUGEOT ALLIED,21
2025,3,INEOS,INEOS GRENADIER FIELDMASTER ED D A,21
2025,3,LAMBORGHINI,LAMBORGHINI REVUELTO V12 PHEV S-A,21
2025,3,CHANGAN,CHANGAN DEEPAL S07 EV,20
2025,3,CHEVROLET,CHEVROLET MODEL MISSING,20
2025,3,KIA,KIA MODEL MISSING,20
2025,3,ASTON MARTIN,ASTON MARTIN MODEL MISSING,20
2025,3,DODGE,DODGE MODEL MISSING,20
2025,3,PORSCHE,PORSCHE MODEL MISSING,20
2025,3,MERCEDES-BENZ,MERCEDES-BENZ E 200,19
2025,3,JAGUAR,JAGUAR E TYPE,19
2025,3,MORGAN,MORGAN PLUS 4,19
2025,3,PEUGEOT,PEUGEOT 3008 GT PHEV AUTO,19
2025,3,BMW,BMW ALPINA,18
2025,3,FORD,FORD GALAXY,18
2025,3,VAUXHALL,VAUXHALL MOVANO,18
2025,3,CHERY,CHERY MODEL MISSING,18
2025,3,AUDI,AUDI Q3 S,18
2025,3,FERRARI,FERRARI SF90,18
2025,3,ROLLS ROYCE,ROLLS ROYCE,17
2025,3,SKODA,SKODA MODEL MISSING,17
2025,3,VOLKSWAGEN,VOLKSWAGEN SHARAN,17
2025,3,SUBARU,SUBARU CROSSTREK LTD EBXR SYM AWD CVT,17
2025,3,AUDI,AUDI Q3 LAUNCH,17
2025,3,FERRARI,FERRARI ROMA,17
2025,3,KGM,KGM TORRES K40,17
2025,3,MCLAREN,MCLAREN 750S,17
2025,3,MERCEDES-BENZ,MERCEDES-BENZ GLE 350 URBAN EDITION DE 4M A,17
2025,3,MERCEDES-BENZ,MERCEDES-BENZ S 450 L AMG LINE PREM + E 4M A,17
2025,3,JAECOO,JAECOO MODEL MISSING,16
2025,3,MERCEDES,MERCEDES 200,16
2025,3,MERCEDES,MERCEDES CLE 200 PREMIER,16
2025,3,MERCEDES-BENZ,MERCEDES-BENZ G 500 AMG LINE PREM + MHEV A,16
2025,3,MERCEDES-BENZ,MERCEDES-BENZ E 300,16
2025,3,HYUNDAI,HYUNDAI I30,15
2025,3,NISSAN,NISSAN SERENA,15
2025,3,BMW,BMW M8,15
2025,3,PEUGEOT,PEUGEOT 508,15
2025,3,JAGUAR,JAGUAR XJ SERIES,14
2025,3,LEXUS,LEXUS RX 500,14
2025,3,MERCEDES,MERCEDES COLEMAN MILNE,14
2025,3,TOYOTA,TOYOTA SIENTA,14
2025,3,ASTON MARTIN,ASTON MARTIN VANQUISH,14
2025,3,CATERHAM,CATERHAM MODEL MISSING,14
2025,3,SUBARU,SUBARU LEGACY,14
2025,3,TOYOTA,TOYOTA ALTEZZA,14
2025,3,SUZUKI,SUZUKI ACROSS,14
2025,3,DS,DS DS3,13
2025,3,AUDI,AUDI RS4,13
2025,3,MERCEDES-BENZ,MERCEDES-BENZ E 300 EXCLUSIVE PREMIUM,13
2025,3,FERRARI,FERRARI 296,13
2025,3,ABARTH,ABARTH 600E,12
2025,3,CITROEN,CITROEN E-C4,12
2025,3,AUDI,AUDI S4,12
2025,3,FIAT,FIAT MODEL MISSING,12
2025,3,HONDA,HONDA ACCORD,12
2025,3,MG,MG MODEL MISSING,12
2025,3,NISSAN,NISSAN SKYLINE,12
2025,3,MCLAREN,MCLAREN MODEL MISSING,11
2025,3,FORD,FORD MONDEO,11
2025,3,MERCEDES-BENZ,MERCEDES-BENZ E 450 EXCLUSVE,11
2025,3,AUDI,AUDI RS Q8 LNCH ED TFSI MHEV QUAT A,11
2025,3,AUDI,AUDI TT,11
2025,3,MINI,MINI ONE,11
2025,3,NISSAN,NISSAN SILVIA,11
2025,3,MERCEDES-BENZ,MERCEDES-BENZ EQS 350 BUSINESS CLASS,10
2025,3,TOYOTA,TOYOTA CROWN,10
2025,3,SUZUKI,SUZUKI CARRY,10
2025,3,VAUXHALL,VAUXHALL ZAFIRA,10
2025,3,HONDA,HONDA INTEGRA,10
2025,3,MORGAN,MORGAN PLUS SIX AUTO,10
2025,3,MASERATI,MASERATI GRANTURISMO,9
2025,3,MERCEDES-BENZ,MERCEDES-BENZ EQV 300 EXECUTIVE EXTRA-LONG,9
2025,3,SKYWELL,SKYWELL BE11 LONG RANGE,9
2025,3,FORD,FORD S-MAX,9
2025,3,GORDON MURRAY,GORDON MURRAY T.50,9
2025,3,JAGUAR,JAGUAR XK SERIES,9
2025,3,VOLKSWAGEN,VOLKSWAGEN KARMANN GHIA,9
2025,3,DS,DS NO 4,8
2025,3,TESLA,TESLA MODEL MISSING,8
2025,3,ALFA ROMEO,ALFA ROMEO MODEL MISSING,8
2025,3,BMW,BMW M5,8
2025,3,DACIA,DACIA MODEL MISSING,8
2025,3,FERRARI,FERRARI MODEL MISSING,8
2025,3,KIA,KIA PRO CEED,8
2025,3,MCLAREN,MCLAREN ARTURA,8
2025,3,NISSAN,NISSAN CUBE,8
2025,3,SMART,SMART 1 PURE EV,7
2025,3,AUDI,AUDI S7,7
2025,3,DS,DS DS7,7
2025,3,FORD,FORD ALLIED,7
2025,3,MERCEDES,MERCEDES 190,7
2025,3,MINI,MINI MODEL MISSING,7
2025,3,TOYOTA,TOYOTA AVENSIS,7
2025,3,VOLKSWAGEN,VOLKSWAGEN CARAVELLE,7
2025,3,MERCEDES,MERCEDES CLE 220 PREMIER,7
2025,3,LEXUS,LEXUS LS 600,7
2025,3,CHRYSLER,CHRYSLER MODEL MISSING,7
2025,3,FORD,FORD CORTINA,7
2025,3,HONDA,HONDA S660,7
2025,3,JAGUAR,JAGUAR XE SERIES,7
2025,3,LAMBORGHINI,LAMBORGHINI MODEL MISSING,7
2025,3,LANCIA,LANCIA FULVIA,7
2025,3,MINI,MINI CLUBMAN,7
2025,3,FISKER,FISKER MODEL MISSING,6
2025,3,DATSUN,DATSUN MODEL MISSING,6
2025,3,LAND ROVER,LAND ROVER DISCOVRY 35TH ANNIV ED DMHEV A,6
2025,3,OPEL,OPEL MODEL MISSING,6
2025,3,RENAULT,RENAULT TRAFIC QUEST,6
2025,3,TOYOTA,TOYOTA HIGHLANDER,6
2025,3,ALFA ROMEO,ALFA ROMEO SPIDER,6
2025,3,ARIEL,ARIEL MODEL MISSING,6
2025,3,AUSTIN HEALEY,AUSTIN HEALEY MODEL MISSING,6
2025,3,CADILLAC,CADILLAC MODEL MISSING,6
2025,3,LINCOLN,LINCOLN MODEL MISSING,6
2025,3,MERCEDES,MERCEDES SLK CLASS,6
2025,3,ROLLS ROYCE,ROLLS ROYCE GHOST,6
2025,3,TOYOTA,TOYOTA CELICA,6
2025,3,TOYOTA,TOYOTA FJ CRUISER,6
2025,3,TOYOTA,TOYOTA HIACE,6
2025,3,CADILLAC,CADILLAC LYRIQ EV,5
2025,3,MERCEDES,MERCEDES EQE CLASS,5
2025,3,NISSAN,NISSAN LEAF,5
2025,3,MAXUS,MAXUS DELIVER,5
2025,3,AUDI,AUDI S1,5
2025,3,DS,DS DS 4 PALLAS,5
2025,3,MERCEDES-BENZ,MERCEDES-BENZ G500 STR THN 1980S ED MHEV A,5
2025,3,TOYOTA,TOYOTA SOARER,5
2025,3,FORD,FORD SIERRA,5
2025,3,MCLAREN,MCLAREN GT,5
2025,3,MITSUBISHI,MITSUBISHI LANCER,5
2025,3,NISSAN,NISSAN MARCH,5
2025,3,RENAULT,RENAULT TWINGO,5
2025,3,ROLLS ROYCE,ROLLS ROYCE MODEL MISSING,5
2025,3,VOLKSWAGEN,VOLKSWAGEN JETTA,5
2025,3,FISKER,FISKER OCEAN,4
2025,3,RENAULT,RENAULT 4 EVOLUTION E-TECH EV,4
2025,3,FIAT,FIAT DUCATO 35,4
2025,3,MAZDA,MAZDA DEMIO,4
2025,3,VAUXHALL,VAUXHALL MODEL MISSING,4
2025,3,MERCEDES,MERCEDES CLE 450 PREMIER,4
2025,3,ALFA ROMEO,ALFA ROMEO MONTREAL,4
2025,3,AUSTIN,AUSTIN MINI,4
2025,3,CHEVROLET GMC,CHEVROLET GMC CAMARO,4
2025,3,CHEVROLET GMC,CHEVROLET GMC MODEL MISSING,4
2025,3,HONDA,HONDA N-VAN,4
2025,3,KIA,KIA PROCEED,4
2025,3,MAZDA,MAZDA RX-7,4
2025,3,MERCEDES,MERCEDES ML CLASS,4
2025,3,MERCEDES-BENZ,MERCEDES-BENZ SL680 MAYBCH MONOGRAM SRS 4M A,4
2025,3,MORRIS,MORRIS MODEL MISSING,4
2025,3,ROVER,ROVER MINI,4
2025,3,SEAT,SEAT TARRACO,4
2025,3,TOYOTA,TOYOTA MARK II,4
2025,3,WESTFIELD,WESTFIELD MODEL MISSING,4
2025,3,AUSTIN,AUSTIN MODEL MISSING,3
2025,3,BMW,BMW IX3,3
2025,3,PEUGEOT,PEUGEOT 3008 LNCH ED DUAL MOTOR EV 4X4,3
2025,3,SUBARU,SUBARU SOLTERRA,3
2025,3,TESLA,TESLA MODEL X,3
2025,3,JAGUAR,JAGUAR XF SERIES,3
2025,3,MERCEDES,MERCEDES 300,3
2025,3,MERCEDES,MERCEDES VIANO,3
2025,3,SEAT,SEAT MODEL MISSING,3
2025,3,VOLKSWAGEN,VOLKSWAGEN LUPO,3
2025,3,HONDA,HONDA LEGEND,3
2025,3,TOYOTA,TOYOTA CENTURY,3
2025,3,TOYOTA,TOYOTA MR2,3
2025,3,TOYOTA,TOYOTA SPRINTER,3
2025,3,MERCEDES-BENZ,MERCEDES-BENZ G450 STR THN 1980S ED D MHEV A,3
2025,3,ACURA,ACURA MODEL MISSING,3
2025,3,AUDI,AUDI QUATTRO,3
2025,3,AUDI,AUDI RS7,3
2025,3,AUSTIN,AUSTIN HEALEY,3
2025,3,BMW,BMW 6 SERIES,3
2025,3,CHEVROLET GMC,CHEVROLET GMC CORVETTE,3
2025,3,CITROEN,CITROEN DS4,3
2025,3,CITROEN,CITROEN DYANE,3
2025,3,DATSUN,DATSUN 510,3
2025,3,FERRARI,FERRARI 812,3
2025,3,FORD,FORD GRANADA,3
2025,3,FORD,FORD THUNDERBIRD,3
2025,3,GORDON MURRAY,GORDON MURRAY MODEL MISSING,3
2025,3,LADA,LADA MODEL MISSING,3
2025,3,LEYLAND CARS,LEYLAND CARS MINI,3
2025,3,LOTUS,LOTUS EUROPA,3
2025,3,MAZDA,MAZDA 5,3
2025,3,MERCEDES,MERCEDES SL CLASS,3
2025,3,MG,MG MGB,3
2025,3,MG,MG ROADSTER,3
2025,3,MITSUBISHI,MITSUBISHI DELICA,3
2025,3,OMODA,OMODA MODEL MISSING,3
2025,3,PORSCHE,PORSCHE 928,3
2025,3,ROLLS ROYCE,ROLLS ROYCE PHANTOM,3
2025,3,SMART,SMART MODEL MISSING,3
2025,3,SUZUKI,SUZUKI HUSTLER,3
2025,3,TOYOTA,TOYOTA IQ,3
2025,3,VOLVO,VOLVO C30,3
2025,3,VOLVO,VOLVO P1800,3
2025,3,VOLVO,VOLVO S80,3
2025,3,VOLVO,VOLVO XC70,3
2025,3,BMW,BMW I3,2
2025,3,GENESIS,GENESIS G80,2
2025,3,MERCEDES,MERCEDES EQV CLASS,2
2025,3,VOLKSWAGEN,VOLKSWAGEN ID7 PRO LAUNCH EDITION 1,2
2025,3,AUDI,AUDI A2,2
2025,3,FORD,FORD C-MAX,2
2025,3,FORD,FORD ECOSPORT,2
2025,3,MAZDA,MAZDA 6,2
2025,3,MERCEDES,MERCEDES G CLASS,2
2025,3,MITSUBISHI,MITSUBISHI PAJERO,2
2025,3,TRIUMPH,TRIUMPH SPITFIRE,2
2025,3,VOLVO,VOLVO V50,2
2025,3,JAGUAR,JAGUAR F-PACE,2
2025,3,NISSAN,NISSAN SUNNY,2
2025,3,RENAULT,RENAULT ARKANA,2
2025,3,ASTON MARTIN,ASTON MARTIN DBS,2
2025,3,AUDI,AUDI RS5,2
2025,3,AUDI,AUDI S8,2
2025,3,AUDI,AUDI TTS,2
2025,3,AUSTIN,AUSTIN SEVEN,2
2025,3,BUICK,BUICK MODEL MISSING,2
2025,3,CADILLAC,CADILLAC ESCALADE,2
2025,3,CHEVROLET GMC,CHEVROLET GMC BELAIR,2
2025,3,COLT,COLT MODEL MISSING,2
2025,3,DAIMLER,DAIMLER MODEL MISSING,2
2025,3,DATSUN,DATSUN 240,2
2025,3,DE TOMASO,DE TOMASO MODEL MISSING,2
2025,3,FIAT,FIAT 124,2
2025,3,FIAT,FIAT X1/9,2
2025,3,FORD,FORD ANGLIA,2
2025,3,FORD,FORD TAURUS,2
2025,3,GENERAL MOTORS,GENERAL MOTORS MODEL MISSING,2
2025,3,HONDA,HONDA ACTY,2
2025,3,HONDA,HONDA S2000,2
2025,3,HUMMER,HUMMER MODEL MISSING,2
2025,3,JAGUAR,JAGUAR F-TYPE,2
2025,3,KIA,KIA STRINGER,2
2025,3,KOENIGSEGG,KOENIGSEGG MODEL MISSING,2
2025,3,LAMBORGHINI,LAMBORGHINI HURACAN,2
2025,3,LANCIA,LANCIA BETA,2
2025,3,LANCIA,LANCIA MODEL MISSING,2
2025,3,LAND ROVER,LAND ROVER FREELANDER,2
2025,3,LEXUS,LEXUS IS 200,2
2025,3,MASERATI,MASERATI GRANCABRIO,2
2025,3,MASERATI,MASERATI GT2 STRADALE S-A,2
2025,3,MERCEDES,MERCEDES 500,2
2025,3,MERCEDES,MERCEDES CLK CLASS,2
2025,3,MERCEDES,MERCEDES CLS CLASS,2
2025,3,MG,MG MGC,2
2025,3,MITSUBISHI,MITSUBISHI COLT,2
2025,3,MORGAN,MORGAN MIDSUMMER AUTO,2
2025,3,MORRIS,MORRIS MINI,2
2025,3,OPEL,OPEL CORSA,2
2025,3,OPEL,OPEL KADETT,2
2025,3,PONTIAC,PONTIAC MODEL MISSING,2
2025,3,SMART,SMART FORFOUR,2
2025,3,TOYOTA,TOYOTA 4-RUNNER,2
2025,3,TRIUMPH,TRIUMPH MODEL MISSING,2
2025,3,TRIUMPH,TRIUMPH TR3,2
2025,3,MERCEDES-BENZ,MERCEDES-BENZ COLEMAN MILNE AUTO,2
2025,3,MERCEDES-BENZ,MERCEDES-BENZ S 580 L AMG,2
2025,3,BYD,BYD E6,1
2025,3,FORD,FORD CAPRI SELECT,1
2025,3,FORD,FORD COLEMAN MILNE,1
2025,3,FORD,FORD EXPLORER,1
2025,3,MAXUS,MAXUS MIFA,1
2025,3,MERCEDES-BENZ,MERCEDES-BENZ EQS 680 MAYBACH FIRST CLASS 4M,1
2025,3,MG,MG 5,1
2025,3,MITSUBISHI,MITSUBISHI L200,1
2025,3,POLESTAR,POLESTAR POLESTAR3 PILOT+ PRFMNC EV AWD,1
2025,3,RENAULT,RENAULT ZOE,1
2025,3,SMART,SMART 3 25TH ANNIVERSARY,1
2025,3,TESLA,TESLA MODEL S,1
2025,3,VOLVO,VOLVO C40,1
2025,3,CITROEN,CITROEN RELAY,1
2025,3,HYUNDAI,HYUNDAI I800,1
2025,3,INEOS,INEOS MODEL MISSING,1
2025,3,LONDON TAXIS INT,LONDON TAXIS INT. MODEL MISSING,1
2025,3,MAN,MAN TGE,1
2025,3,NISSAN,NISSAN PATROL,1
2025,3,NSU,NSU MODEL MISSING,1
2025,3,PEUGEOT,PEUGEOT BARON 530,1
2025,3,PEUGEOT,PEUGEOT HORIZON,1
2025,3,SKODA,SKODA YETI,1
2025,3,TRIUMPH,TRIUMPH 1300,1
2025,3,DACIA,DACIA DUSTER JOURNEY,1
2025,3,DAIHATSU,DAIHATSU SPORTRAK,1
2025,3,DS,DS DS 4 ETOILE,1
2025,3,FERRARI,FERRARI LAFERRARI,1
2025,3,HYUNDAI,HYUNDAI 1400,1
2025,3,JAGUAR,JAGUAR E-PACE,1
2025,3,LEXUS,LEXUS CT 200,1
2025,3,LEXUS,LEXUS IS 300,1
2025,3,LEXUS,LEXUS LS 500,1
2025,3,MERCEDES-BENZ,MERCEDES-BENZ GLS600,1
2025,3,NISSAN,NISSAN KUBISTAR,1
2025,3,TOYOTA,TOYOTA HILUX,1
2025,3,TOYOTA,TOYOTA VISTA,1
2025,3,MERCEDES-BENZ,MERCEDES-BENZ GLE 300 URBAN ED D MHEV 4M A,1
2025,3,MOTOR JIKOV,MOTOR JIKOV MJF 50 MOPED,1
2025,3,ABARTH,ABARTH MODEL MISSING,1
2025,3,AC,AC MODEL MISSING,1
2025,3,ACURA,ACURA MDX,1
2025,3,ALFA ROMEO,ALFA ROMEO 1750,1
2025,3,ALFA ROMEO,ALFA ROMEO 2000,1
2025,3,ALFA ROMEO,ALFA ROMEO ALFETTA,1
2025,3,ALFA ROMEO,ALFA ROMEO GIULIETTA,1
2025,3,ALFA ROMEO,ALFA ROMEO GTV,1
2025,3,ASTON MARTIN,ASTON MARTIN DB2/4,1
2025,3,ASTON MARTIN,ASTON MARTIN DB4,1
2025,3,ASTON MARTIN,ASTON MARTIN DB7,1
2025,3,ASTON MARTIN,ASTON MARTIN VOLANTE,1
2025,3,AUDI,AUDI COUPE,1
2025,3,AUDI,AUDI RSQ3,1
2025,3,AUSTIN,AUSTIN ALLEGRO,1
2025,3,AUSTIN-MORRIS,AUSTIN-MORRIS MINI,1
2025,3,BMW,BMW 2002,1
2025,3,BMW,BMW 3.0 CS,1
2025,3,BMW,BMW M6,1
2025,3,BMW,BMW R SERIES,1
2025,3,BMW,BMW Z8,1
2025,3,BUGATTI,BUGATTI MODEL MISSING,1
2025,3,BUICK,BUICK SPECIAL,1
2025,3,CADILLAC,CADILLAC CTS,1
2025,3,CHEVROLET,CHEVROLET SPARK,1
2025,3,CHEVROLET GMC,CHEVROLET GMC IMPALA,1
2025,3,CHRYSLER,CHRYSLER 300C,1
2025,3,CHRYSLER,CHRYSLER CHARGER,1
2025,3,CITROEN,CITROEN DS3,1
2025,3,CITROEN,CITROEN SM,1
2025,3,CORVETTE,CORVETTE MODEL MISSING,1
2025,3,DAIHATSU,DAIHATSU COPEN,1
2025,3,DAIHATSU,DAIHATSU HI-JET,1
2025,3,DAIHATSU,DAIHATSU MOVE,1
2025,3,DAIMLER,DAIMLER SP 250,1
2025,3,DATSUN,DATSUN BLUEBIRD,1
2025,3,ESKUTA,ESKUTA MODEL MISSING,1
2025,3,FERRARI,FERRARI 488,1
2025,3,FERRARI,FERRARI 612,1
2025,3,FERRARI,FERRARI DAYTONA,1
2025,3,FIAT,FIAT 850,1
2025,3,FIAT,FIAT PANDA,1
2025,3,FORD,FORD CAPRI,1
2025,3,FORD,FORD CROWN VICTORIA,1
2025,3,GINETTA,GINETTA MODEL MISSING,1
2025,3,HOLDEN,HOLDEN MODEL MISSING,1
2025,3,HONDA,HONDA CRX,1
2025,3,HONDA,HONDA INSIGHT,1
2025,3,HONDA,HONDA INSPIRE,1
2025,3,HYUNDAI,HYUNDAI BAYON,1
2025,3,HYUNDAI,HYUNDAI IX35,1
2025,3,INFINITI,INFINITI MODEL MISSING,1
2025,3,JAGUAR,JAGUAR S TYPE,1
2025,3,JEEP,JEEP CHEROKEE,1
2025,3,KTM,KTM MODEL MISSING,1
2025,3,LADA,LADA SAMARA,1
2025,3,LAMBORGHINI,LAMBORGHINI AVENTADOR,1
2025,3,LAMBORGHINI,LAMBORGHINI GALLARDO,1
2025,3,LAMBORGHINI,LAMBORGHINI MURCIELAGO,1
2025,3,LANCIA,LANCIA DELTA,1
2025,3,LANCIA,LANCIA FLAMINIA,1
2025,3,LEXUS,LEXUS IS 250,1
2025,3,LEXUS,LEXUS LS 430,1
2025,3,LEXUS,LEXUS RC F,1
2025,3,LEYLAND DAF,LEYLAND DAF MODEL MISSING,1
2025,3,LOTUS,LOTUS CORTINA,1
2025,3,LOTUS,LOTUS ELISE,1
2025,3,LOTUS,LOTUS EXIGE,1
2025,3,LOTUS,LOTUS MODEL MISSING,1
2025,3,MASERATI,MASERATI COUPE,1
2025,3,MASERATI,MASERATI MC20,1
2025,3,MASERATI,MASERATI MODEL MISSING,1
2025,3,MASERATI,MASERATI QUATTROPORTE,1
2025,3,MAYBACH,MAYBACH 57,1
2025,3,MAZDA,MAZDA 929,1
2025,3,MAZDA,MAZDA CX-3,1
2025,3,MCLAREN,MCLAREN 720S,1
2025,3,MERCEDES,MERCEDES 600,1
2025,3,MERCEDES-BENZ,MERCEDES-BENZ S680 MYBCH FST CLS NT SRS 4M A,1
2025,3,MG,MG MIDGET,1
2025,3,MG,MG RV8,1
2025,3,MG,MG TF,1
2025,3,MINI,MINI CHALLENGE,1
2025,3,MITSUBISHI,MITSUBISHI SPACE STAR,1
2025,3,MORGAN,MORGAN PLUS 6,1
2025,3,MORGAN,MORGAN PLUS 8,1
2025,3,MORGAN,MORGAN ROADSTER,1
2025,3,MORRIS,MORRIS MARINA,1
2025,3,NISSAN,NISSAN 300,1
2025,3,NISSAN,NISSAN 350,1
2025,3,NISSAN,NISSAN GT-R,1
2025,3,NISSAN,NISSAN INFINITI,1
2025,3,NISSAN,NISSAN MURANO,1
2025,3,NISSAN,NISSAN NAVARA,1
2025,3,NISSAN,NISSAN NV400,1
2025,3,NISSAN,NISSAN PRIMERA,1
2025,3,NISSAN,NISSAN VANETTE,1
2025,3,OLDSMOBILE,OLDSMOBILE MODEL MISSING,1
2025,3,OPEL,OPEL ASCONA,1
2025,3,OPEL,OPEL GT,1
2025,3,PERODUA,PERODUA MODEL MISSING,1
2025,3,PEUGEOT,PEUGEOT 108,1
2025,3,PEUGEOT,PEUGEOT 205,1
2025,3,PEUGEOT,PEUGEOT 504,1
2025,3,PEUGEOT,PEUGEOT 604,1
2025,3,PLYMOUTH,PLYMOUTH MODEL MISSING,1
2025,3,PONTIAC,PONTIAC BONNEVILLE,1
2025,3,PORSCHE,PORSCHE 924,1
2025,3,PORSCHE,PORSCHE 944,1
2025,3,PORSCHE,PORSCHE BOXSTER,1
2025,3,PORSCHE,PORSCHE CAYMAN,1
2025,3,QUADDY,QUADDY MODEL MISSING,1
2025,3,R-VISION,R-VISION MODEL MISSING,1
2025,3,RENAULT,RENAULT 17,1
2025,3,RENAULT,RENAULT 18,1
2025,3,RENAULT,RENAULT 4,1
2025,3,RENAULT,RENAULT 5,1
2025,3,ROVER,ROVER 2000 SERIES,1
2025,3,ROVER,ROVER 75,1
2025,3,ROVER,ROVER MODEL MISSING,1
2025,3,ROVER,ROVER RANGE ROVER,1
2025,3,SAAB,SAAB 99,1
2025,3,SEAT,SEAT MII,1
2025,3,SEAT,SEAT TOLEDO,1
2025,3,SKODA,SKODA S100,1
2025,3,SMART,SMART FORTWO,1
2025,3,SUNBEAM,SUNBEAM TIGER,1
2025,3,SUZUKI,SUZUKI ALTO,1
2025,3,SUZUKI,SUZUKI CAPPUCCINO,1
2025,3,SUZUKI,SUZUKI IGNIS,1
2025,3,TOYOTA,TOYOTA CARINA,1
2025,3,TOYOTA,TOYOTA CELSIOR,1
2025,3,TOYOTA,TOYOTA IPSUM,1
2025,3,TOYOTA,TOYOTA STARLET,1
2025,3,TOYOTA,TOYOTA SUPRA,1
2025,3,TOYOTA,TOYOTA TOWNACE,1
2025,3,TRIUMPH,TRIUMPH DOLOMITE,1
2025,3,TRIUMPH,TRIUMPH GT6,1
2025,3,TRIUMPH,TRIUMPH TR4,1
2025,3,TRIUMPH,TRIUMPH TR5,1
2025,3,TRIUMPH,TRIUMPH TR6,1
2025,3,TRIUMPH,TRIUMPH TR8,1
2025,3,TVR,TVR TUSCAN,1
2025,3,VAUXHALL,VAUXHALL CROSSLAND,1
2025,3,VAUXHALL,VAUXHALL INSIGNIA,1
2025,3,VAUXHALL,VAUXHALL VICTOR,1
2025,3,VAUXHALL,VAUXHALL VIVA,1
2025,3,VOLKSWAGEN,VOLKSWAGEN 1600,1
2025,3,VOLKSWAGEN,VOLKSWAGEN 181,1
2025,3,VOLKSWAGEN,VOLKSWAGEN GRAND CALIFORNIA,1
2025,3,VOLKSWAGEN,VOLKSWAGEN LT 31,1
2025,3,VOLVO,VOLVO 240,1
2025,3,VOLVO,VOLVO 740,1
2025,3,VOLVO,VOLVO S40,1
2025,3,WELLS,WELLS VERTIGE,1
2025,3,WOLSELEY,WOLSELEY MODEL MISSING,1
2025,3,ZASTAVA,ZASTAVA MODEL MISSING,1
2025,3,MERCEDES-BENZ,MERCEDES-BENZ AMG SL,1
2025,3,MERCEDES-BENZ,MERCEDES-BENZ GLC 400 SPORT E 4MATIC AUTO,1
2025,3,MERCEDES-BENZ,MERCEDES-BENZ S 580 MAYBACH E 4MATIC AUTO,1
2025,3,PEUGEOT,PEUGEOT 508 PSE S/S PHEV 4X4 AUTO,1
2025,3,PORSCHE,PORSCHE 918,1
2025,4,FORD,FORD PUMA,13947
2025,4,BYD,BYD SEAL DESIGN EV,9313
2025,4,TOYOTA,TOYOTA YARIS,9138
2025,4,KIA,KIA SPORTAGE,9058
2025,4,NISSAN,NISSAN QASHQAI,8355
2025,4,VOLKSWAGEN,VOLKSWAGEN GOLF,7993
2025,4,NISSAN,NISSAN JUKE,7785
2025,4,VOLVO,VOLVO XC40,7470
2025,4,VAUXHALL,VAUXHALL CORSA,6626
2025,4,JAECOO,JAECOO 7 LUXURY 4X4 AUTO,6554
2025,4,VOLKSWAGEN,VOLKSWAGEN T-ROC,6419
2025,4,MG,MG ZS,6362
2025,4,VOLKSWAGEN,VOLKSWAGEN TIGUAN,6357
2025,4,MG,MG HS,6089
2025,4,TESLA,TESLA MODEL Y,5992
2025,4,AUDI,AUDI A3,5818
2025,4,MINI,MINI COOPER,5533
2025,4,VOLKSWAGEN,VOLKSWAGEN POLO,5279
2025,4,FORD,FORD KUGA,4599
2025,4,TESLA,TESLA MODEL 3,4591
2025,4,HYUNDAI,HYUNDAI KONA,4318
2025,4,BMW,BMW IX,4100
2025,4,CHERY,CHERY TIGGO,4059
2025,4,BMW,BMW 1 SERIES,3759
2025,4,BYD,BYD DOLPHIN,3727
2025,4,MINI,MINI COUNTRYMAN,3652
2025,4,CITROEN,CITROEN C3,3601
2025,4,VAUXHALL,VAUXHALL FRONTERA DESIGN EV,3568
2025,4,HYUNDAI,HYUNDAI TUCSON,3551
2025,4,CUPRA,CUPRA FORMENTOR,3495
2025,4,POLESTAR,POLESTAR POLESTAR 4,3403
2025,4,AUDI,AUDI Q4,3346
2025,4,VOLVO,VOLVO XC60,3131
2025,4,SKODA,SKODA ELROQ EDITION,3128
2025,4,BMW,BMW X1,3116
2025,4,TOYOTA,TOYOTA COROLLA,3109
2025,4,FORD,FORD EXPLORER PREMIUM EV,3104
2025,4,LAND ROVER,LAND ROVER DEFENDER,3080
2025,4,TOYOTA,TOYOTA C-HR,2988
2025,4,VOLVO,VOLVO EX30,2956
2025,4,AUDI,AUDI Q6 E-TRON,2915
2025,4,PEUGEOT,PEUGEOT 2008,2884
2025,4,SKODA,SKODA KODIAQ,2825
2025,4,MG,MG 3,2790
2025,4,RENAULT,RENAULT SYMBIOZ,2750
2025,4,PEUGEOT,PEUGEOT 3008,2680
2025,4,RENAULT,RENAULT CLIO,2679
2025,4,LAND ROVER,LAND ROVER RANGE ROVER SPORT,2657
2025,4,AUDI,AUDI A1,2650
2025,4,HYUNDAI,HYUNDAI I10,2629
2025,4,KIA,KIA PICANTO,2618
2025,4,BMW,BMW I4,2603
2025,4,AUDI,AUDI A5,2594
2025,4,KIA,KIA NIRO,2561
2025,4,CUPRA,CUPRA TAVASCAN,2526
2025,4,RENAULT,RENAULT CAPTUR,2526
2025,4,VAUXHALL,VAUXHALL MOKKA,2474
2025,4,SKODA,SKODA KAMIQ,2466
2025,4,SEAT,SEAT IBIZA,2454
2025,4,TOYOTA,TOYOTA PRIUS,2420
2025,4,BMW,BMW X3,2408
2025,4,LAND ROVER,LAND ROVER RANGE ROVER EVOQUE,2307
2025,4,AUDI,AUDI Q2,2296
2025,4,PORSCHE,PORSCHE MACAN,2254
2025,4,SKODA,SKODA FABIA,2241
2025,4,SKODA,SKODA ENYAQ,2235
2025,4,MERCEDES,MERCEDES GLC CLASS,2204
2025,4,VOLKSWAGEN,VOLKSWAGEN ID4,2180
2025,4,MG,MG MG S5 SE EV,2160
2025,4,RENAULT,RENAULT 5 TECHNO E-TECH EV,2147
2025,4,LAND ROVER,LAND ROVER DISCOVERY,2133
2025,4,FORD,FORD FOCUS,2127
2025,4,LEAPMOTOR,LEAPMOTOR C10,2119
2025,4,SUZUKI,SUZUKI SWIFT,2041
2025,4,CUPRA,CUPRA TERRAMAR,2016
2025,4,MERCEDES,MERCEDES A CLASS,1974
2025,4,DACIA,DACIA DUSTER,1967
2025,4,HYUNDAI,HYUNDAI I20,1930
2025,4,OMODA,OMODA 5 KNIGHT AUTO,1900
2025,4,KIA,KIA EV3 AIR,1895
2025,4,VAUXHALL,VAUXHALL GRANDLAND,1883
2025,4,VOLKSWAGEN,VOLKSWAGEN ID3,1880
2025,4,RENAULT,RENAULT 5 ICONIC E-TECH EV,1788
2025,4,BMW,BMW 2 SERIES,1777
2025,4,TOYOTA,TOYOTA AYGO,1770
2025,4,MINI,MINI ACEMAN CLASSIC ELECTRIC,1738
2025,4,MG,MG 4,1735
2025,4,BMW,BMW 3 SERIES,1728
2025,4,VOLVO,VOLVO XC90,1718
2025,4,RENAULT,RENAULT SCENIC,1714
2025,4,MERCEDES,MERCEDES CLA CLASS,1681
2025,4,SKODA,SKODA KAROQ,1680
2025,4,FORD,FORD TOURNEO,1640
2025,4,DACIA,DACIA JOGGER,1638
2025,4,MERCEDES,MERCEDES GLA CLASS,1636
2025,4,NISSAN,NISSAN X-TRAIL,1578
2025,4,MERCEDES-BENZ,MERCEDES-BENZ CLA 250+ WITH EQ TCH AMG LN ED,1554
2025,4,OMODA,OMODA E5 COMFORT,1548
2025,4,MAZDA,MAZDA CX-30,1520
2025,4,VOLKSWAGEN,VOLKSWAGEN ID7 GTX,1514
2025,4,AUDI,AUDI A6,1509
2025,4,CUPRA,CUPRA BORN,1497
2025,4,PEUGEOT,PEUGEOT 208,1486
2025,4,LAND ROVER,LAND ROVER RANGE ROVER,1481
2025,4,AUDI,AUDI Q5,1467
2025,4,DACIA,DACIA BIGSTER EXPRESSION HEV AUTO,1445
2025,4,FORD,FORD CAPRI PREMIUM EV,1441
2025,4,VOLKSWAGEN,VOLKSWAGEN TAIGO,1431
2025,4,JAECOO,JAECOO 5 LUXURY,1420
2025,4,BYD,BYD ATTO 3,1378
2025,4,JAECOO,JAECOO 7 DELUXE AUTO,1327
2025,4,BMW,BMW X2,1323
2025,4,PEUGEOT,PEUGEOT 5008,1313
2025,4,LEXUS,LEXUS LBX,1273
2025,4,BMW,BMW X5,1262
2025,4,VOLKSWAGEN,VOLKSWAGEN T-CROSS,1217
2025,4,PEUGEOT,PEUGEOT 208 GT PREMIUM AUTO,1196
2025,4,KIA,KIA STONIC,1192
2025,4,DACIA,DACIA SANDERO,1182
2025,4,JEEP,JEEP AVENGER,1175
2025,4,AUDI,AUDI Q3,1166
2025,4,CITROEN,CITROEN E-C3 +,1143
2025,4,SKODA,SKODA OCTAVIA,1141
2025,4,HYUNDAI,HYUNDAI TUCSON ADVANCE PHEV AUTO,1141
2025,4,VOLKSWAGEN,VOLKSWAGEN TAYRON ELEGANCE ETSI S-A,1117
2025,4,SEAT,SEAT ARONA,1115
2025,4,OMODA,OMODA 5 NOBLE AUTO,1107
2025,4,RENAULT,RENAULT AUSTRAL,1090
2025,4,HONDA,HONDA HR-V,1073
2025,4,HONDA,HONDA JAZZ,1049
2025,4,HYUNDAI,HYUNDAI IONIQ,1010
2025,4,OMODA,OMODA 9 NOBLE PHEV AUTO,1001
2025,4,PORSCHE,PORSCHE CAYENNE,978
2025,4,PORSCHE,PORSCHE 911,974
2025,4,BMW,BMW I5,968
2025,4,VOLKSWAGEN,VOLKSWAGEN ID BUZZ,943
2025,4,MAZDA,MAZDA CX-5,915
2025,4,HYUNDAI,HYUNDAI SANTA FE,886
2025,4,MINI,MINI JOHN COOPER WORKS,879
2025,4,PEUGEOT,PEUGEOT E-5008 ALLURE,863
2025,4,KIA,KIA EV4,841
2025,4,CUPRA,CUPRA LEON,840
2025,4,BMW,BMW 5 SERIES,838
2025,4,TOYOTA,TOYOTA MODEL MISSING,821
2025,4,MERCEDES-BENZ,MERCEDES-BENZ EQB 250PLUS URBAN EDITION,816
2025,4,LAND ROVER,LAND ROVER RANGE ROVER VELAR,813
2025,4,TOYOTA,TOYOTA RAV4,803
2025,4,VOLVO,VOLVO EX40,790
2025,4,HYUNDAI,HYUNDAI INSTER,780
2025,4,VOLKSWAGEN,VOLKSWAGEN PASSAT,774
2025,4,NISSAN,NISSAN ARIYA,773
2025,4,DACIA,DACIA SPRING,771
2025,4,ALPINE,ALPINE A290 GT EV,762
2025,4,SKODA,SKODA SCALA,760
2025,4,JAECOO,JAECOO 5 PURE,758
2025,4,SUZUKI,SUZUKI E VITARA,753
2025,4,MAZDA,MAZDA 2,735
2025,4,VAUXHALL,VAUXHALL ASTRA,725
2025,4,PEUGEOT,PEUGEOT RIFTER,723
2025,4,SKODA,SKODA SUPERB,716
2025,4,MERCEDES,MERCEDES EQB CLASS,712
2025,4,BMW,BMW M SERIES,697
2025,4,MERCEDES,MERCEDES AMG CLASS,677
2025,4,LEXUS,LEXUS NX 450,674
2025,4,ALFA ROMEO,ALFA ROMEO JUNIOR,651
2025,4,MERCEDES,MERCEDES C CLASS,643
2025,4,SUZUKI,SUZUKI VITARA,643
2025,4,MERCEDES,MERCEDES EQA CLASS,633
2025,4,TOYOTA,TOYOTA BZ4X,610
2025,4,POLESTAR,POLESTAR 2,575
2025,4,MERCEDES-BENZ,MERCEDES-BENZ EQA 250PLUS URBAN EDITION,573
2025,4,PORSCHE,PORSCHE TAYCAN,554
2025,4,VOLKSWAGEN,VOLKSWAGEN MULTIVAN,552
2025,4,VOLKSWAGEN,VOLKSWAGEN CADDY,545
2025,4,CITROEN,CITROEN SPACETOURER,510
2025,4,AUDI,AUDI Q7,509
2025,4,SEAT,SEAT LEON,509
2025,4,PEUGEOT,PEUGEOT 308,495
2025,4,HYUNDAI,HYUNDAI I20 N,489
2025,4,KIA,KIA SORENTO,487
2025,4,BYD,BYD SEAL 6,486
2025,4,SHINERAY,SHINERAY EX5,479
2025,4,MAZDA,MAZDA CX-60,470
2025,4,FIAT,FIAT 600,465
2025,4,SUZUKI,SUZUKI S-CROSS,460
2025,4,MINI,MINI MINI COOPER SE,458
2025,4,MAZDA,MAZDA 3,443
2025,4,CITROEN,CITROEN C5,429
2025,4,NISSAN,NISSAN MODEL MISSING,425
2025,4,KIA,KIA XCEED,425
2025,4,AUDI,AUDI S3,418
2025,4,LEXUS,LEXUS UX 300,413
2025,4,AUDI,AUDI MODEL MISSING,412
2025,4,BMW,BMW M3,405
2025,4,HYUNDAI,HYUNDAI IONIQ 5,397
2025,4,VOLVO,VOLVO V60,393
2025,4,TOYOTA,TOYOTA ESTIMA,390
2025,4,RENAULT,RENAULT 5 ROLAND GARROS E-TECH EV,386
2025,4,BMW,BMW M2,386
2025,4,BYD,BYD ATTO 2 BOOST,383
2025,4,MERCEDES-BENZ,MERCEDES-BENZ EQE 350+,377
2025,4,KIA,KIA EV9,369
2025,4,RENAULT,RENAULT 4 ICONIC E-TECH EV,368
2025,4,PEUGEOT,PEUGEOT 2008 GT PREMIUM EV,365
2025,4,XPENG,XPENG G6 LONG RANGE,364
2025,4,KIA,KIA EV6,358
2025,4,RENAULT,RENAULT TRAFIC,358
2025,4,POLESTAR,POLESTAR POLESTAR 3,351
2025,4,LEAPMOTOR,LEAPMOTOR T03,345
2025,4,VOLKSWAGEN,VOLKSWAGEN TOUAREG,340
2025,4,VOLKSWAGEN,VOLKSWAGEN ID5,339
2025,4,CHANGAN,CHANGAN DEEPAL S07 EV,330
2025,4,HONDA,HONDA CIVIC,329
2025,4,MERCEDES,MERCEDES GLB CLASS,328
2025,4,AUDI,AUDI Q3 S,326
2025,4,CITROEN,CITROEN BERLINGO,325
2025,4,BMW,BMW 4 SERIES,323
2025,4,CITROEN,CITROEN E-BERLINGO,320
2025,4,PORSCHE,PORSCHE 718,313
2025,4,TOYOTA,TOYOTA NOAH,312
2025,4,SEAT,SEAT ATECA,310
2025,4,VOLKSWAGEN,VOLKSWAGEN MODEL MISSING,309
2025,4,MERCEDES,MERCEDES MODEL MISSING,306
2025,4,AUDI,AUDI RS3,304
2025,4,HONDA,HONDA MODEL MISSING,303
2025,4,RENAULT,RENAULT MEGANE,287
2025,4,RENAULT,RENAULT RAFALE,281
2025,4,BMW,BMW MODEL MISSING,277
2025,4,VOLVO,VOLVO EX90 PLUS AWD,276
2025,4,KIA,KIA EV5,275
2025,4,LEAPMOTOR,LEAPMOTOR B10,274
2025,4,VOLKSWAGEN,VOLKSWAGEN TOURAN,272
2025,4,HONDA,HONDA CR-V,271
2025,4,FORD,FORD MUSTANG MACH-E,269
2025,4,MAZDA,MAZDA MX-5,267
2025,4,LEXUS,LEXUS NX 350,266
2025,4,RENAULT,RENAULT 5 EVOLUTION E-TECH EV,264
2025,4,MG,MG IM5 LONG RANGE,254
2025,4,MINI,MINI MINI COOPER CLASSIC ELECTRIC,246
2025,4,SUZUKI,SUZUKI MODEL MISSING,246
2025,4,AUDI,AUDI Q8,241
2025,4,SUZUKI,SUZUKI JIMNY,241
2025,4,BYD,BYD DOLPHIN DESIGN EV,237
2025,4,MINI,MINI MINI COOPER EXCLUSIVE ELECTRIC,237
2025,4,HYUNDAI,HYUNDAI MODEL MISSING,231
2025,4,MINI,MINI MINI COOPER SPORT ELECTRIC,231
2025,4,VOLKSWAGEN,VOLKSWAGEN UP,229
2025,4,MERCEDES,MERCEDES E CLASS,229
2025,4,BMW,BMW X7,229
2025,4,TOYOTA,TOYOTA VELLFIRE,229
2025,4,LEXUS,LEXUS RX 450,221
2025,4,HYUNDAI,HYUNDAI BAYON ULTIMATE,221
2025,4,FIAT,FIAT 500,214
2025,4,LAND ROVER,LAND ROVER MODEL MISSING,211
2025,4,BYD,BYD DOLPHIN COMFORT EV,205
2025,4,VOLVO,VOLVO MODEL MISSING,200
2025,4,FORD,FORD TRANSIT CUSTOM,198
2025,4,BMW,BMW M4,188
2025,4,VAUXHALL,VAUXHALL COMBO,185
2025,4,MERCEDES,MERCEDES GLE CLASS,181
2025,4,MG,MG MG S6,180
2025,4,AUDI,AUDI Q3 LAUNCH,180
2025,4,MERCEDES,MERCEDES VITO,178
2025,4,TOYOTA,TOYOTA AYGO X,176
2025,4,SUBARU,SUBARU OUTBACK,175
2025,4,MAZDA,MAZDA CX-80 EXCLUSIVE-LINE D MHEV A,172
2025,4,HYUNDAI,HYUNDAI IONIQ 9 CALLIGRAPHY EV 4X4,170
2025,4,RENAULT,RENAULT 4 TECHNO E-TECH EV,170
2025,4,LOTUS,LOTUS ELETRE,164
2025,4,CITROEN,CITROEN C4,163
2025,4,AUDI,AUDI S5,162
2025,4,SUBARU,SUBARU FORESTER,162
2025,4,CHERY,CHERY TIGGO 9,162
2025,4,AUDI,AUDI Q3 EDITION,156
2025,4,BMW,BMW X4,156
2025,4,CITROEN,CITROEN E-C5,152
2025,4,HONDA,HONDA ZR-V SPORT,152
2025,4,MG,MG IM6 LAUNCH EDITION AWD,147
2025,4,LOTUS,LOTUS EMEYA,141
2025,4,AUDI,AUDI A4,141
2025,4,BMW,BMW 7 SERIES,138
2025,4,FORD,FORD MUSTANG,138
2025,4,MERCEDES-BENZ,MERCEDES-BENZ V 300,135
2025,4,AUDI,AUDI SQ6 E-TRON,133
2025,4,GENESIS,GENESIS GV70,129
2025,4,TOYOTA,TOYOTA ALPHARD,129
2025,4,BMW,BMW Z4,129
2025,4,AUDI,AUDI E-TRON,126
2025,4,FORD,FORD MODEL MISSING,126
2025,4,CUPRA,CUPRA ATECA,125
2025,4,PORSCHE,PORSCHE PANAMERA,122
2025,4,HONDA,HONDA FIT,118
2025,4,MERCEDES-BENZ,MERCEDES-BENZ AMG C,117
2025,4,AUDI,AUDI Q3 SPORT,116
2025,4,HONDA,HONDA STEPWAGON,115
2025,4,NISSAN,NISSAN ELGRAND,112
2025,4,MERCEDES-BENZ,MERCEDES-BENZ E 300 URBAN EDITION,106
2025,4,BENTLEY,BENTLEY BENTAYGA,103
2025,4,MERCEDES-BENZ,MERCEDES-BENZ V 220,101
2025,4,KGM,KGM TIVOLI,98
2025,4,LEXUS,LEXUS RX 450H,98
2025,4,VOLVO,VOLVO V90,97
2025,4,AUDI,AUDI SQ5,95
2025,4,HYUNDAI,HYUNDAI BAYON PREMIUM,95
2025,4,OTHER BRITISH,OTHER BRITISH MODEL MISSING,93
2025,4,SMART,SMART 1 BRABUS,93
2025,4,VOLVO,VOLVO ES90,92
2025,4,MINI,MINI ACEMAN MONOCHROME,89
2025,4,TOYOTA,TOYOTA PROACE,88
2025,4,MASERATI,MASERATI GRECALE,87
2025,4,TOYOTA,TOYOTA LANDCRUISER,86
2025,4,BENTLEY,BENTLEY CONTINENTAL,86
2025,4,SMART,SMART 1 PREMIUM,85
2025,4,HYUNDAI,HYUNDAI BAYON ADVANCE,84
2025,4,GENESIS,GENESIS GV60,80
2025,4,PEUGEOT,PEUGEOT TRAVELLER,80
2025,4,LEXUS,LEXUS RZ 300E,78
2025,4,VOLVO,VOLVO EC40,78
2025,4,MERCEDES,MERCEDES V CLASS,78
2025,4,LEXUS,LEXUS ES 300,78
2025,4,VOLKSWAGEN,VOLKSWAGEN BEETLE,77
2025,4,OMODA,OMODA E5 KNIGHT,76
2025,4,ALFA ROMEO,ALFA ROMEO TONALE,75
2025,4,SUBARU,SUBARU C-TREK TORING EBXR SYM AWD CVT,75
2025,4,PEUGEOT,PEUGEOT 408,74
2025,4,GWM,GWM GWM HAVAL JOLION PRO A,74
2025,4,HYUNDAI,HYUNDAI BAYON TECH,74
2025,4,MERCEDES-BENZ,MERCEDES-BENZ CLA250,73
2025,4,MERCEDES-BENZ,MERCEDES-BENZ EQE 350,73
2025,4,PEUGEOT,PEUGEOT BOXER,73
2025,4,AUDI,AUDI SQ7,73
2025,4,HYUNDAI,HYUNDAI I30 ADVANCE MHEV,73
2025,4,ASTON MARTIN,ASTON MARTIN DBX,72
2025,4,MERCEDES-BENZ,MERCEDES-BENZ AMG GLE 53 E 4MATIC+ AUTO,72
2025,4,ASTON MARTIN,ASTON MARTIN DB1,71
2025,4,SMART,SMART 1 PRO,69
2025,4,MERCEDES-BENZ,MERCEDES-BENZ CLE 300,69
2025,4,MERCEDES,MERCEDES EQS CLASS,68
2025,4,MERCEDES-BENZ,MERCEDES-BENZ AMG GLC,68
2025,4,SUBARU,SUBARU MODEL MISSING,68
2025,4,JAGUAR,JAGUAR MODEL MISSING,66
2025,4,TOYOTA,TOYOTA AQUA,66
2025,4,BMW,BMW XM,66
2025,4,VOLKSWAGEN,VOLKSWAGEN CALIFORNIA,66
2025,4,BENTLEY,BENTLEY MODEL MISSING,65
2025,4,AUDI,AUDI SQ8,65
2025,4,TOYOTA,TOYOTA LAND CRUISER FIRST EDITION D A,63
2025,4,NISSAN,NISSAN MICRA,62
2025,4,SMART,SMART 3 PREMIUM,61
2025,4,MITSUBISHI,MITSUBISHI MODEL MISSING,61
2025,4,BMW,BMW X6,60
2025,4,LEXUS,LEXUS LBX VIBRANT,60
2025,4,TOYOTA,TOYOTA VITZ,60
2025,4,MAZDA,MAZDA MODEL MISSING,59
2025,4,MERCEDES,MERCEDES B CLASS,59
2025,4,ALPINE,ALPINE A110,59
2025,4,MINI,MINI COOPER MONOCHROME,58
2025,4,SMART,SMART 3 BRABUS,58
2025,4,AUDI,AUDI A8,58
2025,4,AUDI,AUDI S6,57
2025,4,MERCEDES-BENZ,MERCEDES-BENZ GLE 450,57
2025,4,VOLVO,VOLVO V40,56
2025,4,PEUGEOT,PEUGEOT MODEL MISSING,54
2025,4,JEEP,JEEP WRANGLER,54
2025,4,PEUGEOT,PEUGEOT RIFTER ALLURE BLUEHDI,53
2025,4,MERCEDES,MERCEDES CLE 200 AMG,53
2025,4,MERCEDES-BENZ,MERCEDES-BENZ MODEL MISSING,52
2025,4,INEOS,INEOS GRENADIER,52
2025,4,ROLLS ROYCE,ROLLS ROYCE CULLINAN,52
2025,4,KGM,KGM TORRES,51
2025,4,MERCEDES,MERCEDES CLE 300 AMG,51
2025,4,MERCEDES,MERCEDES GLS CLASS,50
2025,4,FIAT,FIAT 600E,48
2025,4,MAZDA,MAZDA MX-30,48
2025,4,MERCEDES-BENZ,MERCEDES-BENZ C 300 URBAN EDITION E AUTO,48
2025,4,MERCEDES-BENZ,MERCEDES-BENZ GLE 400,48
2025,4,MG,MG CYBERSTER,47
2025,4,VAUXHALL,VAUXHALL VIVARO,47
2025,4,AUDI,AUDI SQ2,47
2025,4,LEXUS,LEXUS RZ 450,46
2025,4,VOLKSWAGEN,VOLKSWAGEN CRAFTER,46
2025,4,PEUGEOT,PEUGEOT 3008 GT PHEV AUTO,46
2025,4,AUDI,AUDI RSQ8 PRF CBN BLK TFSI MHEV Q A,46
2025,4,MERCEDES-BENZ,MERCEDES-BENZ CLA 180 SPORT EDITION MHEV A,45
2025,4,CITROEN,CITROEN MODEL MISSING,44
2025,4,ALFA ROMEO,ALFA ROMEO GIULIA,43
2025,4,MERCEDES,MERCEDES S CLASS,42
2025,4,VOLVO,VOLVO V70,42
2025,4,GWM,GWM ORA 03 PRO,41
2025,4,ASTON MARTIN,ASTON MARTIN VANTAGE,41
2025,4,SUBARU,SUBARU IMPREZA,40
2025,4,HONDA,HONDA E,39
2025,4,MERCEDES,MERCEDES SPRINTER,39
2025,4,SKODA,SKODA MODEL MISSING,37
2025,4,FERRARI,FERRARI 12CILINDRI CAVALINO S-A,37
2025,4,RENAULT,RENAULT MODEL MISSING,36
2025,4,SMART,SMART 5 PRO,36
2025,4,KGM,KGM KORANDO,36
2025,4,BMW,BMW IX3,35
2025,4,MERCEDES-BENZ,MERCEDES-BENZ EQE 500,35
2025,4,KGM,KGM REXTON,35
2025,4,MERCEDES-BENZ,MERCEDES-BENZ AMG G 63,35
2025,4,TOYOTA,TOYOTA SIENTA,34
2025,4,VAUXHALL,VAUXHALL ALLIED VENTURE,33
2025,4,MERCEDES-BENZ,MERCEDES-BENZ S580 MYBCH NT SERIES MHEV 4M A,33
2025,4,MERCEDES-BENZ,MERCEDES-BENZ AMG GT,33
2025,4,HYUNDAI,HYUNDAI 1400,32
2025,4,DACIA,DACIA DUSTER JOURNEY,32
2025,4,PORSCHE,PORSCHE MODEL MISSING,32
2025,4,KGM,KGM ACTYON K50 AUTO,32
2025,4,KGM,KGM TORRES K40,32
2025,4,BENTLEY,BENTLEY FLYING SPUR,31
2025,4,DODGE,DODGE MODEL MISSING,31
2025,4,HYUNDAI,HYUNDAI I20 BLACK,31
2025,4,JEEP,JEEP RENEGADE,30
2025,4,BMW,BMW 8 SERIES,30
2025,4,KIA,KIA MODEL MISSING,29
2025,4,MERCEDES-BENZ,MERCEDES-BENZ E 220 EXCLUSIVE,29
2025,4,LEXUS,LEXUS MODEL MISSING,29
2025,4,XPENG,XPENG G6 STANDARD RANGE,28
2025,4,BMW,BMW ALPINA,28
2025,4,SEAT,SEAT MODEL MISSING,28
2025,4,LEXUS,LEXUS LM 350H,28
2025,4,FORD,FORD ESCORT,28
2025,4,HYUNDAI,HYUNDAI I20 TECH,28
2025,4,ABARTH,ABARTH 500,27
2025,4,NISSAN,NISSAN SERENA,27
2025,4,FORD,FORD COLEMAN MILNE,26
2025,4,MERCEDES,MERCEDES CLE 220 AMG,26
2025,4,HONDA,HONDA ODYSSEY,26
2025,4,JEEP,JEEP COMPASS,26
2025,4,ASTON MARTIN,ASTON MARTIN DBX V8 S AUTO,26
2025,4,AUDI,AUDI RS6,26
2025,4,LAMBORGHINI,LAMBORGHINI URUS,26
2025,4,CITROEN,CITROEN E-C3,25
2025,4,RENAULT,RENAULT 4 EVOLUTION E-TECH EV,25
2025,4,SMART,SMART 3 PRO,25
2025,4,VAUXHALL,VAUXHALL FRONTERA,25
2025,4,FORD,FORD FIESTA,25
2025,4,VOLKSWAGEN,VOLKSWAGEN TRANSPORTER,25
2025,4,LOTUS,LOTUS EMIRA,25
2025,4,CITROEN,CITROEN E-C4,24
2025,4,CHEVROLET,CHEVROLET MODEL MISSING,24
2025,4,PEUGEOT,PEUGEOT 508,24
2025,4,MERCEDES,MERCEDES CLE 300 PREMIER ED MHEV 4M A,24
2025,4,DACIA,DACIA MODEL MISSING,24
2025,4,MINI,MINI COUNTRYMAN MONOCHROME,23
2025,4,JEEP,JEEP MODEL MISSING,23
2025,4,RENAULT,RENAULT MASTER,23
2025,4,DACIA,DACIA DUSTER EXTREME,23
2025,4,MERCEDES-BENZ,MERCEDES-BENZ G 580 WTH EQ-TECHNOLOGY ED ONE,22
2025,4,TOYOTA,TOYOTA PREVIA,22
2025,4,FERRARI,FERRARI PUROSANGUE,22
2025,4,SUBARU,SUBARU LEGACY,22
2025,4,MERCEDES-BENZ,MERCEDES-BENZ E 300 EXCLUSIVE PREMIUM,22
2025,4,MERCEDES-BENZ,MERCEDES-BENZ AMG E,22
2025,4,MERCEDES,MERCEDES 200,21
2025,4,AUDI,AUDI S4,21
2025,4,TOYOTA,TOYOTA FJ CRUISER,21
2025,4,FERRARI,FERRARI 296,21
2025,4,ALFA ROMEO,ALFA ROMEO STELVIO,20
2025,4,FERRARI,FERRARI SF90,20
2025,4,AUDI,AUDI S E-TRON GT LAUNCH ED QUATTRO,19
2025,4,FORD,FORD GALAXY,19
2025,4,VOLKSWAGEN,VOLKSWAGEN SHARAN,19
2025,4,FORD,FORD EXPLORER,18
2025,4,FORD,FORD TRANSIT,18
2025,4,MINI,MINI MODEL MISSING,18
2025,4,RENAULT TRUCKS,RENAULT TRUCKS TRAFIC,18
2025,4,VAUXHALL,VAUXHALL MOVANO,18
2025,4,ASTON MARTIN,ASTON MARTIN VANQUISH,18
2025,4,FORD,FORD KUGA SOUND,17
2025,4,LEXUS,LEXUS RX 350,17
2025,4,CHEVROLET,CHEVROLET CORVETTE,17
2025,4,MG,MG MODEL MISSING,16
2025,4,SMART,SMART 5 PREMIUM,16
2025,4,FIAT,FIAT 600 ICON MHEV AUTO,16
2025,4,HONDA,HONDA ACCORD,16
2025,4,MORGAN,MORGAN PLUS 4,16
2025,4,HYUNDAI,HYUNDAI 1200,15
2025,4,PEUGEOT,PEUGEOT 3008 LNCH ED DUAL MOTOR EV 4X4,15
2025,4,ROLLS ROYCE,ROLLS ROYCE,15
2025,4,SMART,SMART 5 BRABUS,15
2025,4,NISSAN,NISSAN SKYLINE,15
2025,4,DS,DS NO 4,14
2025,4,FISKER,FISKER OCEAN,14
2025,4,MERCEDES-BENZ,MERCEDES-BENZ AMG EQE,14
2025,4,PEUGEOT,PEUGEOT ALLIED,14
2025,4,FIAT,FIAT MODEL MISSING,14
2025,4,TOYOTA,TOYOTA CROWN,14
2025,4,AUDI,AUDI RS4,14
2025,4,JEEP,JEEP GRAND CHEROKEE,14
2025,4,MORGAN,MORGAN PLUS SIX AUTO,14
2025,4,NISSAN,NISSAN NOTE,14
2025,4,ROLLS ROYCE,ROLLS ROYCE PHANTOM,14
2025,4,MERCEDES-BENZ,MERCEDES-BENZ GLE 350 URBAN EDITION DE 4M A,14
2025,4,SUZUKI,SUZUKI ACROSS,14
2025,4,MERCEDES-BENZ,MERCEDES-BENZ A 200 PREMIER EDITION MHEV A,13
2025,4,ASTON MARTIN,ASTON MARTIN VANTAGE S V8 AUTO,13
2025,4,AUDI,AUDI RS Q8 LNCH ED TFSI MHEV QUAT A,13
2025,4,MCLAREN,MCLAREN 750S,13
2025,4,MCLAREN,MCLAREN ARTURA,13
2025,4,LAMBORGHINI,LAMBORGHINI REVUELTO V12 PHEV S-A,13
2025,4,LAMBORGHINI,LAMBORGHINI TEMERARIO,13
2025,4,CHANGAN,CHANGAN MODEL MISSING,12
2025,4,MERCEDES-BENZ,MERCEDES-BENZ EQS 350 BUSINESS CLASS,12
2025,4,PEUGEOT,PEUGEOT 408 GT EV,12
2025,4,LAND ROVER,LAND ROVER DISCOVRY 35TH ANNIV ED DMHEV A,12
2025,4,MERCEDES-BENZ,MERCEDES-BENZ G 450 AMG LINE PREM + D MHEV A,12
2025,4,JAGUAR,JAGUAR E TYPE,12
2025,4,TOYOTA,TOYOTA ALTEZZA,12
2025,4,NISSAN,NISSAN LEAF,11
2025,4,SKYWELL,SKYWELL BE11 LONG RANGE,11
2025,4,FIAT,FIAT DUCATO 35,11
2025,4,MINI,MINI CLUBMAN,11
2025,4,FERRARI,FERRARI ROMA,11
2025,4,HYUNDAI,HYUNDAI BAYON BLACK,11
2025,4,ROLLS ROYCE,ROLLS ROYCE GHOST,11
2025,4,GENESIS,GENESIS G80,10
2025,4,SMART,SMART 1 PURE EV,10
2025,4,TOYOTA,TOYOTA HIACE,10
2025,4,MERCEDES-BENZ,MERCEDES-BENZ G 500 AMG LINE PREM + MHEV A,10
2025,4,VOLVO,VOLVO S60,10
2025,4,HONDA,HONDA S660,10
2025,4,VOLKSWAGEN,VOLKSWAGEN JETTA,10
2025,4,VOLKSWAGEN,VOLKSWAGEN KARMANN GHIA,10
2025,4,MERCEDES-BENZ,MERCEDES-BENZ S 450 L AMG LINE PREM + E 4M A,10
2025,4,DS,DS NO 8 ETOILE EV,9
2025,4,MERCEDES-BENZ,MERCEDES-BENZ EQV 300 EXECUTIVE EXTRA-LONG,9
2025,4,VOLKSWAGEN,VOLKSWAGEN ID7 MATCH PRO,9
2025,4,MERCEDES,MERCEDES CLE 200 PREMIER,9
2025,4,ALFA ROMEO,ALFA ROMEO MODEL MISSING,9
2025,4,BMW,BMW M1,9
2025,4,BMW,BMW M5,9
2025,4,CHRYSLER,CHRYSLER MODEL MISSING,9
2025,4,CADILLAC,CADILLAC LYRIQ EV,8
2025,4,GWM,GWM ORA 03 GT,8
2025,4,CITROEN,CITROEN C3 AIRCROSS,8
2025,4,INEOS,INEOS GRENADIER FIELDMASTER ED D A,8
2025,4,MAZDA,MAZDA DEMIO,8
2025,4,MERCEDES,MERCEDES 300,8
2025,4,VOLKSWAGEN,VOLKSWAGEN CARAVELLE,8
2025,4,MERCEDES-BENZ,MERCEDES-BENZ E 450 EXCLUSVE,8
2025,4,SUBARU,SUBARU CROSSTREK LTD EBXR SYM AWD CVT,8
2025,4,FORD,FORD CORTINA,8
2025,4,JAGUAR,JAGUAR XK SERIES,8
2025,4,MCLAREN,MCLAREN MODEL MISSING,8
2025,4,VOLKSWAGEN,VOLKSWAGEN ARTEON,8
2025,4,RENAULT,RENAULT MASTER LM40 ADVANCE E-TECH EV,7
2025,4,CUPRA,CUPRA MODEL MISSING,7
2025,4,FORD,FORD MONDEO,7
2025,4,RENAULT,RENAULT TRAFIC QUEST,7
2025,4,LEXUS,LEXUS LS 600,7
2025,4,MERCEDES-BENZ,MERCEDES-BENZ E 200,7
2025,4,AUSTIN HEALEY,AUSTIN HEALEY MODEL MISSING,7
2025,4,CATERHAM,CATERHAM MODEL MISSING,7
2025,4,CHEVROLET GMC,CHEVROLET GMC CORVETTE,7
2025,4,CHEVROLET GMC,CHEVROLET GMC MODEL MISSING,7
2025,4,PLYMOUTH,PLYMOUTH MODEL MISSING,7
2025,4,ROLLS ROYCE,ROLLS ROYCE MODEL MISSING,7
2025,4,MERCEDES-BENZ,MERCEDES-BENZ E 300,7
2025,4,KIA,KIA PV5,6
2025,4,MASERATI,MASERATI GRECALE FOLGORE,6
2025,4,POLESTAR,POLESTAR MODEL MISSING,6
2025,4,ALFA ROMEO,ALFA ROMEO GIULIETTA,6
2025,4,FORD,FORD S-MAX,6
2025,4,JAGUAR,JAGUAR XJ SERIES,6
2025,4,MERCEDES,MERCEDES CLS CLASS,6
2025,4,MINI,MINI ONE,6
2025,4,ASTON MARTIN,ASTON MARTIN MODEL MISSING,6
2025,4,MERCEDES,MERCEDES CLE 450 AMG,6
2025,4,BMW,BMW M8,6
2025,4,DACIA,DACIA DUSTER EXPRESSION,6
2025,4,FERRARI,FERRARI MODEL MISSING,6
2025,4,LAMBORGHINI,LAMBORGHINI MODEL MISSING,6
2025,4,LANCIA,LANCIA MODEL MISSING,6
2025,4,MITSUBISHI,MITSUBISHI LANCER,6
2025,4,NISSAN,NISSAN 350,6
2025,4,NISSAN,NISSAN SILVIA,6
2025,4,SMART,SMART MODEL MISSING,6
2025,4,ASTON MARTIN,ASTON MARTIN VALHALLA V8 PHEV AUTO,6
2025,4,PEUGEOT,PEUGEOT 308 GT PHEV AUTO,6
2025,4,DS,DS DS3,5
2025,4,CITROEN,CITROEN RELAY,5
2025,4,OPEL,OPEL MODEL MISSING,5
2025,4,FIAT,FIAT PANDA,5
2025,4,LEXUS,LEXUS RX 500H,5
2025,4,SUZUKI,SUZUKI SX4,5
2025,4,AUSTIN,AUSTIN MODEL MISSING,5
2025,4,CADILLAC,CADILLAC MODEL MISSING,5
2025,4,CHEVROLET GMC,CHEVROLET GMC CAMARO,5
2025,4,CITROEN,CITROEN C3 MAX,5
2025,4,GORDON MURRAY,GORDON MURRAY T.50,5
2025,4,HONDA,HONDA INTEGRA,5
2025,4,HYUNDAI,HYUNDAI I30,5
2025,4,LEXUS,LEXUS IS F,5
2025,4,LEXUS,LEXUS LS 460,5
2025,4,MERCEDES,MERCEDES 190,5
2025,4,TOYOTA,TOYOTA 4-RUNNER,5
2025,4,TOYOTA,TOYOTA CELICA,5
2025,4,FISKER,FISKER MODEL MISSING,4
2025,4,RENAULT,RENAULT 4,4
2025,4,TOYOTA,TOYOTA URBAN CRUISER,4
2025,4,VOLKSWAGEN,VOLKSWAGEN ETRANSPORTER T32 COMMERCE +,4
2025,4,AUDI,AUDI A7,4
2025,4,FORD,FORD ALLIED,4
2025,4,JAGUAR,JAGUAR XF SERIES,4
2025,4,MAXUS,MAXUS DELIVER,4
2025,4,MASERATI,MASERATI GRANTURISMO,4
2025,4,MERCEDES,MERCEDES CLE 220 PREMIER,4
2025,4,TOYOTA,TOYOTA CAVALIER,4
2025,4,ARIEL,ARIEL MODEL MISSING,4
2025,4,AUDI,AUDI S8,4
2025,4,AUDI,AUDI TT,4
2025,4,FERRARI,FERRARI DAYTONA,4
2025,4,FIAT,FIAT 126,4
2025,4,FORD,FORD SIERRA,4
2025,4,LADA,LADA MODEL MISSING,4
2025,4,NISSAN,NISSAN MARCH,4
2025,4,PONTIAC,PONTIAC FIREBIRD,4
2025,4,RENAULT,RENAULT TWINGO,4
2025,4,SUZUKI,SUZUKI CARRY,4
2025,4,TOYOTA,TOYOTA SUPRA,4
2025,4,TRIUMPH,TRIUMPH MODEL MISSING,4
2025,4,VOLKSWAGEN,VOLKSWAGEN LUPO,4
2025,4,VOLVO,VOLVO V50,4
2025,4,MAXUS,MAXUS MIFA,3
2025,4,TESLA,TESLA MODEL MISSING,3
2025,4,THINK,THINK MODEL MISSING,3
2025,4,HYUNDAI,HYUNDAI I40,3
2025,4,KIA,KIA CEED,3
2025,4,MERCEDES,MERCEDES G CLASS,3
2025,4,MITSUBISHI,MITSUBISHI DELICA,3
2025,4,SEAT,SEAT TARRACO,3
2025,4,TOYOTA,TOYOTA AVENSIS,3
2025,4,VAUXHALL,VAUXHALL INSIGNIA,3
2025,4,CHERY,CHERY MODEL MISSING,3
2025,4,HONDA,HONDA LEGEND,3
2025,4,ALFA ROMEO,ALFA ROMEO GTV,3
2025,4,AUDI,AUDI TTS,3
2025,4,AUSTIN,AUSTIN MINI,3
2025,4,BMW,BMW Z3,3
2025,4,BUGATTI,BUGATTI MODEL MISSING,3
2025,4,CADILLAC,CADILLAC ESCALADE,3
2025,4,CORVETTE,CORVETTE MODEL MISSING,3
2025,4,DAIHATSU,DAIHATSU MIRA,3
2025,4,DAIHATSU,DAIHATSU MODEL MISSING,3
2025,4,FIAT,FIAT TIPO,3
2025,4,FORD,FORD CAPRI,3
2025,4,FORD,FORD CROWN VICTORIA,3
2025,4,HONDA,HONDA NSX,3
2025,4,LEYLAND CARS,LEYLAND CARS MINI,3
2025,4,MAZDA,MAZDA BONGO FRIENDEE A,3
2025,4,MITSUBISHI,MITSUBISHI ECLIPSE,3
2025,4,NISSAN,NISSAN CUBE,3
2025,4,OLDSMOBILE,OLDSMOBILE MODEL MISSING,3
2025,4,ROVER,ROVER MINI,3
2025,4,SSANGYONG,SSANGYONG TIVOLI,3
2025,4,TOYOTA,TOYOTA CENTURY,3
2025,4,TOYOTA,TOYOTA IQ,3
2025,4,TRIUMPH,TRIUMPH TR4,3
2025,4,VAUXHALL,VAUXHALL ZAFIRA,3
2025,4,VOLVO,VOLVO XC70,3
2025,4,MERCEDES-BENZ,MERCEDES-BENZ C 300 DE,3
2025,4,MERCEDES-BENZ,MERCEDES-BENZ S 580 L AMG,3
2025,4,ABARTH,ABARTH 600E,2
2025,4,MERCEDES,MERCEDES EQE CLASS,2
2025,4,MERCEDES-BENZ,MERCEDES-BENZ EQS 680 MAYBACH FIRST CLASS 4M,2
2025,4,SMART,SMART 5 PULSE,2
2025,4,VOLVO,VOLVO C40,2
2025,4,XPENG,XPENG MODEL MISSING,2
2025,4,AUDI,AUDI S7,2
2025,4,LAND ROVER,LAND ROVER FREELANDER,2
2025,4,MAZDA,MAZDA 6,2
2025,4,PORSCHE,PORSCHE 928,2
2025,4,SSANGYONG,SSANGYONG REXTON,2
2025,4,VAUXHALL,VAUXHALL MODEL MISSING,2
2025,4,DS,DS DS 4 PALLAS,2
2025,4,HONDA,HONDA INSIGHT,2
2025,4,MERCEDES,MERCEDES CLE 450 PREMIER,2
2025,4,MERCEDES,MERCEDES COLEMAN MILNE,2
2025,4,TOYOTA,TOYOTA SPRINTER,2
2025,4,AUDI,AUDI COUPE,2
2025,4,AUDI,AUDI RSQ3,2
2025,4,BMW,BMW 3.0 CS,2
2025,4,BMW,BMW 6 SERIES,2
2025,4,CITROEN,CITROEN 2CV,2
2025,4,CITROEN,CITROEN DS,2
2025,4,DAIHATSU,DAIHATSU MOVE,2
2025,4,DAIMLER,DAIMLER MODEL MISSING,2
2025,4,DATSUN,DATSUN 240,2
2025,4,DATSUN,DATSUN MODEL MISSING,2
2025,4,ENTERPRISE BUS,ENTERPRISE BUS MODEL MISSING,2
2025,4,FIAT,FIAT 850,2
2025,4,FORD,FORD ANGLIA,2
2025,4,FORD,FORD THUNDERBIRD,2
2025,4,GARELLI,GARELLI MODEL MISSING,2
2025,4,GORDON MURRAY,GORDON MURRAY MODEL MISSING,2
2025,4,HONDA,HONDA N-VAN,2
2025,4,HONDA,HONDA S2000,2
2025,4,HUMMER,HUMMER H2,2
2025,4,HYUNDAI,HYUNDAI IX20,2
2025,4,JAGUAR,JAGUAR S TYPE,2
2025,4,JAGUAR,JAGUAR XE SERIES,2
2025,4,JEEP,JEEP CHEROKEE,2
2025,4,LANCIA,LANCIA FULVIA,2
2025,4,LAND ROVER,LAND ROVER 110,2
2025,4,MASERATI,MASERATI MODEL MISSING,2
2025,4,MAZDA,MAZDA RX-7,2
2025,4,MCLAREN,MCLAREN GT,2
2025,4,MERCEDES,MERCEDES CL CLASS,2
2025,4,MERCEDES,MERCEDES CLK CLASS,2
2025,4,MERCEDES,MERCEDES SL CLASS,2
2025,4,MERCEDES-BENZ,MERCEDES-BENZ SL680 MAYBCH MONOGRAM SRS 4M A,2
2025,4,MG,MG MGB,2
2025,4,MG,MG ROADSTER,2
2025,4,MG,MG TF,2
2025,4,MORRIS,MORRIS MINI,2
2025,4,PORSCHE,PORSCHE 968,2
2025,4,PORSCHE,PORSCHE BOXSTER,2
2025,4,PORSCHE,PORSCHE CAYMAN,2
2025,4,RILEY,RILEY MODEL MISSING,2
2025,4,SKODA,SKODA CITIGO,2
2025,4,SUNBEAM,SUNBEAM ALPINE,2
2025,4,SUZUKI,SUZUKI HUSTLER,2
2025,4,TATA,TATA MODEL MISSING,2
2025,4,TOYOTA,TOYOTA MARK II,2
2025,4,TRIUMPH,TRIUMPH TR3,2
2025,4,ZHENHUA,ZHENHUA MODEL MISSING,2
2025,4,DS,DS DS7,2
2025,4,JAGUAR,JAGUAR FP RD,2
2025,4,MERCEDES-BENZ,MERCEDES-BENZ COLEMAN MILNE AUTO,2
2025,4,ALFA ROMEO,ALFA ROMEO JUNIOR ELETTRICA,1
2025,4,LYNK & CO,LYNK & CO MODEL MISSING,1
2025,4,MERCEDES,MERCEDES EQC CLASS,1
2025,4,MERCEDES,MERCEDES EQV CLASS,1
2025,4,MERCEDES-BENZ,MERCEDES-BENZ ESPRINTER,1
2025,4,SMART,SMART 3 25TH ANNIVERSARY,1
2025,4,TESLA,TESLA MODEL S,1
2025,4,TESLA,TESLA ROADSTER,1
2025,4,CHEVROLET,CHEVROLET ORLANDO,1
2025,4,DFSK,DFSK MODEL MISSING,1
2025,4,FIAT,FIAT DUCATO,1
2025,4,FORD,FORD RANGER,1
2025,4,HYUNDAI,HYUNDAI IX35,1
2025,4,JAGUAR,JAGUAR E-PACE,1
2025,4,JAGUAR,JAGUAR X TYPE,1
2025,4,KIA,KIA RIO,1
2025,4,LONDON TAXIS INT,LONDON TAXIS INT. MODEL MISSING,1
2025,4,MERCEDES,MERCEDES VIANO,1
2025,4,MERCEDES-BENZ,MERCEDES-BENZ SPRINTER 417 CDI AUTO,1
2025,4,NISSAN,NISSAN INTERSTAR,1
2025,4,PEUGEOT,PEUGEOT 307,1
2025,4,PEUGEOT,PEUGEOT BARON 530,1
2025,4,PEUGEOT,PEUGEOT HORIZON,1
2025,4,RENAULT,RENAULT KADJAR,1
2025,4,SEAT,SEAT ALHAMBRA,1
2025,4,TOYOTA,TOYOTA HILUX,1
2025,4,VOLVO,VOLVO C70,1
2025,4,VOLVO,VOLVO S90,1
2025,4,HONDA,HONDA FR-V,1
2025,4,MERCEDES-BENZ,MERCEDES-BENZ CLE 220 SPORT D MHEV AUTO,1
2025,4,MERCEDES-BENZ,MERCEDES-BENZ GLE 300 URBAN ED D MHEV 4M A,1
2025,4,ALFA ROMEO,ALFA ROMEO JUNIOR IBRIDA,1
2025,4,ASTON MARTIN,ASTON MARTIN VALKYRIE,1
2025,4,AUDI,AUDI RSQ8,1
2025,4,HONCHING,HONCHING MODEL MISSING,1
2025,4,INFINITI,INFINITI MODEL MISSING,1
2025,4,JAECOO,JAECOO MODEL MISSING,1
2025,4,LEXUS,LEXUS CT 200,1
2025,4,LEXUS,LEXUS GS 450,1
2025,4,LEXUS,LEXUS IS 300,1
2025,4,LEXUS,LEXUS LS 500,1
2025,4,LEXUS,LEXUS NX 300,1
2025,4,LEXUS,LEXUS RX 500,1
2025,4,MERCEDES-BENZ,MERCEDES-BENZ CLE 200,1
2025,4,MERCEDES-BENZ,MERCEDES-BENZ E 200 SPORT MHEV AUTO,1
2025,4,MERCEDES-BENZ,MERCEDES-BENZ G500 STR THN 1980S ED MHEV A,1
2025,4,OMODA,OMODA MODEL MISSING,1
2025,4,RENAULT,RENAULT ARKANA,1
2025,4,TOYOTA,TOYOTA AURIS,1
2025,4,MERCEDES-BENZ,MERCEDES-BENZ G450 STR THN 1980S ED D MHEV A,1
2025,4,ACURA,ACURA MODEL MISSING,1
2025,4,AJS,AJS MODEL MISSING,1
2025,4,ALFA ROMEO,ALFA ROMEO 159,1
2025,4,ALFA ROMEO,ALFA ROMEO 1750,1
2025,4,ALFA ROMEO,ALFA ROMEO 2000,1
2025,4,ALFA ROMEO,ALFA ROMEO ALFASUD,1
2025,4,ALFA ROMEO,ALFA ROMEO SPIDER,1
2025,4,ASTON MARTIN,ASTON MARTIN DB7,1
2025,4,ASTON MARTIN,ASTON MARTIN DB9,1
2025,4,ASTON MARTIN,ASTON MARTIN ONE-77,1
2025,4,AUDI,AUDI 100,1
2025,4,AUDI,AUDI RS5,1
2025,4,AUDI,AUDI RS7,1
2025,4,AUDI,AUDI S1,1
2025,4,AUSTIN,AUSTIN A40,1
2025,4,AUSTIN,AUSTIN HEALEY,1
2025,4,AUSTIN,AUSTIN SEVEN,1
2025,4,AUSTIN,AUSTIN SPRITE,1
2025,4,BENTLEY,BENTLEY ARNAGE,1
2025,4,BMW,BMW 1602,1
2025,4,BMW,BMW 2002,1
2025,4,BMW,BMW M6,1
2025,4,BMW,BMW Z8,1
2025,4,BSA,BSA MODEL MISSING,1
2025,4,BUICK,BUICK ELECTRA,1
2025,4,BUICK,BUICK SPECIAL,1
2025,4,CHEVROLET GMC,CHEVROLET GMC BELAIR,1
2025,4,CITROEN,CITROEN C1,1
2025,4,CITROEN,CITROEN CX,1
2025,4,CITROEN,CITROEN DYANE,1
2025,4,CITROEN,CITROEN SM,1
2025,4,COLT,COLT MODEL MISSING,1
2025,4,CORVETTE,CORVETTE C6,1
2025,4,CZ,CZ MODEL MISSING,1
2025,4,DAIHATSU,DAIHATSU COPEN,1
2025,4,DAIMLER,DAIMLER LIMOUSINE,1
2025,4,DAIMLER,DAIMLER SP 250,1
2025,4,DATSUN,DATSUN 280,1
2025,4,DATSUN,DATSUN 510,1
2025,4,DODGE,DODGE DURANGO,1
2025,4,DS,DS DS4,1
2025,4,FERRARI,FERRARI 458,1
2025,4,FERRARI,FERRARI 575M,1
2025,4,FERRARI,FERRARI 612,1
2025,4,FERRARI,FERRARI 812,1
2025,4,FERRARI,FERRARI GTC4,1
2025,4,FIAT,FIAT 124,1
2025,4,FIAT,FIAT 128,1
2025,4,FIAT,FIAT TOPOLINO,1
2025,4,FORD,FORD C-MAX,1
2025,4,FORD,FORD ECOSPORT,1
2025,4,FORD,FORD F150,1
2025,4,FORD,FORD GRANADA,1
2025,4,FORD,FORD GT,1
2025,4,FORD,FORD KA,1
2025,4,FORD,FORD ORION,1
2025,4,FORD,FORD POPULAR,1
2025,4,FORD,FORD TAURUS,1
2025,4,FORD,FORD ZEPHYR,1
2025,4,FOREST RIVER,FOREST RIVER MODEL MISSING,1
2025,4,HONDA,HONDA NC50,1
2025,4,HOUSEHAM,HOUSEHAM MODEL MISSING,1
2025,4,HYUNDAI,HYUNDAI I20 ELEMENT,1
2025,4,JAGUAR,JAGUAR 3.8,1
2025,4,JAGUAR,JAGUAR F-TYPE,1
2025,4,KIA,KIA PRO CEED,1
2025,4,KIA,KIA PROCEED,1
2025,4,KIA,KIA SEDONA,1
2025,4,LADA,LADA 1500,1
2025,4,LAMBORGHINI,LAMBORGHINI MURCIELAGO,1
2025,4,LANCIA,LANCIA BERLINA,1
2025,4,LANCIA,LANCIA BETA,1
2025,4,LANCIA,LANCIA DELTA,1
2025,4,LANCIA,LANCIA FLAMINIA,1
2025,4,LANCIA,LANCIA FLAVIA,1
2025,4,LEXUS,LEXUS IS 250,1
2025,4,LEXUS,LEXUS SC 430,1
2025,4,LEYLAND,LEYLAND MODEL MISSING,1
2025,4,LINCOLN,LINCOLN MODEL MISSING,1
2025,4,LINCOLN,LINCOLN TOWN CAR,1
2025,4,LOTUS,LOTUS ELAN,1
2025,4,LOTUS,LOTUS ELISE,1
2025,4,LOTUS,LOTUS MODEL MISSING,1
2025,4,MAN,MAN MODEL MISSING,1
2025,4,MASERATI,MASERATI GRANCABRIO,1
2025,4,MAZDA,MAZDA 1300,1
2025,4,MAZDA,MAZDA 323,1
2025,4,MCLAREN,MCLAREN 570S,1
2025,4,MCLAREN,MCLAREN SENNA,1
2025,4,MERCEDES,MERCEDES 500,1
2025,4,MERCEDES,MERCEDES SLK CLASS,1
2025,4,MG,MG METRO,1
2025,4,MG,MG RV8,1
2025,4,MINI,MINI PACEMAN,1
2025,4,MITSUBISHI,MITSUBISHI LEGNUM,1
2025,4,MITSUBISHI,MITSUBISHI SPACE STAR,1
2025,4,MOBILVETTA,MOBILVETTA MODEL MISSING,1
2025,4,MORGAN,MORGAN MIDSUMMER AUTO,1
2025,4,MORGAN,MORGAN PLUS 6,1
2025,4,MORRIS,MORRIS MINOR,1
2025,4,MOSKVICH,MOSKVICH 408,1
2025,4,NISSAN,NISSAN TOWNSTAR,1
2025,4,NSU,NSU 1200,1
2025,4,OMODA,OMODA 5 COMFORT AUTO,1
2025,4,OPEL,OPEL ASCONA,1
2025,4,OPEL,OPEL KADETT,1
2025,4,PENTA,PENTA MODEL MISSING,1
2025,4,PEUGEOT,PEUGEOT 404,1
2025,4,PEUGEOT,PEUGEOT 405,1
2025,4,PEUGEOT,PEUGEOT 504,1
2025,4,PONTIAC,PONTIAC BONNEVILLE,1
2025,4,PORSCHE,PORSCHE 924,1
2025,4,RENAULT,RENAULT 5,1
2025,4,REVA,REVA MODEL MISSING,1
2025,4,ROLLS ROYCE,ROLLS ROYCE SILVER SHADOW,1
2025,4,ROVER,ROVER 200 SERIES,1
2025,4,ROVER,ROVER 75,1
2025,4,ROVER,ROVER 800 SERIES,1
2025,4,ROVER,ROVER MODEL MISSING,1
2025,4,ROVER,ROVER SD1,1
2025,4,SAAB,SAAB 9-3,1
2025,4,SAAB,SAAB 95,1
2025,4,SAAB,SAAB 96,1
2025,4,SAAB,SAAB 99,1
2025,4,SAVIEM,SAVIEM MODEL MISSING,1
2025,4,SIMCA,SIMCA MODEL MISSING,1
2025,4,SKODA,SKODA 120,1
2025,4,SMART,SMART FORFOUR,1
2025,4,SUNBEAM,SUNBEAM TIGER,1
2025,4,TALBOT,TALBOT MODEL MISSING,1
2025,4,TGB,TGB MODEL MISSING,1
2025,4,TOYOTA,TOYOTA MR2,1
2025,4,TOYOTA,TOYOTA STARLET,1
2025,4,TOYOTA,TOYOTA VISTA,1
2025,4,TRIUMPH,TRIUMPH GT6,1
2025,4,TRIUMPH,TRIUMPH STAG,1
2025,4,TRIUMPH,TRIUMPH TR6,1
2025,4,TVR,TVR CHIMERA,1
2025,4,VOLKSWAGEN,VOLKSWAGEN BORA,1
2025,4,VOLKSWAGEN,VOLKSWAGEN EOS,1
2025,4,VOLKSWAGEN,VOLKSWAGEN SCIROCCO,1
2025,4,VOLVO,VOLVO 1800,1
2025,4,VOLVO,VOLVO 850,1
2025,4,VOLVO,VOLVO S80,1
2025,4,WELLS,WELLS VERTIGE,1
2025,4,WESTFIELD,WESTFIELD MODEL MISSING,1
2025,4,JAGUAR,JAGUAR F-PACE,1
2025,4,BMW,BMW I3,1
2026,1,FORD,FORD PUMA,16112
2026,1,BYD,BYD SEAL DESIGN EV,14499
2026,1,KIA,KIA SPORTAGE,14201
2026,1,JAECOO,JAECOO 7 LUXURY 4X4 AUTO,13359
2026,1,NISSAN,NISSAN QASHQAI,12855
2026,1,TOYOTA,TOYOTA YARIS,12217
2026,1,VAUXHALL,VAUXHALL CORSA,10549
2026,1,VOLKSWAGEN,VOLKSWAGEN GOLF,9973
2026,1,VOLVO,VOLVO XC40,9303
2026,1,MG,MG HS,9158
2026,1,VOLKSWAGEN,VOLKSWAGEN POLO,8667
2026,1,NISSAN,NISSAN JUKE,8516
2026,1,VOLKSWAGEN,VOLKSWAGEN TIGUAN,8058
2026,1,FORD,FORD KUGA,7239
2026,1,CHERY,CHERY TIGGO,7111
2026,1,BMW,BMW 1 SERIES,7107
2026,1,MINI,MINI COOPER,6386
2026,1,HYUNDAI,HYUNDAI KONA,6309
2026,1,TESLA,TESLA MODEL Y,6216
2026,1,MG,MG ZS,6153
2026,1,VOLKSWAGEN,VOLKSWAGEN T-ROC,6063
2026,1,AUDI,AUDI A3,5948
2026,1,SUZUKI,SUZUKI SWIFT,5824
2026,1,PEUGEOT,PEUGEOT 2008,5624
2026,1,HYUNDAI,HYUNDAI TUCSON,5617
2026,1,TESLA,TESLA MODEL 3,5527
2026,1,MAZDA,MAZDA CX-30,5326
2026,1,LAND ROVER,LAND ROVER DEFENDER,5107
2026,1,VAUXHALL,VAUXHALL FRONTERA DESIGN EV,5043
2026,1,VAUXHALL,VAUXHALL MOKKA,4862
2026,1,PEUGEOT,PEUGEOT 3008,4753
2026,1,LAND ROVER,LAND ROVER RANGE ROVER SPORT,4702
2026,1,TOYOTA,TOYOTA C-HR,4519
2026,1,SKODA,SKODA ENYAQ,4421
2026,1,CITROEN,CITROEN C3,4281
2026,1,TOYOTA,TOYOTA AYGO X,4203
2026,1,VAUXHALL,VAUXHALL GRANDLAND,4126
2026,1,AUDI,AUDI A1,4120
2026,1,MINI,MINI COUNTRYMAN,3962
2026,1,OMODA,OMODA 5 NOBLE AUTO,3960
2026,1,MERCEDES,MERCEDES A CLASS,3943
2026,1,BMW,BMW X1,3847
2026,1,LAND ROVER,LAND ROVER RANGE ROVER EVOQUE,3819
2026,1,RENAULT,RENAULT CAPTUR,3811
2026,1,KIA,KIA PICANTO,3792
2026,1,MERCEDES,MERCEDES GLC CLASS,3776
2026,1,LAND ROVER,LAND ROVER DISCOVERY,3765
2026,1,RENAULT,RENAULT SYMBIOZ,3751
2026,1,MG,MG 3,3713
2026,1,AUDI,AUDI Q4,3688
2026,1,VOLVO,VOLVO XC60,3642
2026,1,BMW,BMW IX,3631
2026,1,KIA,KIA EV3 AIR,3622
2026,1,TOYOTA,TOYOTA COROLLA,3536
2026,1,SKODA,SKODA KODIAQ,3473
2026,1,SKODA,SKODA FABIA,3357
2026,1,SKODA,SKODA ELROQ EDITION,3325
2026,1,PEUGEOT,PEUGEOT 5008,3322
2026,1,PEUGEOT,PEUGEOT 208,3260
2026,1,CUPRA,CUPRA TERRAMAR,3237
2026,1,KIA,KIA NIRO,3220
2026,1,AUDI,AUDI Q2,3171
2026,1,SKODA,SKODA KAROQ,3076
2026,1,SKODA,SKODA KAMIQ,3063
2026,1,JEEP,JEEP AVENGER,3050
2026,1,KIA,KIA STONIC,2961
2026,1,AUDI,AUDI Q6 E-TRON,2921
2026,1,CUPRA,CUPRA FORMENTOR,2897
2026,1,MERCEDES,MERCEDES GLA CLASS,2825
2026,1,RENAULT,RENAULT CLIO,2779
2026,1,BMW,BMW 3 SERIES,2777
2026,1,MERCEDES-BENZ,MERCEDES-BENZ CLA 250+ WITH EQ TCH AMG LN ED,2732
2026,1,FORD,FORD EXPLORER PREMIUM EV,2722
2026,1,VOLKSWAGEN,VOLKSWAGEN ID3,2575
2026,1,POLESTAR,POLESTAR POLESTAR 4,2549
2026,1,FORD,FORD FOCUS,2537
2026,1,CUPRA,CUPRA BORN,2483
2026,1,JAECOO,JAECOO 5 LUXURY,2428
2026,1,BMW,BMW X5,2419
2026,1,VOLKSWAGEN,VOLKSWAGEN ID4,2355
2026,1,BYD,BYD SEALION 5,2354
2026,1,SEAT,SEAT IBIZA,2319
2026,1,PORSCHE,PORSCHE MACAN,2315
2026,1,AUDI,AUDI A5,2228
2026,1,HONDA,HONDA JAZZ,2221
2026,1,BMW,BMW I4,2218
2026,1,JAECOO,JAECOO 7 DELUXE AUTO,2214
2026,1,BMW,BMW 2 SERIES,2213
2026,1,VOLVO,VOLVO EX30,2185
2026,1,LAND ROVER,LAND ROVER RANGE ROVER,2179
2026,1,MERCEDES,MERCEDES CLA CLASS,2133
2026,1,KIA,KIA EV4,2114
2026,1,VOLVO,VOLVO XC90,2112
2026,1,VOLKSWAGEN,VOLKSWAGEN TAYRON ELEGANCE ETSI S-A,2068
2026,1,BMW,BMW X3,2060
2026,1,VAUXHALL,VAUXHALL FRONTERA,2049
2026,1,HYUNDAI,HYUNDAI I10,2049
2026,1,HONDA,HONDA HR-V,2031
2026,1,NISSAN,NISSAN X-TRAIL,1944
2026,1,DACIA,DACIA SANDERO,1928
2026,1,LAND ROVER,LAND ROVER RANGE ROVER VELAR,1919
2026,1,KIA,KIA EV5,1892
2026,1,TOYOTA,TOYOTA PRIUS,1885
2026,1,VOLKSWAGEN,VOLKSWAGEN T-CROSS,1872
2026,1,MAZDA,MAZDA 3,1786
2026,1,AUDI,AUDI Q5,1780
2026,1,MG,MG MG S5 SE EV,1779
2026,1,CITROEN,CITROEN C5,1760
2026,1,SKODA,SKODA OCTAVIA,1751
2026,1,FORD,FORD TOURNEO,1722
2026,1,SEAT,SEAT ARONA,1716
2026,1,CUPRA,CUPRA LEON,1657
2026,1,RENAULT,RENAULT SCENIC,1627
2026,1,MERCEDES,MERCEDES C CLASS,1610
2026,1,RENAULT,RENAULT AUSTRAL,1605
2026,1,MG,MG 4,1563
2026,1,OMODA,OMODA 5 KNIGHT AUTO,1547
2026,1,MAZDA,MAZDA 2,1539
2026,1,HYUNDAI,HYUNDAI TUCSON ADVANCE PHEV AUTO,1538
2026,1,VOLKSWAGEN,VOLKSWAGEN TAIGO,1533
2026,1,LEXUS,LEXUS LBX,1491
2026,1,HYUNDAI,HYUNDAI SANTA FE,1487
2026,1,PEUGEOT,PEUGEOT E-5008 ALLURE,1474
2026,1,DACIA,DACIA JOGGER,1466
2026,1,CUPRA,CUPRA TAVASCAN,1462
2026,1,OMODA,OMODA 9 NOBLE PHEV AUTO,1451
2026,1,PEUGEOT,PEUGEOT 208 GT PREMIUM AUTO,1445
2026,1,LEAPMOTOR,LEAPMOTOR C10,1428
2026,1,SUZUKI,SUZUKI VITARA,1425
2026,1,OMODA,OMODA E5 COMFORT,1422
2026,1,AUDI,AUDI A6,1418
2026,1,POLESTAR,POLESTAR 2,1402
2026,1,MERCEDES,MERCEDES AMG CLASS,1384
2026,1,RENAULT,RENAULT 5 ICONIC E-TECH EV,1342
2026,1,BYD,BYD SEAL 6,1340
2026,1,DACIA,DACIA BIGSTER EXPRESSION HEV AUTO,1334
2026,1,FORD,FORD CAPRI PREMIUM EV,1327
2026,1,BMW,BMW X2,1293
2026,1,HONDA,HONDA E,1289
2026,1,AUDI,AUDI Q3 S,1289
2026,1,HYUNDAI,HYUNDAI I20 TECH,1286
2026,1,VOLKSWAGEN,VOLKSWAGEN ID7 GTX,1260
2026,1,LEAPMOTOR,LEAPMOTOR B10,1247
2026,1,MINI,MINI ACEMAN CLASSIC ELECTRIC,1220
2026,1,BMW,BMW 5 SERIES,1193
2026,1,PEUGEOT,PEUGEOT 2008 GT PREMIUM EV,1153
2026,1,HYUNDAI,HYUNDAI INSTER,1146
2026,1,DACIA,DACIA DUSTER EXTREME,1133
2026,1,BMW,BMW M SERIES,1130
2026,1,VOLVO,VOLVO EX40,1112
2026,1,HYUNDAI,HYUNDAI I20 BLACK,1049
2026,1,MERCEDES,MERCEDES GLB CLASS,1038
2026,1,SKODA,SKODA SUPERB,1035
2026,1,BMW,BMW I5,1023
2026,1,PEUGEOT,PEUGEOT 3008 GT PHEV AUTO,1014
2026,1,SKODA,SKODA SCALA,1007
2026,1,DACIA,DACIA SPRING,995
2026,1,TOYOTA,TOYOTA MODEL MISSING,988
2026,1,LEXUS,LEXUS NX 450,975
2026,1,CHERY,CHERY TIGGO 9,967
2026,1,FIAT,FIAT 600,948
2026,1,RENAULT,RENAULT 5 TECHNO E-TECH EV,945
2026,1,VAUXHALL,VAUXHALL ASTRA,929
2026,1,JAECOO,JAECOO 5 PURE,916
2026,1,SHINERAY,SHINERAY STARRAY,903
2026,1,PEUGEOT,PEUGEOT 208 ALLURE MHEV AUTO,885
2026,1,VOLKSWAGEN,VOLKSWAGEN ID BUZZ,875
2026,1,PORSCHE,PORSCHE 911,875
2026,1,HONDA,HONDA CR-V,861
2026,1,HYUNDAI,HYUNDAI IONIQ,844
2026,1,CITROEN,CITROEN E-C3 +,829
2026,1,PEUGEOT,PEUGEOT RIFTER,819
2026,1,MINI,MINI JOHN COOPER WORKS,805
2026,1,PEUGEOT,PEUGEOT 308,805
2026,1,CITROEN,CITROEN E-C3,794
2026,1,BMW,BMW M3,790
2026,1,AUDI,AUDI Q3 EDITION,782
2026,1,PORSCHE,PORSCHE CAYENNE,782
2026,1,BYD,BYD ATTO 3,778
2026,1,MERCEDES-BENZ,MERCEDES-BENZ CLA,768
2026,1,BYD,BYD DOLPHIN,719
2026,1,HONDA,HONDA CIVIC,709
2026,1,SUZUKI,SUZUKI S-CROSS,707
2026,1,CHANGAN,CHANGAN DEEPAL S07 EV,695
2026,1,VOLKSWAGEN,VOLKSWAGEN ID5,694
2026,1,HYUNDAI,HYUNDAI I20,691
2026,1,MAZDA,MAZDA CX-60,684
2026,1,VOLKSWAGEN,VOLKSWAGEN PASSAT,683
2026,1,MG,MG IM5 LONG RANGE,682
2026,1,NISSAN,NISSAN ARIYA,670
2026,1,MERCEDES,MERCEDES EQA CLASS,669
2026,1,SHINERAY,SHINERAY EX5,660
2026,1,MERCEDES,MERCEDES VITO,656
2026,1,KIA,KIA K4,650
2026,1,JEEP,JEEP COMPASS,648
2026,1,SEAT,SEAT LEON,634
2026,1,ALPINE,ALPINE A290 GT EV,632
2026,1,DACIA,DACIA DUSTER,627
2026,1,SUZUKI,SUZUKI E VITARA,620
2026,1,AUDI,AUDI Q7,613
2026,1,BYD,BYD DOLPHIN DESIGN EV,581
2026,1,MERCEDES,MERCEDES EQB CLASS,575
2026,1,MINI,MINI MINI COOPER SE,564
2026,1,CITROEN,CITROEN SPACETOURER,551
2026,1,MAZDA,MAZDA MX-5,549
2026,1,VOLKSWAGEN,VOLKSWAGEN CADDY,544
2026,1,HONDA,HONDA ZR-V SPORT,541
2026,1,KIA,KIA XCEED,536
2026,1,TOYOTA,TOYOTA URBAN CRUISER,535
2026,1,BMW,BMW X7,517
2026,1,BYD,BYD DOLPHIN COMFORT EV,515
2026,1,OMODA,OMODA 7,513
2026,1,RENAULT,RENAULT 5 ROLAND GARROS E-TECH EV,507
2026,1,MERCEDES-BENZ,MERCEDES-BENZ CLA250,502
2026,1,ALFA ROMEO,ALFA ROMEO JUNIOR,501
2026,1,KIA,KIA EV9,493
2026,1,AUDI,AUDI S3,491
2026,1,CITROEN,CITROEN BERLINGO,489
2026,1,NISSAN,NISSAN MODEL MISSING,485
2026,1,AUDI,AUDI MODEL MISSING,483
2026,1,DACIA,DACIA DUSTER JOURNEY,480
2026,1,MG,MG MG S6,479
2026,1,VOLKSWAGEN,VOLKSWAGEN TOUAREG,475
2026,1,MERCEDES-BENZ,MERCEDES-BENZ EQB 250PLUS URBAN EDITION,474
2026,1,MERCEDES-BENZ,MERCEDES-BENZ EQA 250PLUS URBAN EDITION,466
2026,1,MERCEDES,MERCEDES GLE CLASS,459
2026,1,DACIA,DACIA DUSTER EXPRESSION,459
2026,1,BYD,BYD ATTO 2 BOOST,456
2026,1,KIA,KIA SORENTO,449
2026,1,RENAULT,RENAULT 4 ICONIC E-TECH EV,447
2026,1,BMW,BMW IX3,446
2026,1,BMW,BMW 4 SERIES,445
2026,1,MERCEDES,MERCEDES E CLASS,444
2026,1,LEXUS,LEXUS RZ,442
2026,1,TOYOTA,TOYOTA NOAH,440
2026,1,FORD,FORD MUSTANG MACH-E,433
2026,1,VOLKSWAGEN,VOLKSWAGEN MULTIVAN,431
2026,1,LEAPMOTOR,LEAPMOTOR T03,427
2026,1,HONDA,HONDA MODEL MISSING,423
2026,1,TOYOTA,TOYOTA ESTIMA,421
2026,1,AUDI,AUDI Q3 SPORT,412
2026,1,MAZDA,MAZDA CX-80 EXCLUSIVE-LINE D MHEV A,410
2026,1,VOLVO,VOLVO V60,407
2026,1,HYUNDAI,HYUNDAI BAYON BLACK,402
2026,1,NISSAN,NISSAN MICRA,398
2026,1,RENAULT,RENAULT 4 TECHNO E-TECH EV,374
2026,1,BMW,BMW M4,374
2026,1,PORSCHE,PORSCHE TAYCAN,373
2026,1,KIA,KIA PV5,362
2026,1,HYUNDAI,HYUNDAI BAYON TECH,361
2026,1,RENAULT,RENAULT MEGANE,360
2026,1,TOYOTA,TOYOTA BZ4X,360
2026,1,BMW,BMW M2,358
2026,1,MINI,MINI COUNTRYMAN MONOCHROME,356
2026,1,HYUNDAI,HYUNDAI IONIQ 9 CALLIGRAPHY EV 4X4,348
2026,1,MERCEDES-BENZ,MERCEDES-BENZ E 300 URBAN EDITION,347
2026,1,HYUNDAI,HYUNDAI IONIQ 5,345
2026,1,RENAULT,RENAULT RAFALE,345
2026,1,BMW,BMW MODEL MISSING,341
2026,1,MERCEDES,MERCEDES MODEL MISSING,337
2026,1,AUDI,AUDI RS3,337
2026,1,LEXUS,LEXUS UX 300,336
2026,1,KIA,KIA EV6,333
2026,1,FIAT,FIAT GRANDE PANDA ICON MHEV AUTO,332
2026,1,FORD,FORD TRANSIT CUSTOM,321
2026,1,XPENG,XPENG G6 LONG RANGE,316
2026,1,HYUNDAI,HYUNDAI MODEL MISSING,315
2026,1,MG,MG IM6 LAUNCH EDITION AWD,313
2026,1,VOLKSWAGEN,VOLKSWAGEN UP,311
2026,1,MERCEDES-BENZ,MERCEDES-BENZ EQE 350+,308
2026,1,RENAULT,RENAULT TRAFIC,302
2026,1,MINI,MINI MINI COOPER EXCLUSIVE ELECTRIC,297
2026,1,CITROEN,CITROEN C4,297
2026,1,LEXUS,LEXUS NX 350,295
2026,1,LEXUS,LEXUS RX 450H,286
2026,1,SUZUKI,SUZUKI JIMNY,285
2026,1,LAND ROVER,LAND ROVER MODEL MISSING,284
2026,1,RENAULT,RENAULT MODEL MISSING,283
2026,1,VOLKSWAGEN,VOLKSWAGEN MODEL MISSING,272
2026,1,SUBARU,SUBARU FORESTER,259
2026,1,MAZDA,MAZDA CX-5,258
2026,1,SUZUKI,SUZUKI MODEL MISSING,256
2026,1,MERCEDES-BENZ,MERCEDES-BENZ A 200 PREMIER EDITION MHEV A,253
2026,1,MERCEDES-BENZ,MERCEDES-BENZ CLE 300,243
2026,1,VOLKSWAGEN,VOLKSWAGEN TAYRON,229
2026,1,BMW,BMW 7 SERIES,228
2026,1,SUBARU,SUBARU C-TREK TORING EBXR SYM AWD CVT,228
2026,1,FIAT,FIAT 500,223
2026,1,TOYOTA,TOYOTA VELLFIRE,223
2026,1,FORD,FORD KUGA SOUND,220
2026,1,RENAULT,RENAULT 4,214
2026,1,FORD,FORD MUSTANG,213
2026,1,KGM,KGM TIVOLI,211
2026,1,VOLVO,VOLVO EX90 PLUS AWD,208
2026,1,VOLVO,VOLVO MODEL MISSING,207
2026,1,CITROEN,CITROEN E-BERLINGO,205
2026,1,BENTLEY,BENTLEY CONTINENTAL,204
2026,1,AUDI,AUDI SQ6 E-TRON,201
2026,1,POLESTAR,POLESTAR POLESTAR 3,200
2026,1,MERCEDES-BENZ,MERCEDES-BENZ E 200 SPORT MHEV AUTO,199
2026,1,VOLKSWAGEN,VOLKSWAGEN TRANSPORTER,192
2026,1,KGM,KGM ACTYON K50 AUTO,190
2026,1,MERCEDES-BENZ,MERCEDES-BENZ C 300 URBAN EDITION E AUTO,189
2026,1,HONDA,HONDA PRELUDE,187
2026,1,MERCEDES-BENZ,MERCEDES-BENZ AMG G 63,187
2026,1,AUDI,AUDI A4,181
2026,1,SEAT,SEAT ATECA,181
2026,1,MINI,MINI COOPER MONOCHROME,177
2026,1,TOYOTA,TOYOTA AYGO,176
2026,1,MERCEDES-BENZ,MERCEDES-BENZ V 300,173
2026,1,AUDI,AUDI Q3 LAUNCH,171
2026,1,PEUGEOT,PEUGEOT E-5008,169
2026,1,MERCEDES,MERCEDES B CLASS,169
2026,1,AUDI,AUDI S5,166
2026,1,CITROEN,CITROEN C3 MAX,161
2026,1,VAUXHALL,VAUXHALL COMBO,159
2026,1,MINI,MINI ACEMAN MONOCHROME,157
2026,1,MG,MG MG S9,155
2026,1,LOTUS,LOTUS ELETRE,153
2026,1,GENESIS,GENESIS GV70,150
2026,1,CITROEN,CITROEN E-C5,149
2026,1,AUDI,AUDI Q3,147
2026,1,SUBARU,SUBARU OUTBACK,145
2026,1,AUDI,AUDI Q8,143
2026,1,MINI,MINI MINI COOPER SPORT ELECTRIC,139
2026,1,HYUNDAI,HYUNDAI I20 N,138
2026,1,MERCEDES,MERCEDES CLE 200 AMG,135
2026,1,OMODA,OMODA E5 KNIGHT,134
2026,1,TOYOTA,TOYOTA PROACE,130
2026,1,HONDA,HONDA FIT,129
2026,1,PEUGEOT,PEUGEOT 408,128
2026,1,MERCEDES-BENZ,MERCEDES-BENZ AMG GLC,128
2026,1,VAUXHALL,VAUXHALL ALLIED VENTURE,126
2026,1,MERCEDES,MERCEDES CLE 300 AMG,122
2026,1,MERCEDES-BENZ,MERCEDES-BENZ AMG C,121
2026,1,GENESIS,GENESIS GV60,120
2026,1,MERCEDES-BENZ,MERCEDES-BENZ E-CLASS,120
2026,1,MERCEDES,MERCEDES EQS CLASS,119
2026,1,HONDA,HONDA STEPWAGON,117
2026,1,MERCEDES-BENZ,MERCEDES-BENZ G 580 WTH EQ-TECHNOLOGY ED ONE,116
2026,1,BMW,BMW X6,113
2026,1,VOLVO,VOLVO EC40,112
2026,1,MERCEDES-BENZ,MERCEDES-BENZ GLE 450,111
2026,1,LAMBORGHINI,LAMBORGHINI URUS,111
2026,1,BENTLEY,BENTLEY BENTAYGA,110
2026,1,JAGUAR,JAGUAR MODEL MISSING,108
2026,1,MERCEDES-BENZ,MERCEDES-BENZ V 220,108
2026,1,TOYOTA,TOYOTA AQUA,108
2026,1,MERCEDES,MERCEDES V CLASS,105
2026,1,CUPRA,CUPRA ATECA,105
2026,1,MERCEDES-BENZ,MERCEDES-BENZ GLB,103
2026,1,PEUGEOT,PEUGEOT MODEL MISSING,103
2026,1,RENAULT,RENAULT 5 EVOLUTION E-TECH EV,103
2026,1,ALFA ROMEO,ALFA ROMEO TONALE,103
2026,1,BMW,BMW M240I,103
2026,1,TOYOTA,TOYOTA ALPHARD,103
2026,1,MINI,MINI MINI COOPER CLASSIC ELECTRIC,102
2026,1,NISSAN,NISSAN ELGRAND,102
2026,1,HYUNDAI,HYUNDAI I20 ELEMENT,102
2026,1,AUDI,AUDI E-TRON,100
2026,1,TOYOTA,TOYOTA RAV4,100
2026,1,HYUNDAI,HYUNDAI I30 ADVANCE MHEV,100
2026,1,BYD,BYD ATTO 2,97
2026,1,PEUGEOT,PEUGEOT 408 GT EV,97
2026,1,PORSCHE,PORSCHE PANAMERA,96
2026,1,PORSCHE,PORSCHE 718,95
2026,1,FORD,FORD MODEL MISSING,95
2026,1,SMART,SMART 5 PRO,92
2026,1,FIAT,FIAT GRANDE PANDA LA PRIMA EV,91
2026,1,MERCEDES-BENZ,MERCEDES-BENZ MODEL MISSING,91
2026,1,TOYOTA,TOYOTA LANDCRUISER,91
2026,1,VOLKSWAGEN,VOLKSWAGEN BEETLE,91
2026,1,BMW,BMW XM,89
2026,1,MASERATI,MASERATI GRECALE,88
2026,1,ASTON MARTIN,ASTON MARTIN DB1,88
2026,1,TOYOTA,TOYOTA VITZ,87
2026,1,PEUGEOT,PEUGEOT BOXER,86
2026,1,MERCEDES-BENZ,MERCEDES-BENZ E 220 EXCLUSIVE,86
2026,1,GWM,GWM GWM HAVAL JOLION PRO A,84
2026,1,INEOS,INEOS GRENADIER,83
2026,1,VOLVO,VOLVO V40,82
2026,1,SMART,SMART 1 PREMIUM,81
2026,1,OTHER BRITISH,OTHER BRITISH MODEL MISSING,80
2026,1,VOLKSWAGEN,VOLKSWAGEN TOURAN,79
2026,1,LEXUS,LEXUS LBX VIBRANT,78
2026,1,AUDI,AUDI SQ2,78
2026,1,SMART,SMART 1 PRO,76
2026,1,ALFA ROMEO,ALFA ROMEO GIULIA,76
2026,1,AUDI,AUDI SQ7,73
2026,1,MERCEDES-BENZ,MERCEDES-BENZ G 450 AMG LINE PREM + D MHEV A,72
2026,1,VOLVO,VOLVO V90,72
2026,1,AUDI,AUDI SQ5,70
2026,1,BENTLEY,BENTLEY MODEL MISSING,66
2026,1,HYUNDAI,HYUNDAI BAYON ULTIMATE,66
2026,1,VOLKSWAGEN,VOLKSWAGEN CALIFORNIA,65
2026,1,ASTON MARTIN,ASTON MARTIN DBX V8 S AUTO,64
2026,1,MERCEDES-BENZ,MERCEDES-BENZ EQE 500,63
2026,1,SMART,SMART 1 BRABUS,63
2026,1,ALPINE,ALPINE A110,63
2026,1,ABARTH,ABARTH 600E,62
2026,1,BMW,BMW X4,62
2026,1,FIAT,FIAT 600E,61
2026,1,SMART,SMART 3 BRABUS,61
2026,1,LOTUS,LOTUS EMEYA,60
2026,1,SMART,SMART 3 PREMIUM,59
2026,1,MERCEDES,MERCEDES CLE 220 AMG,59
2026,1,MERCEDES,MERCEDES SPRINTER,58
2026,1,OMODA,OMODA MODEL MISSING,58
2026,1,AUDI,AUDI RSQ8 PRF CBN BLK TFSI MHEV Q A,58
2026,1,FERRARI,FERRARI 12CILINDRI CAVALINO S-A,58
2026,1,MERCEDES,MERCEDES S CLASS,57
2026,1,ROLLS ROYCE,ROLLS ROYCE CULLINAN,57
2026,1,MITSUBISHI,MITSUBISHI MODEL MISSING,56
2026,1,TOYOTA,TOYOTA LAND CRUISER FIRST EDITION D A,56
2026,1,CHANGAN,CHANGAN DEEPAL,55
2026,1,KGM,KGM KORANDO,55
2026,1,VOLKSWAGEN,VOLKSWAGEN CRAFTER,54
2026,1,VAUXHALL,VAUXHALL VIVARO,53
2026,1,PEUGEOT,PEUGEOT TRAVELLER,52
2026,1,CITROEN,CITROEN MODEL MISSING,52
2026,1,KGM,KGM REXTON,52
2026,1,RENAULT,RENAULT MASTER,52
2026,1,BMW,BMW Z4,52
2026,1,PEUGEOT,PEUGEOT RIFTER ALLURE BLUEHDI,51
2026,1,VOLVO,VOLVO ES90,51
2026,1,BENTLEY,BENTLEY FLYING SPUR,51
2026,1,SMART,SMART 5 BRABUS,50
2026,1,MERCEDES,MERCEDES GLS CLASS,50
2026,1,MG,MG CYBERSTER,49
2026,1,RENAULT TRUCKS,RENAULT TRUCKS TRAFIC,48
2026,1,MERCEDES-BENZ,MERCEDES-BENZ E 300 EXCLUSIVE PREMIUM,48
2026,1,AUDI,AUDI RS Q8 LNCH ED TFSI MHEV QUAT A,47
2026,1,MAZDA,MAZDA MODEL MISSING,45
2026,1,LEXUS,LEXUS RX 450,45
2026,1,ASTON MARTIN,ASTON MARTIN VANTAGE,44
2026,1,LEXUS,LEXUS ES 300,43
2026,1,SUBARU,SUBARU MODEL MISSING,43
2026,1,MERCEDES-BENZ,MERCEDES-BENZ C 300 DE,43
2026,1,AUDI,AUDI S6,41
2026,1,FIAT,FIAT 600 ICON MHEV AUTO,41
2026,1,LEXUS,LEXUS MODEL MISSING,41
2026,1,ASTON MARTIN,ASTON MARTIN VANTAGE S V8 AUTO,41
2026,1,MERCEDES-BENZ,MERCEDES-BENZ AMG E,41
2026,1,FORD,FORD FIESTA,40
2026,1,MERCEDES-BENZ,MERCEDES-BENZ CLA 180 SPORT EDITION MHEV A,40
2026,1,MERCEDES,MERCEDES CLE 300 PREMIER ED MHEV 4M A,39
2026,1,SUBARU,SUBARU CROSSTREK LTD EBXR SYM AWD CVT,39
2026,1,KGM,KGM TORRES K40,38
2026,1,MERCEDES-BENZ,MERCEDES-BENZ S580 MYBCH NT SERIES MHEV 4M A,38
2026,1,SMART,SMART 3 PRO,37
2026,1,MERCEDES-BENZ,MERCEDES-BENZ AMG GLE 53 E 4MATIC+ AUTO,37
2026,1,MERCEDES-BENZ,MERCEDES-BENZ GLE 400,37
2026,1,MERCEDES-BENZ,MERCEDES-BENZ EQE 350,36
2026,1,XPENG,XPENG G6,36
2026,1,ALFA ROMEO,ALFA ROMEO STELVIO,36
2026,1,HONDA,HONDA ODYSSEY,36
2026,1,VOLVO,VOLVO V70,36
2026,1,MERCEDES-BENZ,MERCEDES-BENZ E 200,35
2026,1,JEEP,JEEP WRANGLER,35
2026,1,JEEP,JEEP MODEL MISSING,34
2026,1,SUBARU,SUBARU LEGACY,33
2026,1,LAMBORGHINI,LAMBORGHINI TEMERARIO,33
2026,1,KGM,KGM TORRES,32
2026,1,PORSCHE,PORSCHE MODEL MISSING,32
2026,1,NISSAN,NISSAN NOTE,31
2026,1,TOYOTA,TOYOTA SIENTA,31
2026,1,ROLLS ROYCE,ROLLS ROYCE,30
2026,1,SMART,SMART 5 PREMIUM,30
2026,1,SUBARU,SUBARU IMPREZA,30
2026,1,ABARTH,ABARTH 500,28
2026,1,AUDI,AUDI S E-TRON GT LAUNCH ED QUATTRO,28
2026,1,SKODA,SKODA MODEL MISSING,28
2026,1,MERCEDES-BENZ,MERCEDES-BENZ G 500 AMG LINE PREM + MHEV A,28
2026,1,LAMBORGHINI,LAMBORGHINI REVUELTO V12 PHEV S-A,28
2026,1,FORD,FORD ALLIED,27
2026,1,PEUGEOT,PEUGEOT ALLIED,27
2026,1,ASTON MARTIN,ASTON MARTIN DBX,27
2026,1,MERCEDES-BENZ,MERCEDES-BENZ S 450 L AMG LINE PREM + E 4M A,27
2026,1,MERCEDES-BENZ,MERCEDES-BENZ EQV 300 EXECUTIVE EXTRA-LONG,26
2026,1,DODGE,DODGE MODEL MISSING,26
2026,1,VAUXHALL,VAUXHALL MOVANO,26
2026,1,HONDA,HONDA ACCORD,26
2026,1,MERCEDES-BENZ,MERCEDES-BENZ GLE 350 URBAN EDITION DE 4M A,26
2026,1,ASTON MARTIN,ASTON MARTIN VALHALLA V8 PHEV AUTO,26
2026,1,DS,DS NO 8 ETOILE EV,25
2026,1,FORD,FORD EXPLORER,25
2026,1,LEXUS,LEXUS LM 350H,25
2026,1,LEXUS,LEXUS RX 350,25
2026,1,SUZUKI,SUZUKI ACROSS,25
2026,1,CITROEN,CITROEN E-C4,24
2026,1,AUDI,AUDI A8,24
2026,1,NISSAN,NISSAN SERENA,24
2026,1,JEEP,JEEP RENEGADE,23
2026,1,ASTON MARTIN,ASTON MARTIN VANQUISH,23
2026,1,AUDI,AUDI S4,23
2026,1,CATERHAM,CATERHAM MODEL MISSING,23
2026,1,MORGAN,MORGAN PLUS SIX AUTO,23
2026,1,GENESIS,GENESIS G80,22
2026,1,MERCEDES,MERCEDES CLE 200 PREMIER,22
2026,1,MCLAREN,MCLAREN ARTURA,22
2026,1,GWM,GWM ORA 03 PRO,21
2026,1,MINI,MINI MODEL MISSING,21
2026,1,JEEP,JEEP GRAND CHEROKEE,21
2026,1,SHINERAY,GEELY MODEL MISSING,20
2026,1,TOYOTA,TOYOTA CROWN,20
2026,1,FORD,FORD ESCORT,20
2026,1,KIA,KIA MODEL MISSING,19
2026,1,LEXUS,LEXUS RX 500H,19
2026,1,LOTUS,LOTUS EMIRA,19
2026,1,MERCEDES-BENZ,MERCEDES-BENZ E 450 EXCLUSVE,18
2026,1,AUDI,AUDI SQ8,18
2026,1,FERRARI,FERRARI 296,17
2026,1,MCLAREN,MCLAREN 750S,17
2026,1,MERCEDES-BENZ,MERCEDES-BENZ E 300,17
2026,1,MERCEDES,MERCEDES 200,16
2026,1,MINI,MINI CLUBMAN,16
2026,1,CHEVROLET,CHEVROLET CORVETTE,16
2026,1,FERRARI,FERRARI PUROSANGUE,16
2026,1,MORGAN,MORGAN PLUS 4,16
2026,1,PEUGEOT,PEUGEOT 508,16
2026,1,SKYWELL,SKYWELL BE11 LONG RANGE,15
2026,1,SMART,SMART 1 PURE EV,15
2026,1,VOLVO,VOLVO S60,15
2026,1,CHEVROLET,CHEVROLET MODEL MISSING,15
2026,1,ROLLS ROYCE,ROLLS ROYCE GHOST,15
2026,1,VOLKSWAGEN,VOLKSWAGEN SHARAN,15
2026,1,FORD,FORD TRANSIT,14
2026,1,RENAULT,RENAULT 4 EVOLUTION E-TECH EV,14
2026,1,MAN,MAN TGE,14
2026,1,JAECOO,JAECOO MODEL MISSING,14
2026,1,TOYOTA,TOYOTA FJ CRUISER,14
2026,1,ALFA ROMEO,ALFA ROMEO JUNIOR IBRIDA,13
2026,1,MERCEDES,MERCEDES COLEMAN MILNE,13
2026,1,AUDI,AUDI TT,13
2026,1,BMW,BMW M1,13
2026,1,BMW,BMW M5,13
2026,1,FIAT,FIAT MODEL MISSING,13
2026,1,MERCEDES-BENZ,MERCEDES-BENZ AMG GT,13
2026,1,FERRARI,FERRARI SF90,13
2026,1,MASERATI,MASERATI GRECALE FOLGORE,12
2026,1,SMART,SMART 5 SUMMIT,12
2026,1,FORD,FORD GALAXY,12
2026,1,MAZDA,MAZDA DEMIO,12
2026,1,FIAT,FIAT PANDA,12
2026,1,SHINERAY,SHINERAY MODEL MISSING,12
2026,1,CHRYSLER,CHRYSLER MODEL MISSING,12
2026,1,HONDA,HONDA S660,12
2026,1,JAGUAR,JAGUAR XJ SERIES,12
2026,1,MINI,MINI ONE,12
2026,1,BMW,BMW ALPINA,11
2026,1,MERCEDES,MERCEDES CLE 220 PREMIER,11
2026,1,ASTON MARTIN,ASTON MARTIN MODEL MISSING,11
2026,1,CHERY,CHERY MODEL MISSING,11
2026,1,MERCEDES,MERCEDES CLE 450 AMG,11
2026,1,MCLAREN,MCLAREN MODEL MISSING,11
2026,1,VOLVO,VOLVO XC70,11
2026,1,FERRARI,FERRARI MODEL MISSING,10
2026,1,GORDON MURRAY,GORDON MURRAY T.50,10
2026,1,ALPINE,ALPINE A390,9
2026,1,MERCEDES-BENZ,MERCEDES-BENZ EQS 350 BUSINESS CLASS,9
2026,1,VOLKSWAGEN,VOLKSWAGEN ETRANSPORTER T32 COMMERCE +,9
2026,1,FIAT,FIAT DUCATO 35,9
2026,1,DS,DS DS3,9
2026,1,DS,DS NO 4,9
2026,1,BMW,BMW 8 SERIES,9
2026,1,HYUNDAI,HYUNDAI BAYON PREMIUM,9
2026,1,NISSAN,NISSAN MARCH,9
2026,1,NISSAN,NISSAN SILVIA,9
2026,1,ROLLS ROYCE,ROLLS ROYCE PHANTOM,9
2026,1,FIAT,FIAT GRANDE PANDA,8
2026,1,MERCEDES-BENZ,MERCEDES-BENZ GLC,8
2026,1,TESLA,TESLA MODEL MISSING,8
2026,1,INEOS,INEOS GRENADIER FIELDMASTER ED D A,8
2026,1,MITSUBISHI,MITSUBISHI LANCER,8
2026,1,ALFA ROMEO,ALFA ROMEO TONALE CORE,8
2026,1,AUDI,AUDI RS6,8
2026,1,CHEVROLET GMC,CHEVROLET GMC CORVETTE,8
2026,1,MG,MG MODEL MISSING,8
2026,1,SMART,SMART 5 PULSE,7
2026,1,FORD,FORD CORTINA,7
2026,1,HYUNDAI,HYUNDAI BAYON ADVANCE,7
2026,1,JAGUAR,JAGUAR XK SERIES,7
2026,1,PEUGEOT,PEUGEOT 308 GT PHEV AUTO,7
2026,1,JAGUAR,JAGUAR E-PACE,6
2026,1,MERCEDES,MERCEDES G CLASS,6
2026,1,TOYOTA,TOYOTA CAVALIER,6
2026,1,ABARTH,ABARTH 595,6
2026,1,ALFA ROMEO,ALFA ROMEO GIULIETTA,6
2026,1,HYUNDAI,HYUNDAI I30,6
2026,1,LAND ROVER,LAND ROVER RANGE ROVER SV,6
2026,1,MAZDA,MAZDA BONGO FRIENDEE A,6
2026,1,GWM,GWM ORA 03 GT,5
2026,1,FORD,FORD MONDEO,5
2026,1,KIA,KIA CEED,5
2026,1,MERCEDES,MERCEDES 300,5
2026,1,RENAULT,RENAULT TRAFIC QUEST,5
2026,1,TOYOTA,TOYOTA HIACE,5
2026,1,MERCEDES,MERCEDES CLE 450 PREMIER,5
2026,1,ALFA ROMEO,ALFA ROMEO MODEL MISSING,5
2026,1,ALFA ROMEO,ALFA ROMEO SPIDER,5
2026,1,AUSTIN HEALEY,AUSTIN HEALEY MODEL MISSING,5
2026,1,CADILLAC,CADILLAC MODEL MISSING,5
2026,1,CHEVROLET GMC,CHEVROLET GMC CAMARO,5
2026,1,CITROEN,CITROEN DS,5
2026,1,FERRARI,FERRARI AMALFI,5
2026,1,HONDA,HONDA INTEGRA,5
2026,1,LANCIA,LANCIA MODEL MISSING,5
2026,1,NISSAN,NISSAN 350,5
2026,1,SMART,SMART MODEL MISSING,5
2026,1,TOYOTA,TOYOTA CENTURY,5
2026,1,VOLKSWAGEN,VOLKSWAGEN JETTA,5
2026,1,VOLVO,VOLVO V50,5
2026,1,ALFA ROMEO,ALFA ROMEO JUNIOR ELETTRICA,4
2026,1,LEXUS,LEXUS RZ 450,4
2026,1,MERCEDES-BENZ,MERCEDES-BENZ AMG EQE,4
2026,1,CHEVROLET GMC,CHEVROLET GMC MODEL MISSING,4
2026,1,DACIA,DACIA MODEL MISSING,4
2026,1,JAGUAR,JAGUAR XF SERIES,4
2026,1,MITSUBISHI,MITSUBISHI OUTLANDER,4
2026,1,SKODA,SKODA YETI,4
2026,1,LEXUS,LEXUS LS 600,4
2026,1,ARIEL,ARIEL MODEL MISSING,4
2026,1,AUDI,AUDI QUATTRO,4
2026,1,AUSTIN,AUSTIN SEVEN,4
2026,1,BMW,BMW 6 SERIES,4
2026,1,BMW,BMW Z3,4
2026,1,LAMBORGHINI,LAMBORGHINI MODEL MISSING,4
2026,1,PONTIAC,PONTIAC FIREBIRD,4
2026,1,TOYOTA,TOYOTA ALTEZZA,4
2026,1,TOYOTA,TOYOTA SUPRA,4
2026,1,VOLVO,VOLVO S80,4
2026,1,CADILLAC,CADILLAC LYRIQ EV,3
2026,1,LEXUS,LEXUS RZ 300E,3
2026,1,PEUGEOT,PEUGEOT 3008 LNCH ED DUAL MOTOR EV 4X4,3
2026,1,HYUNDAI,HYUNDAI I40,3
2026,1,LAND ROVER,LAND ROVER FREELANDER,3
2026,1,OPEL,OPEL MODEL MISSING,3
2026,1,TOYOTA,TOYOTA LAND CRUISER,3
2026,1,VAUXHALL,VAUXHALL MODEL MISSING,3
2026,1,FORD,FORD S-MAX,3
2026,1,OMODA,OMODA 5,3
2026,1,TOYOTA,TOYOTA SOARER,3
2026,1,AUDI,AUDI A7,3
2026,1,AUDI,AUDI RS7,3
2026,1,AUSTIN,AUSTIN MINI,3
2026,1,CADILLAC,CADILLAC ESCALADE,3
2026,1,CHEVROLET GMC,CHEVROLET GMC IMPALA,3
2026,1,DAIHATSU,DAIHATSU MIRA,3
2026,1,FERRARI,FERRARI ROMA,3
2026,1,FIAT,FIAT 126,3
2026,1,FORD,FORD GRANADA,3
2026,1,FORD,FORD SIERRA,3
2026,1,FORD,FORD TAURUS,3
2026,1,FORD,FORD THUNDERBIRD,3
2026,1,INEOS,INEOS MODEL MISSING,3
2026,1,JAGUAR,JAGUAR F-TYPE,3
2026,1,JAGUAR,JAGUAR XE SERIES,3
2026,1,KIA,KIA PRO CEED,3
2026,1,LANCIA,LANCIA FULVIA,3
2026,1,LEXUS,LEXUS IS 250,3
2026,1,LINCOLN,LINCOLN MODEL MISSING,3
2026,1,LOTUS,LOTUS ELAN,3
2026,1,LOTUS,LOTUS EMIRA V6,3
2026,1,MAZDA,MAZDA RX-7,3
2026,1,MERCEDES,MERCEDES CLS CLASS,3
2026,1,MERCURY,MERCURY MODEL MISSING,3
2026,1,MG,MG MGA,3
2026,1,MINI,MINI PACEMAN,3
2026,1,PORSCHE,PORSCHE CAYMAN,3
2026,1,TOYOTA,TOYOTA CORONA,3
2026,1,TOYOTA,TOYOTA GT86,3
2026,1,TOYOTA,TOYOTA MARK II,3
2026,1,VOLKSWAGEN,VOLKSWAGEN ARTEON,3
2026,1,FORD,FORD COLEMAN MILNE,2
2026,1,MASERATI,MASERATI GRANTURISMO,2
2026,1,MERCEDES,MERCEDES EQE CLASS,2
2026,1,NISSAN,NISSAN LEAF,2
2026,1,SMART,SMART FORFOUR,2
2026,1,CITROEN,CITROEN RELAY,2
2026,1,MAHINDRA,MAHINDRA MODEL MISSING,2
2026,1,MERCEDES,MERCEDES GL CLASS,2
2026,1,PEUGEOT,PEUGEOT 305,2
2026,1,SEAT,SEAT TARRACO,2
2026,1,TOYOTA,TOYOTA HILUX,2
2026,1,ALFA ROMEO,ALFA ROMEO TONALE SPT,2
2026,1,DS,DS DS 4 PALLAS,2
2026,1,FERRARI,FERRARI F80,2
2026,1,FERRARI,FERRARI LAFERRARI,2
2026,1,ISUZU,ISUZU MODEL MISSING,2
2026,1,MASERATI,MASERATI MODEL MISSING,2
2026,1,SUZUKI,SUZUKI HUSTLER,2
2026,1,TOYOTA,TOYOTA CAMRY,2
2026,1,TOYOTA,TOYOTA SPRINTER,2
2026,1,ASTON MARTIN,ASTON MARTIN DB11,2
2026,1,ASTON MARTIN,ASTON MARTIN DB2,2
2026,1,ASTON MARTIN,ASTON MARTIN DB5,2
2026,1,ASTON MARTIN,ASTON MARTIN DBS,2
2026,1,ASTON MARTIN,ASTON MARTIN VOLANTE,2
2026,1,AUDI,AUDI S8,2
2026,1,AUSTIN,AUSTIN MODEL MISSING,2
2026,1,BMW,BMW M6,2
2026,1,BMW,BMW M8,2
2026,1,BUGATTI,BUGATTI MODEL MISSING,2
2026,1,BUICK,BUICK MODEL MISSING,2
2026,1,CADILLAC,CADILLAC CTS,2
2026,1,CITROEN,CITROEN SM,2
2026,1,DAIHATSU,DAIHATSU HI-JET,2
2026,1,DAIHATSU,DAIHATSU MODEL MISSING,2
2026,1,DATSUN,DATSUN 240,2
2026,1,DATSUN,DATSUN MODEL MISSING,2
2026,1,FIAT,FIAT 124,2
2026,1,FORD,FORD CAPRI,2
2026,1,FORD,FORD CROWN VICTORIA,2
2026,1,HOLDEN,HOLDEN MODEL MISSING,2
2026,1,JAGUAR,JAGUAR E TYPE,2
2026,1,JAGUAR,JAGUAR S TYPE,2
2026,1,JEEP,JEEP CHEROKEE,2
2026,1,KIA,KIA PROCEED,2
2026,1,LADA,LADA MODEL MISSING,2
2026,1,LEXUS,LEXUS IS F,2
2026,1,LEXUS,LEXUS LS 460,2
2026,1,MASERATI,MASERATI GHIBLI,2
2026,1,MERCEDES,MERCEDES 190,2
2026,1,MERCEDES,MERCEDES 400,2
2026,1,MERCEDES,MERCEDES SLK CLASS,2
2026,1,MERCEDES,MERCEDES VIANO,2
2026,1,MG,MG MIDGET,2
2026,1,MG,MG TF,2
2026,1,MITSUBISHI,MITSUBISHI DELICA,2
2026,1,NISSAN,NISSAN CUBE,2
2026,1,NISSAN,NISSAN SKYLINE,2
2026,1,OPEL,OPEL MANTA,2
2026,1,SINGER,SINGER MODEL MISSING,2
2026,1,SUBARU,SUBARU BRZ,2
2026,1,SUZUKI,SUZUKI SAMURAI,2
2026,1,SUZUKI,SUZUKI SUZUKI CARRY,2
2026,1,TOYOTA,TOYOTA CELICA,2
2026,1,TRIUMPH,TRIUMPH MODEL MISSING,2
2026,1,TRIUMPH,TRIUMPH TR6,2
2026,1,TRIUMPH,TRIUMPH TR7,2
2026,1,TRIUMPH,TRIUMPH TR8,2
2026,1,VOLKSWAGEN,VOLKSWAGEN LUPO,2
2026,1,VOLKSWAGEN,VOLKSWAGEN SCIROCCO,2
2026,1,VOLVO,VOLVO 850,2
2026,1,MERCEDES-BENZ,MERCEDES-BENZ COLEMAN MILNE AUTO,2
2026,1,MERCEDES-BENZ,MERCEDES-BENZ S 580 L AMG,2
2026,1,AION,AION MODEL MISSING,1
2026,1,CADILLAC,CADILLAC OPTIQ,1
2026,1,CADILLAC,CADILLAC VISTIQ,1
2026,1,DS,DS MODEL MISSING,1
2026,1,FIAT,FIAT 600E POP,1
2026,1,FISKER,FISKER OCEAN,1
2026,1,JAGUAR,JAGUAR I-PACE,1
2026,1,MERCEDES-BENZ,MERCEDES-BENZ ESPRINTER,1
2026,1,NISSAN,NISSAN INTERSTAR,1
2026,1,PEUGEOT,PEUGEOT PARTNER,1
2026,1,TESLA,TESLA MODEL S,1
2026,1,VOGELE,VOGELE MODEL MISSING,1
2026,1,VOLKSWAGEN,VOLKSWAGEN ID7 MATCH PRO,1
2026,1,VOLVO,VOLVO C40,1
2026,1,XPENG,XPENG G6 STANDARD RANGE,1
2026,1,CHRYSLER,CHRYSLER GRAND VOYAGER,1
2026,1,FIAT,FIAT SCUDO STANDARD,1
2026,1,FIAT,FIAT SEDICI,1
2026,1,JAGUAR,JAGUAR F-PACE,1
2026,1,LAND ROVER,LAND ROVER DISCOVRY 35TH ANNIV ED DMHEV A,1
2026,1,MAZDA,MAZDA 6,1
2026,1,MITSUBISHI,MITSUBISHI ASX,1
2026,1,NISSAN,NISSAN PATROL,1
2026,1,OPEL,OPEL INSIGNIA,1
2026,1,PEUGEOT,PEUGEOT HORIZON,1
2026,1,SEAT,SEAT AROSA,1
2026,1,SSANGYONG,SSANGYONG REXTON,1
2026,1,SUZUKI,SUZUKI SX4,1
2026,1,VAUXHALL,VAUXHALL MOVANO 35 PRIME L2H2,1
2026,1,VAUXHALL,VAUXHALL VICTOR,1
2026,1,BEDFORD,BEDFORD MODEL MISSING,1
2026,1,CHANGAN,CHANGAN MODEL MISSING,1
2026,1,FISKER,FISKER MODEL MISSING,1
2026,1,HONDA,HONDA LEGEND,1
2026,1,HYUNDAI,HYUNDAI BAYON,1
2026,1,LEXUS,LEXUS GS 300,1
2026,1,LEXUS,LEXUS GS 450,1
2026,1,LEXUS,LEXUS IS 300,1
2026,1,MAN/VW,MAN/VW MODEL MISSING,1
2026,1,MASERATI,MASERATI LEVANTE,1
2026,1,MERCEDES-BENZ,MERCEDES-BENZ AMG GLE 63 S PLAT ED MHEV 4M A,1
2026,1,MITSUBISHI FUSO,MITSUBISHI FUSO MODEL MISSING,1
2026,1,NISSAN,NISSAN SUNNY,1
2026,1,SUZUKI,SUZUKI IGNIS,1
2026,1,TOYOTA,TOYOTA AURIS,1
2026,1,TOYOTA,TOYOTA TOWNACE,1
2026,1,ALFA ROMEO,ALFA ROMEO 166,1
2026,1,ALFA ROMEO,ALFA ROMEO 1750,1
2026,1,ALFA ROMEO,ALFA ROMEO GT,1
2026,1,ALFA ROMEO,ALFA ROMEO MONTREAL,1
2026,1,ASKOLL,ASKOLL MODEL MISSING,1
2026,1,ASTON MARTIN,ASTON MARTIN DB2/4,1
2026,1,ASTON MARTIN,ASTON MARTIN DB4,1
2026,1,ASTON MARTIN,ASTON MARTIN DB9,1
2026,1,ASTON MARTIN,ASTON MARTIN V8,1
2026,1,AUDI,AUDI A2,1
2026,1,AUDI,AUDI RS4,1
2026,1,AUDI,AUDI RSQ3,1
2026,1,AUDI,AUDI S1,1
2026,1,AUDI,AUDI S7,1
2026,1,AUDI,AUDI TTS,1
2026,1,AUSTIN,AUSTIN HEALEY,1
2026,1,AUSTIN,AUSTIN METRO,1
2026,1,BENTLEY,BENTLEY MULSANNE,1
2026,1,BMW,BMW 1802,1
2026,1,BMW,BMW 3.0 S,1
2026,1,BMW,BMW Z8,1
2026,1,BUICK,BUICK ELECTRA,1
2026,1,CITROEN,CITROEN 2CV,1
2026,1,CITROEN,CITROEN C1,1
2026,1,CITROEN,CITROEN C6,1
2026,1,CITROEN,CITROEN D SPECIAL,1
2026,1,CITROEN,CITROEN DYANE,1
2026,1,CORVETTE,CORVETTE MODEL MISSING,1
2026,1,DAIMLER,DAIMLER DOUBLE SIX,1
2026,1,DAIMLER,DAIMLER MODEL MISSING,1
2026,1,DE TOMASO,DE TOMASO MODEL MISSING,1
2026,1,FERRARI,FERRARI 458,1
2026,1,FERRARI,FERRARI 599,1
2026,1,FERRARI,FERRARI DAYTONA,1
2026,1,FERRARI,FERRARI F430,1
2026,1,FIAT,FIAT 128,1
2026,1,FIAT,FIAT DINO,1
2026,1,FORD,FORD GT,1
2026,1,FORD,FORD KA,1
2026,1,GENESIS,GENESIS MODEL MISSING,1
2026,1,GORDON MURRAY,GORDON MURRAY MODEL MISSING,1
2026,1,HARLEY-DAVIDSON,HARLEY-DAVIDSON FLSTFB,1
2026,1,HILLMAN,HILLMAN MINX,1
2026,1,HONDA,HONDA ACTY,1
2026,1,HONDA,HONDA TOURING,1
2026,1,HUMMER,HUMMER H2,1
2026,1,JAGUAR,JAGUAR 420,1
2026,1,JENSEN,JENSEN INTERCEPTOR,1
2026,1,KIA,KIA RIO,1
2026,1,LADA,LADA NIVA,1
2026,1,LAMBORGHINI,LAMBORGHINI MURCIELAGO,1
2026,1,LANCIA,LANCIA FLAMINIA,1
2026,1,LAND ROVER,LAND ROVER 88,1
2026,1,LEXUS,LEXUS SC 430,1
2026,1,LOTUS,LOTUS ELITE,1
2026,1,LOTUS,LOTUS MODEL MISSING,1
2026,1,MASERATI,MASERATI BORA,1
2026,1,MASERATI,MASERATI GRAN TURISMO,1
2026,1,MASERATI,MASERATI GRANCABRIO,1
2026,1,MASERATI,MASERATI MC PURA,1
2026,1,MASERATI,MASERATI QUATTROPORTE,1
2026,1,MAYBACH,MAYBACH 57,1
2026,1,MAYBACH,MAYBACH MODEL MISSING,1
2026,1,MAZDA,MAZDA CX-3,1
2026,1,MCLAREN,MCLAREN 675LT,1
2026,1,MCLAREN,MCLAREN GT,1
2026,1,MERCEDES,MERCEDES 500,1
2026,1,MERCEDES,MERCEDES CL CLASS,1
2026,1,MERCEDES,MERCEDES MCLAREN,1
2026,1,MERCEDES,MERCEDES SL CLASS,1
2026,1,MERCEDES,MERCEDES SLC CLASS,1
2026,1,MERCEDES-BENZ,MERCEDES-BENZ SL680 MAYBCH MONOGRAM SRS 4M A,1
2026,1,MG,MG MGC,1
2026,1,MG,MG ROADSTER,1
2026,1,MITSUBISHI,MITSUBISHI COLT,1
2026,1,MITSUBISHI,MITSUBISHI PAJERO,1
2026,1,MOBILVETTA,MOBILVETTA MODEL MISSING,1
2026,1,MORGAN,MORGAN 4/4,1
2026,1,MORGAN,MORGAN MIDSUMMER AUTO,1
2026,1,MORGAN,MORGAN PLUS 6,1
2026,1,MORGAN,MORGAN PLUS 8,1
2026,1,MORRIS,MORRIS OXFORD,1
2026,1,NISSAN,NISSAN GT-R,1
2026,1,NISSAN,NISSAN NV200,1
2026,1,OLDSMOBILE,OLDSMOBILE MODEL MISSING,1
2026,1,PEUGEOT,PEUGEOT 108,1
2026,1,PEUGEOT,PEUGEOT 206,1
2026,1,PEUGEOT,PEUGEOT 207,1
2026,1,PLYMOUTH,PLYMOUTH MODEL MISSING,1
2026,1,PONTIAC,PONTIAC MODEL MISSING,1
2026,1,PORSCHE,PORSCHE CARRERA,1
2026,1,RENAULT,RENAULT 12,1
2026,1,RILEY,RILEY MODEL MISSING,1
2026,1,ROLLS ROYCE,ROLLS ROYCE MODEL MISSING,1
2026,1,ROVER,ROVER 75,1
2026,1,ROVER,ROVER RANGE ROVER,1
2026,1,ROVER,ROVER SD1,1
2026,1,SAAB,SAAB 9-5,1
2026,1,SAAB,SAAB 96,1
2026,1,SEAT,SEAT MODEL MISSING,1
2026,1,SMART,SMART FORTWO,1
2026,1,SUBARU,SUBARU XV,1
2026,1,SUNBEAM,SUNBEAM ALPINE,1
2026,1,SUNBEAM,SUNBEAM MODEL MISSING,1
2026,1,SUNBEAM,SUNBEAM TIGER,1
2026,1,SUZUKI,SUZUKI ALTO,1
2026,1,SUZUKI,SUZUKI CARRY,1
2026,1,SUZUKI,SUZUKI GRAND VITARA,1
2026,1,TALBOT,TALBOT SUNBEAM,1
2026,1,TOYOTA,TOYOTA IQ,1
2026,1,TOYOTA,TOYOTA MR2,1
2026,1,TOYOTA,TOYOTA STARLET,1
2026,1,TRIUMPH,TRIUMPH SPITFIRE,1
2026,1,TRIUMPH,TRIUMPH STAG,1
2026,1,TRIUMPH,TRIUMPH TR2,1
2026,1,TRIUMPH,TRIUMPH VITESSE,1
2026,1,TVR,TVR MODEL MISSING,1
2026,1,TVR,TVR TAMORA,1
2026,1,VAUXHALL,VAUXHALL VIVA,1
2026,1,VAUXHALL,VAUXHALL ZAFIRA,1
2026,1,VOLKSWAGEN,VOLKSWAGEN CC,1
2026,1,VOLKSWAGEN,VOLKSWAGEN K 70,1
2026,1,VOLVO,VOLVO 240,1
2026,1,VOLVO,VOLVO 262,1
2026,1,VOLVO,VOLVO P1800,1
2026,1,WELLS,WELLS VERTIGE,1
2026,1,YUAN,YUAN MODEL MISSING,1
2026,1,BMW,BMW 225E,1
2026,1,DS,DS DS7,1
2026,1,MERCEDES-BENZ,MERCEDES-BENZ AMG SL,1
2026,1,PEUGEOT,PEUGEOT 508 PSE S/S PHEV 4X4 AUTO,1
