year,month,brand,model,count
2025,4,KIA,EV3,875
2025,4,TOYOTA,TOYOTA YARIS CROSS,709
2025,4,KIA,NIRO,677
2025,4,KIA,PICANTO,631
2025,4,VOLKSWAGEN,TIGUAN,620
2025,4,SKODA,KODIAQ,534
2025,4,TOYOTA,TOYOTA YARIS,513
2025,4,SUZUKI,SWIFT,470
2025,4,TOYOTA,TOYOTA AYGO X,452
2025,4,OPEL,CORSA,452
2025,4,SKODA,ELROQ 60,439
2025,4,VOLVO,XC60,432
2025,4,PEUGEOT,2008,423
2025,4,PEUGEOT,208,406
2025,4,HYUNDAI,KONA,402
2025,4,RENAULT,RENAULT 5 E-TECH ELECTRIC,381
2025,4,SKODA,ELROQ 85,377
2025,4,VOLVO,EX30,373
2025,4,TOYOTA,TOYOTA COROLLA,361
2025,4,FORD,PUMA,341
2025,4,FORD,EXPLORER,314
2025,4,VOLKSWAGEN,POLO,310
2025,4,VOLKSWAGEN,GOLF,303
2025,4,KIA,CEED,302
2025,4,NISSAN,NISSAN QASHQAI,294
2025,4,LYNK&CO,LYNK & CO 01,287
2025,4,RENAULT,CAPTUR E-TECH HYBRID,287
2025,4,PEUGEOT,3008,285
2025,4,VOLKSWAGEN,T-CROSS,279
2025,4,VOLVO,V60,277
2025,4,SEAT,IBIZA,270
2025,4,TOYOTA,TOYOTA C-HR,251
2025,4,AUDI,Q4 45 E-TRON,250
2025,4,RENAULT,AUSTRAL,241
2025,4,BMW,IX1 EDRIVE20,241
2025,4,MG,MG5 ELECTRIC,238
2025,4,KIA,SPORTAGE,235
2025,4,VOLVO,EX40,227
2025,4,HYUNDAI,I10,227
2025,4,SKODA,KAMIQ,223
2025,4,KIA,STONIC,220
2025,4,VOLVO,XC90,220
2025,4,SKODA,OCTAVIA,218
2025,4,RENAULT,SYMBIOZ,218
2025,4,VOLKSWAGEN,TAYRON,218
2025,4,HYUNDAI,INSTER,217
2025,4,JEEP,AVENGER,204
2025,4,TOYOTA,TOYOTA RAV4,202
2025,4,VOLKSWAGEN,T-ROC,202
2025,4,TESLA,MODEL 3,199
2025,4,SUZUKI,VITARA,195
2025,4,VOLVO,XC40,192
2025,4,FORD,FOCUS,190
2025,4,BYD,BYD SEAL U DM-I,182
2025,4,TESLA,MODEL Y,181
2025,4,LAND ROVER,RANGE ROVER SPORT,179
2025,4,RENAULT,CLIO E-TECH HYBRID,176
2025,4,HYUNDAI,TUCSON,168
2025,4,RENAULT,CAPTUR (E-TECH HYBRID),166
2025,4,PEUGEOT,5008,164
2025,4,MERCEDES-BENZ,EQB 250+,159
2025,4,RENAULT,SCENIC E-TECH ELECTRIC,158
2025,4,CUPRA,TERRAMAR E-HYBRID,155
2025,4,CUPRA,FORMENTOR E-HYBRID,152
2025,4,DACIA,DUSTER,151
2025,4,PEUGEOT,308,150
2025,4,SKODA,ENYAQ 85,144
2025,4,RENAULT,CLIO,144
2025,4,OPEL,MOKKA,143
2025,4,VOLKSWAGEN,PASSAT,143
2025,4,KIA,EV6,141
2025,4,RENAULT,CAPTUR,137
2025,4,DACIA,JOGGER,136
2025,4,ALFA ROMEO,ALFA ROMEO JUNIOR,136
2025,4,BMW,120,135
2025,4,SKODA,FABIA,129
2025,4,MERCEDES-BENZ,EQA 250+,124
2025,4,MG,MG ZS EV,119
2025,4,POLESTAR,POLESTAR 2,117
2025,4,BMW,530E,114
2025,4,HYUNDAI,I20,114
2025,4,MG,MG4 ELECTRIC,113
2025,4,CITROEN,C3,112
2025,4,BMW,X3 30E XDRIVE,110
2025,4,AUDI,A3 SPORTBACK PHEV 150,110
2025,4,OPEL,FRONTERA,110
2025,4,OPEL,GRANDLAND,109
2025,4,VOLVO,EX90,108
2025,4,OPEL,ASTRA SPORTS TOURER,106
2025,4,LAND ROVER,RANGE ROVER EVOQUE,102
2025,4,SKODA,SUPERB,101
2025,4,MERCEDES-BENZ,C 300 E,101
2025,4,AUDI,A3 SPORTBACK,101
2025,4,BMW,330E,98
2025,4,CITROEN,C4,98
2025,4,MINI,COOPER C,91
2025,4,MITSUBISHI,MITSUBISHI OUTLANDER,90
2025,4,MERCEDES-BENZ,E 300 E,89
2025,4,MAZDA,MAZDA2 HYBRID,89
2025,4,MERCEDES-BENZ,CLA 250 E,89
2025,4,MERCEDES-BENZ,A 250 E,86
2025,4,VOLKSWAGEN,ID.4 PRO 210KW,83
2025,4,OPEL,ASTRA,83
2025,4,CITROEN,E-C3 AIRCROSS,83
2025,4,AUDI,A6 AV E-TRON,82
2025,4,MG,MG ZS,81
2025,4,VOLKSWAGEN,TAIGO,80
2025,4,LAND ROVER,DEFENDER,79
2025,4,XPENG,G6,78
2025,4,CUPRA,TAVASCAN,78
2025,4,MINI,ACEMAN SE,77
2025,4,BMW,M5,77
2025,4,SUZUKI,S-CROSS,77
2025,4,RENAULT,ESPACE,76
2025,4,PEUGEOT,408,75
2025,4,NISSAN,NISSAN JUKE,74
2025,4,AUDI,A1 SPORTBACK,72
2025,4,FORD,TRANSIT CUSTOM,72
2025,4,CITROEN,C3 AIRCROSS,72
2025,4,MERCEDES-BENZ,GLC 300 E 4MATIC,71
2025,4,AUDI,Q6 SUV E-TRON PERFORMANCE,71
2025,4,SKODA,KAROQ,70
2025,4,TOYOTA,TOYOTA BZ4X,70
2025,4,MERCEDES-BENZ,GLA 250 E,70
2025,4,MINI,COOPER E,70
2025,4,MITSUBISHI,ASX,70
2025,4,MAZDA,MAZDA CX-60,68
2025,4,HYUNDAI,IONIQ5,67
2025,4,RENAULT,ARKANA E-TECH,66
2025,4,BMW,X1 XDRIVE30E,66
2025,4,RENAULT,MEGANE E-TECH ELECTRIC,65
2025,4,CUPRA,BORN 170 KW 60/63 KWH,65
2025,4,MERCEDES-BENZ,SPRINTER,65
2025,4,BMW,IX2 EDRIVE20,63
2025,4,RENAULT,RAFALE,62
2025,4,SEAT,SEAT ATECA,62
2025,4,VOLKSWAGEN,MULTIVAN,62
2025,4,KIA,EV9,61
2025,4,FIAT,600,61
2025,4,SKODA,SCALA,60
2025,4,LAND ROVER,RANGE ROVER,59
2025,4,BYD,ATTO 3,59
2025,4,MINI,ACEMAN E,57
2025,4,PORSCHE,MACAN 4,56
2025,4,AUDI,Q2,56
2025,4,AUDI,Q6 SUV E-TRON,55
2025,4,LEAPMOTOR,T03,55
2025,4,AUDI,Q4 SPORTBACK 45 E-TRON,55
2025,4,BMW,550E XDRIVE,54
2025,4,CITROEN,E-C4,54
2025,4,BMW,I4 EDRIVE35,54
2025,4,MINI,COUNTRYMAN E,53
2025,4,MITSUBISHI,COLT,52
2025,4,POLESTAR,POLESTAR 4,52
2025,4,VOLKSWAGEN,CADDY,50
2025,4,MERCEDES-BENZ,A 180,49
2025,4,MAZDA,MAZDA CX-30,48
2025,4,BMW,I4 EDRIVE40,47
2025,4,CUPRA,CUPRA LEON SP E-HYBRID150,47
2025,4,MINI,COOPER S,47
2025,4,PORSCHE,CAYENNE E-HYBRID,47
2025,4,HONDA,CR-V,46
2025,4,BMW,I5 EDRIVE40,46
2025,4,FORD,CAPRI,46
2025,4,VOLVO,V90,44
2025,4,LEAPMOTOR,C10,43
2025,4,VOLKSWAGEN,ID.7 TOURER PRO S,43
2025,4,BMW,220,42
2025,4,AUDI,A6 SB E-TRON,42
2025,4,VOLKSWAGEN,ID.3 PRO 150 KW,42
2025,4,ZEEKR,X,42
2025,4,HYUNDAI,SANTA FE,41
2025,4,BYD,SEAL U DM-I,40
2025,4,HYUNDAI,BAYON,40
2025,4,VOLVO,EC40,39
2025,4,MG,MG3 HYBRID+,39
2025,4,VOLKSWAGEN,CALIFORNIA,39
2025,4,SKODA,ELROQ 50,38
2025,4,ZEEKR,001,37
2025,4,LAND ROVER,DISCOVERY SPORT,37
2025,4,AUDI,A6 AV E-TRON PERFORMANCE,37
2025,4,MERCEDES-BENZ,AMG E 53 HYBRID,36
2025,4,MINI,COUNTRYMAN C,36
2025,4,BMW,520I,35
2025,4,CITROEN,C5 AIRCROSS,35
2025,4,FORD,MUSTANG MACH-E,34
2025,4,JEEP,COMPASS,34
2025,4,BYD,BYD SEAL U,34
2025,4,MERCEDES-BENZ,CLA 180,34
2025,4,PEUGEOT,EXPERT,33
2025,4,VOLKSWAGEN,ID.7 TOURER PRO,32
2025,4,SEAT,SEAT LEON SP E-HYBRID150,31
2025,4,AUDI,A3 LIMOUSINE,31
2025,4,FIAT,PANDA,31
2025,4,BMW,X1 SDRIVE18I,31
2025,4,AUDI,A5 AVANT,30
2025,4,MERCEDES-BENZ,EQE 300,30
2025,4,FIAT,500,30
2025,4,BYD,BYD SEAL,30
2025,4,DACIA,SPRING,29
2025,4,MINI,COOPER SE,29
2025,4,NISSAN,NISSAN ARIYA,29
2025,4,AUDI,Q6 SUV E-TRON QUATTRO,28
2025,4,KIA,SORENTO,28
2025,4,MERCEDES-BENZ,GLE 400 E 4MATIC,28
2025,4,AUDI,A6 SB E-TRON PERFORMANCE,27
2025,4,LAND ROVER,RANGE ROVER VELAR,27
2025,4,SMART,#3,27
2025,4,BMW,X1 SDRIVE20I,27
2025,4,HYUNDAI,I 30,27
2025,4,MG,MG HS,27
2025,4,BMW,X2 SDRIVE20I,26
2025,4,VOLKSWAGEN,ID. BUZZ PRO LR 210 KW,26
2025,4,RENAULT,CLIO (E-TECH HYBRID),25
2025,4,SMART,#1,25
2025,4,MINI,COUNTRYMAN SE ALL4,25
2025,4,DS,DS7,25
2025,4,AUDI,A6 AVANT 50 TFSI E,24
2025,4,XPENG,G9,24
2025,4,MAZDA,MAZDA3,24
2025,4,PORSCHE,CAYENNE S E-HYBRID,24
2025,4,AUDI,SQ6 SUV E-TRON,24
2025,4,ALPINE,A290,24
2025,4,VOLKSWAGEN,ID.3 PURE 125 KW,23
2025,4,MINI,JCW,23
2025,4,LEXUS,LEXUS LBX,23
2025,4,PORSCHE,MACAN,23
2025,4,MERCEDES-BENZ,B 200 D,22
2025,4,MERCEDES-BENZ,B 250 E,22
2025,4,BMW,318I,22
2025,4,HONDA,HR-V,22
2025,4,AUDI,A6 AV E-TRON QUATTRO,22
2025,4,MERCEDES-BENZ,AMG GLE 53 HYBRID,21
2025,4,ALFA ROMEO,TONALE,21
2025,4,JEEP,RENEGADE,21
2025,4,AUDI,Q7 55 TFSI E,20
2025,4,AUDI,Q3 SPORTBACK,20
2025,4,BMW,IX3,20
2025,4,NISSAN,NISSAN X-TRAIL,19
2025,4,WEINSBERG,R57,19
2025,4,SEAT,ARONA,19
2025,4,BMW,225E XDRIVE ACTIVE TOURER,18
2025,4,MERCEDES-BENZ,CLE 300 E,17
2025,4,LEXUS,LEXUS NX450H+,17
2025,4,VOLKSWAGEN,TOUAREG R,17
2025,4,BMW,420I,17
2025,4,CUPRA,CUPRA LEON SP E-HYBRID200,17
2025,4,MAZDA,MAZDA CX-80,17
2025,4,ADRIA,COMPACT DL,17
2025,4,CUPRA,CUPRA LEON E-HYBRID150,17
2025,4,ADRIA,TWIN 640SLB,17
2025,4,SEAT,SEAT LEON,16
2025,4,OPEL,VIVARO,16
2025,4,BMW,X5 M60I XDRIVE,16
2025,4,BMW,XM 50E,16
2025,4,MG,MG CYBERSTER,16
2025,4,MINI,COUNTRYMAN S ALL4,15
2025,4,DS,DS4,15
2025,4,BMW,Z4 M40I,15
2025,4,VOLKSWAGEN,ID.3 PRO S 150 KW,15
2025,4,CUPRA,FORMENTOR,15
2025,4,BMW,330E XDRIVE,14
2025,4,CITROEN,JUMPY,14
2025,4,PORSCHE,MACAN 4S,14
2025,4,PORSCHE,PANAMERA 4 E-HYBRID,14
2025,4,LANCIA,YPSILON,13
2025,4,CUPRA,BORN 170 KW 77/82 KWH,13
2025,4,PORSCHE,MACAN TURBO,13
2025,4,MERCEDES-BENZ,C 180,13
2025,4,SEAT,SEAT LEON SP,13
2025,4,WEINSBERG,R47,13
2025,4,KIA,PROCEED,13
2025,4,ADRIA,CORAL 650DL,13
2025,4,LYNK&CO,LYNK & CO 02,13
2025,4,DONGFENG,BOX,13
2025,4,SKODA,ENYAQ 60,12
2025,4,MERCEDES-BENZ,GLA 180,12
2025,4,MERCEDES-BENZ,EQV,12
2025,4,POESSL,SUMMIT 600,12
2025,4,HONDA,JAZZ,12
2025,4,BMW,X3 M50 XDRIVE,12
2025,4,AUDI,A3 ALLSTREET PHEV 150,12
2025,4,ABARTH,600E,12
2025,4,MAZDA,MAZDA CX-5,11
2025,4,BMW,M440I XDRIVE,11
2025,4,VOLKSWAGEN,ID. BUZZ PRO KR 210 KW,11
2025,4,BMW,IX1 XDRIVE30,11
2025,4,RENAULT,RENAULT 4 E-TECH ELECTRIC,11
2025,4,TOYOTA,TOYOTA PRIUS PHEV,11
2025,4,BYD,BYD DOLPHIN,11
2025,4,BMW,530E XDRIVE,11
2025,4,MERCEDES-BENZ,AMG GLE 53 HYBRID COUPE,11
2025,4,AUDI,Q5 50 TFSI E,10
2025,4,AUDI,A8,10
2025,4,AUDI,Q3,10
2025,4,BYD,BYD ATTO 2,10
2025,4,AUDI,A5 LIMOUSINE,10
2025,4,AUDI,S5 AVANT,10
2025,4,MERCEDES-BENZ,CLE 200,10
2025,4,PORSCHE,911 CARRERA GTS,10
2025,4,SUZUKI,SUZUKI SX4,10
2025,4,MERCEDES-BENZ,G 580,10
2025,4,MERCEDES-BENZ,EQE 350+,10
2025,4,LEXUS,LEXUS RZ300E,10
2025,4,DETHLEFFS,KW 601,9
2025,4,BMW,123 XDRIVE,9
2025,4,MERCEDES-BENZ,GLC 400 E 4MATIC,9
2025,4,BMW,I4 XDRIVE40,9
2025,4,MERCEDES-BENZ,B 180,9
2025,4,PORSCHE,911 CARRERA 4 GTS,9
2025,4,BENTLEY,CONTINENTAL GT SPEED,9
2025,4,PORSCHE,CAYENNE TURBO E-HYBRID,9
2025,4,BMW,320I,9
2025,4,AUDI,A1 ALLSTREET,9
2025,4,MAZDA,MAZDA MX-30,9
2025,4,AUDI,A3 ALLSTREET,9
2025,4,BMW,116,9
2025,4,FORD,TOURNEO CUSTOM,9
2025,4,NISSAN,NISSAN LEAF 40KWH,9
2025,4,ADRIA,MATRIX 670SL,9
2025,4,BMW,I5 XDRIVE40,8
2025,4,BMW,M760E XDRIVE,8
2025,4,VOLKSWAGEN,ID.5 PRO 210KW,8
2025,4,CAPRON,CVE 640,8
2025,4,DETHLEFFS,TREND T 7057 DBL/EBL,8
2025,4,BMW,430I XDRIVE,8
2025,4,POESSL,SUMMIT 640,8
2025,4,VOLKSWAGEN,ID.7 PRO,8
2025,4,MERCEDES-BENZ,GLB 200,8
2025,4,VOLVO,C40,8
2025,4,VOLKSWAGEN,CRAFTER,8
2025,4,AUDI,S6 AV E-TRON,8
2025,4,SEAT,SEAT LEON E-HYBRID150,7
2025,4,MERCEDES-BENZ,CLE 180,7
2025,4,KIA,XCEED,7
2025,4,KNAUS,R05,7
2025,4,PORSCHE,TAYCAN,7
2025,4,JAECOO,JAECOO7 PHEV,7
2025,4,CITROEN,C5 X,7
2025,4,MERCEDES-BENZ,VITO TOURER,7
2025,4,BMW,IX XDRIVE45,7
2025,4,BYD,BYD SEALION 7,7
2025,4,PEUGEOT,E-RIFTER,7
2025,4,AUDI,A5 AVANT 270KW TFSI E,7
2025,4,ADRIA,TWIN 640SGX,7
2025,4,BMW,X1 XDRIVE23I,7
2025,4,CUPRA,CUPRA LEON E-HYBRID200,6
2025,4,MERCEDES-BENZ,EQS 450+,6
2025,4,DETHLEFFS,JUST T 7052 EB/DBM,6
2025,4,VOYAH,FREE,6
2025,4,FIAT,600E,6
2025,4,CAPRON,CVE 600,6
2025,4,BMW,XM,6
2025,4,CITROEN,C4 X,6
2025,4,AUDI,RS 3 SPORTBACK,6
2025,4,PEUGEOT,BOXER,6
2025,4,BMW,M4 COMPETITION M XDRIVE,6
2025,4,CARTHAGO,CHIC C-LINE I 4.9 LE,6
2025,4,POLESTAR,POLESTAR 3,6
2025,4,SUN LIVING,C-SERIES C 65SL,6
2025,4,RAPIDO,N/A,6
2025,4,HYUNDAI,IONIQ6,6
2025,4,MITSUBISHI,MITSUBISHI ECLIPSE CROSS,5
2025,4,CAPRON,V66/ V337,5
2025,4,AUDI,Q8 SPORTBACK 55 E-TRON,5
2025,4,LEXUS,LEXUS UX300H,5
2025,4,DETHLEFFS,JUST T7052 DBM/EB,5
2025,4,VOLKSWAGEN,ID.4 PURE 125KW,5
2025,4,BMW,M135 XDRIVE,5
2025,4,CAPRON,T68C/ T457,5
2025,4,AUDI,RS Q8,5
2025,4,AUDI,A6 SB E-TRON QUATTRO,5
2025,4,BYD,TANG EV,5
2025,4,SUN LIVING,S-SERIES S 75SL,5
2025,4,PORSCHE,911 TARGA 4 GTS,5
2025,4,CAPRON,T67/T448,5
2025,4,POESSL,SUMMIT 540,5
2025,4,ABARTH,500,5
2025,4,MERCEDES-BENZ,AMG S 63 E PERFORMANCE,5
2025,4,VOLKSWAGEN,ID.7 PRO S,5
2025,4,SUN LIVING,S-SERIES S 70SL,5
2025,4,BMW,320E,5
2025,4,BMW,IX2 XDRIVE30,5
2025,4,MERCEDES-BENZ,EQE 500 4MATIC,5
2025,4,CHAUSSON,640,5
2025,4,DACIA,BIGSTER,5
2025,4,MERCEDES-BENZ,S 680 4MATIC,5
2025,4,AUDI,Q8 60 TFSI E,4
2025,4,BMW,IX XDRIVE60,4
2025,4,PORSCHE,PANAMERA TURBO S E-HYBRID,4
2025,4,AUDI,S6 LIMOUSINE,4
2025,4,KNAUS,R12,4
2025,4,BMW,IX XDRIVE40,4
2025,4,AUDI,RS 6 AVANT,4
2025,4,CUPRA,CUPRA LEON,4
2025,4,HONDA,CIVIC,4
2025,4,WEINSBERG,R59,4
2025,4,WEINSBERG,R53,4
2025,4,MERCEDES-BENZ,S 450 E,4
2025,4,AUDI,A5 AVANT 220KW TFSI E,4
2025,4,BMW,IX M70 XDRIVE,4
2025,4,MERCEDES-BENZ,GLB 180,4
2025,4,VOLKSWAGEN,ID. BUZZ,4
2025,4,VOLKSWAGEN,ID. BUZZ GTX LR 250 KW,4
2025,4,BMW,Z4 SDRIVE20I,4
2025,4,PORSCHE,911 GT3,4
2025,4,PORSCHE,911 CARRERA,4
2025,4,CAPRON,T68/T447,4
2025,4,CAPRON,CVE 540,4
2025,4,KNAUS,R11,4
2025,4,ADRIA,SONIC 700DL,4
2025,4,HYUNDAI,IONIQ5 N,4
2025,4,KNAUS,R19,4
2025,4,MERCEDES-BENZ,AMG CLE 53 4MATIC,4
2025,4,MINI,JCW E,4
2025,4,HYMER,B-ML I 780,4
2025,4,BMW,I4 M50 XDRIVE,4
2025,4,MERCEDES-BENZ,GLE 400 E 4MATIC COUPE,4
2025,4,DS AUTOMOBILES,DS 3,4
2025,4,MERCEDES-AMG,AMG GT 63 S E PERFORMANCE,4
2025,4,LAMBORGHINI,URUS,4
2025,4,BMW,M340I XDRIVE,4
2025,4,AUDI,S6 SB E-TRON,4
2025,4,PORSCHE,911 GT3 RS,4
2025,4,TOURNE MOBIL,TOURNE,4
2025,4,DETHLEFFS,KW 600,4
2025,4,ADRIA,CORAL 670DL,4
2025,4,MINI,JCW COUNTRYMAN ALL4,4
2025,4,BURSTNER GMBH,BT6914,4
2025,4,BENTLEY,CONTINENTAL GTC SPEED,4
2025,4,CUPRA,TERRAMAR,4
2025,4,LEXUS,LEXUS RZ450E,4
2025,4,SUZUKI,IGNIS,4
2025,4,CITROEN,E-C4 X,4
2025,4,DETHLEFFS,JUST T6812 EB,3
2025,4,CAPRON,T58/T135,3
2025,4,PORSCHE,TAYCAN GTS,3
2025,4,CAPRON,T69LC/ T459,3
2025,4,BMW,Z4 SDRIVE30I,3
2025,4,NISSAN,TOWNSTAR,3
2025,4,MERCEDES-BENZ,EQS 450 4MATIC,3
2025,4,MERCEDES-BENZ,GLE 350 DE 4MATIC,3
2025,4,ERIBA,CAR,3
2025,4,CUPRA,CUPRA LEON SP,3
2025,4,ADRIA,CORAL MB 670DL,3
2025,4,FERRARI,296 GTS,3
2025,4,PEUGEOT,508,3
2025,4,BMW,540D XDRIVE,3
2025,4,MERCEDES-BENZ,AMG G 63,3
2025,4,CARTHAGO,MALIBU VAN 640 LE K GT,3
2025,4,BURSTNER GMBH,BC6211,3
2025,4,MINI,JCW ACEMAN E,3
2025,4,PORSCHE,911 CARRERA S,3
2025,4,MERCEDES-BENZ,E 300 DE,3
2025,4,HYMER,ML-T 580 4X4,3
2025,4,HYMER,B-MC T 580,3
2025,4,CHAUSSON,720,3
2025,4,CHAUSSON,630,3
2025,4,BMW,220I,3
2025,4,KNAUS,R06,3
2025,4,BMW,230E XDRIVE ACTIVE TOURER,3
2025,4,MERCEDES-AMG,AMG SL 63 S E PERFORMANCE,3
2025,4,CHAUSSON,777,3
2025,4,CAPRON,T670S/T338T,3
2025,4,BMW,220I ACTIVE TOURER,3
2025,4,ADRIA,CORAL 670DC,3
2025,4,HYMER,B-MC T 680 BLACKLINE,3
2025,4,SUN LIVING,S-SERIES S 65SL,3
2025,4,PORSCHE,TAYCAN 4,3
2025,4,BMW,X5 M COMPETITION,3
2025,4,VOLKSWAGEN,ID.4 PRO 4MOTION 210KW,3
2025,4,MERCEDES-BENZ,AMG C 63 S E PERFORMANCE,3
2025,4,MERCEDES-BENZ,EVITO TOURER,3
2025,4,DETHLEFFS,TREND T 7057 EB,3
2025,4,AUDI,A5 LIM 220KW TFSI E,3
2025,4,FERRARI,SF90 SPIDER,3
2025,4,MERCEDES-BENZ,S 580 E 4MATIC,3
2025,4,AUDI,A6 AVANT 55 TFSI E,3
2025,4,AUDI,Q6 SB E-TRON QUATTRO,3
2025,4,SUZUKI,SUZUKI SWACE,3
2025,4,PORSCHE,PANAMERA 4S E-HYBRID,3
2025,4,BMW,M3 COMPETITION M XDRIVE,3
2025,4,KNAUS,R09,3
2025,4,BMW,I5 M60 XDRIVE,3
2025,4,MERCEDES-BENZ,B 200,3
2025,4,BMW,X7 XDRIVE40I,3
2025,4,MC LOUIS,MC4 881,3
2025,4,JAGUAR,JAGUAR F-PACE,3
2025,4,MAZDA,MAZDA MX-5,3
2025,4,JEEP,GRAND CHEROKEE,3
2025,4,LEXUS,LEXUS RX450H+,3
2025,4,WEINSBERG,R58,3
2025,4,BMW,X5 XDRIVE50E,2
2025,4,HYMER,B-MC I 680,2
2025,4,BENTLEY,FLYING SPUR SPEED,2
2025,4,MERCEDES-BENZ,C 200,2
2025,4,MERCEDES-BENZ,CLE 450 4MATIC,2
2025,4,MC LOUIS,GLAMYS 320,2
2025,4,MERCEDES-BENZ,EQB 300 4MATIC,2
2025,4,TESLA,MODEL X,2
2025,4,CAPRON,V66,2
2025,4,BMW,223 XDRIVE,2
2025,4,SUBARU,CROSSTREK,2
2025,4,MERCEDES-BENZ,S 580 E MAYBACH,2
2025,4,WESTFALIA,WEST,2
2025,4,MERCEDES-BENZ,E 300 E 4MATIC,2
2025,4,CHAUSSON,724,2
2025,4,DETHLEFFS,GLOBEBUS GO T45,2
2025,4,ADRIA,CORAL 670SL,2
2025,4,TOYOTA,PROACE CITY VERSO,2
2025,4,CAPRON,T58/ T135,2
2025,4,CAPRON,T68C / T457,2
2025,4,VOLKSWAGEN,TOUAREG EHYBRID,2
2025,4,WEINSBERG,R46,2
2025,4,PORSCHE,TAYCAN 4S,2
2025,4,KNAUS,R18,2
2025,4,CAPRON,T68 / T447,2
2025,4,CHAUSSON,650,2
2025,4,CARTHAGO,C-TOURER I 143 LE,2
2025,4,VOLKSWAGEN,UP!,2
2025,4,BMW,IX M60,2
2025,4,HONDA,ZR-V,2
2025,4,DFSK,DFSK E5,2
2025,4,CAPRON,T69LC/T459,2
2025,4,CAPRON,V66/V337,2
2025,4,TESLA,MODEL S,2
2025,4,FORD,TOURNEO CONNECT,2
2025,4,DETHLEFFS,JUST T 6812,2
2025,4,PEUGEOT,TRAVELLER,2
2025,4,CAPRON,V66 / V337,2
2025,4,FERRARI,FERRARI 12CILINDRI,2
2025,4,ADRIA,TWIN 600SPB,2
2025,4,MERCEDES-BENZ,GLS 450 4MATIC,2
2025,4,AUDI,A6 AVANT,2
2025,4,BMW,X2 M35I XDRIVE,2
2025,4,CAPRON,T67S/ T338,2
2025,4,MERCEDES-BENZ,EQA 350 4MATIC,2
2025,4,MITSUBISHI,MITSUBISHI SPACE STAR,2
2025,4,FERRARI,FERRARI PUROSANGUE,2
2025,4,AUDI,Q4 40 E-TRON,2
2025,4,CAPRON,A68 / A361,2
2025,4,PORSCHE,911 TURBO S,2
2025,4,MERCEDES-BENZ,EQA 300 4MATIC,2
2025,4,PILOTE,P690D,2
2025,4,LOTUS,ELETRE,2
2025,4,CAPRON,V60 / V132,2
2025,4,PORSCHE,911 TURBO 50,2
2025,4,CAPRON,T67S/T338,2
2025,4,KNAUS,R07,2
2025,4,TOYOTA,PROACE CITY VERSO ELECTRIC,2
2025,4,CAPRON,T690L/ T449T,2
2025,4,KNAUS,R20,2
2025,4,MC LAREN,ARTURA SPIDER,2
2025,4,ETRUSCO,T 6.9 SF,2
2025,4,CHAUSSON,S697,2
2025,4,DETHLEFFS,JUST GO T7055 EB,2
2025,4,LAMBORGHINI,REVUELTO,2
2025,4,LEXUS,LEXUS ES300H,2
2025,4,TOYOTA,PROACE,2
2025,4,KNAUS,TOURER VAN 500 MQ,2
2025,4,KNAUS,R03,2
2025,4,CAPRON,CVE 602,2
2025,4,MERCEDES-BENZ,E 450 4MATIC,2
2025,4,HOBBY,K65 ET,2
2025,4,DETHLEFFS,TREND I 7057 EB,2
2025,4,VOLKSWAGEN,ID. BUZZ GTX KR 250 KW,2
2025,4,BMW,750E XDRIVE,2
2025,4,BENTLEY,CONTINENTAL GTC MULLINER,2
2025,4,HYMER,B-MC T 680,2
2025,4,MERCEDES-BENZ,E 300DE 4MATIC ALLTERRAIN,2
2025,4,DETHLEFFS,JUST T 7052 EBL/DBL,2
2025,4,CAPRON,T67/ T448,2
2025,4,VOLKSWAGEN,ID.7 TOURER GTX,2
2025,4,ADRIA,CORAL 600SL,2
2025,4,AUDI,SQ7,2
2025,4,DONKERVOORT,F22,2
2025,4,CAPRON,V337,2
2025,4,MERCEDES-BENZ,C 300 DE,2
2025,4,XPENG,P7,2
2025,4,MERCEDES-BENZ,EQS 350,2
2025,4,MAZDA,MAZDA2,2
2025,4,SMART,#5,2
2025,4,MERCEDES-BENZ,AMG GLC 63S E PERFORMANCE,2
2025,4,MERCEDES-BENZ,E 400 E 4MATIC,2
2025,4,MERCEDES-BENZ,GLC 300 DE 4MATIC,2
2025,4,MERCEDES-BENZ,EQE 350 4MATIC,2
2025,4,KNAUS,TOURER CUVISION 500 MQ,2
2025,4,POESSL,KW 18,2
2025,4,BMW,X6 XDRIVE40I M SPORT,2
2025,4,BMW,430I,2
2025,4,ADRIA,CORAL XL 660SL,2
2025,4,CONCORDE,CHARISMA 910 MI,2
2025,4,HYMER,GRAND CANYON S 4X4,2
2025,4,CARTHAGO,C-TOURER T 143 LE,2
2025,4,MERCEDES-AMG,AMG SL 63 4MATIC+,2
2025,4,SUN LIVING,S-SERIES S 72DL,2
2025,4,BMW,330I XDRIVE,2
2025,4,VOLKSWAGEN,ID. BUZZ PURE KR 125 KW,2
2025,4,CARTHAGO,MALIBU VAN 640 LE RB GT,2
2025,4,ITINEO,ITINEO PJ700,2
2025,4,DETHLEFFS,GLOBEBUS CAMP T004,2
2025,4,MERCEDES-BENZ,AMG GLE 63 S 4MATIC+,2
2025,4,NIESMANN+BISCHOFF,ISMOVE 6.9E,2
2025,4,FORD,KUGA,1
2025,4,CITROEN,E-C3,1
2025,4,BMW,X1 XDRIVE25E,1
2025,4,DACIA,SANDERO,1
2025,4,AUDI,A3 SPORTBACK PHEV 200,1
2025,4,AUDI,Q8 55 TFSI E,1
2025,4,AUDI,Q7 60 TFSI E,1
2025,4,VOLKSWAGEN,TOURAN,1
2025,4,BMW,X3 20 XDRIVE,1
2025,4,BMW,218I ACTIVE TOURER,1
2025,4,JEEP,WRANGLER UNLIMITED,1
2025,4,MERCEDES-BENZ,C 300,1
2025,4,ADRIA,MATRIX 650SL,1
2025,4,GIOTTILINE,60T,1
2025,4,DETHLEFFS,GLOBETRAIL PERFORMANCE,1
2025,4,EURA MOBIL,PRS 675 SB,1
2025,4,PORSCHE,CAYENNE GTS,1
2025,4,DETHLEFFS,JUST GO T7055 DBL,1
2025,4,BMW,M850I XDRIVE,1
2025,4,SUZUKI,"SX4, SUZUKI SX4, S-C",1
2025,4,WEINSBERG,R48,1
2025,4,CUPRA,BORN 240 KW 79/84 KWH,1
2025,4,AUDI,Q5,1
2025,4,POESSL,KW 42,1
2025,4,ADRIA,MATRIX 650DL,1
2025,4,PILOTE,G740GJ,1
2025,4,ITINEO,ITINEO PF600,1
2025,4,AUDI,SQ6 SUV ETRON,1
2025,4,MORELO,LOFT 79 L,1
2025,4,CHAUSSON,X550,1
2025,4,SUBARU,SOLTERRA,1
2025,4,CHAUSSON,627 GA,1
2025,4,AUDI,S5 LIMOUSINE,1
2025,4,LMC,H660,1
2025,4,PILOTE,G781FGJ,1
2025,4,LAIKA,ECOVIP 645,1
2025,4,ETRUSCO,T6900 SB,1
2025,4,MERCEDES-BENZ,AMG GLE 53 4MATIC+,1
2025,4,FIAT,SCUDO,1
2025,4,HYMER,MLT 570 CROSSOVER,1
2025,4,DETHLEFFS,CVD590DK,1
2025,4,BMW,M3 COMPETITION,1
2025,4,MC LAREN,MCLAREN ARTURA,1
2025,4,CAPRON,I69L/ I449,1
2025,4,HYMER,FREE 600,1
2025,4,LOTUS,EMIRA,1
2025,4,KNAUS,R62,1
2025,4,LMC,T660,1
2025,4,HYMER,B680MC,1
2025,4,CAPRON,I67S / I338,1
2025,4,FERRARI,SF90 XX STRADALE,1
2025,4,CAPRON,V69/V339,1
2025,4,AUDI,RS E-TRON GT PERFORMANCE,1
2025,4,ADRIA,TWIN MAX 680SLB,1
2025,4,BYD,BYD SEAL U DM,1
2025,4,BENIMAR,TESSORO 430,1
2025,4,ALLIED VEHICLES LTD,GRAND FREEDOM RE,1
2025,4,ALFA ROMEO,STELVIO,1
2025,4,HYMER,FREE S 600,1
2025,4,SUN LIVING,A-SERIES A 75SL,1
2025,4,ADRIA,CORAL 650SL,1
2025,4,BMW,520D,1
2025,4,POSSL,KW 30,1
2025,4,LAIKA,ECOVIP H3119,1
2025,4,CARTHAGO,C-TOURER T 145 LE,1
2025,4,DS AUTOMOBILES,DS3,1
2025,4,WEINSBERG,R51,1
2025,4,CAPRON,T58,1
2025,4,BMW,X4 M40I,1
2025,4,NIESMANN-BISCHOFF,ARTO 78,1
2025,4,AUDI,RS 3 LIMOUSINE,1
2025,4,PILOTE,P690GJ,1
2025,4,BENTLEY,CONTINENTAL GT MULLINER,1
2025,4,VOLKSWAGEN,ID.3 GTX PERF. 240 KW,1
2025,4,RENAULT,KANGOO E-TECH ELECTRIC,1
2025,4,FORSTER,FT 639 LF,1
2025,4,VOLKSWAGEN,ID.7 GTX,1
2025,4,PILOTE,P726FC,1
2025,4,FERRARI,SF90 XX SPIDER,1
2025,4,BENIMAR,AMPHITRYON 961,1
2025,4,HYMER,SYDNEY,1
2025,4,HYMER,YOSEMITE,1
2025,4,MERCEDES-BENZ,GLA 200,1
2025,4,MG,CYBERSTER,1
2025,4,CITROEN,HOOGLANDER,1
2025,4,CITROEN,BOXER,1
2025,4,HYMER,B-MC T 580 BLACKLINE,1
2025,4,HYMER,B-MC T 600,1
2025,4,MERCEDES-BENZ,GLC 220,1
2025,4,MERCEDES-BENZ,E 300 DE 4MATIC,1
2025,4,BURSTNER GMBH,BT6905,1
2025,4,LEXUS,LEXUS UX250H,1
2025,4,KIA,CARNIVAL,1
2025,4,BMW,X4 XDRIVE30I,1
2025,4,BMW,M235 XDRIVE,1
2025,4,BENTLEY,BENTAYGA AZURE V8,1
2025,4,SKODA,ENYAQ 50,1
2025,4,CAPRON,T67S,1
2025,4,MERCEDES-BENZ,GLC 300 4MATIC,1
2025,4,BMW,X6 XDRIVE40D M SPORT,1
2025,4,MERCEDES-BENZ,S 580 MAYBACH,1
2025,4,HYMER,GRAND CANYON S CROSSOVER,1
2025,4,CAPRON,I68 / I447,1
2025,4,ROLLS ROYCE,GHOST,1
2025,4,BMW,X5 XDRIVE30D,1
2025,4,LMC,H630,1
2025,4,BURSTNER GMBH,BC5502,1
2025,4,KABE,KABE TMCRV 690 LB,1
2025,4,JEEP,WRANGLER 4XE SAHARA,1
2025,4,LMC,C640,1
2025,4,CHAUSSON,V697 SPORT LINE,1
2025,4,ETRUSCO,I7400 QBC,1
2025,4,HYMER,ML-T 570 4X4,1
2025,4,PILOTE,G720FC,1
2025,4,VOLKSWAGEN,ID.5 PURE 125KW,1
2025,4,BMW,I7 EDRIVE50,1
2025,4,ASTON MARTIN,DB12 VOLANTE,1
2025,4,BMW,X1 DRIVE,1
2025,4,EURA MOBIL,PROFILA 676 EB,1
2025,4,CARTHAGO,MALIBU VAN 600 LE,1
2025,4,HYMER,B550MC,1
2025,4,BMW,X6 M COMPETITION,1
2025,4,BENIMAR,TESSORO 463,1
2025,4,ADRIA,SUPER SONIC 780SL,1
2025,4,RENAULT,ARKANA,1
2025,4,BMW,840I XDRIVE,1
2025,4,CHAUSSON,V594 SPORT LINE,1
2025,4,EURA MOBIL,PT 695 EB,1
2025,4,PILOTE,P720FC,1
2025,4,FRANKIA,M-LINE NEO,1
2025,4,AUDI,R8 COUPE,1
2025,4,FIAT,E SCUDO,1
2025,4,DETHLEFFS,KW 703,1
2025,4,MERCEDES-BENZ,A 200,1
2025,4,ASTON MARTIN,DBX707,1
2025,4,AUDI,A6 50 TFSI E,1
2025,4,DS,DS 3,1
2025,4,NIO,ET7,1
2025,4,ADRIA,TWIN 640SL,1
2025,4,FORD,TOURNEO COURIER,1
2025,4,POSSL,SUMMIT 600,1
2025,4,BENTLEY,BENTAYGA S HYBRID,1
2025,4,ETRUSCO,640 SB PLUS,1
2025,4,VOLKSWAGEN,ARTEON,1
2025,4,NIO,EL8,1
2025,4,BENTLEY,CONTINENTAL GT,1
2025,4,CAPRON,I67S/I338,1
2025,4,BENTLEY,BENTAYGA AZURE HYBRID,1
2025,4,PILOTE,G690GJ,1
2025,4,BURSTNER GMBH,BT7274,1
2025,4,MERCEDES-BENZ,E 450 4MATIC ALLTERRAIN,1
2025,4,LAIKA,KOSMO H1409,1
2025,4,DETHLEFFS,JUST T7052 DBL/EBL,1
2025,4,MORGAN,MIDSUMMER,1
2025,4,MERCEDES-AMG,AMG GT 43 4MATIC+,1
2025,4,HYMER,B-ML I 790,1
2025,4,BURSTNER GMBH,BC5303,1
2025,4,CONCORDE,CHARISMA 910 LI,1
2025,4,MERCEDES-BENZ,V-KLASSE,1
2025,4,LMC,1055,1
2025,4,HYMER,GRAND CANYON,1
2025,4,ROLLS-ROYCE,SPECTRE,1
2025,4,MERCEDES-BENZ,E 220 D,1
2025,4,LMC,T730,1
2025,4,EURA MOBIL,PT 720 EF,1
2025,4,BMW,118I,1
2025,4,ADRIA,SONIC 700SL,1
2025,4,LAIKA,KOSMO L412DS,1
2025,4,DETHLEFFS,KW 602,1
2025,4,AUDI,Q6 SUV ETRON QUATTRO,1
2025,4,CAPRON,T68,1
2025,4,BMW,IX XDRIVE50,1
2025,4,FERRARI,FERRARI ROMA SPIDER,1
2025,4,BURSTNER GMBH,BT6907,1
2025,4,PORSCHE,718 SPYDER RS,1
2025,4,MERCEDES-BENZ,S 580 4MATIC,1
2025,4,CARTHAGO,C-TOURER T 150 QB,1
2025,4,ARCA,AMERICA H 745 GLC,1
2025,4,MERCEDES-BENZ,E 220 D 4MATIC,1
2025,4,DETHLEFFS,CROSSCAMP O002,1
2025,4,CHRYSLER,PACIFICA HYBRID PINNACLE,1
2025,4,MERCEDES-AMG,AMG SL 43,1
2025,4,CONCORDE,LINER 1090 GIO,1
2025,4,CHALLENGER,270,1
2025,4,ROLLER TEAM,ZEFIRO 267 INTEGRAL,1
2025,4,MC LOUIS,MC4 873,1
2025,4,SUN LIVING,S-SERIES S 75SC,1
2025,4,TOYOTA,TOYOTA SUPRA,1
2025,4,CARTHAGO,C1-TOURER T 143 KB-LE,1
2025,4,ASTON MARTIN,VANTAGE,1
2025,4,GIOTTILINE,69GC,1
2025,4,MERCEDES-BENZ,AMG EQS 53 4MATIC+,1
2025,4,MERCEDES-AMG,MAYBACH SL 680,1
2025,4,BMW,216I ACTIVE TOURER,1
2025,4,ASTON MARTIN,DB12,1
2025,4,WESTFALIA,FORD NUGGET PLUS,1
2025,4,SKODA,ELROC 60,1
2025,4,VW,POLO,1
2025,4,TOYOTA,TOYOTA HIGHLANDER,1
2025,4,ADRIA,SUPERSONIC 780SL,1
2025,4,MERCEDES-BENZ,AMG GLS 63 4MATIC+,1
2025,4,VOLVO,XC40 B4 ULTRA BLACK EDITION,1
2025,4,PILOTE,A656D,1
2025,4,LAIKA,ECOVIP H2109,1
2025,4,MERCEDES-BENZ,C 200 D,1
2025,4,MERCEDES-BENZ,CLE 300 4MATIC,1
2025,4,CARTHAGO,C-TOURER I 149 LE,1
2025,4,PORSCHE,TAYCAN TURBO S,1
2025,4,PORSCHE,PANAMERA TURBO E-HYBRID,1
2025,4,POESSL,KW 30,1
2025,4,MC LOUIS,NEVIS 870,1
2025,4,AUDI,A4 AVANT,1
2025,4,CHAUSSON,V594S SPORT LINE,1
2025,4,AUDI,Q5 SPORTBACK 55 TFSI E,1
2025,4,HYMER,B-MC I 600 BLACKLINE,1
2025,4,ETRUSCO,640 SB,1
2025,4,CHAUSSON,C514,1
2025,4,TOYOTA,TOYOTA LAND CRUISER,1
2025,4,LAIKA,KREOS H5109,1
2025,4,DETHLEFFS,CROSSCAMP TY 002,1
2025,4,RENAULT,ANTILOPEVAN FLEXPLUS,1
2025,4,MERCEDES-BENZ,MARCO POLO,1
2025,4,HYMER,B-MC T 550,1
2025,4,OPEL,ZAFIRA LIFE,1
2025,4,SUBARU,FORESTER,1
2025,4,AUDI,Q4 55 E-TRON,1
2025,4,ETRUSCO,T5900 FB,1
2025,4,EURA MOBIL,EURAMOBIL 635 EB,1
2025,4,CAPRON,V60/ V132,1
2025,4,HYMER,ML-T 570 CROSSOVER,1
2025,4,BMW,520D XDRIVE,1
2025,4,LMC,H730,1
2025,4,CUPRA,BORN 170 KW 58/62 KWH,1
2025,4,KG MOBILITY,TORRES EVX,1
2025,4,BMW,M240I XDRIVE,1
2025,4,MERCEDES-BENZ,GLE-KLASSE,1
2025,4,DETHLEFFS,TREND T 6817 EB,1
2025,4,WEINSBERG,R52,1
2025,4,CARTHAGO,C-TOURER L 143 LE,1
2025,4,BRAVIA,SWAN,1
2025,4,HYMER,B-MC I 600,1
2025,4,TOYOTA,GR COROLLA,1
2025,4,BENIMAR,BENIVAN B160 PS,1
2025,4,SEAT,TARRACO,1
2025,4,HYMER,B-ML T 780,1
2025,4,LYNK&CO,LYNK &CO 01,1
2025,4,HYUNDAI,"KONA, KAUAI",1
2025,4,MC LAREN,MCLAREN  750S SPIDER,1
2025,4,CAPRON,T680/T447T,1
2025,4,WEINSBERG,X-CURSION 500 LT,1
2025,4,AUDI,A7 50 TFSI E,1
2025,4,CARTHAGO,C-COMPACTLINE I 143 LE,1
2025,4,BMW,X3 XDRIVE30E,1
2025,4,CAPRON,A70,1
2025,4,CHRYSLER,PACIFICA HYBRID,1
2025,4,ADRIA,MATRIX MB 670DL,1
2025,4,ADRIA,MATRIX 670DL,1
2025,4,PORSCHE,718 BOXSTER,1
2025,4,LUCID MOTORS,AIR,1
2025,4,WESTFALIA,COLUMBUS,1
2025,4,CARTHAGO,MALIBU VAN 640 LERB GT,1
2025,4,KNAUS,R16,1
2025,4,HYMER,GRAND CANYON S XPERIENCE,1
2025,4,ETRUSCO,T7400 SBC,1
2025,4,MERCEDES-BENZ,G 500,1
2025,4,LEXUS,LEXUS NX350H,1
2025,4,CARTHAGO,CHIC C-LINE I 4.9 LE L,1
2025,4,LOTUS,EMEYA,1
2025,4,CAPRON,CVE640,1
2025,4,BMW,X1 SDRIVE 20I,1
2025,4,BMW,840I,1
2025,4,ADRIA,MATRIX 670DC,1
2025,4,DAIMLERCHRYSLER (USA),CHRYSLER PACIFICA,1
2025,4,BMW,230I,1
2025,4,VW,ID.7 TOURER GTX,1
2025,4,ADRIA,MATRIX MB 670SL,1
2025,4,CARTHAGO,MALIBU VAN 640 LE,1
2025,4,AUDI,Q7,1
2025,4,HYMER,EXSIS-I 580,1
2025,4,KNAUS,TOURER VAN 500 LT,1
2025,4,VOLKSWAGEN,ID.3 PRO S 170 KW,1
2025,4,VOLKSWAGEN,TOURER VAN 500 MQ,1
2025,4,CAPRON,T67,1
2025,4,MERCEDES-BENZ,GLS 450 D 4MATIC,1
2025,4,BURSTNER GMBH,BC6003,1
2025,4,ITINEO,P600,1
2025,4,ALFA ROMEO,GIULIA QUADRIFOGLIO VERDE,1
2025,4,AUDI,AUDI A6 AVANT,1
2025,4,BURSTNER GMBH,BT6206,1
2025,4,BMW,223I XDRIVE ACTIVE TOURER,1
2025,4,CARTHAGO,C2-TOURER I 145 RB-LE,1
2025,4,BMW,4 SERIES,1
2025,4,MERCEDES-BENZ,EQT,1
2025,4,VOLKSWAGEN,ID.4 GTX 250KW,1
2025,4,BENTLEY,BENTAYGA EXTENDED WHEELBASE AZURE V8,1
2025,4,DETHLEFFS,JUST A 7872-2,1
2025,4,BMW,X1 M35I XDRIVE,1
2025,4,TOYOTA,YARIS,1
2025,4,BMW,X4 M COMPETITION,1
2025,4,MERCEDES-BENZ,E 450 D 4MATIC,1
2025,4,CARTHAGO,C1-TOURER I 143 KB-LE,1
2025,4,CAPRON,CVE540,1
2025,4,TOYOTA,AYGO X,1
2025,4,MASERATI,GHIBLI TROFEO,1
2025,4,BMW,218I,1
2025,4,HYUNDAI,"TUCSON, IX35",1
2025,4,HYMER,ML-T 580 XPERIENCE,1
2025,4,VOLKSWAGEN,ID.7 PRO 210KW,1
2025,4,CHALLENGER,380,1
2025,4,MC LOUIS,NEVIS 881,1
2025,4,MC LOUIS,NEVIS,1
2025,4,BMW,220D,1
2025,4,CAPRON,T68C/T457,1
2025,4,XGO,N/A,1
2025,4,BMW,223I ACTIVE TOURER,1
2025,4,SKODA,ENYAQ RS,1
2025,4,LMC,1060,1
2025,4,AUDI,Q5 SPORTBACK 50 TFSI E,1
2025,4,MC LOUIS,MC4 865,1
2025,4,AUDI,Q6 SB E-TRON,1
2025,5,TOYOTA,TOYOTA YARIS CROSS,943
2025,5,KIA,PICANTO,801
2025,5,KIA,EV3,738
2025,5,TESLA,MODEL Y,651
2025,5,KIA,NIRO,627
2025,5,TOYOTA,TOYOTA AYGO X,615
2025,5,LYNK&CO,LYNK & CO 01,590
2025,5,VOLKSWAGEN,TIGUAN,586
2025,5,TOYOTA,TOYOTA YARIS,570
2025,5,SKODA,ELROQ 60,518
2025,5,SKODA,ELROQ 85,510
2025,5,OPEL,CORSA,502
2025,5,TOYOTA,TOYOTA COROLLA,453
2025,5,VOLVO,EX30,440
2025,5,VOLKSWAGEN,POLO,437
2025,5,SKODA,KODIAQ,434
2025,5,PEUGEOT,2008,430
2025,5,TESLA,MODEL 3,406
2025,5,VOLKSWAGEN,GOLF,398
2025,5,FORD,KUGA,376
2025,5,FORD,PUMA,374
2025,5,SUZUKI,SWIFT,368
2025,5,VOLVO,XC60,349
2025,5,PEUGEOT,308,340
2025,5,HYUNDAI,INSTER,336
2025,5,HYUNDAI,KONA,335
2025,5,VOLKSWAGEN,TAYRON,328
2025,5,RENAULT,SYMBIOZ,303
2025,5,VOLVO,V60,299
2025,5,MG,MG5 ELECTRIC,295
2025,5,RENAULT,CAPTUR E-TECH HYBRID,290
2025,5,TOYOTA,TOYOTA C-HR,285
2025,5,CITROEN,E-C3,276
2025,5,HYUNDAI,I10,271
2025,5,BYD,BYD SEAL U DM-I,266
2025,5,VOLVO,XC40,259
2025,5,BMW,IX1 EDRIVE20,255
2025,5,VOLVO,EX40,253
2025,5,NISSAN,NISSAN QASHQAI,249
2025,5,OPEL,ASTRA SPORTS TOURER,241
2025,5,KIA,SPORTAGE,240
2025,5,PEUGEOT,208,237
2025,5,VOLKSWAGEN,T-ROC,233
2025,5,AUDI,Q4 45 E-TRON,232
2025,5,VOLKSWAGEN,T-CROSS,231
2025,5,CUPRA,TERRAMAR E-HYBRID,231
2025,5,VOLVO,XC90,222
2025,5,PEUGEOT,3008,221
2025,5,FIAT,600,218
2025,5,JEEP,AVENGER,218
2025,5,BMW,X5 XDRIVE50E,212
2025,5,SKODA,KAMIQ,206
2025,5,SKODA,OCTAVIA,203
2025,5,NISSAN,NISSAN ARIYA,202
2025,5,RENAULT,RENAULT 5 E-TECH ELECTRIC,198
2025,5,DACIA,SANDERO,195
2025,5,SKODA,ENYAQ 85,194
2025,5,BMW,X3 30E XDRIVE,194
2025,5,KIA,CEED,193
2025,5,SEAT,IBIZA,186
2025,5,RENAULT,SCENIC E-TECH ELECTRIC,185
2025,5,MERCEDES-BENZ,GLC 300 E 4MATIC,182
2025,5,RENAULT,CLIO E-TECH HYBRID,182
2025,5,BMW,X1 XDRIVE25E,177
2025,5,SUZUKI,VITARA,175
2025,5,KIA,EV6,170
2025,5,OPEL,FRONTERA,168
2025,5,PEUGEOT,5008,167
2025,5,KIA,STONIC,167
2025,5,CITROEN,C5 AIRCROSS,160
2025,5,DACIA,JOGGER,156
2025,5,RENAULT,AUSTRAL,153
2025,5,VOLKSWAGEN,PASSAT,153
2025,5,TOYOTA,TOYOTA RAV4,148
2025,5,SKODA,FABIA,148
2025,5,HYUNDAI,I20,147
2025,5,BMW,120,141
2025,5,OPEL,MOKKA,139
2025,5,RENAULT,CAPTUR,136
2025,5,VOLVO,EX90,133
2025,5,DACIA,DUSTER,132
2025,5,SERES,SERES 3,127
2025,5,FORD,FOCUS,127
2025,5,SKODA,SUPERB,122
2025,5,MG,MG ZS EV,122
2025,5,AUDI,A3 SPORTBACK PHEV 150,116
2025,5,MAZDA,MAZDA2 HYBRID,114
2025,5,MERCEDES-BENZ,EQA 250+,113
2025,5,VOLKSWAGEN,TAIGO,109
2025,5,NISSAN,NISSAN JUKE,108
2025,5,RENAULT,ESPACE,108
2025,5,BMW,530E,108
2025,5,ZEEKR,7X,106
2025,5,SEAT,SEAT LEON SP E-HYBRID150,106
2025,5,CITROEN,C3 AIRCROSS,105
2025,5,MAZDA,MAZDA CX-60,104
2025,5,VOLKSWAGEN,ID.4 PRO 210KW,103
2025,5,LAND ROVER,RANGE ROVER SPORT,101
2025,5,MERCEDES-BENZ,CLA 250 E,100
2025,5,BMW,M5,95
2025,5,MERCEDES-BENZ,EQB 250+,94
2025,5,FORD,TRANSIT CUSTOM,94
2025,5,RENAULT,MEGANE E-TECH ELECTRIC,94
2025,5,OPEL,GRANDLAND,93
2025,5,SUZUKI,S-CROSS,93
2025,5,MITSUBISHI,MITSUBISHI OUTLANDER,93
2025,5,ALFA ROMEO,ALFA ROMEO JUNIOR,92
2025,5,BMW,330E,91
2025,5,CITROEN,C3,88
2025,5,KIA,EV9,88
2025,5,MERCEDES-BENZ,A 250 E,87
2025,5,AUDI,A6 AV E-TRON,86
2025,5,AUDI,Q6 SUV E-TRON,85
2025,5,MITSUBISHI,ASX,84
2025,5,MG,MG4 ELECTRIC,83
2025,5,AUDI,Q8 60 TFSI E,81
2025,5,RENAULT,CLIO,80
2025,5,XPENG,G6,79
2025,5,MINI,COOPER E,78
2025,5,LEXUS,LEXUS LBX,77
2025,5,MERCEDES-BENZ,E 300 E,76
2025,5,SKODA,ELROQ 50,74
2025,5,MERCEDES-BENZ,C 300 E,74
2025,5,POLESTAR,POLESTAR 2,74
2025,5,AUDI,Q6 SUV E-TRON PERFORMANCE,73
2025,5,FORD,CAPRI,73
2025,5,AUDI,A3 SPORTBACK,72
2025,5,VOLKSWAGEN,ID.3 PURE 125 KW,72
2025,5,AUDI,A1 SPORTBACK,71
2025,5,BMW,I5 EDRIVE40,67
2025,5,LAND ROVER,DEFENDER,67
2025,5,SEAT,SEAT ATECA,67
2025,5,CUPRA,CUPRA LEON SP E-HYBRID150,67
2025,5,SKODA,SCALA,66
2025,5,MAZDA,MAZDA CX-30,65
2025,5,MERCEDES-BENZ,GLA 250 E,65
2025,5,CITROEN,E-C3 AIRCROSS,65
2025,5,VOLKSWAGEN,ID.7 TOURER PRO,64
2025,5,MERCEDES-BENZ,SPRINTER,64
2025,5,VOLKSWAGEN,CADDY,63
2025,5,OPEL,ASTRA,63
2025,5,BMW,IX2 EDRIVE20,63
2025,5,MG,MG3 HYBRID+,62
2025,5,HYUNDAI,IONIQ5,61
2025,5,VOLKSWAGEN,MULTIVAN,59
2025,5,BMW,X1 XDRIVE30E,59
2025,5,RENAULT,RAFALE,59
2025,5,CUPRA,TAVASCAN,59
2025,5,SEAT,SEAT LEON SP,58
2025,5,LAND ROVER,RANGE ROVER,58
2025,5,MG,MG ZS,58
2025,5,AUDI,Q4 SPORTBACK 45 E-TRON,58
2025,5,TOYOTA,TOYOTA BZ4X,51
2025,5,MINI,COOPER C,51
2025,5,AUDI,A6 SB E-TRON,50
2025,5,CUPRA,BORN 170 KW 60/63 KWH,50
2025,5,POLESTAR,POLESTAR 4,49
2025,5,SKODA,KAROQ,48
2025,5,FIAT,500,48
2025,5,KIA,SORENTO,48
2025,5,FORD,TOURNEO CUSTOM,48
2025,5,AUDI,Q2,46
2025,5,MITSUBISHI,COLT,45
2025,5,AUDI,Q5 50 TFSI E,44
2025,5,VOLVO,V90,44
2025,5,BMW,I4 EDRIVE35,44
2025,5,MINI,ACEMAN SE,44
2025,5,MINI,ACEMAN E,43
2025,5,CITROEN,C4,43
2025,5,VOLVO,EC40,43
2025,5,FIAT,PANDA,42
2025,5,CUPRA,FORMENTOR E-HYBRID,42
2025,5,AUDI,A3 SPORTBACK PHEV 200,42
2025,5,VOLKSWAGEN,CALIFORNIA,40
2025,5,DS,DS7,40
2025,5,DACIA,BIGSTER,40
2025,5,CITROEN,E-C4,39
2025,5,BMW,220,39
2025,5,MG,MG HS,39
2025,5,MAZDA,MAZDA3,38
2025,5,AUDI,A5 AVANT,38
2025,5,BMW,I4 EDRIVE40,38
2025,5,BMW,520I,36
2025,5,CUPRA,CUPRA LEON E-HYBRID150,36
2025,5,MAZDA,MAZDA CX-80,36
2025,5,PORSCHE,CAYENNE E-HYBRID,35
2025,5,MERCEDES-BENZ,AMG GLE 53 HYBRID,34
2025,5,ALFA ROMEO,TONALE,34
2025,5,XPENG,G9,34
2025,5,MERCEDES-BENZ,GLE 400 E 4MATIC,34
2025,5,MERCEDES-BENZ,A 180,33
2025,5,SEAT,ARONA,33
2025,5,BMW,X1 SDRIVE18I,32
2025,5,LEAPMOTOR,C10,32
2025,5,BYD,BYD SEAL U,32
2025,5,JEEP,COMPASS,32
2025,5,VOLKSWAGEN,ID. BUZZ PRO LR 210 KW,32
2025,5,PEUGEOT,408,32
2025,5,HYUNDAI,BAYON,31
2025,5,VOLKSWAGEN,TOUAREG R,31
2025,5,AUDI,A6 AVANT 50 TFSI E,31
2025,5,MERCEDES-BENZ,AMG E 53 HYBRID,30
2025,5,PORSCHE,MACAN 4,30
2025,5,SMART,#1,30
2025,5,ALPINE,A290,30
2025,5,MERCEDES-BENZ,EQE 300,30
2025,5,AUDI,A6 AV E-TRON PERFORMANCE,30
2025,5,BYD,ATTO 3,29
2025,5,LEXUS,LEXUS NX450H+,29
2025,5,MINI,COOPER SE,29
2025,5,AUDI,A3 LIMOUSINE,29
2025,5,FORD,MUSTANG MACH-E,28
2025,5,HONDA,CR-V,28
2025,5,HONDA,JAZZ,28
2025,5,AUDI,Q6 SUV E-TRON QUATTRO,28
2025,5,VOLKSWAGEN,ID.3 PRO 150 KW,27
2025,5,SKODA,ENYAQ 60,26
2025,5,RENAULT,ARKANA E-TECH,26
2025,5,VOLKSWAGEN,ID.3 PRO S 150 KW,26
2025,5,BMW,420I,25
2025,5,VOLKSWAGEN,ID.7 TOURER PRO S,25
2025,5,ZEEKR,001,25
2025,5,BMW,318I,25
2025,5,ZEEKR,X,25
2025,5,BYD,SEAL U DM-I,24
2025,5,AUDI,Q7 55 TFSI E,24
2025,5,LAND ROVER,RANGE ROVER EVOQUE,24
2025,5,MINI,COUNTRYMAN E,23
2025,5,BMW,225E XDRIVE ACTIVE TOURER,23
2025,5,NISSAN,NISSAN X-TRAIL,23
2025,5,CUPRA,BORN 170 KW 77/82 KWH,23
2025,5,AUDI,Q7 60 TFSI E,23
2025,5,MINI,COOPER S,22
2025,5,DACIA,SPRING,21
2025,5,MERCEDES-BENZ,B 200 D,21
2025,5,MERCEDES-BENZ,S 680 4MATIC,21
2025,5,LEAPMOTOR,T03,21
2025,5,MINI,COUNTRYMAN C,21
2025,5,LAND ROVER,RANGE ROVER VELAR,20
2025,5,PORSCHE,MACAN TURBO,20
2025,5,AUDI,A6 SB E-TRON PERFORMANCE,19
2025,5,POLESTAR,POLESTAR 3,19
2025,5,LAND ROVER,DISCOVERY SPORT,19
2025,5,MERCEDES-BENZ,VITO TOURER,19
2025,5,PORSCHE,MACAN 4S,18
2025,5,BMW,X5 M60I XDRIVE,18
2025,5,MERCEDES-BENZ,GLC 400 E 4MATIC,18
2025,5,AUDI,Q8 55 TFSI E,18
2025,5,MERCEDES-BENZ,AMG GLE 53 HYBRID COUPE,18
2025,5,PORSCHE,MACAN,18
2025,5,SMART,#5,18
2025,5,PEUGEOT,EXPERT,18
2025,5,MERCEDES-BENZ,C 180,18
2025,5,JEEP,RENEGADE,18
2025,5,CITROEN,JUMPY,17
2025,5,PORSCHE,CAYENNE S E-HYBRID,17
2025,5,AUDI,A5 AVANT 220KW TFSI E,17
2025,5,MERCEDES-BENZ,GLA 180,17
2025,5,LYNK&CO,LYNK & CO 02,16
2025,5,SEAT,SEAT LEON E-HYBRID150,16
2025,5,AUDI,A6 AV E-TRON QUATTRO,16
2025,5,BYD,BYD SEALION 7,16
2025,5,MERCEDES-BENZ,CLE 300 E,16
2025,5,MERCEDES-BENZ,CLA 180,16
2025,5,BMW,X2 SDRIVE20I,16
2025,5,AIWAYS,U5,16
2025,5,MERCEDES-BENZ,B 250 E,16
2025,5,KIA,PROCEED,16
2025,5,MAZDA,MAZDA CX-5,16
2025,5,AUDI,AUDI A6 AVANT,15
2025,5,HONDA,HR-V,15
2025,5,BYD,BYD SEAL,15
2025,5,AUDI,SQ6 SUV E-TRON,15
2025,5,AUDI,Q5 SPORTBACK 50 TFSI E,15
2025,5,BMW,IX1 XDRIVE30,15
2025,5,BMW,IX XDRIVE60,14
2025,5,BYD,BYD ATTO 2,14
2025,5,AUDI,A5 LIM 220KW TFSI E,14
2025,5,BMW,IX XDRIVE45,14
2025,5,AUDI,A3 ALLSTREET PHEV 150,14
2025,5,MAZDA,MAZDA MX-30,14
2025,5,ADRIA,COMPACT DL,14
2025,5,BMW,XM 50E,13
2025,5,LANCIA,YPSILON,13
2025,5,MERCEDES-BENZ,G 580,13
2025,5,MG,MG S5 EV,13
2025,5,HONDA,CIVIC,13
2025,5,PORSCHE,CAYENNE TURBO E-HYBRID,13
2025,5,DONGFENG,BOX,13
2025,5,BMW,X1 XDRIVE23I,13
2025,5,BMW,X1 SDRIVE20I,13
2025,5,MERCEDES-BENZ,CLE 200,13
2025,5,BMW,330E XDRIVE,13
2025,5,BMW,530E XDRIVE,13
2025,5,JEEP,WRANGLER UNLIMITED,13
2025,5,SUZUKI,IGNIS,13
2025,5,BMW,123 XDRIVE,13
2025,5,AUDI,A5 LIMOUSINE,12
2025,5,LEXUS,LEXUS RX450H+,12
2025,5,HYUNDAI,SANTA FE,12
2025,5,BYD,BYD DOLPHIN SURF,12
2025,5,FORD,TOURNEO CONNECT,12
2025,5,AUDI,S5 AVANT,12
2025,5,BMW,IX3,12
2025,5,PORSCHE,911 CARRERA GTS,12
2025,5,KNAUS,R05,12
2025,5,MINI,JCW,12
2025,5,BMW,320I,11
2025,5,JAGUAR,JAGUAR F-PACE,11
2025,5,VOLKSWAGEN,ID.7 PRO,11
2025,5,BMW,X3 M50 XDRIVE,11
2025,5,VOLVO,C40,11
2025,5,SEAT,SEAT LEON,11
2025,5,MINI,COUNTRYMAN SE ALL4,11
2025,5,VOLKSWAGEN,TOURAN,11
2025,5,LEXUS,LEXUS RZ300E,11
2025,5,CITROEN,C4 X,10
2025,5,VOLKSWAGEN,ID.4 PURE 125KW,10
2025,5,PORSCHE,PANAMERA 4 E-HYBRID,10
2025,5,BMW,220I,10
2025,5,CUPRA,TERRAMAR,10
2025,5,MERCEDES-BENZ,EQS 450+,10
2025,5,RENAULT,CAPTUR (E-TECH HYBRID),10
2025,5,ADRIA,CORAL 650DL,10
2025,5,SMART,#3,9
2025,5,OMODA,OMODA5 EV,9
2025,5,BMW,X3 20 XDRIVE,9
2025,5,MERCEDES-BENZ,S 450 4MATIC,9
2025,5,MERCEDES-BENZ,EQV,9
2025,5,LUCID MOTORS,AIR,9
2025,5,AUDI,Q3 SPORTBACK,9
2025,5,PORSCHE,911 CARRERA 4 GTS,9
2025,5,KNAUS,R19,9
2025,5,PORSCHE,911 GT3 RS,9
2025,5,BMW,IX2 XDRIVE30,9
2025,5,AUDI,Q3,9
2025,5,VOLKSWAGEN,ID.7 PRO S,9
2025,5,MERCEDES-BENZ,E 200,9
2025,5,OPEL,VIVARO,9
2025,5,RENAULT,RENAULT 4 E-TECH ELECTRIC,9
2025,5,AUDI,S6 SB E-TRON,9
2025,5,VOLKSWAGEN,ID.5 PRO 210KW,8
2025,5,BMW,Z4 SDRIVE30I,8
2025,5,CUPRA,CUPRA LEON SP E-HYBRID200,8
2025,5,AUDI,A6 50 TFSI E,8
2025,5,BMW,I5 M60 XDRIVE,8
2025,5,MITSUBISHI,MITSUBISHI ECLIPSE CROSS,8
2025,5,BYD,BYD DOLPHIN,8
2025,5,AUDI,Q5 55 TFSI E,8
2025,5,HYUNDAI,IONIQ6,8
2025,5,AUDI,A8,8
2025,5,MERCEDES-BENZ,V-KLASSE,8
2025,5,CAPRON,CVE 640,7
2025,5,BMW,Z4 SDRIVE20I,7
2025,5,FERRARI,FERRARI PUROSANGUE,7
2025,5,ADRIA,MATRIX 670SL,7
2025,5,MINI,JCW ACEMAN E,7
2025,5,MAZDA,MAZDA MX-5,7
2025,5,RENAULT,CLIO (E-TECH HYBRID),7
2025,5,MERCEDES-BENZ,B 180,7
2025,5,MERCEDES-BENZ,CLE 180,7
2025,5,WESTFALEN MOBIL,FORD NUGGET,7
2025,5,MERCEDES-BENZ,AMG G 63,7
2025,5,DS,DS4,7
2025,5,SUZUKI,SUZUKI SWACE,6
2025,5,RAPIDO,N/A,6
2025,5,WEINSBERG,R47,6
2025,5,CUPRA,CUPRA LEON E-HYBRID200,6
2025,5,AUDI,A6 SB E-TRON QUATTRO,6
2025,5,AUDI,Q6 SB E-TRON,6
2025,5,PORSCHE,911 CARRERA,6
2025,5,BMW,750E XDRIVE,6
2025,5,CITROEN,C5 X,6
2025,5,MERCEDES-BENZ,EQE 350 4MATIC,6
2025,5,CITROEN,E-C4 X,6
2025,5,MINI,JCW E,6
2025,5,BMW,I4 M50 XDRIVE,6
2025,5,BENTLEY,CONTINENTAL GT SPEED,6
2025,5,KNAUS,R11,6
2025,5,AUDI,Q6 SB E-TRON QUATTRO,6
2025,5,LEXUS,LEXUS ES300H,6
2025,5,AUDI,S6 LIMOUSINE,6
2025,5,CITROEN,E-BERLINGO,6
2025,5,CARTHAGO,MALIBU VAN 640 LE K GT,6
2025,5,ABARTH,600E,6
2025,5,BMW,X5 XDRIVE40D,6
2025,5,AUDI,A5 AVANT 270KW TFSI E,6
2025,5,PORSCHE,TAYCAN,6
2025,5,CHAUSSON,777,6
2025,5,HONDA,ZR-V,6
2025,5,WEINSBERG,R57,5
2025,5,MERCEDES-BENZ,GLC 300 DE 4MATIC,5
2025,5,ADRIA,TWIN 640SLB,5
2025,5,VOLKSWAGEN,ID. BUZZ,5
2025,5,VOLKSWAGEN,ID.4 PRO 4MOTION 210KW,5
2025,5,CAPRON,T68/ T447,5
2025,5,CUPRA,FORMENTOR,5
2025,5,BMW,430I XDRIVE,5
2025,5,DFSK,DFSK E5,5
2025,5,MERCEDES-BENZ,AMG S 63 E PERFORMANCE,5
2025,5,CUPRA,CUPRA LEON SP,5
2025,5,KNAUS,R07,5
2025,5,FERRARI,SF90 SPIDER,5
2025,5,PORSCHE,PANAMERA 4S E-HYBRID,5
2025,5,BMW,330I XDRIVE,5
2025,5,AUDI,S6 AV E-TRON,5
2025,5,BMW,218I ACTIVE TOURER,5
2025,5,VOLKSWAGEN,CRAFTER,5
2025,5,MERCEDES-BENZ,E 400 E 4MATIC,5
2025,5,BMW,M135 XDRIVE,5
2025,5,LAMBORGHINI,URUS,5
2025,5,HYUNDAI,I 30,5
2025,5,FERRARI,296 GTS,5
2025,5,MERCEDES-BENZ,EQE 350+,5
2025,5,MERCEDES-BENZ,EVITO TOURER,5
2025,5,MERCEDES-BENZ,GLB 200,5
2025,5,MERCEDES-BENZ,GLE 400 E 4MATIC COUPE,5
2025,5,KIA,XCEED,5
2025,5,FORD,EXPLORER,4
2025,5,BMW,M3 COMPETITION M XDRIVE,4
2025,5,FAW,E-HS9,4
2025,5,PORSCHE,911 GT3,4
2025,5,CUPRA,BORN 240 KW 79/84 KWH,4
2025,5,BMW,M760E XDRIVE,4
2025,5,ADRIA,TWIN 640SGX,4
2025,5,DS,NO 8,4
2025,5,HYMER,ML-T 580 4X4,4
2025,5,ASTON MARTIN,VANTAGE,4
2025,5,FORD,TRANSIT,4
2025,5,AUDI,Q6 SB E-TRON PERFORMANCE,4
2025,5,SUBARU,FORESTER,4
2025,5,BMW,116,4
2025,5,BENTLEY,CONTINENTAL GTC SPEED,4
2025,5,AUDI,RS Q8,4
2025,5,PORSCHE,PANAMERA TURBO S E-HYBRID,4
2025,5,VOLKSWAGEN,ID. BUZZ GTX LR 250 KW,4
2025,5,DETHLEFFS,JUST T 7052 EB/DBM,4
2025,5,POESSL,SUMMIT 640,4
2025,5,FORD,TOURNEO COURIER,4
2025,5,BMW,M440I XDRIVE,4
2025,5,WEINSBERG,R50,4
2025,5,ADRIA,CORAL 670DL,4
2025,5,KNAUS,R06,4
2025,5,VOLKSWAGEN,ID.BUZZ CARGO PRO 4MOTION,4
2025,5,AUDI,A3 ALLSTREET,4
2025,5,BMW,X7 M60I XDRIVE,4
2025,5,MG,MG CYBERSTER,4
2025,5,BMW,I5 XDRIVE40,4
2025,5,VOLKSWAGEN,ID. BUZZ PRO KR 210 KW,4
2025,5,PORSCHE,911 CARRERA S,4
2025,5,CAPRON,V66 / V337,3
2025,5,CHAUSSON,630,3
2025,5,HYUNDAI,IONIQ5 N,3
2025,5,DETHLEFFS,JUST T7052 DBM/EB,3
2025,5,SKODA,ENYAQ 50,3
2025,5,POESSL,SUMMIT 600,3
2025,5,PORSCHE,911 TARGA 4 GTS,3
2025,5,PORSCHE,TAYCAN 4,3
2025,5,SUN LIVING,S-SERIES S 72DL,3
2025,5,MERCEDES-BENZ,E 300 DE,3
2025,5,CUPRA,CUPRA LEON,3
2025,5,BURSTNER GMBH,BC6441,3
2025,5,AUDI,A7 50 TFSI E,3
2025,5,CAPRON,V66/V337,3
2025,5,KNAUS,R16,3
2025,5,NIO,EL6,3
2025,5,BMW,IX M70 XDRIVE,3
2025,5,BMW,320E,3
2025,5,FERRARI,FERRARI ROMA SPIDER,3
2025,5,PEUGEOT,508,3
2025,5,AUDI,SQ8,3
2025,5,BMW,M340I XDRIVE,3
2025,5,BYD,BYD DOLPHINSURF,3
2025,5,MC LOUIS,CARAT 870,3
2025,5,LEXUS,LEXUS UX300H,3
2025,5,CAPRON,CVE 600,3
2025,5,KG MOBILITY,TORRES EVX,3
2025,5,FRANKIA,PLATIN,3
2025,5,TOTH ES FIAI,CLEVER,3
2025,5,AUDI,Q5 SPORTBACK 55 TFSI E,3
2025,5,SUN LIVING,S-SERIES S 75SL,3
2025,5,MERCEDES-BENZ,E 300 E 4MATIC,3
2025,5,CAPRON,T68 / T447,3
2025,5,JEEP,GRAND CHEROKEE,3
2025,5,TESLA,MODEL S,3
2025,5,VOLKSWAGEN,ID.7 TOURER GTX,3
2025,5,VOLKSWAGEN,ID.3 GTX PERF. 240 KW,3
2025,5,MERCEDES-BENZ,GLE 350 DE 4MATIC,3
2025,5,MINI,COUNTRYMAN S ALL4,3
2025,5,MERCEDES-BENZ,GLB 180,3
2025,5,BMW,X1 M35I XDRIVE,3
2025,5,DETHLEFFS,TREND T 7057 DBL/EBL,3
2025,5,AUTOMOBILI LAMBORGHINI S.,URUS,3
2025,5,CAPRON,T58/ T135,3
2025,5,VOLKSWAGEN,ID BUZZ PRO LR 210 KW,3
2025,5,MERCEDES-BENZ,EQE 500 4MATIC,3
2025,5,CAPRON,T67S/ T338,3
2025,5,MERCEDES-BENZ,EQS 580 4MATIC,3
2025,5,CARTHAGO,MALIBU VAN 640 LERB GT,3
2025,5,BMW,520D,3
2025,5,AUDI,RS 3 SPORTBACK,3
2025,5,TESLA,MODEL X,3
2025,5,RENAULT,KANGOO,3
2025,5,MERCEDES-BENZ,AMG CLE 53 4MATIC,3
2025,5,DETHLEFFS,KW 601,3
2025,5,BMW,M4 COMPETITION M XDRIVE,2
2025,5,POSSL,SUMMIT 600,2
2025,5,NIESMANN+BISCHOFF,ISMOVE 7.3F,2
2025,5,MERCEDES-BENZ,EQB 300 4MATIC,2
2025,5,ADRIA,COMPACT SL,2
2025,5,CAPRON,V66/ V337,2
2025,5,BENTLEY,BENTAYGA S HYBRID,2
2025,5,CAPRON,T670S/T338T,2
2025,5,ADRIA,CORAL 670DC,2
2025,5,MINI,JCW COUNTRYMAN ALL4,2
2025,5,KNAUS,R12,2
2025,5,HYMER,B-MC I 680 BLACKLINE,2
2025,5,HYMER,MLT 580 4X4,2
2025,5,ASTON MARTIN,VANQUISH,2
2025,5,PORSCHE,718 BOXSTER,2
2025,5,CAPRON,T68C/ T457,2
2025,5,NIESMANN+BISCHOFF,ISMOVE 6.9E,2
2025,5,WEINSBERG,R54,2
2025,5,PEUGEOT,BOXER,2
2025,5,BMW,X7 XDRIVE40I,2
2025,5,CAPRON,T67 / T448,2
2025,5,PORSCHE,PANAMERA TURBO E-HYBRID,2
2025,5,DETHLEFFS,JUST T 7052 EBL/DBL,2
2025,5,MERCEDES-BENZ,EQA 300 4MATIC,2
2025,5,MERCEDES-AMG,AMG SL 43,2
2025,5,HYMER,B-ML I 780,2
2025,5,SUZUKI,SUZUKI ACROSS,2
2025,5,ETRUSCO,T6.9 SB,2
2025,5,BMW,XM LABEL,2
2025,5,HYMER,GRAND CANYON S 4X4,2
2025,5,CARTHAGO,CHIC C-LINE I 4.9 LE L,2
2025,5,HYMER,B-MC I 580 BLACKLINE,2
2025,5,DETHLEFFS,KW 600,2
2025,5,BURSTNER GMBH,BC5901,2
2025,5,EURA MOBIL,PROFILA 726 QF,2
2025,5,DETHLEFFS,GLOBEBUS CAMP T004,2
2025,5,CHAUSSON,640,2
2025,5,TOYOTA,TOYOTA PRIUS PHEV,2
2025,5,AUDI,SQ6 SB E-TRON,2
2025,5,BMW,230I,2
2025,5,XPENG,"P7,P7I",2
2025,5,LAMBORGHINI,REVUELTO,2
2025,5,MERCEDES-BENZ,S 450 D 4MATIC,2
2025,5,JAECOO,JAECOO7 PHEV,2
2025,5,MERCEDES-BENZ,CLE 450 4MATIC,2
2025,5,BMW,X5 XDRIVE30D,2
2025,5,MERCEDES-BENZ,E 300 DE 4MATIC,2
2025,5,HYMER,GRAND CANYON S 700 4X4,2
2025,5,BMW,XM,2
2025,5,BMW,X4 XDRIVE20I,2
2025,5,ADRIA,SONIC 700DL,2
2025,5,VOLKSWAGEN,VENTJE,2
2025,5,MERCEDES-BENZ,GLS 450 D 4MATIC,2
2025,5,MERCEDES-AMG,AMG GT 63 4MATIC+,2
2025,5,BMW,230E XDRIVE ACTIVE TOURER,2
2025,5,JAGUAR,JAGUAR F-TYPE,2
2025,5,AUDI,RS E-TRON GT PERFORMANCE,2
2025,5,MERCEDES-BENZ,EQS 450 4MATIC,2
2025,5,AUDI,A6 55 TFSI E,2
2025,5,JAGUAR,JAGUAR E-PACE,2
2025,5,AUTOMOBILI LAMBORGHINI S.,REVUELTO,2
2025,5,POESSL,KW 18,2
2025,5,NISSAN,TOWNSTAR,2
2025,5,HYMER,ML-T 570 CROSSOVER,2
2025,5,LMC,C600,2
2025,5,AUDI,SQ8 SPORTBACK E-TRON,2
2025,5,BMW,Z4 M40I,2
2025,5,BMW,520D XDRIVE,2
2025,5,BMW,M240I XDRIVE,2
2025,5,CHAUSSON,627 GA,2
2025,5,CAPRON,T67S/T338,2
2025,5,SUBARU,SOLTERRA,2
2025,5,POESSL,SUMMIT 540,2
2025,5,PORSCHE,911 TURBO 50,2
2025,5,BMW,M235 XDRIVE,2
2025,5,VOLKSWAGEN,ID.4 GTX 250KW,2
2025,5,KNAUS,R09,2
2025,5,BMW,M2,2
2025,5,BMW,I7 XDRIVE60,2
2025,5,AUDI,Q4 40 E-TRON,2
2025,5,KNAUS,R15,2
2025,5,HYUNDAI,STARIA,2
2025,5,MERCEDES-BENZ,E 220 D,2
2025,5,MITSUBISHI,MITSUBISHI SPACE STAR,2
2025,5,SUZUKI,"SX4, SUZUKI SX4, S-C",2
2025,5,HYMER,B-ML I 790,2
2025,5,HYMER,B-ML T 780,2
2025,5,MERCEDES-BENZ,GLA 200,2
2025,5,FORD,BRONCO,2
2025,5,HYMER,VENTURE S,2
2025,5,MERCEDES-BENZ,AMG GLC 63S E PERFORMANCE,2
2025,5,MERCEDES-BENZ,GLS 450 4MATIC,2
2025,5,ASTON MARTIN,DBX707,2
2025,5,FERRARI,FERRARI 12CILINDRI,2
2025,5,AUDI,A6 AVANT,2
2025,5,CAPRON,T680/T447T,2
2025,5,LAIKA,ECOVIP L3019,2
2025,5,HYUNDAI,TUCSON,1
2025,5,BMW,550E XDRIVE,1
2025,5,BENTLEY,CONTINENTAL GT MULLINER,1
2025,5,KABE,KABE TMC 740 T,1
2025,5,HYMER,B-MC T 680,1
2025,5,ETRUSCO,T7400 SBC,1
2025,5,CARTHAGO,CHIC S-PLUS I50 LE,1
2025,5,MG,MG MARVEL R ELECTRIC,1
2025,5,HYMER,YELLOWSTONE,1
2025,5,HYMER,B-MC T 600 WHITELINE,1
2025,5,WEINSBERG,R51,1
2025,5,WEINSBERG,R53,1
2025,5,LOTUS,EMEYA,1
2025,5,XPENG,P7,1
2025,5,LEXUS,LEXUS RZ450E,1
2025,5,AUDI,AUDI SQ5 SB,1
2025,5,ERIBA,CAR 600,1
2025,5,ADRIA,MATRIX 670DC,1
2025,5,MASERATI,GRANCABRIO TROFEO,1
2025,5,MERCEDES-BENZ,C300E,1
2025,5,HOBBY,T 740 WE MAXIA T,1
2025,5,TOYOTA,PROACE,1
2025,5,WESTFALIA,N/A,1
2025,5,VW,TIGUAN,1
2025,5,ALLIED VEHICLES LTD,GRAND FREEDOM RE,1
2025,5,ETRUSCO,T7300 SB,1
2025,5,ETRUSCO,CV 600 DF,1
2025,5,HYMER,B-MC T 600 BLACKLINE,1
2025,5,DETHLEFFS,KW 704,1
2025,5,BMW,M235I XDRIVE,1
2025,5,BYD,BYD SEAL U DM,1
2025,5,SUZUKI,SX4,1
2025,5,ADRIA,CORAL 670SL,1
2025,5,ADRIA,TWIN MAX 680SLB,1
2025,5,GIOTTILINE,C66,1
2025,5,FRANKIA,F-LINE,1
2025,5,CHAUSSON,S697,1
2025,5,MERCEDES-BENZ,G 450 D,1
2025,5,CITROEN,JUMPER,1
2025,5,MERCEDES-BENZ,S 580 E 4MATIC,1
2025,5,BENTLEY,FLYING SPUR,1
2025,5,ADRIA,CORAL 650DC,1
2025,5,KNAUS,R20,1
2025,5,HYMER,FREE 600,1
2025,5,CAPRON,I67S/ I338,1
2025,5,TOYOTA,PROACE CITY VERSO ELECTRIC,1
2025,5,EURA MOBIL,PRS 720 EF,1
2025,5,TOURNE MOBIL,TOURNE,1
2025,5,MC LOUIS,MC4 379,1
2025,5,BMW,M3 COMPETITION,1
2025,5,CITROEN,SPACETOURER,1
2025,5,BURSTNER GMBH,BT6441,1
2025,5,BYD,TANG EV,1
2025,5,PILOTE,G781FGJ,1
2025,5,MC LOUIS,MC4 381,1
2025,5,AUDI,S5 LIMOUSINE,1
2025,5,WEINSBERG,R45,1
2025,5,MERCEDES-AMG,AMG SL 63 4MATIC+,1
2025,5,BURSTNER GMBH,BT6206,1
2025,5,BMW,223I XDRIVE ACTIVE TOURER,1
2025,5,EURA MOBIL,DUNCAN 545,1
2025,5,CARTHAGO,C2-TOURER I 145 RB-LE,1
2025,5,MERCEDES-BENZ,E 450 4MATIC,1
2025,5,CAPRON,T67/T448,1
2025,5,GIOTTILINE,SIENA 350,1
2025,5,AUDI,A6 AVANT 55 TFSI E,1
2025,5,CARTHAGO,MALIBU VAN 640 LE COUPE,1
2025,5,CHAUSSON,X550,1
2025,5,AUDI,AUDI Q5,1
2025,5,POESSL,KW 42,1
2025,5,BURSTNER GMBH,BC6211,1
2025,5,PORSCHE,911 TURBO S,1
2025,5,CARTHAGO,C1-TOURER I 143 KB-LE,1
2025,5,BURSTNER GMBH,BT7273,1
2025,5,LAIKA,ECOVIP L4009,1
2025,5,PORSCHE,911 TARGA 4,1
2025,5,BURSTNER GMBH,BT6915,1
2025,5,AUDI,Q8 SPORTBACK 50 E-TRON,1
2025,5,MERCEDES-BENZ,GLA 200 D,1
2025,5,BMW,M850I XDRIVE,1
2025,5,BMW,218I,1
2025,5,CHAUSSON,TITANIUM 6040,1
2025,5,MERCEDES-BENZ,CLE 200 4MATIC,1
2025,5,HYMER,ML-T 580 XPERIENCE,1
2025,5,WESTFALIA,SVEN HEDIN,1
2025,5,KNAUS,R24,1
2025,5,LAIKA,KOSMO L409,1
2025,5,MERCEDES-BENZ,C 300 E 4MATIC,1
2025,5,EURA MOBIL,CONTURA 766 EB,1
2025,5,CHALLENGER,380,1
2025,5,BMW,I7 M70 XDRIVE,1
2025,5,MCLOUIS,GLAMYS 322,1
2025,5,BMW,X5 XDRIVE40I,1
2025,5,MERCEDES-BENZ,GLE 450 D 4MATIC,1
2025,5,HYMER,TRAMP S 585,1
2025,5,HYMER,ML-T 570,1
2025,5,VOYAH,DREAM,1
2025,5,RENAULT,CAPTUR E-TECH PLUG-IN HYBRID,1
2025,5,WEINSBERG,R46,1
2025,5,CHALLENGER,V114S,1
2025,5,KABE,KABE TMRX 780 LT,1
2025,5,PORSCHE,911 S/T,1
2025,5,ISUZU,DOUBLE CAB,1
2025,5,KABE,KABE TMN 750 LXL,1
2025,5,VOLKSWAGEN,ARTEON,1
2025,5,HYMER,EXSIS-T 474,1
2025,5,NIO,EL8,1
2025,5,BENTLEY,CONTINENTAL GTC,1
2025,5,VOLVO,XC 40,1
2025,5,BENTLEY,CONTINENTAL GT,1
2025,5,DS,DS 3,1
2025,5,MERCEDES-BENZ,AMG C 63 S E PERFORMANCE,1
2025,5,CAPRON,T69LC/T459,1
2025,5,DREAMER,N/A,1
2025,5,ALFA ROMEO,GIULIA,1
2025,5,VOLKSWAGEN,ID.BUZZ PRO 4MOTION,1
2025,5,MERCEDES-BENZ,A 200,1
2025,5,DETHLEFFS,KW 703,1
2025,5,MC LOUIS,NEVIS 873,1
2025,5,ROLLS ROYCE,BLACK BADGE SPECTRE,1
2025,5,MINI,MINI,1
2025,5,BENIMAR,TESSORO 488,1
2025,5,BMW,X7 XDRIVE40D,1
2025,5,NIO,ET5 TOURING,1
2025,5,MORGAN,MIDSUMMER,1
2025,5,HYMER,ML-T 580,1
2025,5,GIOTTILINE,385,1
2025,5,ALPINE,A110,1
2025,5,DETHLEFFS,GLOBEBUS T 001,1
2025,5,FRANKIA,M-LINE NEO,1
2025,5,MERCEDES-BENZ,T-CLASS,1
2025,5,HYMER,B-MC T 580,1
2025,5,BURSTNER GMBH,BC6022,1
2025,5,CONCORDE,CHARISMA 910 LI,1
2025,5,MERCEDES-AMG,AMG GT 63 PRO 4MATIC+,1
2025,5,ETRUSCO,T 7.3 SCF,1
2025,5,MERCEDES-BENZ,AMG EQE 43 4MATIC,1
2025,5,PILOTE,P690D,1
2025,5,VOYAH,FREE,1
2025,5,MERCEDES-BENZ,C 200,1
2025,5,LOTUS,ELETRE,1
2025,5,BMW,I4 XDRIVE40,1
2025,5,CAPRON,T680/ T447T,1
2025,5,MASERATI,GRECALE FOLGORE,1
2025,5,WEINSBERG,R58,1
2025,5,EURA MOBIL,EURA 595 HB,1
2025,5,EURA MOBIL,PT 720 EF,1
2025,5,CARTHAGO,C1-TOURER T 149 RB-LE,1
2025,5,ADRIA,SUPER SONIC 780SL,1
2025,5,SKODA,ELROC 50,1
2025,5,MOOVEO,VAN-63XL,1
2025,5,DETHLEFFS,KW 602,1
2025,5,MERCEDES-BENZ,S 680 MAYBACH,1
2025,5,ETRUSCO,640 PB,1
2025,5,CARTHAGO,MALIBU VAN 600 LE,1
2025,5,DETHLEFFS,GLOBEBUS I 006,1
2025,5,CAPRON,T68,1
2025,5,BMW,IX XDRIVE50,1
2025,5,BURSTNER GMBH,BT6907,1
2025,5,DETHLEFFS,TREND I 7057 DBL/EBL,1
2025,5,BENTLEY,BENTAYGA EXTENDED WHEELBASE MULLINER V8,1
2025,5,TOYOTA,PROACE CITY VERSO,1
2025,5,MERCEDES-BENZ,S 580 4MATIC,1
2025,5,ASTON MARTIN,DB12 VOLANTE,1
2025,5,BMW,I7 EDRIVE50,1
2025,5,MERCEDES-AMG,AMG SL 63 S E PERFORMANCE,1
2025,5,POSSL,KW 41,1
2025,5,CARTHAGO,LINER FOR TWO 53,1
2025,5,VOLKSWAGEN,ID.5 PURE 125KW,1
2025,5,CARTHAGO,C1-TOURER I 148 KB-LE,1
2025,5,KNAUS,R47,1
2025,5,CARTHAGO,C1-TOURER I 145 RB-LE,1
2025,5,BMW,X5 M COMPETITION,1
2025,5,VOLKSWAGEN,TOUAREG EHYBRID,1
2025,5,AUDI,SQ7,1
2025,5,AUDI,A5 SPORTBACK,1
2025,5,CHAUSSON,X650,1
2025,5,MERCEDES-BENZ,EQS 350,1
2025,5,HYMER,B-MC I 600 WHITELINE,1
2025,5,BMW,X5 M50I,1
2025,5,MAZDA,MAZDA2,1
2025,5,SUBARU,OUTBACK,1
2025,5,BURSTNER GMBH,BC5502,1
2025,5,HONDA,E:NY1,1
2025,5,AUDI,S E-TRON GT,1
2025,5,LMC,H630,1
2025,5,BMW,IX XDRIVE40,1
2025,5,CAPRON,T690L/T449T,1
2025,5,ROLLS ROYCE,GHOST,1
2025,5,CONCORDE,CARVER 790 L,1
2025,5,CAPRON,I68 / I447,1
2025,5,HYMER,GRAND CANYON S CROSSOVER,1
2025,5,CHALLENGER,S217,1
2025,5,BURSTNER GMBH,BT5695,1
2025,5,MC LOUIS,MC4 870,1
2025,5,XGO,N/A,1
2025,5,POESSL,KW 22,1
2025,5,AUDI,A1 ALLSTREET,1
2025,5,BMW,X6 XDRIVE40D M SPORT,1
2025,5,BMW,540D XDRIVE,1
2025,5,BMW,223I ACTIVE TOURER,1
2025,5,ROLLER TEAM,ZEFIRO 266 TL,1
2025,5,DETHLEFFS,JUST T 6812,1
2025,5,ADRIA,TWIN 600SPB,1
2025,5,LAIKA,KOSMO L319,1
2025,5,BMW,M4 CS,1
2025,5,BMW,X2 M35I XDRIVE,1
2025,5,MERCEDES-BENZ,AMG GLS 63 4MATIC+,1
2025,5,BMW,220I ACTIVE TOURER,1
2025,5,MERCEDES-BENZ,EQS 500 4MATIC,1
2025,5,MERCEDES-BENZ,CLE 300 4MATIC,1
2025,5,BMW,X2 SDRIVE18D,1
2025,5,MC LOUIS,MC4 373,1
2025,5,CARTHAGO,MALIBU T 430 LE,1
2025,5,MERCEDES-BENZ,GLC 200 4MATIC,1
2025,5,HYMER,B-MC I 680,1
2025,5,POESSL,KW 30,1
2025,5,CARTHAGO,CHICS-PLUS I64 XL QB,1
2025,5,AUDI,A4 AVANT,1
2025,5,SUN LIVING,S-SERIES S 72SP,1
2025,5,MERCEDES-BENZ,C 300 DE 4MATIC,1
2025,5,NIESMANN+BISCHOFF,ARTO 85E,1
2025,5,HYMER,B-MC I 600 BLACKLINE,1
2025,5,ETRUSCO,V 6.8 SCF,1
2025,5,HYMER,EXSIS-T 580,1
2025,5,PORSCHE,TAYCAN GTS,1
2025,5,MERCEDES-BENZ,CITAN TOURER,1
2025,5,FORSTER,FT 745 EB,1
2025,5,CARTHAGO,MALIBU VAN 540 DB,1
2025,5,TOYOTA,TOYOTA LAND CRUISER,1
2025,5,MERCEDES-BENZ,AMG C 43 4MATIC+,1
2025,5,CITROEN,BERLINGO,1
2025,5,ROLLS-ROYCE,BLACK BADGE CULLINAN,1
2025,5,SUN LIVING,A-SERIES A 70DK,1
2025,5,AUTO-SLEEPERS,WARWICK DUO,1
2025,5,RIMOR,N/A,1
2025,5,HYMER,B-MC T 600,1
2025,5,AUDI,Q4 55 E-TRON,1
2025,5,DETHLEFFS,TREND I 7057 EB,1
2025,5,HYMER,ML-T 570 XPERIENCE,1
2025,5,RENAULT,MEGANE,1
2025,5,BYD,SEAL U,1
2025,5,KABE,KABE TMMI 910 QB,1
2025,5,BMW,430I,1
2025,5,SKODA,ENYAQ 85X,1
2025,5,BMW,X6 XDRIVE40I M SPORT,1
2025,5,DODGE,DODGE CHARGER,1
2025,5,AUDI,A3 40 TFSIE,1
2025,5,PEUGEOT,E-RIFTER,1
2025,5,MERCEDES-BENZ,GLS 580 4MATIC,1
2025,5,VOLKSWAGEN,ID.BUZZ  210 KW,1
2025,5,WEINSBERG,R52,1
2025,5,CAPRON,V337,1
2025,5,HYMER,B-MC I 600,1
2025,5,CAPRON,CVE 540,1
2025,5,SUN LIVING,A-SERIES A 75DP,1
2025,5,ERIBA,CAR,1
2025,5,VOLKSWAGEN,TRANSPORTER,1
2025,5,SEAT,TARRACO,1
2025,5,CHAUSSON,V697 FIRST LINE,1
2025,5,HYMER,YOSEMITE,1
2025,5,CARTHAGO,CARTHAGO,1
2025,5,MC LOUIS,CARAT 881,1
2025,5,MERCEDES-BENZ,AMG GLC 43 4MATIC,1
2025,5,ADRIA,TWIN 600SX,1
2025,5,HYMER,B-MC I 580,1
2025,5,MAN,TGE,1
2025,5,CARTHAGO,C-TOURER T 143 LE,1
2025,5,VOLVO,S60,1
2025,5,EURA MOBIL,INTEGRA 760 QF,1
2025,5,AUDI,RS 6 GT AVANT,1
2025,5,FIAT,FIAT DUCATO,1
2025,5,MERCEDES-AMG,AMG GT 63 S E PERFORMANCE,1
2025,5,BMW,X1 XDRIVE23D,1
2025,5,XPENG,"P7I, P7",1
2025,5,ADRIA,CORAL XL 600DP,1
2025,5,MOBILVETTA DESIGN,ADMIRAL K 6.5,1
2025,5,BENIMAR,YRTEO 861,1
2025,5,AUDI,A5 LIM 270KW TFSI E,1
2025,5,ADRIA,MATRIX 670DL,1
2025,5,MERCEDES-BENZ,S 450 E,1
2025,5,AUDI,Q8 SPORTBACK 55 E-TRON,1
2025,5,BENIMAR,TESSORO 481,1
2025,5,CARTHAGO,C1-TOURER I 149 RB-LE,1
2025,5,CAPRON,T67/ T448,1
2025,5,CARTHAGO,CHIC C-LINE I 5.0 QB,1
2025,6,TESLA,MODEL Y,1257
2025,6,LYNK&CO,LYNK & CO 01,924
2025,6,TOYOTA,TOYOTA YARIS CROSS,897
2025,6,TESLA,MODEL 3,749
2025,6,KIA,PICANTO,741
2025,6,KIA,EV3,653
2025,6,KIA,NIRO,646
2025,6,VOLKSWAGEN,TIGUAN,625
2025,6,RENAULT,CAPTUR E-TECH HYBRID,592
2025,6,TOYOTA,TOYOTA AYGO X,569
2025,6,VOLKSWAGEN,GOLF,527
2025,6,TOYOTA,TOYOTA YARIS,508
2025,6,BMW,IX1 EDRIVE20,497
2025,6,SKODA,KODIAQ,492
2025,6,FORD,KUGA,491
2025,6,PEUGEOT,208,488
2025,6,MG,MG5 ELECTRIC,456
2025,6,SKODA,ELROQ 85,454
2025,6,SUZUKI,SWIFT,449
2025,6,RENAULT,SYMBIOZ,430
2025,6,RENAULT,RENAULT 5 E-TECH ELECTRIC,429
2025,6,VOLVO,XC60,417
2025,6,SKODA,ELROQ 60,409
2025,6,PEUGEOT,2008,399
2025,6,VOLVO,XC40,340
2025,6,VOLVO,V60,336
2025,6,FORD,FOCUS,334
2025,6,RENAULT,CLIO E-TECH HYBRID,331
2025,6,TOYOTA,TOYOTA COROLLA,330
2025,6,FORD,PUMA,329
2025,6,RENAULT,SCENIC E-TECH ELECTRIC,322
2025,6,KIA,SPORTAGE,320
2025,6,CITROEN,C3,316
2025,6,NISSAN,NISSAN QASHQAI,308
2025,6,BMW,X1 XDRIVE25E,305
2025,6,VOLVO,EX40,291
2025,6,RENAULT,AUSTRAL,289
2025,6,RENAULT,MEGANE E-TECH ELECTRIC,284
2025,6,POLESTAR,POLESTAR 2,277
2025,6,KIA,CEED,275
2025,6,VOLKSWAGEN,T-ROC,272
2025,6,TOYOTA,TOYOTA C-HR,265
2025,6,VOLKSWAGEN,TAYRON,263
2025,6,HYUNDAI,INSTER,263
2025,6,OPEL,CORSA,259
2025,6,MG,MG4 ELECTRIC,258
2025,6,HYUNDAI,I10,254
2025,6,VOLVO,XC90,253
2025,6,VOLKSWAGEN,POLO,249
2025,6,DACIA,JOGGER,245
2025,6,OPEL,FRONTERA,243
2025,6,BYD,BYD SEAL U DM-I,243
2025,6,HYUNDAI,KONA,239
2025,6,DACIA,SANDERO,238
2025,6,AUDI,Q4 45 E-TRON,235
2025,6,FORD,EXPLORER,231
2025,6,SUZUKI,VITARA,221
2025,6,KIA,STONIC,215
2025,6,PEUGEOT,3008,209
2025,6,MAZDA,MAZDA2 HYBRID,199
2025,6,VOLKSWAGEN,T-CROSS,198
2025,6,SKODA,OCTAVIA,185
2025,6,BMW,330E,184
2025,6,CUPRA,TERRAMAR E-HYBRID,183
2025,6,SKODA,ENYAQ 85,179
2025,6,MERCEDES-BENZ,GLC 300 E 4MATIC,179
2025,6,TOYOTA,TOYOTA RAV4,179
2025,6,BMW,120,173
2025,6,JEEP,AVENGER,169
2025,6,POLESTAR,POLESTAR 4,166
2025,6,RENAULT,ESPACE,165
2025,6,HYUNDAI,TUCSON,162
2025,6,OPEL,MOKKA,159
2025,6,SEAT,IBIZA,157
2025,6,VOLVO,EX90,153
2025,6,VOLVO,EX30,152
2025,6,PEUGEOT,5008,150
2025,6,DACIA,SPRING,148
2025,6,MAZDA,MAZDA CX-5,140
2025,6,MG,MG ZS EV,139
2025,6,DACIA,DUSTER,138
2025,6,MITSUBISHI,ASX,138
2025,6,MERCEDES-BENZ,EQB 250+,138
2025,6,CITROEN,E-C3,138
2025,6,MERCEDES-BENZ,EQA 250+,137
2025,6,BMW,X5 XDRIVE50E,135
2025,6,PEUGEOT,308,132
2025,6,FIAT,PANDA,128
2025,6,SKODA,SUPERB,125
2025,6,SKODA,KAMIQ,125
2025,6,VOLKSWAGEN,PASSAT,122
2025,6,RENAULT,CAPTUR,122
2025,6,VOLKSWAGEN,ID.4 PRO 210KW,120
2025,6,VOLKSWAGEN,ID.7 TOURER PRO,119
2025,6,CITROEN,C3 AIRCROSS,118
2025,6,RENAULT,CLIO,118
2025,6,BMW,I5 EDRIVE40,116
2025,6,MAZDA,MAZDA CX-60,115
2025,6,NISSAN,NISSAN JUKE,115
2025,6,SEAT,SEAT LEON SP E-HYBRID150,115
2025,6,SUZUKI,S-CROSS,114
2025,6,SKODA,ELROQ 50,112
2025,6,NISSAN,NISSAN ARIYA,111
2025,6,AUDI,A1 SPORTBACK,110
2025,6,MERCEDES-BENZ,A 250 E,110
2025,6,RENAULT,ARKANA E-TECH,109
2025,6,MERCEDES-BENZ,GLA 250 E,108
2025,6,MINI,COOPER E,105
2025,6,DACIA,BIGSTER,104
2025,6,AUDI,A3 SPORTBACK PHEV 150,103
2025,6,MERCEDES-BENZ,C 300 E,102
2025,6,BMW,220,102
2025,6,VOLKSWAGEN,ID.3 PURE 125 KW,100
2025,6,ZEEKR,7X,100
2025,6,KIA,EV6,99
2025,6,FORD,CAPRI,98
2025,6,VOLKSWAGEN,TAIGO,98
2025,6,MAZDA,MAZDA CX-30,97
2025,6,LAND ROVER,DEFENDER,96
2025,6,LAND ROVER,RANGE ROVER SPORT,94
2025,6,BMW,IX2 EDRIVE20,90
2025,6,MITSUBISHI,COLT,90
2025,6,FIAT,600,89
2025,6,MERCEDES-BENZ,CLA 250 E,89
2025,6,AUDI,Q2,87
2025,6,MITSUBISHI,MITSUBISHI OUTLANDER,87
2025,6,HYUNDAI,I20,87
2025,6,SKODA,SCALA,85
2025,6,AUDI,Q8 60 TFSI E,83
2025,6,BMW,I4 EDRIVE40,82
2025,6,VOLKSWAGEN,MULTIVAN,80
2025,6,ALFA ROMEO,ALFA ROMEO JUNIOR,80
2025,6,AUDI,Q5 50 TFSI E,78
2025,6,BYD,ATTO 3,78
2025,6,AUDI,A5 AVANT 220KW TFSI E,78
2025,6,OPEL,ASTRA SPORTS TOURER,78
2025,6,AUDI,A3 SPORTBACK,74
2025,6,SKODA,FABIA,72
2025,6,BMW,550E XDRIVE,72
2025,6,MERCEDES-BENZ,SPRINTER,70
2025,6,HYUNDAI,IONIQ5,70
2025,6,CUPRA,FORMENTOR E-HYBRID,69
2025,6,BMW,I4 EDRIVE35,69
2025,6,MERCEDES-BENZ,E 300 E,68
2025,6,BMW,M5,67
2025,6,MERCEDES-BENZ,A 180,67
2025,6,MAZDA,MAZDA3,67
2025,6,CITROEN,C5 AIRCROSS,66
2025,6,VOLVO,EC40,66
2025,6,BMW,225E XDRIVE ACTIVE TOURER,66
2025,6,CUPRA,TAVASCAN,65
2025,6,MINI,ACEMAN E,64
2025,6,RENAULT,RENAULT 4 E-TECH ELECTRIC,63
2025,6,AUDI,Q6 SUV E-TRON PERFORMANCE,63
2025,6,VOLKSWAGEN,CADDY,63
2025,6,VOLKSWAGEN,ID.7 TOURER PRO S,62
2025,6,MINI,ACEMAN SE,60
2025,6,AUDI,Q4 SPORTBACK 45 E-TRON,60
2025,6,MINI,COUNTRYMAN C,57
2025,6,CITROEN,E-C3 AIRCROSS,57
2025,6,MG,MG ZS,56
2025,6,AUDI,Q6 SUV E-TRON,55
2025,6,SUBARU,SOLTERRA,55
2025,6,FORD,MUSTANG MACH-E,54
2025,6,TOYOTA,TOYOTA BZ4X,53
2025,6,CUPRA,BORN 170 KW 60/63 KWH,52
2025,6,CITROEN,E-C4,52
2025,6,RENAULT,RAFALE,52
2025,6,AUDI,A6 AV E-TRON,51
2025,6,LEXUS,LEXUS NX450H+,50
2025,6,MINI,COUNTRYMAN E,50
2025,6,XPENG,G6,50
2025,6,HONDA,CR-V,49
2025,6,LAND ROVER,RANGE ROVER,48
2025,6,LEAPMOTOR,T03,48
2025,6,PORSCHE,CAYENNE E-HYBRID,48
2025,6,AUDI,A6 SB E-TRON,48
2025,6,MERCEDES-BENZ,AMG GLE 53 HYBRID,48
2025,6,MERCEDES-BENZ,CLA 180,46
2025,6,VOLVO,V90,45
2025,6,FORD,TRANSIT CUSTOM,43
2025,6,OPEL,GRANDLAND,41
2025,6,VOLKSWAGEN,ID.3 PRO 150 KW,40
2025,6,MG,MG3 HYBRID+,39
2025,6,AUDI,A5 AVANT,39
2025,6,AUDI,A3 LIMOUSINE,38
2025,6,MERCEDES-BENZ,GLE 400 E 4MATIC,37
2025,6,MINI,COOPER C,37
2025,6,MAZDA,MAZDA CX-80,36
2025,6,CUPRA,BORN 170 KW 77/82 KWH,36
2025,6,SKODA,KAROQ,35
2025,6,CUPRA,CUPRA LEON SP E-HYBRID150,35
2025,6,LEXUS,LEXUS LBX,35
2025,6,KIA,EV9,35
2025,6,FORD,TOURNEO CUSTOM,34
2025,6,SUBARU,FORESTER,34
2025,6,SEAT,SEAT LEON SP,33
2025,6,MINI,COOPER SE,33
2025,6,OPEL,VIVARO,32
2025,6,SKODA,ENYAQ 60,32
2025,6,MERCEDES-BENZ,VITO TOURER,32
2025,6,BMW,X1 SDRIVE20I,31
2025,6,BMW,X1 SDRIVE18I,31
2025,6,HONDA,JAZZ,31
2025,6,MAZDA,MAZDA MX-30,30
2025,6,VOLKSWAGEN,ID.3 PRO S 150 KW,30
2025,6,BMW,IX XDRIVE45,30
2025,6,AUDI,Q6 SUV E-TRON QUATTRO,29
2025,6,AUDI,A6 AV E-TRON PERFORMANCE,29
2025,6,AUDI,Q6 SB E-TRON PERFORMANCE,29
2025,6,KIA,XCEED,29
2025,6,POLESTAR,POLESTAR 3,29
2025,6,MERCEDES-BENZ,C 180,29
2025,6,ZEEKR,X,29
2025,6,DONGFENG,BOX,28
2025,6,SEAT,ARONA,27
2025,6,KIA,SORENTO,27
2025,6,AUDI,A6 AVANT 50 TFSI E,27
2025,6,AUDI,A3 SPORTBACK PHEV 200,27
2025,6,MERCEDES-BENZ,EQE 300,27
2025,6,BYD,BYD SEAL U,26
2025,6,NISSAN,NISSAN X-TRAIL,26
2025,6,CITROEN,C4,26
2025,6,AUDI,Q5 55 TFSI E,26
2025,6,SEAT,SEAT ATECA,26
2025,6,BMW,330E XDRIVE,26
2025,6,LEAPMOTOR,C10,26
2025,6,BMW,IX1 XDRIVE30,25
2025,6,BMW,IX XDRIVE60,25
2025,6,VOLKSWAGEN,TOUAREG R,25
2025,6,MERCEDES-BENZ,GLA 180,25
2025,6,PORSCHE,MACAN 4,25
2025,6,AUDI,Q6 SB E-TRON,24
2025,6,BYD,BYD SEAL,24
2025,6,VOLKSWAGEN,CALIFORNIA,24
2025,6,HYUNDAI,BAYON,24
2025,6,LAND ROVER,DISCOVERY SPORT,24
2025,6,LYNK&CO,LYNK &CO 01,24
2025,6,MG,MG HS,24
2025,6,MITSUBISHI,MITSUBISHI ECLIPSE CROSS,24
2025,6,MERCEDES-BENZ,B 200 D,23
2025,6,BMW,218I ACTIVE TOURER,23
2025,6,LEXUS,LEXUS RX450H+,23
2025,6,AUDI,Q5 SPORTBACK 50 TFSI E,23
2025,6,BMW,X2 SDRIVE20I,23
2025,6,SEAT,SEAT LEON,22
2025,6,HYUNDAI,SANTA FE,22
2025,6,ZEEKR,001,22
2025,6,AUDI,A5 LIM 220KW TFSI E,21
2025,6,PEUGEOT,408,21
2025,6,AUDI,Q8 55 TFSI E,21
2025,6,ALPINE,A290,21
2025,6,AUDI,A5 AVANT 270KW TFSI E,20
2025,6,MERCEDES-BENZ,AMG GLE 53 HYBRID COUPE,20
2025,6,XPENG,G9,20
2025,6,BYD,BYD SEALION 7,20
2025,6,MERCEDES-BENZ,AMG E 53 HYBRID,19
2025,6,PORSCHE,MACAN,19
2025,6,CITROEN,JUMPY,19
2025,6,PORSCHE,MACAN 4S,18
2025,6,VOLKSWAGEN,ID. BUZZ PRO LR 210 KW,18
2025,6,MINI,COOPER S,17
2025,6,MERCEDES-BENZ,GLC 400 E 4MATIC,17
2025,6,AUDI,Q7 60 TFSI E,17
2025,6,PORSCHE,CAYENNE S E-HYBRID,17
2025,6,PEUGEOT,EXPERT,17
2025,6,BMW,530E XDRIVE,16
2025,6,TOYOTA,PROACE TAXI,15
2025,6,BMW,318I,15
2025,6,PORSCHE,911 CARRERA 4 GTS,15
2025,6,LAND ROVER,RANGE ROVER VELAR,15
2025,6,AUDI,Q6 SB E-TRON QUATTRO,15
2025,6,PORSCHE,CAYENNE TURBO E-HYBRID,15
2025,6,BMW,IX3,14
2025,6,BMW,XM 50E,14
2025,6,LEXUS,LEXUS UX300H,14
2025,6,LAND ROVER,RANGE ROVER EVOQUE,14
2025,6,LYNK&CO,LYNK & CO 02,14
2025,6,AUDI,A5 LIMOUSINE,13
2025,6,CUPRA,CUPRA LEON SP E-HYBRID200,13
2025,6,HONDA,HR-V,13
2025,6,VOLKSWAGEN,ID.7 PRO,13
2025,6,JEEP,RENEGADE,13
2025,6,HYUNDAI,IONIQ6,13
2025,6,BMW,X1 XDRIVE23I,13
2025,6,CUPRA,CUPRA LEON E-HYBRID150,13
2025,6,AUDI,Q7 55 TFSI E,13
2025,6,OPEL,ASTRA,13
2025,6,JEEP,COMPASS,13
2025,6,SEAT,SEAT LEON E-HYBRID150,13
2025,6,AUDI,Q3,12
2025,6,BMW,M760E XDRIVE,12
2025,6,FIAT,500,12
2025,6,MERCEDES-BENZ,G 580,12
2025,6,MERCEDES-BENZ,B 250 E,12
2025,6,SUZUKI,SUZUKI SWACE,12
2025,6,FIAT,600E,12
2025,6,MAZDA,MAZDA MX-5,12
2025,6,SMART,#3,12
2025,6,CUPRA,TERRAMAR,11
2025,6,ALFA ROMEO,TONALE,11
2025,6,VOLKSWAGEN,ID.7 PRO S,11
2025,6,FAW,E-HS9,11
2025,6,BMW,320I,11
2025,6,BMW,220I ACTIVE TOURER,11
2025,6,SMART,#1,11
2025,6,BMW,I4 M50 XDRIVE,11
2025,6,JEEP,WRANGLER UNLIMITED,11
2025,6,RENAULT,CAPTUR (E-TECH HYBRID),11
2025,6,FORD,TOURNEO CONNECT,11
2025,6,RENAULT,CLIO (E-TECH HYBRID),11
2025,6,AUDI,A6 SB E-TRON PERFORMANCE,11
2025,6,CITROEN,C5 X,10
2025,6,VOLKSWAGEN,ID. BUZZ GTX LR 250 KW,10
2025,6,PEUGEOT,508,10
2025,6,SUZUKI,IGNIS,10
2025,6,AUDI,Q3 SPORTBACK,10
2025,6,BYD,BYD ATTO 2,10
2025,6,LEXUS,LEXUS UX300E,10
2025,6,PORSCHE,MACAN TURBO,10
2025,6,HONDA,CIVIC,10
2025,6,MERCEDES-BENZ,EQS 450+,10
2025,6,BYD,SEAL U DM-I,10
2025,6,MINI,COUNTRYMAN SE ALL4,9
2025,6,WEINSBERG,R57,9
2025,6,BENTLEY,CONTINENTAL GT SPEED,9
2025,6,VOLKSWAGEN,CADDY MAXI TRIPOD,9
2025,6,MERCEDES-BENZ,GLE 400 E 4MATIC COUPE,9
2025,6,AUDI,Q5 SPORTBACK 55 TFSI E,9
2025,6,BMW,X5 XDRIVE40D,9
2025,6,TOYOTA,PROACE,8
2025,6,MINI,JCW,8
2025,6,BMW,123 XDRIVE,8
2025,6,BMW,330I XDRIVE,8
2025,6,MG,MG S5 EV,8
2025,6,FERRARI,296 GTS,8
2025,6,PORSCHE,PANAMERA 4S E-HYBRID,8
2025,6,BMW,IX2 XDRIVE30,8
2025,6,CUPRA,CUPRA LEON E-HYBRID200,8
2025,6,AUDI,AUDI A6 AVANT,8
2025,6,BMW,M3 COMPETITION M XDRIVE,8
2025,6,HYUNDAI,I 30,8
2025,6,MERCEDES-BENZ,V-KLASSE,7
2025,6,CUPRA,FORMENTOR,7
2025,6,VOLKSWAGEN,TOURAN,7
2025,6,MERCEDES-BENZ,VITO,7
2025,6,LEXUS,LEXUS RZ300E,7
2025,6,MERCEDES-BENZ,S 450 4MATIC,7
2025,6,WESTFALEN MOBIL,FORD NUGGET,7
2025,6,MERCEDES-BENZ,EVITO TOURER,7
2025,6,BMW,X3 M50 XDRIVE,7
2025,6,VOLKSWAGEN,ID.4 PURE 125KW,7
2025,6,LANCIA,YPSILON,7
2025,6,BMW,I5 XDRIVE40,7
2025,6,KIA,PROCEED,7
2025,6,DS AUTOMOBILES,DS 3,7
2025,6,DFSK,DFSK E5,7
2025,6,NIO,FIREFLY,7
2025,6,AUDI,S6 LIMOUSINE,7
2025,6,MERCEDES-BENZ,EQV,7
2025,6,SMART,#5,7
2025,6,CITROEN,E-C4 X,7
2025,6,ADRIA,COMPACT DL,7
2025,6,MERCEDES-BENZ,EQE 350+,6
2025,6,FAW,HONGQI EHS7,6
2025,6,BMW,X3 20 XDRIVE,6
2025,6,VOLVO,C40,6
2025,6,BMW,I7 EDRIVE50,6
2025,6,CAPRON,CVE 640,6
2025,6,BMW,220I,6
2025,6,AUDI,S6 AV E-TRON,6
2025,6,AUDI,S5 AVANT,6
2025,6,BMW,750E XDRIVE,6
2025,6,PORSCHE,911 GT3 RS,6
2025,6,DS,DS7,6
2025,6,POESSL,SUMMIT 600,6
2025,6,DS,DS4,6
2025,6,MERCEDES-BENZ,CLE 300 E,6
2025,6,HONDA,ZR-V,6
2025,6,PORSCHE,911 TARGA 4 GTS,6
2025,6,TOYOTA,TOYOTA PRIUS PHEV,6
2025,6,VOLKSWAGEN,ID. BUZZ,6
2025,6,ALFA ROMEO,GIULIA QUADRIFOGLIO VERDE,6
2025,6,MERCEDES-BENZ,GLB 180,6
2025,6,VOLKSWAGEN,ID.5 PRO 210KW,6
2025,6,AUDI,AUDI SQ5,6
2025,6,BMW,Z4 SDRIVE30I,6
2025,6,DS,DS 3,6
2025,6,CUPRA,BORN 240 KW 79/84 KWH,6
2025,6,KNAUS,R19,6
2025,6,JAGUAR,JAGUAR F-PACE,5
2025,6,AUDI,RS Q8,5
2025,6,AUDI,A5 LIM 270KW TFSI E,5
2025,6,KNAUS,R11,5
2025,6,PORSCHE,911 GT3,5
2025,6,AUDI,A3 ALLSTREET PHEV 150,5
2025,6,MG,MG CYBERSTER,5
2025,6,LAMBORGHINI,URUS,5
2025,6,BMW,Z4 M40I,5
2025,6,BYD,BYD DOLPHIN SURF,5
2025,6,BMW,230I,5
2025,6,KNAUS,R05,5
2025,6,AUDI,SQ6 SUV E-TRON,5
2025,6,VOLKSWAGEN,ID.4 PRO 4MOTION 210KW,5
2025,6,HYMER,ML-T 580 4X4,5
2025,6,ADRIA,TWIN 640SLB,5
2025,6,AUDI,SQ6 SB E-TRON,5
2025,6,BMW,I5 M60 XDRIVE,5
2025,6,MERCEDES-BENZ,GLB 200,5
2025,6,BMW,IX M70 XDRIVE,5
2025,6,HYUNDAI,IONIQ5 N,5
2025,6,PORSCHE,911 CARRERA GTS,5
2025,6,ADRIA,CORAL 650DL,5
2025,6,PORSCHE,911 CARRERA,4
2025,6,MINI,JCW ACEMAN E,4
2025,6,CITROEN,E-BERLINGO,4
2025,6,PORSCHE,PANAMERA 4 E-HYBRID,4
2025,6,AUDI,A6 AV E-TRON QUATTRO,4
2025,6,BYD,BYD DOLPHIN,4
2025,6,TOURNE MOBIL,TOURNE,4
2025,6,AUDI,S6 SB E-TRON,4
2025,6,ABARTH,600E,4
2025,6,MERCEDES-BENZ,AMG CLE 53 4MATIC,4
2025,6,KNAUS,R16,4
2025,6,BMW,430I XDRIVE,4
2025,6,MERCEDES-BENZ,GLC 300 DE 4MATIC,4
2025,6,VOLKSWAGEN,ID. BUZZ PRO KR 210 KW,4
2025,6,CITROEN,C4 X,4
2025,6,WEINSBERG,R47,4
2025,6,CUPRA,BORN 170 KW 79/84 KWH,4
2025,6,HYMER,B-MC I 600 WHITELINE,4
2025,6,BMW,540D XDRIVE,4
2025,6,BMW,230E XDRIVE ACTIVE TOURER,4
2025,6,AUDI,A6 AVANT 55 TFSI E,4
2025,6,BMW,IX XDRIVE40,4
2025,6,POESSL,SUMMIT 640,4
2025,6,MINI,JCW E,4
2025,6,PORSCHE,911 TURBO S,4
2025,6,MINI,COUNTRYMAN S ALL4,4
2025,6,MERCEDES-BENZ,EQS 450 4MATIC,4
2025,6,BMW,X5 M50I,4
2025,6,JEEP,GRAND CHEROKEE,4
2025,6,FORD,TOURNEO COURIER,4
2025,6,VOLVO,EX30 CROSS COUNTRY,4
2025,6,BMW,IX M60,4
2025,6,MERCEDES-BENZ,E 220 D,4
2025,6,ABARTH,500,4
2025,6,BMW,I4 XDRIVE40,4
2025,6,ADRIA,TWIN 640SGX,4
2025,6,KNAUS,R06,4
2025,6,HYMER,EXSIS-T 580,3
2025,6,VOLKSWAGEN,ID BUZZ PRO LR 210 KW,3
2025,6,AUDI,A4 AVANT,3
2025,6,TOYOTA,TOYOTA MIRAI,3
2025,6,JAGUAR,JAGUAR E-PACE,3
2025,6,AUDI,A7 50 TFSI E,3
2025,6,HYMER,B-MC I 680,3
2025,6,KNAUS,R07,3
2025,6,PORSCHE,PANAMERA TURBO E-HYBRID,3
2025,6,ALFA ROMEO,STELVIO,3
2025,6,PORSCHE,TAYCAN TURBO S,3
2025,6,BMW,M4 COMPETITION M XDRIVE,3
2025,6,BENTLEY,CONTINENTAL GTC,3
2025,6,BMW,X7 XDRIVE40I,3
2025,6,TESLA,MODEL X,3
2025,6,BMW,430I,3
2025,6,BENTLEY,CONTINENTAL GTC SPEED,3
2025,6,HYMER,ML-T 570 CROSSOVER,3
2025,6,KNAUS,R09,3
2025,6,MERCEDES-BENZ,B 180,3
2025,6,WESTFALIA,N/A,3
2025,6,BMW,X5 M60I XDRIVE,3
2025,6,ADRIA,CORAL 670DL,3
2025,6,MERCEDES-BENZ,E 450 4MATIC,3
2025,6,AUDI,S E-TRON GT,3
2025,6,MERCEDES-AMG,AMG SL 43,3
2025,6,AUTOMOBILI LAMBORGHINI S.,URUS,3
2025,6,POESSL,KW 42,3
2025,6,MINI,JCW COUNTRYMAN ALL4,3
2025,6,DETHLEFFS,KW 601,3
2025,6,MERCEDES-BENZ,A 200,3
2025,6,LEXUS,LEXUS NX350H,3
2025,6,PORSCHE,TAYCAN,3
2025,6,ADRIA,MATRIX 670SL,3
2025,6,BMW,XM LABEL,3
2025,6,VOLKSWAGEN,ID. BUZZ PURE KR 125 KW,3
2025,6,BMW,223 XDRIVE,3
2025,6,MERCEDES-BENZ,S 580 E 4MATIC,3
2025,6,JAGUAR,JAGUAR F-TYPE,3
2025,6,MERCEDES-BENZ,AMG EQE 53 4MATIC+,3
2025,6,BMW,M440I XDRIVE,3
2025,6,CHAUSSON,640,3
2025,6,MERCEDES-BENZ,GLC 200 4MATIC,3
2025,6,BMW,X2 M35I XDRIVE,3
2025,6,AUDI,A6 LIM 270KW TFSI E,3
2025,6,YUCON,MICROLINER YUCON,3
2025,6,MERCEDES-BENZ,AMG C 63 S E PERFORMANCE,3
2025,6,BMW,218I,3
2025,6,MG,MG MARVEL R ELECTRIC,3
2025,6,CAPRON,T69LC/ T459,3
2025,6,MERCEDES-BENZ,EQB 300 4MATIC,3
2025,6,AUDI,A6 50 TFSI E,2
2025,6,NIESMANN+BISCHOFF,ARTO 85E,2
2025,6,PORSCHE,TAYCAN 4,2
2025,6,XPENG,"P7,P7I",2
2025,6,MASERATI,FOLGORE,2
2025,6,HYMER,GRAND CANYON S 700 4X4,2
2025,6,LOTUS,EMIRA,2
2025,6,LEXUS,LEXUS ES300H,2
2025,6,AUDI,A6 SB E-TRON QUATTRO,2
2025,6,AUDI,SQ8,2
2025,6,VOLKSWAGEN,ID.3 GTX PERF. 240 KW,2
2025,6,MERCEDES-BENZ,AMG G 63,2
2025,6,FRANKIA,PLATIN,2
2025,6,PEUGEOT,E-RIFTER,2
2025,6,BMW,M135I XDRIVE,2
2025,6,BMW,I7 XDRIVE60,2
2025,6,BMW,I4 M50,2
2025,6,MERCEDES-BENZ,E 400 E 4MATIC,2
2025,6,BENTLEY,CONTINENTAL GT,2
2025,6,BENTLEY,BENTAYGA AZURE HYBRID,2
2025,6,MERCEDES-BENZ,AMG GLC 63S E PERFORMANCE,2
2025,6,HYMER,B-MC T 580 BLACKLINE,2
2025,6,CAPRON,T680/T447T,2
2025,6,SUZUKI,SUZUKI ACROSS,2
2025,6,ADRIA,MATRIX MB 670DL,2
2025,6,CAPRON,T67S/ T338,2
2025,6,TOYOTA,PROACE CITY VERSO,2
2025,6,LUCID MOTORS,AIR,2
2025,6,VOLKSWAGEN,ID.7 TOURER GTX,2
2025,6,PORSCHE,PANAMERA TURBO S E-HYBRID,2
2025,6,PORSCHE,911 TARGA 4S,2
2025,6,CARTHAGO,MALIBU VAN 640 LERB GT,2
2025,6,HYMER,B-MC T 680,2
2025,6,MERCEDES-BENZ,EQB 350 4MATIC,2
2025,6,DETHLEFFS,KW 600,2
2025,6,AUDI,Q4 40 E-TRON,2
2025,6,CARTHAGO,CHIC C-LINE I 4.9 LE L,2
2025,6,CAPRON,CVE 600,2
2025,6,MERCEDES-BENZ,S 450 D 4MATIC,2
2025,6,ERIBA,CAR 600,2
2025,6,BURSTNER GMBH,BC5901,2
2025,6,MERCEDES-BENZ,E 300 E 4MATIC,2
2025,6,POSSL,GLOBECAR SUMMIT 600,2
2025,6,AUDI,AUDI SQ5 SB,2
2025,6,ADRIA,CORAL MB 670DL,2
2025,6,AUDI,A7 55 TFSI E,2
2025,6,SUZUKI,"SX4, SUZUKI SX4, S-C",2
2025,6,AUDI,RS 3 SPORTBACK,2
2025,6,CHAUSSON,630,2
2025,6,CHAUSSON,660,2
2025,6,BMW,I7 M70 XDRIVE,2
2025,6,CAPRON,CVE 540,2
2025,6,RAPIDO,N/A,2
2025,6,MERCEDES-BENZ,EQT,2
2025,6,MERCEDES-BENZ,GLE 450 D 4MATIC,2
2025,6,BMW,M340I XDRIVE,2
2025,6,BURSTNER GMBH,BT6907,2
2025,6,MITSUBISHI,MITSUBISHI SPACE STAR,2
2025,6,MERCEDES-AMG,AMG GT 63 S E PERFORMANCE,2
2025,6,BURSTNER GMBH,BC6403,2
2025,6,HONDA,ACCORD,2
2025,6,BMW,320D,2
2025,6,DETHLEFFS,JUST T 7052 EB/DBM,2
2025,6,MERCEDES-BENZ,E 300DE 4MATIC ALLTERRAIN,2
2025,6,HYMER,TRAMP S 585,2
2025,6,BMW,X5 M COMPETITION,2
2025,6,BENTLEY,CONTINENTAL GTC MULLINER,2
2025,6,MERCEDES-BENZ,C 300 DE,2
2025,6,MERCEDES-BENZ,EQS 350,2
2025,6,FERRARI,SF90 SPIDER,2
2025,6,MAZDA,MAZDA2,2
2025,6,SUBARU,OUTBACK,2
2025,6,VOYAH,FREE,2
2025,6,HYMER,B-MC T 600 BLACKLINE,2
2025,6,MERCEDES-BENZ,EQE 350 4MATIC,2
2025,6,MERCEDES-BENZ,CLE 200,2
2025,6,BMW,740D XDRIVE,2
2025,6,BMW,XM,2
2025,6,PORSCHE,911 CARRERA S,2
2025,6,AUDI,A6 AVANT,2
2025,6,BMW,X5 XDRIVE30D,2
2025,6,CAPRON,V66/ V337,2
2025,6,BENTLEY,FLYING SPUR SPEED,2
2025,6,ALFA ROMEO,GIULIA,2
2025,6,BURSTNER GMBH,BC5502,2
2025,6,BMW,X3 30E XDRIVE,1
2025,6,BMW,530E,1
2025,6,BMW,X1 XDRIVE30E,1
2025,6,BMW,420I,1
2025,6,BMW,520I,1
2025,6,DETHLEFFS,GLOBETRAIL PERFORMANCE 600DR,1
2025,6,ETRUSCO,600 DB PLUS,1
2025,6,HYMER,B-MC T 600,1
2025,6,MAZDA,CX-70,1
2025,6,MERCEDES-BENZ,E 300 DE 4MATIC,1
2025,6,BURSTNER GMBH,BT7321,1
2025,6,WEINSBERG,CARACOMPACT,1
2025,6,HYMER,B580MC,1
2025,6,BURSTNER GMBH,BT6905,1
2025,6,MERCEDES-BENZ,GLS 580 4MATIC,1
2025,6,LAMBORGHINI,REVUELTO,1
2025,6,ADRIA,COMPACT MAX SL,1
2025,6,KIA,CARNIVAL HYBRID,1
2025,6,ETRUSCO,V 6.8 SCF,1
2025,6,MG,CYBERSTER,1
2025,6,POSSL,GLOBECAR SUMMIT 640,1
2025,6,SUN LIVING,V-SERIES V 65SL,1
2025,6,SUN LIVING,S-SERIES S 72SP,1
2025,6,BMW,X4 XDRIVE30I,1
2025,6,DONKERVOORT,F22,1
2025,6,MG,MG HS PLUG-IN HYBRID,1
2025,6,FERRARI,FERRARI PUROSANGUE,1
2025,6,SKODA,ENYAQ 50,1
2025,6,ADRIA,TWIN 600SPB,1
2025,6,MORELO,LOFT 78 L / F,1
2025,6,BMW,M2,1
2025,6,ROLLS ROYCE,PHANTOM,1
2025,6,FORD,BRONCO,1
2025,6,MERCEDES-BENZ,EQS 580 4MATIC,1
2025,6,AUDI,A1 ALLSTREET,1
2025,6,VOLKSWAGEN,TRANSPORTER,1
2025,6,POESSL,SUMMIT 540,1
2025,6,HYMER,GRAND CANYON S CROSSOVER,1
2025,6,MC LOUIS,AVANTGARDE SLIM 339,1
2025,6,KOENIGSEGG,JESKO,1
2025,6,RENAULT,KANGOO,1
2025,6,FLEURETTE,N/A,1
2025,6,HYMER,YOSEMITE,1
2025,6,MERCEDES-BENZ,GLE 450 4MATIC,1
2025,6,EURA MOBIL,CONTURA 766 EF,1
2025,6,TOYOTA,TACOMA,1
2025,6,EURA MOBIL,ACTIVA ONE 630 LS,1
2025,6,BMW,M5 SERIES,1
2025,6,VOLKSWAGEN,TOUAREG EHYBRID,1
2025,6,MC LOUIS,MC4 879,1
2025,6,ASTON MARTIN,VANQUISH,1
2025,6,FORD,TRANSIT,1
2025,6,MC LOUIS,AVANTGARDE 381,1
2025,6,ETRUSCO,640 PB,1
2025,6,CARTHAGO,MALIBU VAN 640 LE RB,1
2025,6,MEGA MOBIL,MEGA CLASSIC 600,1
2025,6,KIA,TELLURIDE S,1
2025,6,FERRARI,SF90 XX SPIDER,1
2025,6,HYMER,B-MC I 680 BLACKLINE,1
2025,6,MASERATI,GRECALE FOLGORE,1
2025,6,CARTHAGO,MALIBU VAN 640 COUPE,1
2025,6,CUPRA,CUPRA LEON SP,1
2025,6,CHAUSSON,V594 SPORT LINE,1
2025,6,VOLKSWAGEN,ID.7 GTX,1
2025,6,NISSAN,TOWNSTAR,1
2025,6,MERCEDES-BENZ,CLE 450 4MATIC,1
2025,6,BURSTNER GMBH,BC6022,1
2025,6,HYMER,B-MC T 580,1
2025,6,ALPINE,A110,1
2025,6,HYMER,ML-T 580,1
2025,6,SUBARU,CROSSTREK,1
2025,6,BENIMAR,TESSORO 488,1
2025,6,SUBARU,BRZ,1
2025,6,MCLOUIS,GLAMYS 320,1
2025,6,BURSTNER GMBH,BT6761,1
2025,6,ASTON MARTIN,DBX707,1
2025,6,NIESMANN+BISCHOFF,ISMOVE 6.9E,1
2025,6,MERCEDES-BENZ,MAYBACH GLS 600,1
2025,6,POSSL,SUMMIT 600,1
2025,6,WEINSBERG,R46,1
2025,6,PORSCHE,TAYCAN 4S,1
2025,6,MERCEDES-BENZ,GLB 220 D 4MATIC,1
2025,6,CARTHAGO,MALIBU VAN 600 DB,1
2025,6,WEINSBERG,R50,1
2025,6,CAPRON,T68/ T447,1
2025,6,BMW,320E,1
2025,6,CAPRON,T670S/T338T,1
2025,6,MITSUBISHI,OUTLANDER,1
2025,6,ETRUSCO,640 SB PLUS,1
2025,6,VOLKSWAGEN,ARTEON,1
2025,6,CAPRON,T448,1
2025,6,NIO,EL8,1
2025,6,BMW,X1 SDRIVE20D,1
2025,6,DREAMER,N/A,1
2025,6,DETHLEFFS,JUST T7052 DBL/EBL,1
2025,6,ADRIA,TWIN 640SPB FAMILY,1
2025,6,MERCEDES-BENZ,EQE 500 4MATIC,1
2025,6,NISSAN,NISSAN LEAF 40KWH,1
2025,6,DETHLEFFS,JUST T 6762,1
2025,6,DETHLEFFS,JUST A 7872-2 DBM / EB,1
2025,6,AUTOMOBILI LAMBORGHINI S.,REVUELTO,1
2025,6,ROLLS ROYCE,CULLINAN,1
2025,6,BMW,X3 20D XDRIVE,1
2025,6,BURSTNER GMBH,BC5303,1
2025,6,LMC,1060,1
2025,6,LOTUS,ELETRE,1
2025,6,LMC,1055,1
2025,6,CARTHAGO,RM1 MALIBU T 450 RB-LE,1
2025,6,WEINSBERG,R58,1
2025,6,CAPRON,V69 / V339,1
2025,6,RENAULT,MEGANE E-TECH PLUG-IN HYBRID,1
2025,6,ADRIA,SONIC 700SL,1
2025,6,BMW,M8 COMPETITION,1
2025,6,CUPRA,CUPRA LEON,1
2025,6,DETHLEFFS,GLOBEBUS I 006,1
2025,6,BMW,IX XDRIVE50,1
2025,6,FERRARI,FERRARI ROMA SPIDER,1
2025,6,DETHLEFFS,TREND I 7057 DBL/EBL,1
2025,6,PORSCHE,718 SPYDER RS,1
2025,6,CARTHAGO,LINER FOR TWO 53,1
2025,6,DETHLEFFS,CROSSCAMP O002,1
2025,6,LE VOYAGEUR,LV7.5CF,1
2025,6,VW,TIGUAN,1
2025,6,HYMER,B-ML I 780,1
2025,6,HYMER,B-MC I 580 BLACKLINE,1
2025,6,AUDI,Q4 SPORTBACK 40 E-TRON,1
2025,6,LAIKA,ECOVIP L4012DS,1
2025,6,AUDI,RS 6 AVANT,1
2025,6,CUPRA,FORMENTOR VZ E-HYBRID,1
2025,6,POESSL,KW 18,1
2025,6,BMW,M235I XDRIVE,1
2025,6,ADRIA,CORAL XL 660SL,1
2025,6,BURSTNER GMBH,BT5695,1
2025,6,SUZUKI,SX4,1
2025,6,EURA MOBIL,XTURA 686 EF,1
2025,6,ADRIA,CORAL 670SL,1
2025,6,MC LOUIS,CARAT 470,1
2025,6,PILOTE,G740FGJ,1
2025,6,BMW,520D,1
2025,6,MERCEDES-BENZ,AMG GLE 63 S 4MATIC+,1
2025,6,RENAULT,CV545BC,1
2025,6,CARTHAGO,MALIBU VAN 640 LE K COUPE,1
2025,6,CARTHAGO,MALIBU VAN 640 LE K GT,1
2025,6,MERCEDES-BENZ,EQS 500 4MATIC,1
2025,6,DETHLEFFS,KW 701,1
2025,6,MERCEDES-BENZ,C 200 D,1
2025,6,AUDI,E-TRON GT,1
2025,6,MC LOUIS,NEVIS 870,1
2025,6,MERCEDES-BENZ,S 350 D 4MATIC,1
2025,6,CAPRON,I67S / I338,1
2025,6,VOLKSWAGEN,ID.BUZZ PRO 210 KW,1
2025,6,BENTLEY,FLYING SPUR MULLINER,1
2025,6,CARTHAGO,MALIBU VAN 640 LE K,1
2025,6,HYMER,B-MC I 600 BLACKLINE,1
2025,6,MASERATI,LEVANTE GT HYBRID,1
2025,6,LMC,V646,1
2025,6,VOLKSWAGEN,CRAFTER,1
2025,6,JAECOO,JAECOO7 PHEV,1
2025,6,LMC,T660,1
2025,6,DETHLEFFS,CROSSCAMP TY 002,1
2025,6,DETHLEFFS,JUST T6812 EB,1
2025,6,MERCEDES-BENZ,MARCO POLO,1
2025,6,BMW,M440I,1
2025,6,LAIKA,ECOVIP H4109DS,1
2025,6,ADRIA,SONIC 700DL,1
2025,6,WEINSBERG,R49,1
2025,6,MERCEDES-AMG,AMG GT 63 4MATIC+,1
2025,6,BMW,Z4 SDRIVE20I,1
2025,6,BMW,X6 XDRIVE40I M SPORT,1
2025,6,KABE,KABE TMRX 780 LXL,1
2025,6,AUDI,A3 ALLSTREET,1
2025,6,ADRIA,SUPERSONIC 890LL,1
2025,6,CUPRA,BORN 170 KW 58/62 KWH,1
2025,6,KG MOBILITY,TORRES EVX,1
2025,6,MERCEDES-BENZ,GLC 220 D 4MATIC,1
2025,6,CHAUSSON,777,1
2025,6,CITROEN,SPACETOURER,1
2025,6,BMW,M135 XDRIVE,1
2025,6,SEAT,TARRACO,1
2025,6,JAGUAR,JAGUAR I-PACE,1
2025,6,FIAT,SCUDO,1
2025,6,M.A.N.,TGE,1
2025,6,BENTLEY,FLYING SPUR,1
2025,6,MOBILVETTA DESIGN,K-YACHT TEKNO LINE 90,1
2025,6,MERCEDES-BENZ,AMG GLC 43 4MATIC,1
2025,6,KABE,KABE TMMI 860 LGB,1
2025,6,MORELO,GRAND EMPIRE 108 GO,1
2025,6,CARTHAGO,C-COMPACTLINE I 143 LE,1
2025,6,BMW,X3 XDRIVE30E,1
2025,6,BYD,TANG EV,1
2025,6,DETHLEFFS,JUST GO T7055 EBL,1
2025,6,BENIMAR,YRTEO 861,1
2025,6,WESTFALEN MOBIL,WESTFALIA CLUB JOKER,1
2025,6,SUN LIVING,V-SERIES V 60SP,1
2025,6,ADRIA,SUPER SONIC 780DC,1
2025,6,ARCA,AMERICA H 745 GLG,1
2025,6,CAPRON,T68C/ T457,1
2025,6,MERCEDES-BENZ,S 450 E,1
2025,6,SUZUKI,SUZUKI SX4,1
2025,6,EURA MOBIL,PRS 720 QF,1
2025,6,ALLIED VEHICLES LTD,VISTA RS PLUS,1
2025,6,WESTFALIA,COLUMBUS,1
2025,6,CAPRON,T67 / T448,1
2025,6,CARTHAGO,CHIC C-LINE I 5.0 QB,1
2025,6,VOLKSWAGEN,ID. BUZZ GTX KR 250 KW,1
2025,6,BURSTNER GMBH,BT6608,1
2025,6,HYMER,YELLOWSTONE,1
2025,6,AUDI,S5 LIMOUSINE,1
2025,6,BURSTNER GMBH,BC5402,1
2025,6,ILUSION,ILUSION 695,1
2025,6,LOTUS,EMEYA,1
2025,6,JEEP,BRUTE,1
2025,6,BMW,840I,1
2025,6,FORD,106 ESCAPE ST LINE,1
2025,6,MERCEDES-BENZ,E 300 DE,1
2025,6,CHAUSSON,SPORT LINE 6040,1
2025,6,BMW,X6 M60I XDRIVE,1
2025,6,CARTHAGO,MALIBU GENIUS 641 LE,1
2025,6,MERCEDES-BENZ,AMG A 45 S 4MATIC+,1
2025,6,HYMER,EXSIS-I 580,1
2025,6,HYMER,B-MC T 690 BLACKLINE,1
2025,6,SERES,SERES 3,1
2025,6,DETHLEFFS,KW 704,1
2025,6,DETHLEFFS,JUST GO T7055 EB,1
2025,6,AUDI,AUDI Q5,1
2025,6,AUDI,AUDI Q5 SB,1
2025,6,CHAUSSON,S697,1
2025,6,MASERATI,GRECALE MODENA,1
2025,6,MERCEDES-BENZ,EQE 350,1
2025,6,AUDI,RS E-TRON GT,1
2025,6,KNAUS,R20,1
2025,6,HYMER,MLT 580,1
2025,6,BURSTNER GMBH,BC6003,1
2025,6,TOYOTA,PROACE CITY VERSO ELECTRIC,1
2025,6,MC LAREN,MCLAREN GT,1
2025,6,BURSTNER GMBH,BC6441,1
2025,6,KIA,SOUL,1
2025,6,MERCEDES-BENZ,CLE 200 4MATIC,1
2025,6,BURSTNER GMBH,BT6206,1
2025,6,BMW,M240I,1
2025,6,BMW,X5 XDRIVE40I,1
2025,6,PORSCHE,911 TURBO 50,1
2025,6,SUN LIVING,S-SERIES S 75SL,1
2025,6,ALLIED VEHICLES LTD,HORIZON RE,1
2025,6,KNAUS,R12,1
2025,6,VOLKSWAGEN,ID.4 GTX 250KW,1
2025,6,HYMER,B-ML I 880,1
2025,6,CARTHAGO,MALIBU VAN 640 LE COUPE,1
2025,6,ARCA,H 699 GLG,1
2025,6,POSSL,SUMMIT 640,1
2025,6,ADRIA,CORAL MB 650SL,1
2025,6,KNAUS,R15,1
2025,6,AUDI,RS 4 AVANT,1
2025,6,MERCEDES-BENZ,E 450 D 4MATIC,1
2025,6,BMW,X4 M COMPETITION,1
2025,6,VW,PASSAT,1
2025,6,SUN LIVING,A-SERIES A 75DP,1
2025,6,MERCEDES-BENZ,S 580 E MAYBACH,1
2025,6,BMW,M4 COMPETITION M  XDRIVE,1
2025,6,MERCEDES-BENZ,GLS 450 4MATIC,1
2025,6,HYMER,ML-T 580 XPERIENCE,1
2025,6,WESTFALIA,SVEN HEDIN,1
2025,6,VOLKSWAGEN,ID.5 GTX 250KW,1
2025,6,ADRIA,SONIC 700DC,1
2025,6,MERCEDES-BENZ,CLE 180,1
2025,6,BURSTNER GMBH,BC5003,1
2025,6,MC LOUIS,NEVIS 881,1
2025,6,EURA MOBIL,IL 720 EF,1
2025,6,BMW,223I ACTIVE TOURER,1
2025,6,ERIBA,CAR,1
2025,6,KARMA,KARMA GS6,1
2025,6,SKODA,ENYAQ 85X,1
2025,6,RENAULT,MEGANE,1
2025,7,KIA,PICANTO,1036
2025,7,KIA,EV3,815
2025,7,TOYOTA,TOYOTA YARIS CROSS,718
2025,7,VOLKSWAGEN,TIGUAN,707
2025,7,FORD,KUGA,699
2025,7,KIA,NIRO,648
2025,7,TOYOTA,TOYOTA AYGO X,560
2025,7,TOYOTA,TOYOTA YARIS,555
2025,7,MG,MG5 ELECTRIC,468
2025,7,HYUNDAI,I10,450
2025,7,SKODA,KODIAQ,449
2025,7,OPEL,CORSA,429
2025,7,SKODA,ELROQ 85,390
2025,7,BMW,X3 30E XDRIVE,384
2025,7,VOLKSWAGEN,TAYRON,364
2025,7,VOLKSWAGEN,GOLF,354
2025,7,VOLVO,XC60,348
2025,7,SKODA,ELROQ 60,340
2025,7,RENAULT,RENAULT 5 E-TECH ELECTRIC,338
2025,7,KIA,SPORTAGE,336
2025,7,BYD,BYD SEAL U DM-I,332
2025,7,PEUGEOT,2008,330
2025,7,FORD,PUMA,312
2025,7,VOLKSWAGEN,POLO,309
2025,7,KIA,CEED,304
2025,7,SKODA,OCTAVIA,291
2025,7,HYUNDAI,KONA,284
2025,7,TESLA,MODEL Y,281
2025,7,TOYOTA,TOYOTA COROLLA,275
2025,7,PEUGEOT,208,271
2025,7,SUZUKI,SWIFT,268
2025,7,KIA,STONIC,264
2025,7,HYUNDAI,INSTER,255
2025,7,SUZUKI,VITARA,242
2025,7,VOLKSWAGEN,T-ROC,242
2025,7,DACIA,BIGSTER,241
2025,7,TOYOTA,TOYOTA C-HR,238
2025,7,LYNK&CO,LYNK & CO 01,235
2025,7,PEUGEOT,3008,230
2025,7,OPEL,FRONTERA,220
2025,7,BMW,X5 XDRIVE50E,215
2025,7,AUDI,Q4 45 E-TRON,208
2025,7,VOLKSWAGEN,T-CROSS,200
2025,7,RENAULT,CAPTUR E-TECH HYBRID,197
2025,7,VOLKSWAGEN,ID.3 PURE 125 KW,196
2025,7,VOLVO,EX40,193
2025,7,TOYOTA,TOYOTA RAV4,191
2025,7,SEAT,IBIZA,191
2025,7,LAND ROVER,DEFENDER,191
2025,7,VOLVO,XC90,190
2025,7,VOLVO,V60,190
2025,7,VOLVO,XC40,189
2025,7,BMW,IX1 EDRIVE20,188
2025,7,NISSAN,NISSAN QASHQAI,187
2025,7,SKODA,ENYAQ 85,187
2025,7,PEUGEOT,5008,181
2025,7,FORD,FOCUS,178
2025,7,RENAULT,SCENIC E-TECH ELECTRIC,173
2025,7,MG,MG ZS EV,172
2025,7,CUPRA,TERRAMAR E-HYBRID,170
2025,7,FORD,EXPLORER,168
2025,7,SKODA,KAMIQ,164
2025,7,TESLA,MODEL 3,163
2025,7,LAND ROVER,RANGE ROVER SPORT,163
2025,7,CITROEN,C3,154
2025,7,FIAT,PANDA,153
2025,7,BMW,120,151
2025,7,BMW,X1 XDRIVE25E,148
2025,7,MERCEDES-BENZ,EQB 250+,141
2025,7,VOLKSWAGEN,ID.4 PRO 210KW,141
2025,7,HYUNDAI,I20,129
2025,7,MERCEDES-BENZ,GLC 300 E 4MATIC,128
2025,7,HYUNDAI,TUCSON,127
2025,7,VOLVO,EX90,127
2025,7,RENAULT,SYMBIOZ,126
2025,7,DACIA,DUSTER,125
2025,7,SEAT,SEAT LEON SP E-HYBRID150,124
2025,7,CITROEN,E-C3,122
2025,7,RENAULT,AUSTRAL,119
2025,7,SUZUKI,S-CROSS,119
2025,7,AUDI,A3 SPORTBACK PHEV 150,117
2025,7,SKODA,FABIA,115
2025,7,RENAULT,CLIO E-TECH HYBRID,113
2025,7,MAZDA,MAZDA2 HYBRID,112
2025,7,PEUGEOT,408,110
2025,7,KIA,EV9,109
2025,7,MERCEDES-BENZ,EQA 250+,107
2025,7,BMW,330E,107
2025,7,AUDI,A3 SPORTBACK,104
2025,7,MG,MG4 ELECTRIC,103
2025,7,JEEP,AVENGER,99
2025,7,KIA,EV6,98
2025,7,VOLKSWAGEN,ID.7 TOURER PRO,97
2025,7,SKODA,SUPERB,96
2025,7,VOLKSWAGEN,PASSAT,96
2025,7,VOLVO,V90,95
2025,7,VOLKSWAGEN,TAIGO,95
2025,7,ZEEKR,7X,93
2025,7,OPEL,MOKKA,91
2025,7,TOYOTA,TOYOTA BZ4X,89
2025,7,POLESTAR,POLESTAR 2,89
2025,7,DACIA,SANDERO,89
2025,7,RENAULT,MEGANE E-TECH ELECTRIC,86
2025,7,SEAT,ARONA,86
2025,7,CUPRA,TAVASCAN,85
2025,7,HYUNDAI,IONIQ5,84
2025,7,POLESTAR,POLESTAR 4,83
2025,7,PEUGEOT,308,80
2025,7,MITSUBISHI,ASX,79
2025,7,MERCEDES-BENZ,C 300 E,79
2025,7,AUDI,Q5 50 TFSI E,77
2025,7,DACIA,SPRING,76
2025,7,MERCEDES-BENZ,GLA 250 E,74
2025,7,SKODA,SCALA,74
2025,7,AUDI,A1 SPORTBACK,73
2025,7,AUDI,Q2,73
2025,7,BMW,220,73
2025,7,JEEP,COMPASS,72
2025,7,AUDI,A5 AVANT 220KW TFSI E,72
2025,7,MERCEDES-BENZ,SPRINTER,71
2025,7,MINI,ACEMAN E,70
2025,7,MERCEDES-BENZ,EVITO TOURER,69
2025,7,MITSUBISHI,MITSUBISHI OUTLANDER,69
2025,7,DACIA,JOGGER,67
2025,7,MAZDA,MAZDA CX-60,66
2025,7,VOLKSWAGEN,ID.7 TOURER PRO S,66
2025,7,FORD,CAPRI,65
2025,7,MINI,COOPER SE,62
2025,7,HYUNDAI,SANTA FE,62
2025,7,MINI,COOPER C,62
2025,7,DS,DS7,61
2025,7,RENAULT,ESPACE,60
2025,7,ALFA ROMEO,ALFA ROMEO JUNIOR,60
2025,7,LAND ROVER,RANGE ROVER EVOQUE,60
2025,7,CITROEN,C3 AIRCROSS,57
2025,7,MITSUBISHI,COLT,56
2025,7,RENAULT,CAPTUR,56
2025,7,CUPRA,BORN 170 KW 60/63 KWH,56
2025,7,BMW,M5,56
2025,7,CUPRA,CUPRA LEON SP E-HYBRID150,54
2025,7,MERCEDES-BENZ,CLA 250 E,54
2025,7,AUDI,Q6 SUV E-TRON,53
2025,7,XPENG,G6,53
2025,7,AUDI,Q6 SUV E-TRON PERFORMANCE,52
2025,7,AUDI,Q4 SPORTBACK 45 E-TRON,52
2025,7,AUDI,A6 AV E-TRON,51
2025,7,AUDI,Q5 55 TFSI E,50
2025,7,CUPRA,FORMENTOR E-HYBRID,50
2025,7,MAZDA,MAZDA CX-30,50
2025,7,BMW,I5 EDRIVE40,50
2025,7,BMW,530E,50
2025,7,VOLVO,EX30,50
2025,7,KIA,SORENTO,49
2025,7,MINI,COUNTRYMAN E,49
2025,7,OPEL,GRANDLAND,49
2025,7,MERCEDES-BENZ,A 250 E,49
2025,7,OPEL,ASTRA SPORTS TOURER,48
2025,7,MERCEDES-BENZ,E 300 E,47
2025,7,HYUNDAI,BAYON,46
2025,7,MERCEDES-BENZ,GLC 400 E 4MATIC,46
2025,7,MERCEDES-BENZ,B 200 D,46
2025,7,FIAT,600,45
2025,7,VOLKSWAGEN,MULTIVAN,45
2025,7,AUDI,Q8 60 TFSI E,45
2025,7,BMW,IX2 EDRIVE20,44
2025,7,LAND ROVER,RANGE ROVER,43
2025,7,BMW,550E XDRIVE,43
2025,7,SKODA,ELROQ 50,42
2025,7,NISSAN,NISSAN JUKE,42
2025,7,BMW,X1 XDRIVE30E,42
2025,7,VOLKSWAGEN,CADDY,41
2025,7,LYNK&CO,LYNK & CO 02,41
2025,7,MINI,COOPER E,41
2025,7,SUZUKI,IGNIS,40
2025,7,SKODA,KAROQ,40
2025,7,PORSCHE,MACAN 4,39
2025,7,AUDI,A3 LIMOUSINE,38
2025,7,PORSCHE,CAYENNE E-HYBRID,38
2025,7,MINI,ACEMAN SE,38
2025,7,VOLVO,EC40,37
2025,7,MERCEDES-BENZ,AMG GLE 53 HYBRID,36
2025,7,CUPRA,BORN 170 KW 79/84 KWH,36
2025,7,AUDI,A6 SB E-TRON,35
2025,7,VOLKSWAGEN,ID.3 PRO 150 KW,34
2025,7,LYNK&CO,LYNK &CO 01,33
2025,7,CITROEN,E-C4,33
2025,7,RENAULT,CLIO,33
2025,7,OPEL,VIVARO,32
2025,7,LEAPMOTOR,C10,32
2025,7,MAZDA,MAZDA3,32
2025,7,MERCEDES-BENZ,VITO TOURER,32
2025,7,SKODA,ENYAQ 60,32
2025,7,MG,MG ZS,32
2025,7,JAECOO,JAECOO7 PHEV,30
2025,7,LEXUS,LEXUS LBX,30
2025,7,CITROEN,C4,30
2025,7,RENAULT,RENAULT 4 E-TECH ELECTRIC,30
2025,7,MERCEDES-BENZ,GLE 400 E 4MATIC,30
2025,7,SEAT,SEAT LEON SP,29
2025,7,AUDI,Q4 40 E-TRON,29
2025,7,HONDA,CR-V,29
2025,7,BYD,BYD SEAL,28
2025,7,LYNK&CO,LYNK & CO 08,28
2025,7,ALPINE,A290,28
2025,7,AUDI,A3 SPORTBACK PHEV 200,27
2025,7,SEAT,SEAT LEON E-HYBRID150,27
2025,7,LEAPMOTOR,T03,27
2025,7,AUDI,Q6 SB E-TRON PERFORMANCE,27
2025,7,CITROEN,E-C3 AIRCROSS,27
2025,7,CITROEN,C5 AIRCROSS,27
2025,7,XPENG,G9,26
2025,7,AUDI,A5 LIM 220KW TFSI E,26
2025,7,RENAULT,RAFALE,26
2025,7,MERCEDES-BENZ,A 180,26
2025,7,FORD,MUSTANG MACH-E,26
2025,7,FORD,TRANSIT CUSTOM,26
2025,7,VOLKSWAGEN,ID.3 PRO S 150 KW,26
2025,7,BYD,BYD SEALION 7,25
2025,7,JEEP,WRANGLER UNLIMITED,25
2025,7,BMW,I4 EDRIVE35,25
2025,7,BYD,BYD SEAL U,24
2025,7,ZEEKR,001,24
2025,7,ZEEKR,X,24
2025,7,BMW,I4 EDRIVE40,24
2025,7,LANCIA,YPSILON,23
2025,7,VOLKSWAGEN,ID.7 PRO,23
2025,7,VOLKSWAGEN,CALIFORNIA,22
2025,7,MINI,COUNTRYMAN C,22
2025,7,SEAT,SEAT LEON,22
2025,7,AUDI,Q8 55 TFSI E,21
2025,7,RENAULT,ARKANA E-TECH,21
2025,7,BMW,330E XDRIVE,21
2025,7,DONGFENG,BOX,21
2025,7,MERCEDES-BENZ,EQE 300,20
2025,7,MERCEDES-BENZ,AMG E 53 HYBRID,20
2025,7,VOLKSWAGEN,TOUAREG R,19
2025,7,LAND ROVER,DISCOVERY SPORT,19
2025,7,AUDI,Q6 SB E-TRON,19
2025,7,NISSAN,NISSAN X-TRAIL,19
2025,7,SEAT,SEAT ATECA,19
2025,7,LEXUS,LEXUS NX450H+,19
2025,7,MERCEDES-BENZ,CLA 180,18
2025,7,LEXUS,LEXUS RZ300E,18
2025,7,BMW,X2 SDRIVE20I,18
2025,7,BMW,IX XDRIVE60,18
2025,7,SMART,#3,18
2025,7,PORSCHE,MACAN,18
2025,7,AUDI,A6 AVANT 50 TFSI E,18
2025,7,AUDI,A6 AV E-TRON PERFORMANCE,17
2025,7,LAMBORGHINI,URUS,17
2025,7,PORSCHE,CAYENNE S E-HYBRID,17
2025,7,RENAULT,CAPTUR (E-TECH HYBRID),17
2025,7,MAZDA,MAZDA CX-80,17
2025,7,LEXUS,LEXUS RX450H+,17
2025,7,NIO,ET7,17
2025,7,OPEL,ASTRA,16
2025,7,PORSCHE,CAYENNE TURBO E-HYBRID,16
2025,7,AUDI,A3 ALLSTREET PHEV 150,16
2025,7,BMW,320I,16
2025,7,PORSCHE,911 CARRERA 4 GTS,16
2025,7,MG,MG3 HYBRID+,16
2025,7,JEEP,RENEGADE,16
2025,7,LAND ROVER,RANGE ROVER VELAR,15
2025,7,AUDI,Q5 SPORTBACK 50 TFSI E,15
2025,7,BMW,X1 SDRIVE18I,15
2025,7,CUPRA,CUPRA LEON SP E-HYBRID200,15
2025,7,MINI,COUNTRYMAN SE ALL4,15
2025,7,ADRIA,TWIN 640SLB,14
2025,7,VOLKSWAGEN,ID.7 PRO S,14
2025,7,BYD,SEAL U DM-I,14
2025,7,BMW,218I ACTIVE TOURER,14
2025,7,VOLKSWAGEN,ID. BUZZ PRO LR 210 KW,14
2025,7,AUDI,A5 AVANT 270KW TFSI E,14
2025,7,HONDA,HR-V,14
2025,7,AUDI,Q7 55 TFSI E,14
2025,7,BMW,225E XDRIVE ACTIVE TOURER,14
2025,7,BYD,BYD ATTO 2,14
2025,7,AUDI,Q5 SPORTBACK 55 TFSI E,14
2025,7,MINI,COOPER S,14
2025,7,BYD,ATTO 3,13
2025,7,AUDI,Q6 SUV E-TRON QUATTRO,13
2025,7,SMART,#1,13
2025,7,NISSAN,NISSAN ARIYA,13
2025,7,HONDA,JAZZ,13
2025,7,BMW,IX XDRIVE45,13
2025,7,CITROEN,JUMPY,13
2025,7,SMART,#5,13
2025,7,TOYOTA,TOYOTA MIRAI,13
2025,7,BMW,318I,13
2025,7,MERCEDES-BENZ,EQV,13
2025,7,POLESTAR,POLESTAR 3,13
2025,7,PORSCHE,MACAN TURBO,13
2025,7,BMW,X3 M50 XDRIVE,13
2025,7,PORSCHE,MACAN 4S,13
2025,7,HYUNDAI,IONIQ6,12
2025,7,FIAT,500,12
2025,7,MG,MG S5 EV,12
2025,7,MERCEDES-BENZ,V-KLASSE,12
2025,7,HONDA,ZR-V,12
2025,7,MERCEDES-BENZ,EQS 450 4MATIC,12
2025,7,LEXUS,LEXUS UX300E,12
2025,7,FORD,TOURNEO CUSTOM,12
2025,7,AUDI,A5 LIMOUSINE,12
2025,7,PORSCHE,911 TARGA 4 GTS,11
2025,7,ALFA ROMEO,TONALE,11
2025,7,MINI,JCW,11
2025,7,MERCEDES-BENZ,GLA 180,11
2025,7,AUDI,Q7 60 TFSI E,10
2025,7,BMW,IX1 XDRIVE30,10
2025,7,AUDI,A6 LIM 220KW TFSI E,10
2025,7,CITROEN,JUMPY SPACETOURER,10
2025,7,KIA,XCEED,10
2025,7,MAZDA,MAZDA 6E,10
2025,7,BMW,X3 20 XDRIVE,10
2025,7,MERCEDES-BENZ,B 250 E,9
2025,7,VOLKSWAGEN,ID.4 PURE 125KW,9
2025,7,MERCEDES-BENZ,C 180,9
2025,7,ADRIA,COMPACT DL,9
2025,7,MG,MG HS,9
2025,7,BMW,530E XDRIVE,9
2025,7,CUPRA,CUPRA LEON E-HYBRID150,9
2025,7,MERCEDES-BENZ,GLB 200,9
2025,7,KNAUS,R19,9
2025,7,BMW,420I,9
2025,7,AUDI,Q4 SPORTBACK 40 E-TRON,9
2025,7,MAZDA,MAZDA MX-30,9
2025,7,AUDI,S5 AVANT,9
2025,7,BMW,XM 50E,8
2025,7,VOLVO,EX30 CROSS COUNTRY,8
2025,7,PORSCHE,PANAMERA 4 E-HYBRID,8
2025,7,JEEP,GRAND CHEROKEE,8
2025,7,DFSK,DFSK E5,8
2025,7,VOLKSWAGEN,ID. BUZZ,8
2025,7,CUPRA,TERRAMAR,8
2025,7,KNAUS,R07,8
2025,7,BMW,740D XDRIVE,8
2025,7,BENTLEY,CONTINENTAL GT SPEED,8
2025,7,MERCEDES-BENZ,GLE 400 E 4MATIC COUPE,8
2025,7,AUDI,A1 ALLSTREET,8
2025,7,HYUNDAI,I 30,7
2025,7,MERCEDES-BENZ,AMG GLE 53 HYBRID COUPE,7
2025,7,MINI,JCW E,7
2025,7,DETHLEFFS,KW 601,7
2025,7,AUDI,A6 LIM 270KW TFSI E,7
2025,7,VOLKSWAGEN,VENTJE,7
2025,7,AUDI,A7 50 TFSI E,7
2025,7,VOLKSWAGEN,ID BUZZ PRO LR 210 KW,7
2025,7,BMW,I4 M60 XDRIVE,7
2025,7,MERCEDES-BENZ,CLE 300 E,7
2025,7,BMW,330I XDRIVE,7
2025,7,VOLVO,C40,7
2025,7,BMW,750E XDRIVE,6
2025,7,CAPRON,CVE 640,6
2025,7,BMW,M440I XDRIVE,6
2025,7,MAZDA,MAZDA MX-5,6
2025,7,VOLKSWAGEN,ID.5 PRO 210KW,6
2025,7,CITROEN,E-C4 X,6
2025,7,BMW,IX2 XDRIVE30,6
2025,7,AUDI,Q3,6
2025,7,BMW,Z4 M40I,6
2025,7,BMW,M3 COMPETITION M XDRIVE,6
2025,7,PEUGEOT,508,6
2025,7,VOLKSWAGEN,ID. BUZZ PRO KR 210 KW,6
2025,7,MINI,JCW ACEMAN E,6
2025,7,LUCID MOTORS,AIR,6
2025,7,AUDI,S E-TRON GT,6
2025,7,FIAT,FIAT DUCATO,6
2025,7,AUDI,A6 SB E-TRON PERFORMANCE,6
2025,7,AUDI,Q3 SPORTBACK,5
2025,7,PORSCHE,911 CARRERA,5
2025,7,CHAUSSON,630,5
2025,7,VOLKSWAGEN,ID.4 PRO 4MOTION 210KW,5
2025,7,SUBARU,SOLTERRA,5
2025,7,BMW,M760E XDRIVE,5
2025,7,AUDI,A6 AV E-TRON QUATTRO,5
2025,7,HONDA,CIVIC,5
2025,7,HYMER,B-MC T 600 BLACKLINE,5
2025,7,PORSCHE,911 CARRERA GTS,5
2025,7,AUDI,A5 AVANT,5
2025,7,PORSCHE,911 GT3 RS,5
2025,7,AUDI,A5 LIM 270KW TFSI E,5
2025,7,BMW,M2,5
2025,7,LEXUS,LEXUS ES300H,5
2025,7,SUZUKI,SUZUKI SWACE,5
2025,7,BMW,430I XDRIVE,5
2025,7,DS AUTOMOBILES,NO 8,5
2025,7,CUPRA,BORN 170 KW 77/82 KWH,5
2025,7,RENAULT,ARKANA,5
2025,7,MERCEDES-BENZ,B 180,5
2025,7,MERCEDES-BENZ,CLE 200,5
2025,7,VOLKSWAGEN,ID. BUZZ GTX LR 250 KW,5
2025,7,ADRIA,TWIN 640SGX,5
2025,7,MERCEDES-BENZ,G 580,5
2025,7,CUPRA,CUPRA LEON E-HYBRID200,5
2025,7,MERCEDES-BENZ,C 300 DE,5
2025,7,PORSCHE,PANAMERA 4S E-HYBRID,5
2025,7,BMW,220I ACTIVE TOURER,5
2025,7,BMW,X7 XDRIVE40I,5
2025,7,LEXUS,LEXUS UX300H,5
2025,7,FAW,E-HS9,5
2025,7,KG MOBILITY,TORRES EVX,5
2025,7,KNAUS,R05,5
2025,7,POESSL,SUMMIT 640,5
2025,7,TOYOTA,TOYOTA PRIUS PHEV,4
2025,7,CUPRA,BORN 240 KW 79/84 KWH,4
2025,7,MAZDA,MAZDA CX-5,4
2025,7,PORSCHE,PANAMERA TURBO S E-HYBRID,4
2025,7,CARTHAGO,MALIBU VAN 640 LE K COUPE,4
2025,7,TOYOTA,PROACE,4
2025,7,MERCEDES-BENZ,GLB 180,4
2025,7,MERCEDES-BENZ,AMG G 63,4
2025,7,FORD,TOURNEO CONNECT,4
2025,7,BYD,BYD DOLPHIN,4
2025,7,AUDI,Q8 50 E-TRON,4
2025,7,MINI,COUNTRYMAN S ALL4,4
2025,7,MERCEDES-BENZ,EQT,4
2025,7,MERCEDES-BENZ,VITO,4
2025,7,KNAUS,R11,4
2025,7,AUDI,A6 AVANT 270KW TFSI E,4
2025,7,AUDI,AUDI A6 AVANT,4
2025,7,CAPRON,T68/T447,4
2025,7,TOYOTA,PROACE CITY VERSO ELECTRIC,4
2025,7,BMW,I5 M60 XDRIVE,4
2025,7,CHAUSSON,777,4
2025,7,BMW,Z4 SDRIVE20I,4
2025,7,OMODA,OMODA 9 PHEV,4
2025,7,WEINSBERG,R47,4
2025,7,WEINSBERG,R57,4
2025,7,MERCEDES-BENZ,EQE 350 4MATIC,4
2025,7,ADRIA,SONIC 700DL,4
2025,7,AUDI,Q6 SB E-TRON QUATTRO,4
2025,7,SKODA,ELROQ RS,4
2025,7,MASERATI,GRECALE FOLGORE,4
2025,7,KNAUS,R06,3
2025,7,CAPRON,V66/V337,3
2025,7,HYMER,ML-T 580 4X4,3
2025,7,POESSL,SUMMIT 600,3
2025,7,BMW,IX M70 XDRIVE,3
2025,7,BENTLEY,CONTINENTAL GT,3
2025,7,HYMER,B-MC I 680,3
2025,7,AUDI,SQ6 SUV E-TRON,3
2025,7,MERCEDES-BENZ,G 500,3
2025,7,VOLKSWAGEN,ID. BUZZ GTX KR 250 KW,3
2025,7,CAPRON,CVE 600,3
2025,7,DS,DS4,3
2025,7,BMW,I5 XDRIVE40,3
2025,7,AUDI,RS Q8,3
2025,7,MERCEDES-BENZ,GLE 350 DE 4MATIC,3
2025,7,BMW,IX3,3
2025,7,BURSTNER GMBH,BT6909,3
2025,7,PEUGEOT,EXPERT,3
2025,7,MERCEDES-BENZ,EQS 450+,3
2025,7,BMW,X1 XDRIVE23I,3
2025,7,BMW,X5 XDRIVE40D,3
2025,7,DETHLEFFS,JUST T 6812,3
2025,7,AUDI,A6 AVANT 220KW TFSI E,3
2025,7,FERRARI,296 GTS,3
2025,7,KIA,PROCEED,3
2025,7,BURSTNER GMBH,BC6003,3
2025,7,BYD,TANG EV,3
2025,7,LOTUS,ELETRE,3
2025,7,ABARTH,600E,3
2025,7,BMW,M240I XDRIVE,3
2025,7,BMW,M235 XDRIVE,3
2025,7,BENTLEY,CONTINENTAL GTC SPEED,3
2025,7,KNAUS,R12,3
2025,7,MERCEDES-BENZ,EQE 350+,3
2025,7,BMW,I7 XDRIVE60,3
2025,7,AUDI,A6 AVANT 55 TFSI E,3
2025,7,FERRARI,FERRARI PUROSANGUE,3
2025,7,WEINSBERG,R58,3
2025,7,ADRIA,CORAL 650DL,3
2025,7,BMW,I4 XDRIVE40,3
2025,7,MERCEDES-BENZ,C 200,3
2025,7,DETHLEFFS,JUST T 7052 EB/DBM,3
2025,7,PEUGEOT,TRAVELLER,3
2025,7,HYUNDAI,IONIQ5 N,3
2025,7,BMW,320D,3
2025,7,MG,MG CYBERSTER,3
2025,7,BMW,230E XDRIVE ACTIVE TOURER,3
2025,7,AUDI,A6 50 TFSI E,3
2025,7,MERCEDES-BENZ,AMG C 63 S E PERFORMANCE,3
2025,7,MERCEDES-BENZ,A 200,3
2025,7,CAPRON,T680/T447T,3
2025,7,AUDI,A6 AVANT,3
2025,7,CARTHAGO,MALIBU VAN 640 LE K GT,3
2025,7,FORD,TOURNEO COURIER,3
2025,7,OPEL,COMBO-E LIFE,3
2025,7,SUN LIVING,A-SERIES A 75DP,2
2025,7,FIAT,SCUDO,2
2025,7,SUN LIVING,S-SERIES S 72DL,2
2025,7,BENTLEY,CONTINENTAL GTC,2
2025,7,BMW,X6 XDRIVE40I M SPORT,2
2025,7,ADRIA,TWIN 600SPB,2
2025,7,ALPINA,BMW ALPINA B3 GT TOURING,2
2025,7,BMW,M4 CS,2
2025,7,ETRUSCO,I6900 SB,2
2025,7,DETHLEFFS,KW 600,2
2025,7,AUDI,RS 3 SPORTBACK,2
2025,7,MERCEDES-BENZ,T-CLASS,2
2025,7,FERRARI,FERRARI ROMA SPIDER,2
2025,7,BMW,M4 COMPETITION M XDRIVE,2
2025,7,VOLKSWAGEN,EVENTJE,2
2025,7,BURSTNER GMBH,BT5695,2
2025,7,MERCEDES-BENZ,EQB 350 4MATIC,2
2025,7,BMW,218I,2
2025,7,ADRIA,COMPACT SL,2
2025,7,MERCEDES-BENZ,AMG S 63 E PERFORMANCE,2
2025,7,BENTLEY,BENTAYGA S HYBRID,2
2025,7,PEUGEOT,E-RIFTER,2
2025,7,CITROEN,C4 X,2
2025,7,MERCEDES-BENZ,E 300DE 4MATIC ALLTERRAIN,2
2025,7,ADRIA,MATRIX 670SL,2
2025,7,MERCEDES-BENZ,GLS 450 4MATIC,2
2025,7,MERCEDES-BENZ,E 200,2
2025,7,BENIMAR,AMPHITRYON 967,2
2025,7,TOYOTA,PROACE TAXI,2
2025,7,BMW,M3 CS,2
2025,7,TOYOTA,RAV4,2
2025,7,BMW,123 XDRIVE,2
2025,7,BMW,I7 M70 XDRIVE,2
2025,7,WEINSBERG,R54,2
2025,7,MERCEDES-BENZ,S 450 E,2
2025,7,CAPRON,T68C/ T457,2
2025,7,EURA MOBIL,DEXTER 600,2
2025,7,WESTFALIA,SVEN HEDIN,2
2025,7,MERCEDES-BENZ,GLE 450 D 4MATIC,2
2025,7,TOTH ES FIAI,CLEVER,2
2025,7,PORSCHE,TAYCAN 4,2
2025,7,CAPRON,V66/ V337,2
2025,7,BYD,BYD DOLPHIN SURF,2
2025,7,BMW,M135 XDRIVE,2
2025,7,BMW,X4 XDRIVE30I,2
2025,7,MERCEDES-BENZ,EQS 350,2
2025,7,WEINSBERG,R51,2
2025,7,SKODA,ENYAQ RS,2
2025,7,SUZUKI,SUZUKI ACROSS,2
2025,7,CARTHAGO,C2-TOURER I 147 RB-LE L,2
2025,7,SKODA,ENYAQ 85X,2
2025,7,AUDI,RS E-TRON GT,2
2025,7,TOYOTA,PROACE CITY VERSO,2
2025,7,BMW,220I,2
2025,7,FORD,TRANSIT,2
2025,7,BMW,230I,2
2025,7,MERCEDES-BENZ,AMG C 43 4MATIC+,2
2025,7,CARTHAGO,MALIBU VAN 640  LEK GT,2
2025,7,CHAUSSON,640,2
2025,7,HYMER,GRAND CANYON S CROSSOVER,2
2025,7,ABARTH,500,2
2025,7,CUPRA,FORMENTOR,2
2025,7,BMW,540D XDRIVE,2
2025,7,BURSTNER GMBH,BT6891,2
2025,7,HYUNDAI,STARIA,2
2025,7,PORSCHE,911 GT3,2
2025,7,POESSL,KW 41,2
2025,7,SUBARU,CROSSTREK,2
2025,7,ETRUSCO,T7400 SBC,2
2025,7,BMW,X6 M COMPETITION,2
2025,7,HYMER,GRAND CANYON S 700 4X4,2
2025,7,RENAULT,ANTILOPEVAN FLEX5,2
2025,7,AUDI,AUDI SQ5,2
2025,7,AUDI,SQ6 SB E-TRON,2
2025,7,WEINSBERG,R46,2
2025,7,WEINSBERG,R50,2
2025,7,KNAUS,R62,2
2025,7,VOLKSWAGEN,TOUAREG EHYBRID,2
2025,7,BENTLEY,CONTINENTAL GT MULLINER,2
2025,7,HYMER,YOSEMITE,2
2025,7,BENTLEY,FLYING SPUR SPEED,2
2025,7,TOURNE MOBIL,TOURNE,2
2025,7,FRANKIA,F-LINE,2
2025,7,DREAMER,N/A,2
2025,7,BMW,IX M60,2
2025,7,ADRIA,CORAL MB 670DL,2
2025,7,CITROEN,C5 X,2
2025,7,FIAT,600E,2
2025,7,BMW,X1 SDRIVE20I,1
2025,7,BMW,520I,1
2025,7,CARTHAGO,CHIC E-LINE I 64 XL QB,1
2025,7,CARTHAGO,C-COMPACTLINE I 143 LE,1
2025,7,CAPRON,CVE 602,1
2025,7,AUDI,AUDI SQ5 SB,1
2025,7,SUN LIVING,A-SERIES A 75SL,1
2025,7,VOLKSWAGEN,X-CURSION CUV 500 LT,1
2025,7,ADRIA,MATRIX 670DL,1
2025,7,HYMER,FREE S 600,1
2025,7,VW,TIGUAN,1
2025,7,CARTHAGO,C2-TOURER I 148 RB-QB K,1
2025,7,CARTHAGO,C1-TOURER I 149 RB-LE,1
2025,7,VOLKSWAGEN,ID.7 TOURER GTX,1
2025,7,WESTFALIA,COLUMBUS,1
2025,7,TOYOTA,TOYOTA GR YARIS,1
2025,7,CARTHAGO,MALIBU VAN 640 LERB GT,1
2025,7,CAPRON,T67/ T448,1
2025,7,DONGFENG,FORTHING 9 HEV,1
2025,7,LAIKA,KOSMO L105,1
2025,7,HYMER,B-MC T 680,1
2025,7,CARTHAGO,CHIC S-PLUS I50 LE,1
2025,7,FORD,MUSTANG,1
2025,7,LEXUS,LEXUS NX350H,1
2025,7,ADRIA,CORAL 670SL,1
2025,7,EURA MOBIL,XTURA 686 EF,1
2025,7,BURSTNER GMBH,BC5402,1
2025,7,WEINSBERG,R53,1
2025,7,MAXUS,MIFA 9,1
2025,7,LOTUS,EMEYA,1
2025,7,AUDI,S6 SB E-TRON,1
2025,7,BMW,840I,1
2025,7,GIOTTILINE,322,1
2025,7,MASERATI,GRANCABRIO TROFEO,1
2025,7,TOYOTA,RAV4 XLE HEV,1
2025,7,MERCEDES-BENZ,E 300 DE,1
2025,7,DETHLEFFS,TREND T 7017,1
2025,7,BMW,X6 M60I XDRIVE,1
2025,7,VOLKSWAGEN,ID.BUZZ CARGO PRO 4MOTION,1
2025,7,WESTFALIA,N/A,1
2025,7,MERCEDES-BENZ,S 580 E 4MATIC,1
2025,7,ADRIA,MATRIX 650SL,1
2025,7,BENTLEY,BENTAYGA S V8,1
2025,7,AUDI,RS E-TRON GT PERFORMANCE,1
2025,7,MERCEDES-BENZ,AMG A 45 S 4MATIC+,1
2025,7,HYMER,EXSIS-I 580,1
2025,7,EURA MOBIL,DEXTER 581,1
2025,7,HYMER,B-MC T 690 BLACKLINE,1
2025,7,MOBILVETTA DESIGN,KROSSER 90,1
2025,7,BMW,223 XDRIVE,1
2025,7,TESLA,MODEL X,1
2025,7,CAPRON,V69/V339,1
2025,7,MERCEDES-BENZ,S 350 D 4MATIC,1
2025,7,VOLKSWAGEN,ID.3 PRO S 170 KW,1
2025,7,DETHLEFFS,JUST GO T7055 EB,1
2025,7,VOLKSWAGEN,UP!,1
2025,7,CAPRON,T338S,1
2025,7,CHAUSSON,S697,1
2025,7,MERCEDES-BENZ,GLS 450 D 4MATIC,1
2025,7,MERCEDES-BENZ,G 450 D,1
2025,7,LMC,S590,1
2025,7,WEINSBERG,R59,1
2025,7,CAPRON,I68/I447,1
2025,7,CAPRON,T69LC/ T459,1
2025,7,BURSTNER GMBH,BT7265,1
2025,7,BMW,X7,1
2025,7,ALFA ROMEO,GIULIA QUADRIFOGLIO VERDE,1
2025,7,SUZUKI,SUZUKI SX4,1
2025,7,CARTHAGO,CHIC C-LINE I 6.2 XL QB,1
2025,7,AUDI,S5 LIMOUSINE,1
2025,7,WEINSBERG,R45,1
2025,7,AUDI,SQ8 SPORTBACK E-TRON,1
2025,7,MERCEDES-BENZ,AMG CLE 53 4MATIC,1
2025,7,MG,MG HS HYBRID,1
2025,7,BMW,X5 M60I XDRIVE,1
2025,7,MERCEDES-AMG,AMG SL 63 4MATIC+,1
2025,7,CHAUSSON,627 GA,1
2025,7,CARTHAGO,C2-TOURER I 145 RB-LE,1
2025,7,BYD,BYD SEAL X DM-I,1
2025,7,MORELO,PALACE LINER 90M,1
2025,7,AUDI,AUDI Q5,1
2025,7,CHALLENGER,C387,1
2025,7,CARTHAGO,MALIBU VAN 640 LE COUPE,1
2025,7,ADRIA,CORAL MB 670SL,1
2025,7,SUN LIVING,C-SERIES C 65SL,1
2025,7,MERCEDES-BENZ,CLE 200 4MATIC,1
2025,7,POSSL,SUMMIT 640,1
2025,7,RENAULT,CLIO (E-TECH HYBRID),1
2025,7,CARTHAGO,MALIBU GENIUS 641 LE 4X4,1
2025,7,TOYOTA,YARIS,1
2025,7,WEINSBERG,R48,1
2025,7,VOLKSWAGEN,TRANSPORTER T28 COMMERCE TDI,1
2025,7,BMW,M850I XDRIVE,1
2025,7,BURSTNER GMBH,BT6915,1
2025,7,MERCEDES-BENZ,ESPRINTER,1
2025,7,BURSTNER GMBH,BC6403,1
2025,7,CHAUSSON,720,1
2025,7,FERRARI,FERRARI 12CILINDRI,1
2025,7,MC LOUIS,NEVIS 881,1
2025,7,HYMER,B690MC,1
2025,7,JEEP,WRANGLER 4XE WILLYS,1
2025,7,AUDI,A8,1
2025,7,ADRIA,TWIN 640SL,1
2025,7,MINI,JCW COUNTRYMAN ALL4,1
2025,7,POSSL,SUMMIT 600,1
2025,7,RENAULT,CAPTUR E-TECH PLUG-IN HYBRID,1
2025,7,PORSCHE,TAYCAN 4S,1
2025,7,BMW,430D XDRIVE,1
2025,7,PORSCHE,911 CARRERA S,1
2025,7,CAPRON,T670S/T338T,1
2025,7,ADRIA,CORAL 670DC,1
2025,7,CHAUSSON,650,1
2025,7,CARTHAGO,C-TOURER I 143 LE,1
2025,7,AUDI,SQ8,1
2025,7,HYMER,ML-T 580,1
2025,7,ALPINE,A110,1
2025,7,DETHLEFFS,TREND T 7057 DBL/EBL,1
2025,7,NIO,EL8,1
2025,7,BURSTNER GMBH,BC6022,1
2025,7,MERCEDES-BENZ,CLE 450 4MATIC,1
2025,7,VOYAH,FREE,1
2025,7,CUPRA,CUPRA LEON SP,1
2025,7,LAIKA,KOSMO H1409,1
2025,7,BMW,840I XDRIVE,1
2025,7,TOYOTA,C-HR,1
2025,7,MERCEDES-BENZ,EQB 300 4MATIC,1
2025,7,MERCEDES-BENZ,EQE 500 4MATIC,1
2025,7,CAPRON,T67S/ T338,1
2025,7,ADRIA,SUPER SONIC 780SL,1
2025,7,GIOTTILINE,385,1
2025,7,BENIMAR,TESSORO 463,1
2025,7,MERCEDES-BENZ,E 300 E 4MATIC,1
2025,7,ADRIA,COMPACT MAX DL,1
2025,7,BMW,X3 20D XDRIVE,1
2025,7,BMW,116,1
2025,7,MERCEDES-BENZ,EQA 300 4MATIC,1
2025,7,PORSCHE,911 CARRERA T,1
2025,7,MERCEDES-BENZ,AMG EQE 43 4MATIC,1
2025,7,PILOTE,P690D,1
2025,7,HYMER,TRAMP S 685,1
2025,7,MC LAREN,MCLAREN 750S SPIDER,1
2025,7,ASTON MARTIN,DB12 VOLANTE,1
2025,7,MOBILVETTA DESIGN,K-YACHT TEKNO LINE 86,1
2025,7,BMW,I7 EDRIVE50,1
2025,7,CAPRON,CV 590S,1
2025,7,VOLKSWAGEN,ID.5 PURE 125KW,1
2025,7,BMW,X1,1
2025,7,MERCEDES-BENZ,E 220 D,1
2025,7,ETRUSCO,T7400 QBC,1
2025,7,WEINSBERG,X-CURSION CUV 500 MQ,1
2025,7,AUTOMOBILI LAMBORGHINI S.,URUS,1
2025,7,TOYOTA,YARIS CROSS,1
2025,7,BMW,Z4 SDRIVE30I,1
2025,7,MC LAREN,ARTURA SPIDER,1
2025,7,SKODA,ELROC 50,1
2025,7,PORSCHE,TAYCAN,1
2025,7,SUN LIVING,V-SERIES 65SL,1
2025,7,RAPIDO,N/A,1
2025,7,ROLLER TEAM,ZEFIRO 295 TL,1
2025,7,MASERATI,GRANCABRIO FOLGORE,1
2025,7,NIESMANN+BISCHOFF,ARTO 88LF,1
2025,7,BMW,M8 COMPETITION,1
2025,7,MERCEDES-BENZ,S 680 MAYBACH,1
2025,7,CHAUSSON,X650,1
2025,7,KABE,KABE TMCRV 690 LB,1
2025,7,BMW,M340I XDRIVE,1
2025,7,FIAT,DUCATO,1
2025,7,BMW,X7 XDRIVE 40D,1
2025,7,PORSCHE,718 SPYDER RS,1
2025,7,NISSAN,SENTRA,1
2025,7,BMW,X5 XDRIVE30D,1
2025,7,MERCEDES-AMG,AMG SL 63 S E PERFORMANCE,1
2025,7,MAZDA,CX-30,1
2025,7,VOLKSWAGEN,TRANSPORTER CARAVELLE,1
2025,7,CAPRON,V69/ V339,1
2025,7,ARCA,AMERICA H 745 GLC,1
2025,7,RENAULT,KANGOO,1
2025,7,LEXUS,LEXUS RX500H,1
2025,7,BYD,BYD SEAL U DMI,1
2025,7,CADILLAC,LUXURY,1
2025,7,BMW,X7 M60I XDRIVE,1
2025,7,LAIKA,ECOVIP L3019,1
2025,7,BENIMAR,TESSORO 483,1
2025,7,RENAULT,TRAFIC,1
2025,7,TESLA,MODEL S,1
2025,7,MERCEDES-AMG,AMG SL 43,1
2025,7,BENTLEY,BENTAYGA HYBRID,1
2025,7,BMW,X6 XDRIVE40D M SPORT,1
2025,7,HONDA,E:NY1,1
2025,7,POSSL,VARIO 545,1
2025,7,BMW,X4 XDRIVE20I,1
2025,7,MERCEDES-BENZ,S 580 E MAYBACH,1
2025,7,VOLKSWAGEN,CADDY MAXI TRIPOD,1
2025,7,ROLLER TEAM,ZEFIRO 266 TL,1
2025,7,TOYOTA,HILUX,1
2025,7,AUDI,RS 6 AVANT,1
2025,7,JAGUAR,JAGUAR E-PACE,1
2025,7,NISSAN,JUKE,1
2025,7,ADRIA,CORAL XL 660SL,1
2025,7,ASTON MARTIN,VANTAGE,1
2025,7,DETHLEFFS,TREND T 6617 EB,1
2025,7,BENTLEY,BENTAYGA AZURE V8,1
2025,7,CAPRON,V60/V132,1
2025,7,MERCEDES-AMG,MAYBACH SL 680,1
2025,7,SUN LIVING,V-SERIES V 65SL,1
2025,7,AUDI,S6 AV E-TRON,1
2025,7,EURA MOBIL,INTEGRA 890 QB,1
2025,7,BMW,XM LABEL,1
2025,7,MERCEDES-BENZ,AMG GLE 63 S 4MATIC+,1
2025,7,LAMBORGHINI,REVUELTO,1
2025,7,ROLLS-ROYCE,BLACK BADGE CULLINAN,1
2025,7,KNAUS,R03,1
2025,7,MERCEDES-BENZ,AMG GLS 63 4MATIC+,1
2025,7,ALLIED VEHICLES LTD,VISTA RE PLUS,1
2025,7,CHEVROLET,CORVETTE,1
2025,7,MERCEDES-BENZ,C 200 D,1
2025,7,MERCEDES-BENZ,CLE 300 4MATIC,1
2025,7,AUDI,A6 SB E-TRON QUATTRO,1
2025,7,CARTHAGO,C-TOURER I 149 LE,1
2025,7,PORSCHE,TAYCAN TURBO S,1
2025,7,MC LOUIS,NEVIS 870,1
2025,7,HYMER,B-MC T 600,1
2025,7,HYMER,B-MC T 580 BLACKLINE,1
2025,7,CHAUSSON,660,1
2025,7,FAW,HONGQI EHS7,1
2025,7,ETRUSCO,640 SB,1
2025,7,DETHLEFFS,GLOBEBUS CAMP T004,1
2025,7,LE VOYAGEUR,LV6.8LF,1
2025,7,HYMER,B-MC I 690,1
2025,7,POSSL,GLOBECAR SUMMIT 640,1
2025,7,BURSTNER GMBH,BT6914,1
2025,7,DS AUTOMOBILES,DS 3,1
2025,7,DETHLEFFS,JUST T6812 EB,1
2025,7,HYMER,GRAND CANYON S 600 CROSSOVER,1
2025,7,BMW,I4 M50 XDRIVE,1
2025,7,RENAULT,ANTILOPEVAN FLEXPLUS,1
2025,7,MERCEDES-BENZ,MARCO POLO,1
2025,7,LAIKA,ECOVIP H4109DS,1
2025,7,VOLKSWAGEN,TOURAN,1
2025,7,BENTLEY,FLYING SPUR,1
2025,7,EURA MOBIL,VAN 635 HB,1
2025,7,CAPRON,590C,1
2025,7,MERCEDES-AMG,AMG GT 63 4MATIC+,1
2025,7,CHAUSSON,V697 FIRST LINE,1
2025,7,AUDI,Q4 55 E-TRON,1
2025,7,CARTHAGO,MALIBU VAN 640 LE GT,1
2025,7,JAGUAR,JAGUAR F-PACE,1
2025,7,CARTHAGO,CHIC E-LINE I 50 LE,1
2025,7,AUDI,S3 SPORTBACK,1
2025,7,AUDI,A3 ALLSTREET,1
2025,7,LMC,H730,1
2025,7,FERRARI,SF90 XX SPIDER,1
2025,7,CAPRON,T67/T448,1
2025,7,LMC,C592,1
2025,7,CAPRON,T67S / T338,1
2025,7,ALPINA,BMW ALPINA B4 GT,1
2025,7,MERCEDES-AMG,AMG GT 43,1
2025,7,WEINSBERG,R52,1
2025,7,MERCEDES-BENZ,CLA 200,1
2025,7,MASERATI,FOLGORE,1
2025,7,FERRARI,SF90 STRADALE,1
2025,7,MERCEDES-BENZ,E 400 E 4MATIC,1
2025,7,CAPRON,T68/ T447,1
2025,7,VOLKSWAGEN,ID.3 GTX PERF. 240 KW,1
2025,7,BURSTNER GMBH,BT6205,1
2025,7,NIO,ET5,1
2025,7,MORELO,PALACE 88 LB,1
2025,7,CAPRON,T448,1
2025,7,HYUNDAI,"KONA, KAUAI",1
2025,7,CAPRON,A70/ A464,1
2025,7,NIO,FIREFLY,1
2025,7,HYMER,B-MC I 580,1
2025,7,MC LAREN,ARTURA COUPE,1
2025,7,CARTHAGO,C1-TOURER I 141 KB-LE,1
2025,7,YUCON,MICROLINER YUCON,1
2025,7,AUDI,RS 7 SPORTBACK,1
2025,7,HYMER,GRAND CANYON S 4X4,1
2025,8,KIA,PICANTO,1111
2025,8,TOYOTA,TOYOTA YARIS CROSS,587
2025,8,FORD,KUGA,579
2025,8,TOYOTA,TOYOTA AYGO X,542
2025,8,VOLKSWAGEN,TIGUAN,503
2025,8,SKODA,ELROQ 85,463
2025,8,KIA,EV3,453
2025,8,RENAULT,CLIO E-TECH HYBRID,446
2025,8,TESLA,MODEL Y,442
2025,8,TOYOTA,TOYOTA COROLLA,438
2025,8,HYUNDAI,I10,423
2025,8,VOLKSWAGEN,POLO,418
2025,8,SKODA,KODIAQ,418
2025,8,HYUNDAI,INSTER,412
2025,8,KIA,NIRO,404
2025,8,RENAULT,RENAULT 5 E-TECH ELECTRIC,395
2025,8,HYUNDAI,TUCSON,383
2025,8,TESLA,MODEL 3,332
2025,8,FORD,PUMA,326
2025,8,TOYOTA,TOYOTA YARIS,324
2025,8,HYUNDAI,KONA,321
2025,8,PEUGEOT,208,288
2025,8,VOLKSWAGEN,TAYRON,280
2025,8,OPEL,FRONTERA,274
2025,8,BYD,BYD SEAL U DM-I,266
2025,8,VOLVO,XC60,263
2025,8,RENAULT,CAPTUR E-TECH HYBRID,262
2025,8,PEUGEOT,3008,249
2025,8,BMW,X3 30E XDRIVE,247
2025,8,KIA,SPORTAGE,235
2025,8,VOLKSWAGEN,GOLF,229
2025,8,BMW,X5 XDRIVE50E,228
2025,8,SKODA,ELROQ 60,222
2025,8,TOYOTA,TOYOTA C-HR,219
2025,8,KIA,STONIC,216
2025,8,SUZUKI,VITARA,209
2025,8,VOLKSWAGEN,T-ROC,207
2025,8,VOLVO,EX40,204
2025,8,BMW,IX1 EDRIVE20,200
2025,8,PEUGEOT,5008,190
2025,8,JEEP,AVENGER,185
2025,8,RENAULT,SCENIC E-TECH ELECTRIC,181
2025,8,CITROEN,E-C3,180
2025,8,POLESTAR,POLESTAR 2,176
2025,8,PEUGEOT,2008,175
2025,8,MAZDA,MAZDA2 HYBRID,166
2025,8,KIA,CEED,165
2025,8,OPEL,CORSA,164
2025,8,RENAULT,SYMBIOZ,163
2025,8,SUZUKI,SWIFT,162
2025,8,PEUGEOT,308,158
2025,8,SKODA,ENYAQ 85,157
2025,8,VOLKSWAGEN,ID.4 PRO 210KW,156
2025,8,NISSAN,NISSAN QASHQAI,156
2025,8,AUDI,Q4 45 E-TRON,152
2025,8,DACIA,SANDERO,151
2025,8,SKODA,KAMIQ,150
2025,8,SKODA,OCTAVIA,150
2025,8,MERCEDES-BENZ,EQB 250+,147
2025,8,DACIA,BIGSTER,139
2025,8,FORD,EXPLORER,135
2025,8,CUPRA,TAVASCAN,134
2025,8,SEAT,IBIZA,132
2025,8,TOYOTA,TOYOTA RAV4,130
2025,8,OPEL,ASTRA SPORTS TOURER,126
2025,8,CUPRA,TERRAMAR E-HYBRID,124
2025,8,FORD,FOCUS,122
2025,8,HYUNDAI,I20,121
2025,8,SUZUKI,S-CROSS,121
2025,8,BMW,330E,116
2025,8,VOLKSWAGEN,T-CROSS,116
2025,8,MINI,COOPER SE,116
2025,8,CITROEN,C3 AIRCROSS,115
2025,8,VOLKSWAGEN,ID.7 TOURER PRO,115
2025,8,SKODA,FABIA,113
2025,8,MINI,ACEMAN E,112
2025,8,LAND ROVER,DEFENDER,108
2025,8,VOLKSWAGEN,ID.3 PURE 125 KW,106
2025,8,MERCEDES-BENZ,GLC 300 E 4MATIC,103
2025,8,MERCEDES-BENZ,EQA 250+,100
2025,8,MERCEDES-BENZ,GLA 250 E,98
2025,8,RENAULT,AUSTRAL,98
2025,8,VOLVO,V60,98
2025,8,VOLVO,XC90,97
2025,8,CITROEN,C3,95
2025,8,LAND ROVER,RANGE ROVER SPORT,93
2025,8,RENAULT,MEGANE E-TECH ELECTRIC,92
2025,8,CUPRA,BORN 170 KW 60/63 KWH,85
2025,8,AUDI,A3 SPORTBACK PHEV 150,84
2025,8,ZEEKR,7X,82
2025,8,OPEL,MOKKA,82
2025,8,VOLVO,EX90,79
2025,8,VOLVO,XC40,79
2025,8,BMW,120,78
2025,8,AUDI,A6 AV E-TRON,77
2025,8,OPEL,GRANDLAND,76
2025,8,DACIA,DUSTER,74
2025,8,MITSUBISHI,ASX,73
2025,8,ALFA ROMEO,ALFA ROMEO JUNIOR,71
2025,8,RENAULT,CLIO,71
2025,8,MITSUBISHI,MITSUBISHI OUTLANDER,70
2025,8,HYUNDAI,IONIQ5,69
2025,8,RENAULT,ESPACE,69
2025,8,AUDI,Q6 SUV E-TRON,68
2025,8,MG,MG3 HYBRID+,68
2025,8,DACIA,SPRING,67
2025,8,RENAULT,CAPTUR,66
2025,8,DACIA,JOGGER,65
2025,8,BMW,I5 EDRIVE40,65
2025,8,JAECOO,JAECOO7,65
2025,8,MINI,COOPER E,65
2025,8,KIA,EV9,64
2025,8,POLESTAR,POLESTAR 4,64
2025,8,AUDI,A6 SB E-TRON,64
2025,8,FIAT,PANDA,63
2025,8,SEAT,SEAT LEON SP E-HYBRID150,61
2025,8,LAND ROVER,RANGE ROVER EVOQUE,61
2025,8,SKODA,SUPERB,60
2025,8,VOLKSWAGEN,ID.7 TOURER PRO S,59
2025,8,CITROEN,C5 AIRCROSS,59
2025,8,BMW,530E,59
2025,8,AUDI,Q6 SUV E-TRON PERFORMANCE,57
2025,8,LEAPMOTOR,T03,57
2025,8,BMW,IX2 EDRIVE20,57
2025,8,AUDI,A3 SPORTBACK,56
2025,8,BMW,I4 EDRIVE35,56
2025,8,AUDI,Q2,55
2025,8,MERCEDES-BENZ,GLC 400 E 4MATIC,55
2025,8,FORD,CAPRI,54
2025,8,AUDI,A5 AVANT 220KW TFSI E,54
2025,8,BMW,550E XDRIVE,53
2025,8,MERCEDES-BENZ,C 300 E,52
2025,8,VOLVO,V90,52
2025,8,BMW,M5,52
2025,8,KIA,EV6,51
2025,8,LYNK&CO,LYNK & CO 01,51
2025,8,MAZDA,MAZDA CX-30,51
2025,8,MINI,ACEMAN SE,51
2025,8,MINI,COOPER C,50
2025,8,VOLVO,EC40,50
2025,8,MG,MG HS,50
2025,8,CITROEN,E-C4,49
2025,8,VOLKSWAGEN,TAIGO,48
2025,8,MITSUBISHI,COLT,48
2025,8,SKODA,ELROQ 50,47
2025,8,VOLKSWAGEN,PASSAT,47
2025,8,HONDA,CR-V,47
2025,8,MAZDA,MAZDA CX-60,46
2025,8,MERCEDES-BENZ,CLA 250+,46
2025,8,MERCEDES-BENZ,E 300 E,45
2025,8,VOLKSWAGEN,ID.3 PRO 150 KW,45
2025,8,MERCEDES-BENZ,CLA 250 E,44
2025,8,RENAULT,RAFALE,44
2025,8,MERCEDES-BENZ,SPRINTER,44
2025,8,SEAT,ARONA,43
2025,8,DONGFENG,BOX,43
2025,8,CUPRA,FORMENTOR E-HYBRID,43
2025,8,FIAT,600,43
2025,8,BMW,I4 EDRIVE40,43
2025,8,RENAULT,RENAULT 4 E-TECH ELECTRIC,41
2025,8,MAZDA,MAZDA 6E,41
2025,8,SMART,#1,41
2025,8,BMW,X1 XDRIVE30E,41
2025,8,SEAT,SEAT LEON E-HYBRID150,40
2025,8,CITROEN,C4,40
2025,8,MG,MG ZS,39
2025,8,MINI,COUNTRYMAN E,39
2025,8,AUDI,A3 SPORTBACK PHEV 200,38
2025,8,DS,DS7,38
2025,8,NISSAN,NISSAN JUKE,38
2025,8,XPENG,G6,38
2025,8,BYD,BYD ATTO 2,37
2025,8,BMW,220,36
2025,8,HYUNDAI,SANTA FE,36
2025,8,LEXUS,LEXUS LBX,36
2025,8,TOYOTA,TOYOTA BZ4X,36
2025,8,AUDI,A1 SPORTBACK,35
2025,8,MAZDA,MAZDA3,35
2025,8,VOLKSWAGEN,CADDY,34
2025,8,PEUGEOT,408,34
2025,8,MERCEDES-BENZ,AMG GLE 53 HYBRID,33
2025,8,LEAPMOTOR,C10,33
2025,8,FORD,MUSTANG MACH-E,33
2025,8,MERCEDES-BENZ,A 250 E,33
2025,8,CUPRA,CUPRA LEON SP E-HYBRID150,31
2025,8,PORSCHE,MACAN 4,31
2025,8,BYD,BYD SEAL,31
2025,8,LAND ROVER,RANGE ROVER,30
2025,8,HYUNDAI,IONIQ 9,30
2025,8,JEEP,COMPASS,30
2025,8,AUDI,Q4 40 E-TRON,30
2025,8,MERCEDES-BENZ,EQE 300,29
2025,8,MERCEDES-BENZ,GLE 400 E 4MATIC,29
2025,8,SKODA,KAROQ,29
2025,8,CITROEN,E-C3 AIRCROSS,29
2025,8,BYD,BYD SEALION 7,28
2025,8,LYNK&CO,LYNK & CO 08,28
2025,8,AUDI,A3 ALLSTREET PHEV 150,28
2025,8,HYUNDAI,BAYON,28
2025,8,BYD,ATTO 3,28
2025,8,AUDI,Q4 SPORTBACK 45 E-TRON,28
2025,8,SKODA,SCALA,27
2025,8,FORD,TRANSIT CUSTOM,27
2025,8,BMW,X1 SDRIVE20I,27
2025,8,MG,MG S5 EV,26
2025,8,KIA,SORENTO,26
2025,8,VOLKSWAGEN,ID.3 PRO S 150 KW,26
2025,8,BYD,BYD SEAL U,26
2025,8,VOLKSWAGEN,MULTIVAN,26
2025,8,LEXUS,LEXUS NX450H+,26
2025,8,OPEL,ASTRA,25
2025,8,AUDI,A5 LIM 220KW TFSI E,24
2025,8,AUDI,A6 AV E-TRON PERFORMANCE,24
2025,8,ZEEKR,001,24
2025,8,LYNK&CO,LYNK & CO 02,24
2025,8,SKODA,ENYAQ 60,24
2025,8,VOLKSWAGEN,ID. BUZZ PRO LR 210 KW,24
2025,8,MERCEDES-BENZ,A 180,24
2025,8,MERCEDES-BENZ,B 200 D,24
2025,8,AUDI,Q8 60 TFSI E,24
2025,8,VOLKSWAGEN,CALIFORNIA,23
2025,8,MINI,COUNTRYMAN C,23
2025,8,VOLKSWAGEN,ID.4 PURE 125KW,21
2025,8,BYD,BYD DOLPHIN SURF,21
2025,8,PEUGEOT,508,21
2025,8,AUDI,Q6 SB E-TRON PERFORMANCE,19
2025,8,SMART,#5,19
2025,8,SEAT,SEAT LEON SP,19
2025,8,AUDI,A6 AVANT 220KW TFSI E,19
2025,8,AUDI,Q8 55 TFSI E,19
2025,8,AUDI,A6 AVANT 270KW TFSI E,19
2025,8,VOLKSWAGEN,ID.7 PRO,18
2025,8,VOLVO,EX30,18
2025,8,MAZDA,MAZDA CX-80,18
2025,8,ALPINE,A290,18
2025,8,AUDI,Q6 SB E-TRON,17
2025,8,AUDI,A6 AVANT 55 TFSI E,17
2025,8,BMW,X2 SDRIVE20I,17
2025,8,ZEEKR,X,17
2025,8,MERCEDES-BENZ,GLA 180,16
2025,8,PORSCHE,CAYENNE E-HYBRID,16
2025,8,AUDI,A5 AVANT 270KW TFSI E,16
2025,8,VOLKSWAGEN,TOUAREG R,16
2025,8,MERCEDES-BENZ,AMG E 53 HYBRID,15
2025,8,MERCEDES-BENZ,AMG GLE 53 HYBRID COUPE,15
2025,8,LAND ROVER,DISCOVERY SPORT,15
2025,8,LAMBORGHINI,URUS,15
2025,8,BMW,225E XDRIVE ACTIVE TOURER,15
2025,8,BMW,330E XDRIVE,15
2025,8,AUDI,A6 AVANT 50 TFSI E,15
2025,8,OMODA,OMODA5 EV,15
2025,8,CITROEN,JUMPY,15
2025,8,BYD,SEAL U DM-I,15
2025,8,AUDI,A6 LIM 220KW TFSI E,14
2025,8,PORSCHE,MACAN 4S,14
2025,8,AUDI,Q5 SPORTBACK 55 TFSI E,14
2025,8,MINI,COOPER S,14
2025,8,BMW,X1 SDRIVE18I,14
2025,8,MERCEDES-BENZ,CLA 180,14
2025,8,PORSCHE,MACAN,14
2025,8,JEEP,RENEGADE,14
2025,8,LAND ROVER,RANGE ROVER VELAR,14
2025,8,BMW,IX XDRIVE45,14
2025,8,BMW,X1 XDRIVE23I,14
2025,8,BMW,XM 50E,14
2025,8,LEXUS,LEXUS RZ300E,14
2025,8,BMW,530E XDRIVE,14
2025,8,BMW,X3 M50 XDRIVE,14
2025,8,AUDI,Q5 50 TFSI E,13
2025,8,CUPRA,BORN 170 KW 79/84 KWH,13
2025,8,XPENG,G9,13
2025,8,BMW,IX XDRIVE60,12
2025,8,POLESTAR,POLESTAR 3,12
2025,8,BMW,420I,12
2025,8,MAZDA,MAZDA MX-5,12
2025,8,BMW,IX1 XDRIVE30,11
2025,8,NIO,ET5 TOURING,11
2025,8,VOLKSWAGEN,ID.7 PRO S,11
2025,8,AUDI,Q5 SPORTBACK 50 TFSI E,11
2025,8,MERCEDES-BENZ,G 580,11
2025,8,SUZUKI,SUZUKI SWACE,11
2025,8,MINI,JCW ACEMAN E,11
2025,8,CUPRA,CUPRA LEON E-HYBRID150,11
2025,8,AUDI,A3 LIMOUSINE,11
2025,8,BMW,I4 M60 XDRIVE,10
2025,8,MERCEDES-BENZ,EQE 350+,10
2025,8,AUDI,A6 SB E-TRON PERFORMANCE,10
2025,8,NISSAN,NISSAN X-TRAIL,10
2025,8,MINI,COUNTRYMAN SE ALL4,10
2025,8,MERCEDES-BENZ,C 180,10
2025,8,HYUNDAI,IONIQ6,10
2025,8,SEAT,SEAT ATECA,10
2025,8,BMW,520I,9
2025,8,JEEP,GRAND CHEROKEE,9
2025,8,RENAULT,ARKANA E-TECH,9
2025,8,DS AUTOMOBILES,NO 8,9
2025,8,AUDI,Q6 SUV E-TRON QUATTRO,9
2025,8,AUDI,Q5 55 TFSI E,9
2025,8,PORSCHE,MACAN TURBO,9
2025,8,OMODA,OMODA 9,9
2025,8,PORSCHE,911 CARRERA 4 GTS,9
2025,8,MERCEDES-BENZ,GLB 200,9
2025,8,MINI,JCW,9
2025,8,MERCEDES-BENZ,GLE 400 E 4MATIC COUPE,9
2025,8,HONDA,CIVIC,9
2025,8,SMART,#3,9
2025,8,TOYOTA,TOYOTA PRIUS PHEV,8
2025,8,BMW,218I ACTIVE TOURER,8
2025,8,AUDI,A5 AVANT,8
2025,8,BMW,X6 XDRIVE40I M SPORT,8
2025,8,BURSTNER GMBH,BT6909,8
2025,8,VOLKSWAGEN,ID.7 TOURER GTX,8
2025,8,TOYOTA,PROACE,8
2025,8,AUDI,Q7 60 TFSI E,8
2025,8,PORSCHE,CAYENNE S E-HYBRID,8
2025,8,BMW,318I,8
2025,8,SUBARU,CROSSTREK,8
2025,8,NISSAN,NISSAN ARIYA,8
2025,8,WESTFALEN MOBIL,FORD NUGGET,7
2025,8,MAZDA,MAZDA MX-30,7
2025,8,CUPRA,CUPRA LEON SP E-HYBRID200,7
2025,8,MERCEDES-BENZ,ESPRINTER,7
2025,8,HONDA,JAZZ,7
2025,8,MG,MG HS HYBRID+,7
2025,8,HYUNDAI,I 30,7
2025,8,VOLKSWAGEN,ID. BUZZ GTX LR 250 KW,7
2025,8,SEAT,SEAT LEON,7
2025,8,AUDI,A6 AV E-TRON QUATTRO,7
2025,8,PORSCHE,CAYENNE TURBO E-HYBRID,7
2025,8,LEXUS,LEXUS UX300H,7
2025,8,AUDI,Q6 SB E-TRON QUATTRO,6
2025,8,LEXUS,LEXUS RX450H+,6
2025,8,PORSCHE,PANAMERA 4 E-HYBRID,6
2025,8,HOBBY,V65 GE,6
2025,8,BMW,I5 XDRIVE40,6
2025,8,TESLA,MODEL X,6
2025,8,AUDI,S6 AV E-TRON,6
2025,8,VOLKSWAGEN,ID.5 PRO 210KW,6
2025,8,AUDI,Q7 55 TFSI E,6
2025,8,PORSCHE,TAYCAN 4,6
2025,8,NIO,ET5,6
2025,8,NIO,FIREFLY,6
2025,8,BMW,123 XDRIVE,5
2025,8,SKODA,ELROQ RS,5
2025,8,BMW,I5 M60 XDRIVE,5
2025,8,PORSCHE,911 CARRERA GTS,5
2025,8,MINI,COUNTRYMAN S ALL4,5
2025,8,DFSK,DFSK E5,5
2025,8,FIAT,500,5
2025,8,MG,MG CYBERSTER,5
2025,8,VOLKSWAGEN,ID. BUZZ,5
2025,8,ALFA ROMEO,TONALE,5
2025,8,AUDI,Q3,5
2025,8,BMW,M235 XDRIVE,5
2025,8,ADRIA,TWIN 640SLB,5
2025,8,WEINSBERG,R47,5
2025,8,BYD,BYD DOLPHIN,5
2025,8,HONDA,ZR-V,5
2025,8,MERCEDES-BENZ,EQE 350 4MATIC,5
2025,8,MERCEDES-BENZ,E 300 E 4MATIC,5
2025,8,FERRARI,296 GTS,4
2025,8,JAECOO,JAECOO7 PHEV,4
2025,8,JEEP,WRANGLER UNLIMITED,4
2025,8,CITROEN,C4 X,4
2025,8,AUDI,S E-TRON GT,4
2025,8,MERCEDES-BENZ,S 450 E,4
2025,8,BURSTNER GMBH,BC5301,4
2025,8,MERCEDES-BENZ,B 250 E,4
2025,8,LANCIA,YPSILON,4
2025,8,MERCEDES-BENZ,GLC 300 DE 4MATIC,4
2025,8,VOLKSWAGEN,ID.3 GTX PERF. 240 KW,4
2025,8,ALPINE,A110,4
2025,8,AUDI,E-TRON GT,4
2025,8,MERCEDES-BENZ,CLE 200,4
2025,8,AUTOMOBILI LAMBORGHINI S.,URUS,4
2025,8,HONDA,HR-V,4
2025,8,AUDI,A5 LIMOUSINE,4
2025,8,CAPRON,CVE 640,4
2025,8,CITROEN,JUMPER,4
2025,8,BMW,M760E XDRIVE,4
2025,8,MERCEDES-BENZ,EQS 450 4MATIC,4
2025,8,MERCEDES-BENZ,VITO TOURER,4
2025,8,CUPRA,CUPRA LEON E-HYBRID200,4
2025,8,BMW,750E XDRIVE,4
2025,8,FIAT,FIAT DUCATO,4
2025,8,FORD,CX740L,3
2025,8,CHAUSSON,630,3
2025,8,AUDI,SQ6 SUV E-TRON,3
2025,8,AUDI,AUDI A6 AVANT,3
2025,8,CHEVROLET,CORVETTE,3
2025,8,CAPRON,V66/ V337,3
2025,8,BMW,IX2 XDRIVE30,3
2025,8,MERCEDES-BENZ,AMG CLE 53 4MATIC,3
2025,8,POESSL,SUMMIT 600,3
2025,8,AUDI,A6 LIM 270KW TFSI E,3
2025,8,AUDI,A6 AVANT,3
2025,8,KIA,XCEED,3
2025,8,DETHLEFFS,KW 601,3
2025,8,KNAUS,R05,3
2025,8,FORD,TOURNEO CUSTOM,3
2025,8,VOLVO,EX30 CROSS COUNTRY,3
2025,8,MERCEDES-BENZ,CLE 180,3
2025,8,ASTON MARTIN,DB12 VOLANTE,3
2025,8,PEUGEOT,BOXER,3
2025,8,HOBBY,K65 ET,3
2025,8,VOLKSWAGEN,ID. BUZZ PRO KR 210 KW,3
2025,8,ASTON MARTIN,VANQUISH,3
2025,8,BMW,X2 M35I XDRIVE,3
2025,8,AUDI,A1 ALLSTREET,3
2025,8,PORSCHE,PANAMERA TURBO S E-HYBRID,3
2025,8,MERCEDES-BENZ,CLE 300 E,3
2025,8,AUDI,RS E-TRON GT PERFORMANCE,3
2025,8,BMW,223 XDRIVE,3
2025,8,ADRIA,CORAL MB 670DL,3
2025,8,VOLKSWAGEN,ID. BUZZ GTX KR 250 KW,3
2025,8,BMW,320I,3
2025,8,BENTLEY,FLYING SPUR,3
2025,8,LYNK&CO,LYNK &CO 01,3
2025,8,BMW,Z4 SDRIVE20I,3
2025,8,CUPRA,FORMENTOR,3
2025,8,OPEL,VIVARO,3
2025,8,AUDI,Q4 SPORTBACK 40 E-TRON,3
2025,8,TOYOTA,PROACE TAXI,3
2025,8,MERCEDES-BENZ,AMG G 63,3
2025,8,BMW,XM LABEL,3
2025,8,BENTLEY,CONTINENTAL GT,3
2025,8,KNAUS,R19,3
2025,8,ADRIA,CORAL 650DL,3
2025,8,AUDI,AUDI SQ5,3
2025,8,MERCEDES-AMG,AMG GT 63 4MATIC+,3
2025,8,ADRIA,COMPACT DL,3
2025,8,BMW,X7 XDRIVE40I,3
2025,8,FORD,TOURNEO CONNECT,3
2025,8,MERCEDES-BENZ,B 180,3
2025,8,XPENG,"P7,P7I",3
2025,8,AUDI,Q5 270KW TFSI E,3
2025,8,AUDI,RS 3 SPORTBACK,3
2025,8,BENTLEY,CONTINENTAL GTC,3
2025,8,CAPRON,T680/T447T,2
2025,8,VOLKSWAGEN,TOURAN,2
2025,8,HYMER,ML-T 580 4X4,2
2025,8,CUPRA,CUPRA LEON,2
2025,8,MERCEDES-BENZ,VITO,2
2025,8,MINI,JCW E,2
2025,8,BENTLEY,CONTINENTAL GT SPEED,2
2025,8,ADRIA,MATRIX 670SL,2
2025,8,PORSCHE,911 GT3 RS,2
2025,8,MERCEDES-BENZ,B 200,2
2025,8,PORSCHE,PANAMERA TURBO E-HYBRID,2
2025,8,AUDI,A5 LIM 270KW TFSI E,2
2025,8,KG MOBILITY,TORRES EVX,2
2025,8,BMW,M240I XDRIVE,2
2025,8,PEUGEOT,E-RIFTER,2
2025,8,MERCEDES-AMG,AMG GT 63 S E PERFORMANCE,2
2025,8,BMW,220I ACTIVE TOURER,2
2025,8,FORD,MUSTANG,2
2025,8,ADRIA,CORAL 670SL,2
2025,8,BMW,M135 XDRIVE,2
2025,8,MERCEDES-BENZ,S 580 E 4MATIC,2
2025,8,CAPRON,T68/T447,2
2025,8,FERRARI,SF90 XX STRADALE,2
2025,8,DONKERVOORT,F22,2
2025,8,SERES,SERES 5,2
2025,8,DONGFENG,MHERO 1,2
2025,8,BMW,X4 XDRIVE20I,2
2025,8,ADRIA,CORAL 600SL,2
2025,8,LEXUS,LEXUS ES300H,2
2025,8,MERCEDES-BENZ,S 450 D 4MATIC,2
2025,8,AUDI,S3 LIMOUSINE,2
2025,8,TOURNE MOBIL,TOURNE,2
2025,8,CAPRON,T67 / T448,2
2025,8,MERCEDES-BENZ,EQS 350,2
2025,8,CAPRON,T67/ T448,2
2025,8,HYMER,B-ML I 780,2
2025,8,POSSL,SUMMIT 540,2
2025,8,CARTHAGO,C1-TOURER I 145 RB-LE,2
2025,8,HYMER,YELLOWSTONE,2
2025,8,HYMER,MLT 570 CROSSOVER,2
2025,8,MERCEDES-BENZ,E 300DE 4MATIC ALLTERRAIN,2
2025,8,BYD,BYD SEAL U DMI,2
2025,8,MERCEDES-BENZ,GLB 180,2
2025,8,PORSCHE,718 CAYMAN GT4 RS,2
2025,8,DS AUTOMOBILES,NO 4,2
2025,8,VOLKSWAGEN,ID. BUZZ PURE KR 125 KW,2
2025,8,BMW,Z4 M40I,2
2025,8,BMW,430I XDRIVE,2
2025,8,POESSL,SUMMIT 540,2
2025,8,HOBBY,K60 FT,2
2025,8,AUDI,Q3 SPORTBACK,2
2025,8,AUDI,Q5 SB 270KW TFSI E,2
2025,8,VOLKSWAGEN,VENTJE,2
2025,8,MERCEDES-BENZ,GLS 450 D 4MATIC,2
2025,8,RAPIDO,N/A,2
2025,8,VOLKSWAGEN,TOUAREG EHYBRID,2
2025,8,PORSCHE,TAYCAN,2
2025,8,VOLKSWAGEN,ID.5 PURE 125KW,2
2025,8,BMW,I7 EDRIVE50,2
2025,8,AUDI,Q8 50 E-TRON,2
2025,8,WEINSBERG,R57,2
2025,8,BYD,SEAL 6 DM-I TOURING,2
2025,8,ADRIA,TWIN 640SGX,2
2025,8,KNAUS,R07,2
2025,8,KNAUS,R06,2
2025,8,ALPINA,BMW ALPINA XB7,2
2025,8,MERCEDES-BENZ,EQB 300 4MATIC,2
2025,8,PORSCHE,911 TURBO 50,2
2025,8,BMW,M3 COMPETITION M XDRIVE,2
2025,8,MERCEDES-BENZ,V-KLASSE,2
2025,8,MERCEDES-BENZ,EQS 450+,2
2025,8,POESSL,SUMMIT 640,2
2025,8,AUDI,S5 AVANT,2
2025,8,MERCEDES-BENZ,E 450 D 4MATIC,2
2025,8,DETHLEFFS,JUST T7052 DBM/EB,2
2025,8,BMW,230E XDRIVE ACTIVE TOURER,2
2025,8,AUDI,A6 50 TFSI E,2
2025,8,ADRIA,COMPACT MAX DL,2
2025,8,BURSTNER GMBH,BC5001,2
2025,8,AUDI,A8,2
2025,8,MINI,JCW COUNTRYMAN ALL4,2
2025,8,FORD,TOURNEO COURIER,2
2025,8,CAPRON,T67S/ T338,2
2025,8,HYUNDAI,IONIQ5 N,2
2025,8,SKODA,ENYAQ RS,2
2025,8,HYUNDAI,STARIA PREMIUM,2
2025,8,BMW,X1 XDRIVE25E,1
2025,8,BMW,Z4 SDRIVE30I,1
2025,8,FIAT,SCUDO,1
2025,8,MERCEDES-BENZ,GLC 200 D 4MATIC,1
2025,8,MERCEDES-BENZ,CLA 350 4MATIC,1
2025,8,CHAUSSON,TITANIUM 6040,1
2025,8,AUDI,S6 SB E-TRON,1
2025,8,DS AUTOMOBILES,N 8,1
2025,8,HYMER,B-MC T 680 BLACKLINE,1
2025,8,PEUGEOT,EXPERT,1
2025,8,BMW,M2,1
2025,8,BMW,M4 CS,1
2025,8,CARTHAGO,C1-TOURER T 143 KB-LE,1
2025,8,ADRIA,TWIN 600SPB,1
2025,8,KIA,PROCEED,1
2025,8,CAPRON,T69LC/ T459,1
2025,8,ERIBA,CAR 600,1
2025,8,BENTLEY,FLYING SPUR MULLINER,1
2025,8,NIESMANN+BISCHOFF,FLAIR 880,1
2025,8,DETHLEFFS,CVD590C,1
2025,8,BURSTNER GMBH,BT6441,1
2025,8,BYD,TANG EV,1
2025,8,BMW,230I,1
2025,8,MERCEDES-BENZ,E 300 DE,1
2025,8,BURSTNER GMBH,BT7274,1
2025,8,POESSL,KW 34,1
2025,8,POESSL,KW 41,1
2025,8,FERRARI,FERRARI 12CILINDRI,1
2025,8,CHALLENGER,S217,1
2025,8,LAIKA,LK5001,1
2025,8,PORSCHE,718 SPYDER RS,1
2025,8,BMW,540D XDRIVE,1
2025,8,CAPRON,T67/T448,1
2025,8,BMW,I4 M50 XDRIVE,1
2025,8,PILOTE,P740FGJ,1
2025,8,ADRIA,CORAL XL 660SL,1
2025,8,KNAUS,K17J0,1
2025,8,ABARTH,600E,1
2025,8,MC LOUIS,MC4 870,1
2025,8,NIESMANN+BISCHOFF,ARTO 85E,1
2025,8,CAPRON,V66 / V337,1
2025,8,VOLKSWAGEN,TRANSPORTER,1
2025,8,FIAT,JUST T 6762,1
2025,8,RENAULT,TRAFIC,1
2025,8,AUDI,S5 LIMOUSINE,1
2025,8,ROLLS ROYCE,GHOST,1
2025,8,ASTON MARTIN,VANTAGE,1
2025,8,PORSCHE,911 GT3,1
2025,8,MERCEDES-BENZ,AMG GLC 43 4MATIC,1
2025,8,ITINEO,N/A,1
2025,8,DETHLEFFS,JUST T6812 EB,1
2025,8,BMW,M340I XDRIVE,1
2025,8,FERRARI,FERRARI ROMA SPIDER,1
2025,8,WEINSBERG,R45,1
2025,8,DETHLEFFS,GLOBEBUS I 006,1
2025,8,PEUGEOT,TRAVELLER,1
2025,8,NIESMANN+BISCHOFF,ARTO 88EK,1
2025,8,BMW,X5 M60I XDRIVE,1
2025,8,FERRARI,FERRARI 12CILINDRI SPIDER,1
2025,8,BMW,M8 COMPETITION,1
2025,8,DETHLEFFS,TREND T 7057 DBM/EB,1
2025,8,ETRUSCO,640 SB,1
2025,8,GIOTTILINE,69GC,1
2025,8,CHAUSSON,X650,1
2025,8,MERCEDES-BENZ,AMG GLC 63S E PERFORMANCE,1
2025,8,CHAUSSON,S697,1
2025,8,BMW,220I,1
2025,8,BMW,X4 M40I,1
2025,8,KNAUS,R11,1
2025,8,CARTHAGO,CHIC C-LINE I 4.9 LE,1
2025,8,MERCEDES-BENZ,G 450 D,1
2025,8,MERCEDES-BENZ,GLE 450 4MATIC,1
2025,8,HYMER,B-ML T 780,1
2025,8,VOLKSWAGEN,ID BUZZ PRO LR 210 KW,1
2025,8,TOYOTA,TACOMA,1
2025,8,ALPINA,BMW ALPINA B8,1
2025,8,CARTHAGO,MALIBU VAN 640 LE K COUPE,1
2025,8,ABARTH,500,1
2025,8,AUDI,SQ6 SB E-TRON,1
2025,8,VOLVO,C40,1
2025,8,VOLKSWAGEN,ATLAS,1
2025,8,MC LOUIS,NEVIS 881,1
2025,8,CHAUSSON,640,1
2025,8,KNAUS,R20,1
2025,8,LMC,H720,1
2025,8,ROLLS ROYCE,SPECTRE,1
2025,8,BURSTNER GMBH,BC6003,1
2025,8,BMW,M135I XDRIVE,1
2025,8,CARTHAGO,C1-TOURER I 150 RB-QB,1
2025,8,HYMER,B-MC T 690,1
2025,8,CARTHAGO,MALIBU VAN 640 LE GT,1
2025,8,FORD,TRANSIT,1
2025,8,CHAUSSON,X550,1
2025,8,VW,T-ROC,1
2025,8,EURA MOBIL,IL 720 EF,1
2025,8,BENTLEY,CONTINENTAL GT AZURE,1
2025,8,MG,MG4 ELECTRIC,1
2025,8,MERCEDES-BENZ,AMG S 63 E PERFORMANCE,1
2025,8,CHAUSSON,S514,1
2025,8,BMW,XM,1
2025,8,MERCEDES-BENZ,EQE 500 4MATIC,1
2025,8,MC LAREN,MCLAREN 750S SPIDER,1
2025,8,BMW,320E,1
2025,8,HYMER,B-MC I 600,1
2025,8,HOBBY,T65 GE,1
2025,8,KNAUS,R18,1
2025,8,AUDI,AUDI Q5,1
2025,8,SUN LIVING,C-SERIES C 60SP,1
2025,8,ADRIA,TWIN 600SPB FAMILY,1
2025,8,CAPRON,V66/V337,1
2025,8,CARTHAGO,MALIBU VAN 600 LE,1
2025,8,DETHLEFFS,GLOBEBUS GO T45,1
2025,8,BMW,116,1
2025,8,BMW,I7 XDRIVE60,1
2025,8,CAPRON,T68C/T457,1
2025,8,ROBETA,APOLLO,1
2025,8,ALPINA,BMW ALPINA XB7 MANUFAKTUR,1
2025,8,HYMER,VENTURE S,1
2025,8,HOBBY,T70 GE,1
2025,8,BMW,X6 M COMPETITION,1
2025,8,CAPRON,590C,1
2025,8,WEINSBERG,R52,1
2025,8,BURSTNER GMBH,BC5901,1
2025,8,TOYOTA,TOYOTA GR YARIS,1
2025,8,CONCORDE,LINER 990 GI,1
2025,8,WEINSBERG,R48,1
2025,8,KNAUS,R09,1
2025,8,BMW,223I XDRIVE ACTIVE TOURER,1
2025,8,SUN LIVING,S-SERIES S 65SL,1
2025,8,OPEL,E-COMBO LIFE,1
2025,8,LE VOYAGEUR,LVX H8.0 GJF,1
2025,8,BMW,I4 XDRIVE40,1
2025,8,BENIMAR,AMPHITRYON 998,1
2025,8,MERCEDES-BENZ,AMG GLA 35 4MATIC,1
2025,8,BMW,223I ACTIVE TOURER,1
2025,8,KNAUS,TOURER CUVISION 500 MQ,1
2025,8,CAPRON,T66S/ T328,1
2025,8,MORELO,PALACE 90 M,1
2025,8,MERCEDES-BENZ,CLE 300 4MATIC,1
2025,8,CARTHAGO,C2-TOURER I 145 RB-LE,1
2025,8,AUDI,S6 AVANT,1
2025,8,CHAUSSON,650,1
2025,8,LOTUS,ELETRE,1
2025,8,DETHLEFFS,JUST T 7052 EB/DBM,1
2025,8,MERCEDES-BENZ,EQT,1
2025,8,CARTHAGO,C-TOURER I 143 LE,1
2025,8,KNAUS,R12,1
2025,8,VOLKSWAGEN,ID.4 GTX 250KW,1
2025,8,FORD,TRANSIT CONNECT,1
2025,8,BMW,M4 COMPETITION M XDRIVE,1
2025,8,CHAUSSON,788,1
2025,8,BMW,M850I XDRIVE,1
2025,8,BENIMAR,BENIVAN B161 ES,1
2025,8,VOLKSWAGEN,ID.7 GTX,1
2025,8,HOBBY,MAXIA VAN 680 ET,1
2025,8,MERCEDES-BENZ,C 200,1
2025,8,HYMER,TRAMP S 685,1
2025,8,VOYAH,FREE,1
2025,8,MERCEDES-BENZ,CLE 450 4MATIC,1
2025,8,CARTHAGO,MALIBU VAN 640 LE COUPE,1
2025,8,HYMER,TRAMP S 695,1
2025,8,CARTHAGO,C1-TOURER  I 145 RB-LE,1
2025,8,LMC,H730,1
2025,8,CAPRON,CV 590C,1
2025,8,AUDI,S3 SPORTBACK,1
2025,8,BMW,X3,1
2025,8,NIESMANN+BISCHOFF,ISMOVE 6.9E,1
2025,8,MERCEDES-BENZ,MAYBACH EQS 680,1
2025,8,CHRYSLER,CHRYSLER PACIFICA,1
2025,8,HYMER,ML-T 570 CROSSOVER,1
2025,8,ADRIA,SUPER SONIC 890LL,1
2025,8,PILOTE,P720FC,1
2025,8,MERCEDES-BENZ,EQA 300 4MATIC,1
2025,8,HYMER,FREE 540,1
2025,8,RENAULT,CLIO (E-TECH HYBRID),1
2025,8,CAPRON,T68/ T447,1
2025,8,MERCEDES-BENZ,EVITO TOURER,1
2025,8,ADRIA,CORAL MB 650SL,1
2025,8,NIESMANN+BISCHOFF,ARTO 88,1
2025,8,CAPRON,CVE 602,1
2025,8,BMW,X1 M35I XDRIVE,1
2025,8,AUDI,Q5 220KW TFSI E,1
2025,8,TOYOTA,HIGHLANDER,1
2025,8,CARTHAGO,C1-TOURER I 143 KB-LE,1
2025,8,BMW,M440I XDRIVE,1
2025,8,ASTON MARTIN,VANTAGE ROADSTER,1
2025,8,CAPRON,CV 590S,1
2025,8,MERCEDES-BENZ,A 200,1
2025,8,CAPRON,A70/ A464,1
2025,8,CAPRON,T68C/ T457,1
2025,8,CHAUSSON,660,1
2025,8,LOTUS,EMIRA,1
2025,8,BAVARIA,P740FC,1
2025,8,AUDI,A6 SB E-TRON QUATTRO,1
2025,8,KNAUS,R03,1
2025,8,MERCEDES-BENZ,E 300 DE 4MATIC,1
2025,8,BMW,I7 M70 XDRIVE,1
2025,8,LUCID MOTORS,AIR,1
2025,8,ADRIA,MATRIX 670DL,1
2025,8,HYMER,ML-T 570 XPERIENCE,1
2025,8,SKODA,ENYAQ 85X,1
2025,8,AUDI,Q4 SPORTBACK 55 E-TRON,1
2025,8,CARTHAGO,CHIC C-LINE T 5.0 QB,1
2025,8,MOBILVETTA DESIGN,KEA I 86,1
2025,8,MERCEDES-BENZ,EQV,1
2025,8,LUCID MOTORS,LUCID GRAVITY,1
2025,8,PORSCHE,911 TARGA 4 GTS,1
2025,8,OPEL,ZAFIRA LIFE,1
2025,8,MERCEDES-BENZ,MARCO POLO,1
2025,8,MERCEDES-BENZ,GLE 350 DE 4MATIC COUPE,1
2025,8,AUDI,RS Q8,1
2025,8,WESTFALIA,COLUMBUS,1
2025,8,LAMBORGHINI,REVUELTO,1
2025,8,BMW,740D XDRIVE,1
2025,8,HYMER,B-MC I 600 WHITELINE,1
2025,8,BURSTNER GMBH,BT6915,1
2025,8,CITROEN,E-BERLINGO,1
2025,8,ALPINA,BMW ALPINA B3 GT TOURING,1
2025,8,PILOTE,G741FGJ,1
2025,8,ETRUSCO,V 6.8 SCF,1
2025,8,DETHLEFFS,KW 600,1
2025,8,CARTHAGO,CHIC C-LINE I 5.0 QB,1
2025,8,LMC,T660,1
2025,8,NISSAN,JUKE,1
2025,8,HYMER,GRAND CANYON S 4X4,1
2025,8,MERCEDES-BENZ,C 300 DE,1
2025,8,CITROEN,E-C4 X,1
2025,8,BMW,X5 M COMPETITION,1
2025,8,ETRUSCO,T7400 SBC,1
2025,8,CARTHAGO,CHIC C-LINE I 4.9 LE/L,1
2025,8,NIO,EL6,1
2025,8,HYMER,MLT 580 4X4,1
2025,8,CONCORDE,CHARISMA 860 LI,1
2025,8,CAPRON,A70 / A464,1
2025,8,SUN LIVING,S-SERIES S 72SP,1
2025,8,ADRIA,SONIC 700DL,1
2025,8,LEXUS,LEXUS NX350H,1
2025,8,BMW,M3 COMPETITION,1
2025,8,POLESTAR,HUISKAMP GLASS,1
2025,8,BURSTNER GMBH,BT7367,1
2025,8,TOYOTA,TOYOTA LAND CRUISER,1
2025,8,BMW,M4,1
2025,8,BMW,X3 20 XDRIVE,1
2025,8,CARTHAGO,CHIC C-LINE I 4.9 LE L,1
2025,8,CAPRON,CVE 600,1
2025,8,HYMER,B-MC T 600 WHITELINE,1
2025,8,MERCEDES-BENZ,GLC 200 4MATIC,1
2025,8,CHAUSSON,777,1
2025,8,CITROEN,SPACETOURER,1
2025,9,KIA,PICANTO,1114
2025,9,TOYOTA,TOYOTA YARIS CROSS,836
2025,9,VOLKSWAGEN,TIGUAN,664
2025,9,TOYOTA,TOYOTA AYGO X,623
2025,9,TOYOTA,TOYOTA YARIS,622
2025,9,SKODA,ELROQ 85,592
2025,9,TESLA,MODEL 3,581
2025,9,RENAULT,CLIO E-TECH HYBRID,565
2025,9,VOLVO,XC60,565
2025,9,VOLKSWAGEN,POLO,524
2025,9,SUZUKI,SWIFT,523
2025,9,HYUNDAI,KONA,514
2025,9,RENAULT,RENAULT 5 E-TECH ELECTRIC,502
2025,9,RENAULT,CAPTUR E-TECH HYBRID,496
2025,9,KIA,EV3,479
2025,9,SKODA,KODIAQ,449
2025,9,KIA,NIRO,434
2025,9,FORD,KUGA,417
2025,9,HYUNDAI,I10,387
2025,9,FORD,PUMA,382
2025,9,VOLVO,EX40,373
2025,9,SKODA,ELROQ 60,333
2025,9,PEUGEOT,208,326
2025,9,VOLKSWAGEN,GOLF,323
2025,9,OPEL,CORSA,320
2025,9,RENAULT,SCENIC E-TECH ELECTRIC,319
2025,9,BMW,X5 XDRIVE50E,318
2025,9,NISSAN,NISSAN QASHQAI,318
2025,9,TOYOTA,TOYOTA C-HR,310
2025,9,TOYOTA,TOYOTA COROLLA,296
2025,9,BMW,X3 30E XDRIVE,285
2025,9,HYUNDAI,INSTER,269
2025,9,VOLKSWAGEN,TAYRON,269
2025,9,BMW,IX1 EDRIVE20,268
2025,9,KIA,SPORTAGE,266
2025,9,RENAULT,SYMBIOZ,264
2025,9,SKODA,FABIA,259
2025,9,PEUGEOT,2008,242
2025,9,RENAULT,AUSTRAL,233
2025,9,SKODA,ENYAQ 85,232
2025,9,BYD,BYD SEAL U DM-I,221
2025,9,VOLKSWAGEN,T-ROC,220
2025,9,OPEL,FRONTERA,219
2025,9,PEUGEOT,3008,216
2025,9,DACIA,BIGSTER,213
2025,9,SKODA,OCTAVIA,202
2025,9,POLESTAR,POLESTAR 2,199
2025,9,FORD,EXPLORER,199
2025,9,KIA,STONIC,198
2025,9,TOYOTA,TOYOTA RAV4,197
2025,9,PEUGEOT,5008,188
2025,9,VOLVO,XC90,186
2025,9,VOLKSWAGEN,ID.4 PRO 210KW,181
2025,9,KIA,CEED,174
2025,9,RENAULT,CLIO,160
2025,9,VOLKSWAGEN,ID.3 PURE 125 KW,160
2025,9,SKODA,KAMIQ,150
2025,9,CITROEN,E-C3,150
2025,9,MERCEDES-BENZ,CLA 250+,148
2025,9,AUDI,Q4 45 E-TRON,147
2025,9,MINI,ACEMAN SE,145
2025,9,MINI,ACEMAN E,145
2025,9,CUPRA,TAVASCAN,144
2025,9,MERCEDES-BENZ,EQB 250+,143
2025,9,BMW,X1 XDRIVE25E,143
2025,9,CITROEN,C3 AIRCROSS,143
2025,9,MERCEDES-BENZ,GLC 300 E 4MATIC,141
2025,9,BMW,120,140
2025,9,POLESTAR,POLESTAR 4,139
2025,9,CUPRA,TERRAMAR E-HYBRID,134
2025,9,OPEL,GRANDLAND,132
2025,9,VOLVO,XC40,132
2025,9,SUZUKI,VITARA,131
2025,9,DACIA,SANDERO,130
2025,9,MERCEDES-BENZ,EQA 250+,129
2025,9,FIAT,PANDA,128
2025,9,SEAT,IBIZA,125
2025,9,DACIA,SPRING,123
2025,9,RENAULT,MEGANE E-TECH ELECTRIC,120
2025,9,SKODA,SUPERB,120
2025,9,VOLVO,EX30,116
2025,9,LEXUS,LEXUS LBX,116
2025,9,HYUNDAI,TUCSON,116
2025,9,VOLKSWAGEN,PASSAT,115
2025,9,PEUGEOT,308,110
2025,9,BMW,330E,109
2025,9,MERCEDES-BENZ,A 250 E,108
2025,9,VOLKSWAGEN,ID.7 TOURER PRO,108
2025,9,MAZDA,MAZDA2 HYBRID,107
2025,9,CUPRA,BORN 150 KW 60/63 KWH,107
2025,9,VOLVO,V60,106
2025,9,AUDI,A3 SPORTBACK PHEV 150,102
2025,9,CITROEN,C3,100
2025,9,MERCEDES-BENZ,GLA 250 E,99
2025,9,DACIA,DUSTER,97
2025,9,RENAULT,ESPACE,96
2025,9,CUPRA,BORN 170 KW 60/63 KWH,95
2025,9,OPEL,MOKKA,95
2025,9,JEEP,AVENGER,94
2025,9,ZEEKR,7X,94
2025,9,MERCEDES-BENZ,GLC 400 E 4MATIC,93
2025,9,LAND ROVER,DEFENDER,92
2025,9,HYUNDAI,IONIQ5,89
2025,9,MERCEDES-BENZ,C 300 E,89
2025,9,MINI,COUNTRYMAN E,89
2025,9,MITSUBISHI,MITSUBISHI OUTLANDER,89
2025,9,VOLKSWAGEN,T-CROSS,88
2025,9,LEAPMOTOR,T03,88
2025,9,BMW,530E,83
2025,9,MERCEDES-BENZ,CLA 250 E,81
2025,9,MERCEDES-BENZ,E 300 E,76
2025,9,SKODA,SCALA,76
2025,9,RENAULT,RENAULT 4 E-TECH ELECTRIC,75
2025,9,OPEL,ASTRA SPORTS TOURER,75
2025,9,MAZDA,MAZDA CX-30,74
2025,9,VOLKSWAGEN,ID.3 PRO S 150 KW,74
2025,9,AUDI,A1 SPORTBACK,74
2025,9,RENAULT,RAFALE,73
2025,9,SEAT,SEAT LEON SP E-HYBRID150,72
2025,9,BMW,I5 EDRIVE40,72
2025,9,DACIA,JOGGER,71
2025,9,BMW,550E XDRIVE,71
2025,9,LAND ROVER,RANGE ROVER SPORT,70
2025,9,MINI,COOPER E,70
2025,9,VOLKSWAGEN,TAIGO,70
2025,9,AUDI,A6 AV E-TRON,69
2025,9,KIA,EV4,67
2025,9,JAECOO,JAECOO7,67
2025,9,AUDI,A5 AVANT 220KW TFSI E,67
2025,9,XPENG,G6,66
2025,9,LYNK&CO,LYNK & CO 01,66
2025,9,CUPRA,FORMENTOR E-HYBRID,65
2025,9,MITSUBISHI,ASX,65
2025,9,MERCEDES-BENZ,A 180,64
2025,9,BYD,SEAL U DM-I,64
2025,9,VOLKSWAGEN,ID.7 TOURER PRO S,62
2025,9,KIA,EV6,62
2025,9,VOLKSWAGEN,CADDY,62
2025,9,CITROEN,E-C3 AIRCROSS,62
2025,9,ALFA ROMEO,ALFA ROMEO JUNIOR,62
2025,9,FORD,MUSTANG MACH-E,61
2025,9,MAZDA,MAZDA CX-60,60
2025,9,VOLVO,V90,60
2025,9,BMW,IX2 EDRIVE20,59
2025,9,MITSUBISHI,COLT,59
2025,9,HYUNDAI,I20,58
2025,9,FORD,CAPRI,58
2025,9,CUPRA,BORN 170 KW 79/84 KWH,57
2025,9,MG,MG ZS,57
2025,9,VOLVO,EX90,57
2025,9,MG,MG3 HYBRID+,56
2025,9,VOLVO,EC40,55
2025,9,BMW,I4 EDRIVE40,55
2025,9,SKODA,KAROQ,54
2025,9,BMW,220,54
2025,9,BMW,I4 EDRIVE35,54
2025,9,SUZUKI,S-CROSS,54
2025,9,MERCEDES-BENZ,CLA 180,53
2025,9,LAND ROVER,RANGE ROVER EVOQUE,53
2025,9,FORD,FOCUS,53
2025,9,AUDI,A6 SB E-TRON,52
2025,9,LEAPMOTOR,C10,51
2025,9,CITROEN,E-C4,49
2025,9,AUDI,Q6 SUV E-TRON,49
2025,9,SKODA,ELROQ 50,49
2025,9,BMW,M5,47
2025,9,VOLKSWAGEN,ID.3 PRO 150 KW,47
2025,9,VOLKSWAGEN,MULTIVAN,46
2025,9,ZEEKR,001,46
2025,9,LEXUS,LEXUS NX450H+,43
2025,9,BYD,BYD SEAL U,43
2025,9,LYNK&CO,LYNK & CO 08,42
2025,9,AUDI,A3 SPORTBACK,42
2025,9,BYD,BYD SEALION 7,42
2025,9,SEAT,ARONA,42
2025,9,AUDI,Q4 SPORTBACK 45 E-TRON,41
2025,9,TOYOTA,TOYOTA BZ4X,41
2025,9,SEAT,SEAT LEON E-HYBRID150,40
2025,9,BYD,BYD SEAL,39
2025,9,LYNK&CO,LYNK & CO 02,38
2025,9,AUDI,Q6 SUV E-TRON PERFORMANCE,38
2025,9,AUDI,Q5 270KW TFSI E,38
2025,9,MINI,COOPER SE,37
2025,9,AUDI,Q8 60 TFSI E,35
2025,9,FIAT,600,35
2025,9,DONGFENG,BOX,34
2025,9,AUDI,A6 AVANT 270KW TFSI E,33
2025,9,BMW,X1 SDRIVE20I,33
2025,9,MAZDA,MAZDA3,33
2025,9,MERCEDES-BENZ,EQE 300,33
2025,9,BYD,ATTO 3,32
2025,9,MINI,COUNTRYMAN SE ALL4,32
2025,9,MERCEDES-BENZ,SPRINTER,32
2025,9,HYUNDAI,SANTA FE,31
2025,9,AUDI,Q5 220KW TFSI E,31
2025,9,SKODA,ENYAQ 60,30
2025,9,MINI,COOPER C,30
2025,9,CITROEN,C4,29
2025,9,PORSCHE,CAYENNE E-HYBRID,28
2025,9,NISSAN,NISSAN JUKE,27
2025,9,VOLKSWAGEN,ID.7 PRO,27
2025,9,AUDI,Q2,27
2025,9,AUDI,Q5 SB 220KW TFSI E,26
2025,9,AUDI,A3 SPORTBACK PHEV 200,26
2025,9,MERCEDES-BENZ,AMG GLE 53 HYBRID,26
2025,9,AUDI,Q4 40 E-TRON,26
2025,9,AUDI,A6 AVANT 220KW TFSI E,25
2025,9,KIA,SORENTO,25
2025,9,BYD,BYD ATTO 2,24
2025,9,AUDI,Q8 55 TFSI E,24
2025,9,MERCEDES-BENZ,GLE 400 E 4MATIC,24
2025,9,LEAPMOTOR,B10,24
2025,9,VOLKSWAGEN,ID.4 PURE 125KW,23
2025,9,MAZDA,MAZDA CX-80,22
2025,9,PEUGEOT,408,22
2025,9,AUDI,Q5 SB 270KW TFSI E,22
2025,9,XPENG,G9,22
2025,9,VOLKSWAGEN,CALIFORNIA,22
2025,9,SEAT,SEAT ATECA,21
2025,9,LAND ROVER,RANGE ROVER,21
2025,9,BYD,SEAL 6 DM-I TOURING,21
2025,9,RENAULT,CAPTUR,21
2025,9,AUDI,A5 LIM 220KW TFSI E,21
2025,9,BMW,330E XDRIVE,20
2025,9,MG,MG S5 EV,20
2025,9,PORSCHE,MACAN,20
2025,9,BMW,X1 XDRIVE30E,20
2025,9,MG,MG HS,20
2025,9,BMW,225E XDRIVE ACTIVE TOURER,20
2025,9,PORSCHE,MACAN 4,20
2025,9,JEEP,GRAND CHEROKEE,19
2025,9,MERCEDES-BENZ,C 180,19
2025,9,AUDI,A6 AV E-TRON PERFORMANCE,19
2025,9,FORD,TRANSIT CUSTOM,19
2025,9,MERCEDES-BENZ,GLA 180,19
2025,9,SMART,#3,19
2025,9,POLESTAR,POLESTAR 3,18
2025,9,MERCEDES-BENZ,ESPRINTER,18
2025,9,ALPINE,A290,18
2025,9,VOLKSWAGEN,ID. BUZZ PRO LR 210 KW,18
2025,9,KIA,EV9,18
2025,9,AUDI,A5 AVANT 270KW TFSI E,18
2025,9,MINI,COOPER S,17
2025,9,HONDA,HR-V,17
2025,9,HONDA,JAZZ,17
2025,9,MAZDA,MAZDA MX-30,16
2025,9,AUDI,A3 LIMOUSINE,16
2025,9,MINI,COUNTRYMAN C,16
2025,9,BYD,BYD DOLPHIN SURF,16
2025,9,CUPRA,CUPRA LEON SP E-HYBRID150,16
2025,9,HYUNDAI,BAYON,15
2025,9,HYUNDAI,IONIQ6,15
2025,9,AUDI,Q7 55 TFSI E,15
2025,9,FORD,TOURNEO CUSTOM,15
2025,9,MERCEDES-BENZ,VITO TOURER,15
2025,9,BMW,IX XDRIVE45,15
2025,9,ZEEKR,X,15
2025,9,MERCEDES-BENZ,B 250 E,14
2025,9,BMW,520I,14
2025,9,BMW,420I,13
2025,9,AUDI,Q6 SB E-TRON,13
2025,9,FIAT,500,13
2025,9,VOLKSWAGEN,ID.7 PRO S,13
2025,9,SEAT,SEAT LEON SP,13
2025,9,VOLKSWAGEN,TOUAREG R,12
2025,9,BMW,IX XDRIVE60,12
2025,9,AUDI,Q7 60 TFSI E,12
2025,9,OPEL,ASTRA,12
2025,9,AUDI,A6 SB E-TRON PERFORMANCE,12
2025,9,AUDI,A6 AVANT,12
2025,9,AUDI,A3 ALLSTREET PHEV 150,12
2025,9,JEEP,WRANGLER UNLIMITED,12
2025,9,BMW,X1 SDRIVE18I,12
2025,9,MERCEDES-BENZ,G 580,12
2025,9,OMODA,OMODA 9,11
2025,9,LEXUS,LEXUS RZ300E,11
2025,9,BMW,X3 M50 XDRIVE,11
2025,9,SKODA,ELROQ RS,11
2025,9,PORSCHE,CAYENNE TURBO E-HYBRID,11
2025,9,SMART,#5,11
2025,9,JAECOO,JAECOO7 PHEV,11
2025,9,PORSCHE,MACAN TURBO,11
2025,9,BMW,123 XDRIVE,10
2025,9,NIO,ET5 TOURING,10
2025,9,NIO,ET5,10
2025,9,HYUNDAI,IONIQ 9,10
2025,9,CITROEN,C5 X,10
2025,9,MINI,JCW,10
2025,9,AUDI,Q6 SB E-TRON PERFORMANCE,10
2025,9,BMW,X2 SDRIVE20I,9
2025,9,AUDI,A6 AVANT 50 TFSI E,9
2025,9,BMW,XM 50E,9
2025,9,CUPRA,CUPRA LEON E-HYBRID150,9
2025,9,BMW,I4 M60 XDRIVE,9
2025,9,LAND ROVER,RANGE ROVER VELAR,9
2025,9,AUDI,A5 LIMOUSINE,9
2025,9,NISSAN,NISSAN X-TRAIL,9
2025,9,MERCEDES-BENZ,EQE 350+,9
2025,9,DS,DS7,8
2025,9,KIA,XCEED,8
2025,9,SKODA,ENYAQ RS,8
2025,9,BMW,530E XDRIVE,8
2025,9,PORSCHE,PANAMERA TURBO S E-HYBRID,8
2025,9,KG MOBILITY,TORRES EVX,8
2025,9,BMW,X3 20 XDRIVE,8
2025,9,BMW,X1 XDRIVE23I,8
2025,9,MERCEDES-BENZ,AMG GLE 53 HYBRID COUPE,8
2025,9,MAZDA,MAZDA 6E,8
2025,9,LEXUS,LEXUS RX450H+,8
2025,9,AUDI,Q6 SUV E-TRON QUATTRO,8
2025,9,VOLKSWAGEN,ID.7 TOURER GTX,7
2025,9,MINI,COUNTRYMAN S ALL4,7
2025,9,SMART,#1,7
2025,9,LAND ROVER,DISCOVERY SPORT,7
2025,9,CITROEN,E-C4 X,7
2025,9,PORSCHE,PANAMERA 4 E-HYBRID,6
2025,9,MAZDA,MAZDA MX-5,6
2025,9,LAMBORGHINI,URUS,6
2025,9,AUDI,Q4 SPORTBACK 40 E-TRON,6
2025,9,PORSCHE,PANAMERA 4S E-HYBRID,6
2025,9,LEXUS,LEXUS ES300H,6
2025,9,POESSL,SUMMIT 640,6
2025,9,JEEP,RENEGADE,6
2025,9,BMW,IX1 XDRIVE30,6
2025,9,AUDI,A1 ALLSTREET,6
2025,9,VOLKSWAGEN,ID. BUZZ,6
2025,9,PORSCHE,911 CARRERA 4 GTS,6
2025,9,PORSCHE,TAYCAN,6
2025,9,PORSCHE,CAYENNE S E-HYBRID,6
2025,9,MINI,JCW ACEMAN E,6
2025,9,MERCEDES-BENZ,AMG E 53 HYBRID,6
2025,9,MG,MG4 ELECTRIC,6
2025,9,BURSTNER GMBH,BT6909,6
2025,9,MG,MG HS HYBRID+,6
2025,9,AUDI,A5 AVANT,6
2025,9,FERRARI,296 GTS,5
2025,9,HONDA,CR-V,5
2025,9,CITROEN,C5 AIRCROSS,5
2025,9,PORSCHE,MACAN 4S,5
2025,9,BMW,218I,5
2025,9,NISSAN,TOWNSTAR,5
2025,9,VOLKSWAGEN,ID. BUZZ GTX LR 250 KW,5
2025,9,BMW,318I,5
2025,9,HONDA,ZR-V,5
2025,9,VOLVO,EX30 CROSS COUNTRY,5
2025,9,MERCEDES-BENZ,E 300 E 4MATIC,5
2025,9,BMW,320I,5
2025,9,MERCEDES-BENZ,S 450 E,5
2025,9,BMW,430I XDRIVE,5
2025,9,PORSCHE,911 TARGA 4 GTS,5
2025,9,VOLKSWAGEN,TOURAN,5
2025,9,CUPRA,CUPRA LEON SP E-HYBRID200,5
2025,9,DFSK,DFSK E5,5
2025,9,KG MOBILITY,KG MOBILITY TORRES,5
2025,9,AUDI,RS Q8,5
2025,9,ADRIA,TWIN 640SLB,4
2025,9,CITROEN,JUMPY,4
2025,9,BMW,I5 XDRIVE40,4
2025,9,MERCEDES-BENZ,EQE 350 4MATIC,4
2025,9,MERCEDES-BENZ,EQV,4
2025,9,LEXUS,LEXUS UX300H,4
2025,9,TOYOTA,TOYOTA PRIUS PHEV,4
2025,9,BMW,X7 XDRIVE40I,4
2025,9,BMW,218I ACTIVE TOURER,4
2025,9,ADRIA,COMPACT DL,4
2025,9,AUDI,S5 AVANT,4
2025,9,PORSCHE,911 CARRERA,4
2025,9,NISSAN,NISSAN ARIYA,4
2025,9,MERCEDES-BENZ,GLB 180,4
2025,9,BENTLEY,CONTINENTAL GT,4
2025,9,BYD,SEAL 6 DM-I,4
2025,9,VOLKSWAGEN,ID. BUZZ PRO KR 210 KW,4
2025,9,LUCID MOTORS,AIR,4
2025,9,RENAULT,ARKANA E-TECH,4
2025,9,MERCEDES-BENZ,GLE 400 E 4MATIC COUPE,4
2025,9,LOTUS,ELETRE,4
2025,9,AUDI,Q6 SB E-TRON QUATTRO,4
2025,9,AUDI,Q5 SPORTBACK 50 TFSI E,4
2025,9,BMW,I5 M60 XDRIVE,4
2025,9,AUDI,RS E-TRON GT PERFORMANCE,4
2025,9,BMW,M340I XDRIVE,4
2025,9,CUPRA,CUPRA LEON E-HYBRID200,4
2025,9,MERCEDES-BENZ,S 580 E 4MATIC,4
2025,9,BENTLEY,CONTINENTAL GT SPEED,4
2025,9,MERCEDES-BENZ,CLE 300 E,4
2025,9,TOYOTA,PROACE,3
2025,9,BMW,Z4 M40I,3
2025,9,OPEL,VIVARO,3
2025,9,BMW,M135 XDRIVE,3
2025,9,PORSCHE,TAYCAN 4,3
2025,9,PORSCHE,PANAMERA TURBO E-HYBRID,3
2025,9,BMW,230E XDRIVE ACTIVE TOURER,3
2025,9,MERCEDES-BENZ,CLE 200,3
2025,9,CUPRA,BORN 240 KW 79/84 KWH,3
2025,9,MERCEDES-BENZ,B 180,3
2025,9,MERCEDES-BENZ,AMG CLE 53 4MATIC,3
2025,9,AUDI,Q3 200KW TFSI E,3
2025,9,AUDI,SQ6 SB E-TRON,3
2025,9,MERCEDES-BENZ,AMG G 63,3
2025,9,BMW,M3 COMPETITION M XDRIVE,3
2025,9,OPEL,E-COMBO LIFE,3
2025,9,ADRIA,CORAL 650DL,3
2025,9,AUDI,E-TRON GT,3
2025,9,BMW,330I XDRIVE,3
2025,9,ADRIA,CORAL 670DL,3
2025,9,SUZUKI,SUZUKI SWACE,3
2025,9,ABARTH,500,3
2025,9,WEINSBERG,R57,3
2025,9,MERCEDES-BENZ,GLC 300 DE 4MATIC,3
2025,9,BMW,IX2 XDRIVE30,3
2025,9,BMW,X6 XDRIVE40I M SPORT,3
2025,9,AUDI,Q5 50 TFSI E,3
2025,9,BMW,Z4 SDRIVE20I,3
2025,9,CHAUSSON,630,3
2025,9,MERCEDES-BENZ,GLB 200,3
2025,9,PORSCHE,911 CARRERA GTS,3
2025,9,BMW,220I ACTIVE TOURER,3
2025,9,ALFA ROMEO,TONALE,3
2025,9,BMW,IX M70 XDRIVE,3
2025,9,LANCIA,YPSILON,3
2025,9,MERCEDES-BENZ,CLE 180,3
2025,9,CAPRON,T67S/ T338,3
2025,9,CUPRA,CUPRA LEON,3
2025,9,AUDI,S6 AV E-TRON,3
2025,9,VOLKSWAGEN,ID.5 PRO 210KW,3
2025,9,BYD,BYD DOLPHIN,3
2025,9,MINI,JCW E,3
2025,9,SEAT,SEAT LEON,3
2025,9,MERCEDES-BENZ,E 300 DE,3
2025,9,CUPRA,FORMENTOR,2
2025,9,BMW,X2 M35I XDRIVE,2
2025,9,ADRIA,TWIN 600SPB,2
2025,9,KNAUS,R19,2
2025,9,BMW,XM LABEL,2
2025,9,CHAUSSON,X650,2
2025,9,VOLKSWAGEN,TOUAREG EHYBRID,2
2025,9,MERCEDES-BENZ,E 300 DE 4MATIC,2
2025,9,BMW,I7 EDRIVE50,2
2025,9,MERCEDES-BENZ,AMG S 63 E PERFORMANCE,2
2025,9,TOYOTA,PROACE CITY VERSO,2
2025,9,WEINSBERG,R47,2
2025,9,BURSTNER GMBH,BT6491,2
2025,9,AUDI,A6 SB E-TRON QUATTRO,2
2025,9,AUDI,A6 LIM 270KW TFSI E,2
2025,9,HYMER,B-MC T 580,2
2025,9,MG,MG CYBERSTER,2
2025,9,AUDI,A8,2
2025,9,BMW,M2,2
2025,9,MERCEDES-BENZ,EQE 500 4MATIC,2
2025,9,BYD,BYD ATTO 3,2
2025,9,VOLKSWAGEN,ID.6 CROZZ,2
2025,9,PRAGA,BOHEMA,2
2025,9,BAIC,BJ30,2
2025,9,BMW,I4 XDRIVE40,2
2025,9,POESSL,SUMMIT 600,2
2025,9,AUDI,A5 LIM 270KW TFSI E,2
2025,9,CHAUSSON,640,2
2025,9,BMW,M8 COMPETITION,2
2025,9,CAPRON,T68/ T447,2
2025,9,BMW,750E XDRIVE,2
2025,9,MC LOUIS,CARAT 870,2
2025,9,AUDI,A6 LIM 220KW TFSI E,2
2025,9,MERCEDES-BENZ,CLA 350 4MATIC,2
2025,9,NIO,FIREFLY,2
2025,9,KNAUS,R11,2
2025,9,AUDI,AUDI SQ5 SB,2
2025,9,HYMER,ML-T 580 4X4,2
2025,9,HYMER,B-MC T 600 BLACKLINE,2
2025,9,AUDI,Q5 SPORTBACK 55 TFSI E,2
2025,9,DS AUTOMOBILES,DS 3,2
2025,9,MERCEDES-BENZ,MARCO POLO,2
2025,9,ADRIA,CORAL 670SL,2
2025,9,ADRIA,TWIN MAX 680SLB,2
2025,9,BMW,M440I XDRIVE,2
2025,9,MERCEDES-BENZ,E 400 E 4MATIC,2
2025,9,VOYAH,COURAGE,2
2025,9,HYUNDAI,I 30,2
2025,9,TOURNE MOBIL,TOURNE,2
2025,9,KNAUS,R16,2
2025,9,MERCEDES-BENZ,G 500,2
2025,9,VOLKSWAGEN,ID. BUZZ GTX KR 250 KW,2
2025,9,M.A.N.,TGE,2
2025,9,AUDI,S6 SB E-TRON,2
2025,9,ERIBA,CAR 600,2
2025,9,BMW,IX3,2
2025,9,BMW,230I,2
2025,9,MERCEDES-BENZ,EQB 350 4MATIC,2
2025,9,ABARTH,600E,2
2025,9,BMW,M760E XDRIVE,2
2025,9,SUBARU,SOLTERRA,2
2025,9,VOLKSWAGEN,EVENTJE,2
2025,9,AUDI,AUDI A6 AVANT,2
2025,9,MERCEDES-BENZ,EVITO TOURER,2
2025,9,WESTFALEN MOBIL,FORD NUGGET,2
2025,9,HYUNDAI,IONIQ5 N,2
2025,9,FORD,TOURNEO CONNECT,2
2025,9,TESLA,MODEL Y,1
2025,9,DETHLEFFS,JUST T6812 EB,1
2025,9,FORD,MUSTANG,1
2025,9,BMW,I4 M50 XDRIVE,1
2025,9,HYMER,ML-T 580 XPERIENCE,1
2025,9,CARTHAGO,C1-TOURER I 145 RB-LE,1
2025,9,ADRIA,SONIC 700DL,1
2025,9,WEINSBERG,R49,1
2025,9,MORGAN,PLUS SIX SUPERSPORT,1
2025,9,SUBARU,FORESTER,1
2025,9,MERCEDES-AMG,AMG GT 63 4MATIC+,1
2025,9,FERRARI,FERRARI 12CILINDRI,1
2025,9,RENAULT,CAPTUR (E-TECH HYBRID),1
2025,9,WESTFALIA,SVEN HEDIN,1
2025,9,ALPINA,BMW ALPINA B3 GT TOURING,1
2025,9,BYD,BYD SEAL U DMI,1
2025,9,HYMER,GRAND CANYON S CROSSOVER,1
2025,9,CHRYSLER,PACIFICA,1
2025,9,HYMER,ML-T 570 CROSSOVER,1
2025,9,BENTLEY,CONTINENTAL GT MULLINER,1
2025,9,HYUNDAI,SONATA,1
2025,9,VOLKSWAGEN,TRANSPORTER CARAVELLE,1
2025,9,VOLKSWAGEN,ID.3 GTX PERF. 240 KW,1
2025,9,BMW,M240I XDRIVE,1
2025,9,PEUGEOT,E-RIFTER,1
2025,9,CAPRON,T68,1
2025,9,DETHLEFFS,GLOBEBUS I 006,1
2025,9,BMW,223 XDRIVE,1
2025,9,VOLKSWAGEN,E-VENTJE,1
2025,9,BMW,I7 XDRIVE60,1
2025,9,MASERATI,GRANCABRIO FOLGORE,1
2025,9,MERCEDES-BENZ,E220D,1
2025,9,PEUGEOT,TRAVELLER,1
2025,9,BMW,Z4 SDRIVE30I,1
2025,9,HYMER,B-ML T 780,1
2025,9,MORELO,PALACE 90 LS,1
2025,9,ADRIA,TWIN 640SGX,1
2025,9,MERCEDES-BENZ,EQS 450 4MATIC,1
2025,9,TESLA,MODEL X,1
2025,9,MERCEDES-BENZ,AMG GLC 63S E PERFORMANCE,1
2025,9,MERCEDES-AMG,AMG GT 63 S E PERFORMANCE,1
2025,9,LAIKA,ECOVIP H3109,1
2025,9,MASERATI,LEVANTE GT HYBRID,1
2025,9,AUDI,RS 6 GT AVANT,1
2025,9,FIAT,FIAT DUCATO,1
2025,9,HYMER,TRAMP S 685,1
2025,9,LAIKA,ECOVIP L3009,1
2025,9,AUDI,A7 50 TFSI E,1
2025,9,MERCEDES-BENZ,EQA 300 4MATIC,1
2025,9,CARTHAGO,C-COMPACTLINE I 143 LE,1
2025,9,CARTHAGO,MALIBU VAN 640 LE RB,1
2025,9,HONDA,CIVIC,1
2025,9,LOTUS,EMIRA,1
2025,9,ADRIA,COMPACT MAX DL,1
2025,9,SUN LIVING,V-SERIES V 60SP,1
2025,9,ERIBA,CAR 602,1
2025,9,BURSTNER GMBH,BC6421,1
2025,9,FIAT,DUCATO ADRIA TWIN 640SGX,1
2025,9,CHAUSSON,V697 FIRST LINE,1
2025,9,AUTOMOBILI LAMBORGHINI S.,REVUELTO,1
2025,9,CATERHAM CARS LTD,SEVEN S3,1
2025,9,MERCEDES-BENZ,GLA 200,1
2025,9,AUDI,S8,1
2025,9,MERCEDES-BENZ,MAYBACH EQS 680,1
2025,9,CITROEN,C4 X,1
2025,9,VOLKSWAGEN,TRANSPORTER,1
2025,9,CARTHAGO,MALIBU VAN 640  LEK GT,1
2025,9,POESSL,SUMMIT 540,1
2025,9,TESLA,MODEL S,1
2025,9,AUDI,Q5 55 TFSI E,1
2025,9,MERCEDES-BENZ,CLE 220D,1
2025,9,HYMER,B-MC T 680,1
2025,9,POSSL,SUMMIT 540,1
2025,9,KIA,EV6 GT,1
2025,9,POESSL,KW 22,1
2025,9,MERCEDES-BENZ,E 450 4MATIC ALLTERRAIN,1
2025,9,DONKERVOORT,F22,1
2025,9,EURA MOBIL,IL 720 EF,1
2025,9,CHAUSSON,777,1
2025,9,FIAT,SCUDO,1
2025,9,CARTHAGO,CHIC C-LINE I 4.9 LE L,1
2025,9,BMW,X4 XDRIVE30I,1
2025,9,BMW,M4 CS,1
2025,9,BMW,X1 SDRIVE20D,1
2025,9,ROBETA,APOLLO,1
2025,9,LEXUS,LEXUS LS500H,1
2025,9,AUTOMOBILI LAMBORGHINI S.,URUS,1
2025,9,ADRIA,MATRIX 670DC,1
2025,9,PORSCHE,718 CAYMAN GT4 RS,1
2025,9,CITROEN,E-BERLINGO,1
2025,9,BYD,TANG EV,1
2025,9,BMW,223I ACTIVE TOURER,1
2025,9,BENTLEY,BENTAYGA S HYBRID,1
2025,9,DETHLEFFS,KW 18,1
2025,9,CARTHAGO,MALIBU VAN 600 DBK GT,1
2025,9,PORSCHE,TAYCAN 4S,1
2025,9,FORD,TOURNEO COURIER,1
2025,9,WESTFALIA,N/A,1
2025,9,MINI,JCW COUNTRYMAN ALL4,1
2025,9,POLESTAR,HUISKAMP LANDAULETTE,1
2025,9,EURA MOBIL,PT 660 EB,1
2025,9,VOLKSWAGEN,ID. BUZZ PURE KR 125 KW,1
2025,9,AUDI,A6 50 TFSI E,1
2025,9,FAW,HONGQI EHS7,1
2025,9,MG,MG HS PLUG-IN HYBRID,1
2025,9,HYMER,B-MC T 680 BLACKLINE,1
2025,9,WEINSBERG,CARABUS,1
2025,9,AUDI,A6 AV E-TRON QUATTRO,1
2025,9,MERCEDES-BENZ,S 580 E MAYBACH,1
2025,9,FRANKIA,F-LINE,1
2025,9,ADRIA,CORAL MB 670DL,1
2025,9,ALFA ROMEO,GIULIA,1
2025,9,MERCEDES-BENZ,A 200,1
2025,9,DETHLEFFS,JUST T7052 EBL/DBL,1
2025,9,SUN LIVING,S-SERIES S 70SL,1
2025,9,HOBBY,T65 HFL,1
2025,9,MERCEDES-BENZ,E 450 4MATIC,1
2025,9,KNAUS,R20,1
2025,9,BURSTNER GMBH,BC6003,1
2025,9,BMW,M3 CS,1
2025,9,LAIKA,ECOVIP H4112DS,1
2025,9,ETRUSCO,I7400 SBC,1
2025,9,CS,INDEPENDENT,1
2025,9,BURSTNER GMBH,BC5003,1
2025,9,AUDI,AUDI Q5,1
2025,9,SUN LIVING,C-SERIES C 65SL,1
2025,9,MERCEDES-BENZ,AMG CLA 45 S 4MATIC+,1
2025,9,CAPRON,T58/ T135,1
2025,9,VOYAH,FREE,1
2025,9,SKODA,ENYAQ 85X,1
2025,9,WEINSBERG,R48,1
2025,9,BMW,M235 XDRIVE,1
2025,9,MERCEDES-BENZ,C 200,1
2025,9,WESTFALIA,MERIDIAN,1
2025,9,VOLKSWAGEN,ID.4 PRO 4MOTION 210KW,1
2025,9,MERCEDES-BENZ,E 200,1
2025,9,HYMER,ML-T 570 XPERIENCE,1
2025,9,MERCEDES-BENZ,GLA 250E,1
2025,9,CUPRA,CUPRA LEON SP,1
2025,9,DETHLEFFS,JUST T 7052 EB/DBM,1
2025,9,HYMER,B-MC T 580 BLACKLINE,1
2025,9,CARTHAGO,C2-TOURER I 145 RB-LE,1
2025,9,MASERATI,GRECALE FOLGORE,1
2025,9,SUN LIVING,S-SERIES S 75SL,1
2025,9,RENAULT,ARKANA,1
2025,9,HYMER,B-MC T 600,1
2025,9,AUDI,SQ6 SUV E-TRON,1
2025,9,AUDI,A6 AVANT 55 TFSI E,1
2025,9,HOBBY,T 710 GE NERO,1
2025,9,JAECOO,J7 PHEV,1
2025,9,CUPRA,BORN 170 KW 77/82 KWH,1
2025,9,VOLKSWAGEN,ID.5 PURE 125KW,1
2025,9,CHAUSSON,720,1
2025,9,POSSL,SUMMIT 640,1
2025,9,MERCEDES-BENZ,A-KLASSE,1
2025,9,KNAUS,VAN-TI,1
2025,9,FERRARI,FERRARI PUROSANGUE,1
2025,9,MERCEDES-BENZ,E 450 D 4MATIC,1
2025,9,FORD,TRANSIT,1
2025,9,CARTHAGO,CHIC E-LINE I 61 XL LE,1
2025,9,KIA,SPORTAGE AWD,1
2025,9,ROLLS ROYCE,SPECTRE,1
2025,9,BMW,220I,1
2025,9,BURSTNER GMBH,BT6905,1
2025,9,CAPRON,CVE540,1
2025,9,DETHLEFFS,JUST T7052 DBM/EB,1
2025,9,BURSTNER GMBH,BC6403,1
2025,9,CAPRON,T67/T448,1
2025,9,BMW,X7 M60I XDRIVE,1
2025,9,MERCEDES-BENZ,CLE 300 4MATIC,1
2025,9,ALFA ROMEO,STELVIO,1
2025,9,MERCEDES-BENZ,VITO,1
2025,9,BENTLEY,FLYING SPUR SPEED,1
2025,9,PORSCHE,TAYCAN TURBO S,1
2025,9,BMW,X3 XDRIVE20I,1
2025,9,LEXUS,LEXUS RZ450E,1
2025,9,BMW,216I ACTIVE TOURER,1
2025,9,NIESMANN+BISCHOFF,ARTO 88,1
2025,9,HYMER,B-MC I 680,1
2025,9,ASTON MARTIN,VANTAGE ROADSTER,1
2025,9,CARTHAGO,C1-TOURER T 145 RB-LE,1
2025,9,MERCEDES-BENZ,GLS 450 4MATIC,1
2025,9,POLESTAR,HUISKAMP GLASS,1
2025,9,RENAULT,TRAFIC,1
2025,9,KABE,KABE TMMRI 810 LXX,1
2025,9,OPEL,COMBO-E LIFE,1
2025,9,HYMER,B-MC I 600 BLACKLINE,1
2025,9,DONGFENG,FORTHING 9 HEV,1
2025,9,AUDI,RS 6 AVANT,1
2025,9,XPENG,"P7,P7I",1
2025,9,AUDI,AUDI A6 LIMOUSINE,1
2025,9,BMW,M235I XDRIVE,1
2025,9,AUDI,S E-TRON GT,1
2025,9,SUBARU,OUTBACK,1
2025,9,HYMER,B-ML I 780,1
2025,9,MERCEDES-BENZ,C 300 DE,1
2025,9,BMW,X5 M COMPETITION,1
2025,9,MC LOUIS,CARAT 873,1
2025,10,SKODA,ELROQ 85,991
2025,10,KIA,PICANTO,840
2025,10,VOLKSWAGEN,TIGUAN,734
2025,10,KIA,EV3,707
2025,10,KIA,NIRO,669
2025,10,SKODA,ELROQ 60,656
2025,10,TESLA,MODEL Y,617
2025,10,TOYOTA,TOYOTA YARIS CROSS,595
2025,10,VOLVO,XC60,586
2025,10,HYUNDAI,KONA,576
2025,10,TOYOTA,TOYOTA AYGO X,507
2025,10,SKODA,KODIAQ,484
2025,10,VOLKSWAGEN,GOLF,470
2025,10,VOLKSWAGEN,ID.4 PRO 210KW,453
2025,10,TOYOTA,TOYOTA YARIS,439
2025,10,VOLVO,EX30,436
2025,10,FORD,KUGA,428
2025,10,FORD,EXPLORER,411
2025,10,PEUGEOT,208,409
2025,10,TOYOTA,TOYOTA COROLLA,404
2025,10,VOLVO,EX40,403
2025,10,FORD,PUMA,378
2025,10,HYUNDAI,I10,378
2025,10,SUZUKI,SWIFT,372
2025,10,RENAULT,RENAULT 5 E-TECH ELECTRIC,356
2025,10,RENAULT,CLIO E-TECH HYBRID,356
2025,10,SKODA,ENYAQ 85,346
2025,10,VOLKSWAGEN,POLO,336
2025,10,VOLKSWAGEN,ID.3 PURE 125 KW,329
2025,10,OPEL,CORSA,325
2025,10,NISSAN,NISSAN QASHQAI,315
2025,10,DACIA,BIGSTER,312
2025,10,HYUNDAI,TUCSON,308
2025,10,KIA,CEED,303
2025,10,PEUGEOT,2008,301
2025,10,VOLKSWAGEN,TAYRON,295
2025,10,KIA,SPORTAGE,293
2025,10,PEUGEOT,5008,292
2025,10,DACIA,SANDERO,282
2025,10,PEUGEOT,3008,281
2025,10,AUDI,Q4 45 E-TRON,256
2025,10,OPEL,FRONTERA,250
2025,10,RENAULT,CAPTUR E-TECH HYBRID,246
2025,10,KIA,STONIC,240
2025,10,BYD,BYD SEAL U DM-I,236
2025,10,RENAULT,SCENIC E-TECH ELECTRIC,231
2025,10,VOLKSWAGEN,ID.7 TOURER PRO,224
2025,10,SKODA,OCTAVIA,221
2025,10,RENAULT,SYMBIOZ,219
2025,10,BMW,IX1 EDRIVE20,219
2025,10,HYUNDAI,INSTER,217
2025,10,BMW,X5 XDRIVE50E,215
2025,10,SEAT,IBIZA,215
2025,10,DACIA,DUSTER,195
2025,10,SKODA,KAMIQ,194
2025,10,VOLVO,XC40,193
2025,10,OPEL,GRANDLAND,191
2025,10,FIAT,PANDA,188
2025,10,TOYOTA,TOYOTA C-HR,183
2025,10,CITROEN,E-C3,183
2025,10,MERCEDES-BENZ,CLA 250+,183
2025,10,SUZUKI,VITARA,173
2025,10,CITROEN,C3,169
2025,10,PEUGEOT,308,169
2025,10,RENAULT,AUSTRAL,165
2025,10,RENAULT,RENAULT 4 E-TECH ELECTRIC,165
2025,10,POLESTAR,POLESTAR 2,162
2025,10,TOYOTA,TOYOTA RAV4,159
2025,10,SEAT,SEAT LEON SP E-HYBRID150,159
2025,10,BMW,X3 30E XDRIVE,157
2025,10,AUDI,A6 AV E-TRON,151
2025,10,MAZDA,MAZDA 6E,149
2025,10,SKODA,FABIA,146
2025,10,BMW,I5 EDRIVE40,144
2025,10,MAZDA,MAZDA CX-60,143
2025,10,JEEP,AVENGER,143
2025,10,LYNK&CO,LYNK & CO 01,141
2025,10,MINI,ACEMAN E,138
2025,10,AUDI,A3 SPORTBACK PHEV 150,136
2025,10,CITROEN,C3 AIRCROSS,135
2025,10,CUPRA,TAVASCAN,132
2025,10,SKODA,ELROQ 50,130
2025,10,XPENG,G6,128
2025,10,BMW,X1 XDRIVE25E,128
2025,10,DACIA,JOGGER,127
2025,10,MERCEDES-BENZ,EQB 250+,124
2025,10,VOLVO,V60,120
2025,10,POLESTAR,POLESTAR 4,118
2025,10,LAND ROVER,RANGE ROVER SPORT,116
2025,10,FORD,CAPRI,111
2025,10,BMW,120,111
2025,10,ALFA ROMEO,ALFA ROMEO JUNIOR,109
2025,10,MAZDA,MAZDA CX-30,107
2025,10,KIA,EV4,106
2025,10,CUPRA,TERRAMAR E-HYBRID,104
2025,10,VOLKSWAGEN,CADDY,103
2025,10,ZEEKR,7X,103
2025,10,MERCEDES-BENZ,GLA 250 E,100
2025,10,VOLKSWAGEN,T-ROC,97
2025,10,OPEL,MOKKA,96
2025,10,SKODA,SUPERB,96
2025,10,MERCEDES-BENZ,GLC 300 E 4MATIC,95
2025,10,RENAULT,MEGANE E-TECH ELECTRIC,94
2025,10,MINI,COUNTRYMAN E,93
2025,10,OPEL,ASTRA SPORTS TOURER,92
2025,10,VOLKSWAGEN,TAIGO,90
2025,10,MERCEDES-BENZ,CLA 250 E,90
2025,10,AUDI,Q6 SUV E-TRON,90
2025,10,LAND ROVER,DEFENDER,90
2025,10,VOLKSWAGEN,PASSAT,88
2025,10,MERCEDES-BENZ,EQA 250+,88
2025,10,VOLVO,XC90,87
2025,10,VOLKSWAGEN,ID.3 PRO S 150 KW,87
2025,10,VOLKSWAGEN,ID.7 TOURER PRO S,87
2025,10,AUDI,A6 SB E-TRON,86
2025,10,MITSUBISHI,ASX,85
2025,10,AUDI,Q4 SPORTBACK 45 E-TRON,84
2025,10,CUPRA,FORMENTOR E-HYBRID,84
2025,10,SEAT,ARONA,83
2025,10,AUDI,A5 AVANT 220KW TFSI E,83
2025,10,MAZDA,MAZDA3,83
2025,10,AUDI,Q4 40 E-TRON,83
2025,10,VOLKSWAGEN,T-CROSS,82
2025,10,CUPRA,BORN 170 KW 79/84 KWH,81
2025,10,MINI,COOPER C,80
2025,10,VOLKSWAGEN,ID.3 PRO 150 KW,80
2025,10,VOLVO,EC40,79
2025,10,LEAPMOTOR,T03,77
2025,10,BMW,530E,76
2025,10,HYUNDAI,I20,76
2025,10,CITROEN,C5 AIRCROSS,75
2025,10,RENAULT,CLIO,75
2025,10,BMW,330E,74
2025,10,AUDI,Q6 SUV E-TRON PERFORMANCE,69
2025,10,CUPRA,BORN 170 KW 60/63 KWH,69
2025,10,DACIA,SPRING,68
2025,10,FORD,FOCUS,68
2025,10,KIA,EV6,67
2025,10,MAZDA,MAZDA2 HYBRID,67
2025,10,LYNK&CO,LYNK & CO 08,66
2025,10,SUZUKI,S-CROSS,65
2025,10,BMW,I4 EDRIVE40,65
2025,10,AUDI,Q5 270KW TFSI E,63
2025,10,JAECOO,JAECOO7 PHEV,63
2025,10,DONGFENG,BOX,62
2025,10,MERCEDES-BENZ,C 300 E,60
2025,10,SKODA,KAROQ,60
2025,10,FIAT,600,59
2025,10,SEAT,SEAT LEON SP,59
2025,10,HONDA,JAZZ,58
2025,10,AUDI,Q3 200KW TFSI E,58
2025,10,MERCEDES-BENZ,A 250 E,57
2025,10,LYNK&CO,LYNK & CO 02,56
2025,10,BYD,SEAL U DM-I,55
2025,10,SKODA,ENYAQ 60,55
2025,10,HYUNDAI,SANTA FE,55
2025,10,MINI,COOPER SE,55
2025,10,BMW,IX2 EDRIVE20,54
2025,10,MITSUBISHI,MITSUBISHI OUTLANDER,53
2025,10,MG,MG ZS,53
2025,10,SKODA,SCALA,52
2025,10,VOLVO,EX90,52
2025,10,HYUNDAI,IONIQ5,51
2025,10,MINI,ACEMAN SE,50
2025,10,XPENG,G9,50
2025,10,RENAULT,ESPACE,50
2025,10,MG,MG3 HYBRID+,49
2025,10,VOLKSWAGEN,ID.7 PRO,49
2025,10,BYD,BYD SEALION 7,48
2025,10,BMW,550E XDRIVE,47
2025,10,CITROEN,C4,47
2025,10,BYD,BYD SEAL U,47
2025,10,VOLKSWAGEN,MULTIVAN,47
2025,10,AUDI,A6 AVANT 270KW TFSI E,47
2025,10,MINI,COOPER E,45
2025,10,LEXUS,LEXUS LBX,45
2025,10,AUDI,A3 SPORTBACK PHEV 200,45
2025,10,BMW,I4 EDRIVE35,44
2025,10,MERCEDES-BENZ,E 300 E,44
2025,10,TOYOTA,TOYOTA BZ4X,44
2025,10,CUPRA,CUPRA LEON SP E-HYBRID150,44
2025,10,BMW,M5,43
2025,10,LEAPMOTOR,C10,43
2025,10,AUDI,Q5 SB 270KW TFSI E,43
2025,10,AUDI,Q2,42
2025,10,FORD,TRANSIT CUSTOM,41
2025,10,VOLKSWAGEN,ID.4 PURE 125KW,40
2025,10,CITROEN,E-C4,40
2025,10,LAND ROVER,RANGE ROVER EVOQUE,40
2025,10,LEAPMOTOR,B10,39
2025,10,AUDI,A1 SPORTBACK,39
2025,10,MINI,COUNTRYMAN C,39
2025,10,AUDI,A6 AV E-TRON PERFORMANCE,37
2025,10,KIA,SORENTO,36
2025,10,AUDI,Q5 220KW TFSI E,36
2025,10,PORSCHE,CAYENNE E-HYBRID,36
2025,10,RENAULT,CAPTUR,36
2025,10,MERCEDES-BENZ,EQS 350,36
2025,10,CITROEN,E-C3 AIRCROSS,35
2025,10,PORSCHE,MACAN 4,35
2025,10,AUDI,A3 LIMOUSINE,34
2025,10,FORD,MUSTANG MACH-E,34
2025,10,ZEEKR,001,34
2025,10,MG,MG S5 EV,34
2025,10,VOLKSWAGEN,ID. BUZZ PRO LR 210 KW,34
2025,10,AUDI,Q6 SB E-TRON,33
2025,10,MERCEDES-BENZ,GLC 400 E 4MATIC,33
2025,10,AUDI,Q6 SB E-TRON PERFORMANCE,31
2025,10,LEXUS,LEXUS NX450H+,31
2025,10,CUPRA,BORN 150 KW 60/63 KWH,30
2025,10,VOLVO,EX30 CROSS COUNTRY,30
2025,10,AUDI,Q4 SPORTBACK 40 E-TRON,30
2025,10,NISSAN,NISSAN JUKE,30
2025,10,SEAT,SEAT ATECA,30
2025,10,MINI,COUNTRYMAN SE ALL4,29
2025,10,AUDI,Q8 60 TFSI E,29
2025,10,SMART,#3,29
2025,10,KIA,EV9,29
2025,10,HONDA,HR-V,29
2025,10,MERCEDES-BENZ,EQE 300,28
2025,10,OPEL,ASTRA,28
2025,10,MINI,COOPER S,28
2025,10,MITSUBISHI,COLT,28
2025,10,VOLKSWAGEN,ID.7 PRO S,28
2025,10,SMART,#5,28
2025,10,BYD,BYD SEAL,28
2025,10,MERCEDES-BENZ,GLE 400 E 4MATIC,27
2025,10,BMW,220,27
2025,10,VOLKSWAGEN,TOUAREG R,27
2025,10,PEUGEOT,408,26
2025,10,BYD,BYD DOLPHIN SURF,26
2025,10,FIAT,500,26
2025,10,LAND ROVER,RANGE ROVER,25
2025,10,ZEEKR,X,25
2025,10,HYUNDAI,BAYON,25
2025,10,TESLA,MODEL 3,24
2025,10,PORSCHE,MACAN,24
2025,10,MAZDA,MAZDA CX-80,23
2025,10,AUDI,A5 AVANT 270KW TFSI E,23
2025,10,DS AUTOMOBILES,N 4,23
2025,10,AUDI,Q8 55 TFSI E,23
2025,10,BMW,X1 XDRIVE30E,23
2025,10,RENAULT,RAFALE,23
2025,10,SEAT,SEAT LEON E-HYBRID150,23
2025,10,VOLVO,V90,22
2025,10,MERCEDES-BENZ,SPRINTER,21
2025,10,HYUNDAI,IONIQ6,21
2025,10,AUDI,Q7 55 TFSI E,21
2025,10,BYD,SEAL 6 DM-I TOURING,21
2025,10,AUDI,A6 AVANT 220KW TFSI E,21
2025,10,BYD,BYD ATTO 2,21
2025,10,BMW,X2 SDRIVE20I,20
2025,10,LAND ROVER,DISCOVERY SPORT,20
2025,10,AUDI,A5 LIM 220KW TFSI E,20
2025,10,BMW,IX XDRIVE45,19
2025,10,AUDI,Q6 SUV E-TRON QUATTRO,19
2025,10,MERCEDES-BENZ,B 250 E,19
2025,10,VOLKSWAGEN,CALIFORNIA,19
2025,10,HONDA,CIVIC,18
2025,10,JAECOO,JAECOO7,18
2025,10,BMW,IX1 XDRIVE30,18
2025,10,ALPINE,A290,18
2025,10,BMW,318I,17
2025,10,PORSCHE,PANAMERA 4 E-HYBRID,17
2025,10,MG,MG HS,17
2025,10,MERCEDES-BENZ,VITO TOURER,17
2025,10,MERCEDES-BENZ,A 180,17
2025,10,DFSK,DFSK E5,17
2025,10,POLESTAR,POLESTAR 3,17
2025,10,OMODA,OMODA 9,16
2025,10,HYUNDAI,IONIQ 9,16
2025,10,AUDI,Q5 SB 220KW TFSI E,16
2025,10,MERCEDES-BENZ,EVITO TOURER,16
2025,10,CUPRA,CUPRA LEON SP E-HYBRID200,16
2025,10,MERCEDES-BENZ,AMG GLE 53 HYBRID,15
2025,10,SMART,#1,15
2025,10,AUDI,A5 AVANT,15
2025,10,PORSCHE,CAYENNE TURBO E-HYBRID,15
2025,10,LANCIA,YPSILON,15
2025,10,MERCEDES-BENZ,GLA 180,15
2025,10,PORSCHE,CAYENNE S E-HYBRID,15
2025,10,AUDI,A6 AV E-TRON QUATTRO,14
2025,10,AUDI,A6 SB E-TRON PERFORMANCE,14
2025,10,SKODA,ENYAQ RS,14
2025,10,HONDA,CR-V,14
2025,10,NISSAN,NISSAN ARIYA,14
2025,10,FORD,TOURNEO CUSTOM,14
2025,10,MINI,COUNTRYMAN S ALL4,13
2025,10,BMW,420I,13
2025,10,LEXUS,LEXUS UX300H,13
2025,10,NISSAN,NISSAN X-TRAIL,13
2025,10,PORSCHE,911 CARRERA 4 GTS,12
2025,10,VOLKSWAGEN,ID. BUZZ PRO KR 210 KW,12
2025,10,BYD,ATTO 3,12
2025,10,BMW,520I,12
2025,10,VOLKSWAGEN,ID.7 TOURER GTX,12
2025,10,JEEP,RENEGADE,12
2025,10,LAMBORGHINI,URUS,12
2025,10,DS,DS7,12
2025,10,MERCEDES-BENZ,AMG E 53 HYBRID,12
2025,10,BMW,IX XDRIVE60,12
2025,10,SKODA,ELROQ RS,12
2025,10,BMW,X1 SDRIVE20I,12
2025,10,MITSUBISHI,GRANDIS,12
2025,10,MITSUBISHI,ECLIPSE CROSS,12
2025,10,MERCEDES-BENZ,EQS 450+,11
2025,10,PORSCHE,MACAN TURBO,11
2025,10,PORSCHE,MACAN 4S,11
2025,10,MG,MG HS HYBRID+,11
2025,10,OPEL,E-COMBO LIFE,11
2025,10,BMW,X7 XDRIVE40I,11
2025,10,CUPRA,CUPRA LEON E-HYBRID150,10
2025,10,OPEL,VIVARO,10
2025,10,MERCEDES-BENZ,G 580,10
2025,10,KIA,XCEED,10
2025,10,MG,MG4 ELECTRIC,10
2025,10,VOLKSWAGEN,ID.4 PRO 4MOTION 210KW,10
2025,10,MERCEDES-BENZ,AMG GLE 53 HYBRID COUPE,10
2025,10,AUDI,A3 ALLSTREET PHEV 150,10
2025,10,BMW,225E XDRIVE ACTIVE TOURER,10
2025,10,AUDI,A5 LIMOUSINE,10
2025,10,LEXUS,LEXUS RZ300E,10
2025,10,AUDI,Q5 SPORTBACK 50 TFSI E,9
2025,10,MERCEDES-BENZ,GLB 200,9
2025,10,HONDA,ZR-V,9
2025,10,NIO,FIREFLY,9
2025,10,AUDI,A6 LIM 220KW TFSI E,9
2025,10,MERCEDES-BENZ,EQE 350+,9
2025,10,LAND ROVER,RANGE ROVER VELAR,9
2025,10,BMW,750E XDRIVE,9
2025,10,BMW,XM 50E,9
2025,10,AUDI,Q5 50 TFSI E,9
2025,10,BMW,330E XDRIVE,8
2025,10,ABARTH,500,8
2025,10,CUPRA,CUPRA LEON E-HYBRID200,8
2025,10,MERCEDES-BENZ,CLA 180,8
2025,10,CITROEN,JUMPER,8
2025,10,BMW,I5 XDRIVE40,8
2025,10,VOLKSWAGEN,ID.3 GTX PERF. 240 KW,8
2025,10,BMW,I4 M60 XDRIVE,8
2025,10,SEAT,SEAT LEON,8
2025,10,MERCEDES-BENZ,C 180,8
2025,10,BMW,X1 SDRIVE18I,7
2025,10,ADRIA,TWIN 640SLB,7
2025,10,MINI,JCW,7
2025,10,BMW,320I,7
2025,10,CITROEN,E-C4 X,7
2025,10,VOLKSWAGEN,ID. BUZZ,7
2025,10,LEXUS,LEXUS ES300H,7
2025,10,FIAT,FIAT DUCATO,6
2025,10,VOLKSWAGEN,ID. BUZZ GTX LR 250 KW,6
2025,10,JEEP,GRAND CHEROKEE,6
2025,10,VOLKSWAGEN,CRAFTER,6
2025,10,JEEP,WRANGLER UNLIMITED,6
2025,10,ALFA ROMEO,TONALE,6
2025,10,AUTOMOBILI LAMBORGHINI S.,URUS,6
2025,10,AUDI,Q7 60 TFSI E,6
2025,10,BMW,M760E XDRIVE,6
2025,10,FIAT,600E,6
2025,10,LEXUS,LEXUS RX450H+,6
2025,10,BMW,123 XDRIVE,6
2025,10,VOYAH,COURAGE,6
2025,10,NIO,ET5 TOURING,6
2025,10,MERCEDES-BENZ,ESPRINTER,6
2025,10,PORSCHE,PANAMERA 4S E-HYBRID,5
2025,10,AUDI,A5 LIM 270KW TFSI E,5
2025,10,KG MOBILITY,TORRES EVX,5
2025,10,AUDI,S5 AVANT,5
2025,10,POESSL,SUMMIT 640,5
2025,10,BMW,M135 XDRIVE,5
2025,10,WEINSBERG,R47,5
2025,10,BMW,530E XDRIVE,5
2025,10,LOTUS,ELETRE,5
2025,10,MERCEDES-BENZ,GLE 400 E 4MATIC COUPE,5
2025,10,AUDI,SQ6 SB E-TRON,5
2025,10,BMW,218I ACTIVE TOURER,5
2025,10,SUZUKI,SUZUKI SWACE,5
2025,10,FERRARI,296 GTS,5
2025,10,POESSL,SUMMIT 600,5
2025,10,AUDI,SQ6 SUV E-TRON,5
2025,10,PEUGEOT,508,5
2025,10,AUDI,A6 LIM 270KW TFSI E,4
2025,10,PORSCHE,TAYCAN,4
2025,10,ABARTH,600E,4
2025,10,TESLA,MODEL S,4
2025,10,FERRARI,FERRARI ROMA SPIDER,4
2025,10,VOLKSWAGEN,ID. BUZZ PURE KR 125 KW,4
2025,10,MINI,JCW ACEMAN E,4
2025,10,MINI,JCW E,4
2025,10,CITROEN,C5 X,4
2025,10,AUDI,A6 SB E-TRON QUATTRO,4
2025,10,VOLKSWAGEN,ID.5 PRO 210KW,4
2025,10,MERCEDES-BENZ,EQE 350 4MATIC,4
2025,10,MERCEDES-BENZ,GLB 180,4
2025,10,BMW,220I,4
2025,10,BMW,X3 M50 XDRIVE,4
2025,10,BMW,X3 20 XDRIVE,4
2025,10,MERCEDES-BENZ,V-KLASSE,4
2025,10,MAZDA,MAZDA MX-30,4
2025,10,MERCEDES-BENZ,B 180,4
2025,10,BMW,IX2 XDRIVE30,4
2025,10,TOYOTA,TOYOTA PRIUS PHEV,4
2025,10,CITROEN,JUMPY,4
2025,10,KNAUS,R05,4
2025,10,PORSCHE,911 TARGA 4 GTS,4
2025,10,BMW,430I XDRIVE,4
2025,10,HYUNDAI,I 30,4
2025,10,MERCEDES-BENZ,C 300 DE,3
2025,10,BYD,SEAL 6 DM-I,3
2025,10,BMW,X1 XDRIVE23I,3
2025,10,CUPRA,BORN 240 KW 79/84 KWH,3
2025,10,HYMER,GRAND CANYON,3
2025,10,BMW,M240I XDRIVE,3
2025,10,MERCEDES-BENZ,E 450 4MATIC,3
2025,10,PORSCHE,TAYCAN 4,3
2025,10,CITROEN,C4 X,3
2025,10,MERCEDES-BENZ,E 400 E 4MATIC,3
2025,10,MERCEDES-AMG,AMG PURESPEED,3
2025,10,WEINSBERG,R57,3
2025,10,BENTLEY,CONTINENTAL GT,3
2025,10,BMW,I5 M60 XDRIVE,3
2025,10,MERCEDES-BENZ,AMG S 63 E PERFORMANCE,3
2025,10,MINI,JCW COUNTRYMAN ALL4,3
2025,10,MERCEDES-BENZ,VITO,3
2025,10,MERCEDES-BENZ,EQS 450 4MATIC,3
2025,10,VOLKSWAGEN,TOUAREG EHYBRID,3
2025,10,PORSCHE,911 CARRERA,3
2025,10,BMW,220I ACTIVE TOURER,3
2025,10,PORSCHE,PANAMERA TURBO S E-HYBRID,3
2025,10,ERIBA,CAR 600,3
2025,10,BYD,BYD DOLPHIN,3
2025,10,BMW,M3 COMPETITION M XDRIVE,3
2025,10,DS AUTOMOBILES,DS 3,3
2025,10,CUPRA,CUPRA LEON SP,3
2025,10,BMW,X6 XDRIVE40I M SPORT,3
2025,10,TOYOTA,PROACE,3
2025,10,WESTFALEN MOBIL,FORD NUGGET,3
2025,10,KG MOBILITY,KG MOBILITY TORRES,3
2025,10,MERCEDES-BENZ,CLE 300 E,3
2025,10,AUDI,RS 3 SPORTBACK,3
2025,10,BMW,540D XDRIVE,3
2025,10,AUDI,E-TRON GT,3
2025,10,BMW,M340I XDRIVE,3
2025,10,ADRIA,CORAL 650DL,3
2025,10,MERCEDES-BENZ,S 450 E,3
2025,10,MERCEDES-BENZ,A 200,2
2025,10,MERCEDES-BENZ,GLE 350 DE 4MATIC,2
2025,10,BMW,223 XDRIVE,2
2025,10,AUDI,A6 AVANT,2
2025,10,CARTHAGO,MALIBU VAN 640 LE K GT,2
2025,10,KNAUS,R11,2
2025,10,GORDON MURRAY AUTOMOTIVE,T.50,2
2025,10,TESLA,MODEL X,2
2025,10,HYMER,B-MC I 680,2
2025,10,CARTHAGO,CHIC C-LINE I 5.0 QB L,2
2025,10,BMW,IX M70 XDRIVE,2
2025,10,DS,DS4,2
2025,10,BMW,X3 40D XDRIVE,2
2025,10,PORSCHE,TAYCAN GTS,2
2025,10,HYMER,ML-T 580 4X4,2
2025,10,VOLKSWAGEN,TOURAN,2
2025,10,SUBARU,FORESTER,2
2025,10,TOURNE MOBIL,TOURNE,2
2025,10,BENTLEY,CONTINENTAL GT SPEED,2
2025,10,NIO,ET5,2
2025,10,FISKER,OCEAN,2
2025,10,DETHLEFFS,T7052 EB,2
2025,10,CHAUSSON,777,2
2025,10,CAPRON,T69LC/ T459,2
2025,10,BYD,TANG EV,2
2025,10,MORELO,PALACE 88 LB,2
2025,10,CUPRA,FORMENTOR,2
2025,10,CUPRA,TERRAMAR,2
2025,10,AUDI,Q6 SB E-TRON QUATTRO,2
2025,10,PEUGEOT,EXPERT,2
2025,10,AUDI,S5 LIMOUSINE,2
2025,10,HYMER,B-MC T 600,2
2025,10,TOYOTA,PROACE TAXI,2
2025,10,KG MOBILITY,KG MOBILITY TORRES EVX,2
2025,10,MERCEDES-BENZ,AMG G 63,2
2025,10,BMW,XM LABEL,2
2025,10,AUDI,Q3 SB 200KW TFSI E,2
2025,10,MERCEDES-BENZ,G 500,2
2025,10,HYMER,YELLOWSTONE,2
2025,10,CARTHAGO,CHIC C-LINE I 4.9 LE L,2
2025,10,CAPRON,CVE 600,2
2025,10,MG,MG HS PLUG-IN HYBRID,2
2025,10,BMW,X2 M35I XDRIVE,2
2025,10,BMW,Z4 SDRIVE30I,2
2025,10,WESTFALIA,N/A,2
2025,10,ADRIA,TWIN 640SGX,2
2025,10,AUDI,A1 ALLSTREET,2
2025,10,AUDI,Q5,2
2025,10,VOLKSWAGEN,VENTJE,2
2025,10,ADRIA,CORAL MB 670DL,2
2025,10,BMW,I4 XDRIVE40,2
2025,10,ASTON MARTIN,VANQUISH,2
2025,10,MERCEDES-BENZ,E 300 E 4MATIC,2
2025,10,CHAUSSON,630,2
2025,10,VOLKSWAGEN,ID.4 GTX 250KW,2
2025,10,ALPINE,A110,2
2025,10,HYMER,ML-T 580,2
2025,10,BMW,230E XDRIVE ACTIVE TOURER,2
2025,10,FORD,TOURNEO COURIER,2
2025,10,AUDI,A6 AVANT 55 TFSI E,2
2025,10,AUDI,AUDI SQ5,2
2025,10,NIO,EL8,2
2025,10,AUDI,A3 SPORTBACK,1
2025,10,FORD,TOURNEO CONNECT,1
2025,10,HYMER,B-MC T 600 WHITELINE,1
2025,10,CARTHAGO,MALIBU GENIUS 641 LE,1
2025,10,KNAUS,R19,1
2025,10,BMW,IX M60,1
2025,10,CHAUSSON,640,1
2025,10,DETHLEFFS,KW 600,1
2025,10,WEINSBERG,R58,1
2025,10,CAPRON,T67/ T448,1
2025,10,CARTHAGO,MALIBU VAN 640 LERB GT,1
2025,10,RAPIDO,N/A,1
2025,10,LAMBORGHINI,REVUELTO,1
2025,10,ETRUSCO,CV 600 DF,1
2025,10,CARTHAGO,MALIBU I 441 LE,1
2025,10,VOLVO,C40,1
2025,10,PORSCHE,911 GT3,1
2025,10,PORSCHE,911 CARRERA 4S,1
2025,10,FERRARI,FERRARI 12CILINDRI SPIDER,1
2025,10,BMW,X7 M60I XDRIVE,1
2025,10,ASTON MARTIN,VANQUISH VOLANTE,1
2025,10,LUCID MOTORS,AIR,1
2025,10,MERCEDES-BENZ,E 300 DE 4MATIC,1
2025,10,PORSCHE,PANAMERA GTS,1
2025,10,AUDI,Q3 SPORTBACK,1
2025,10,KNAUS,R03,1
2025,10,RAPIDO,C55I,1
2025,10,BENTLEY,CONTINENTAL GTC MULLINER,1
2025,10,WEINSBERG,R48,1
2025,10,VOLVO,SUV,1
2025,10,FRANKIA,F-LINE,1
2025,10,AUDI,Q3,1
2025,10,FAW,HONGQI EHS7,1
2025,10,VOLKSWAGEN,ID. BUZZ CARGO MODIFIED PARTITION WALL,1
2025,10,FORD,MUSTANG,1
2025,10,RENAULT,MASTER,1
2025,10,CATERHAM CARS LTD,SEVEN S3 (ZA VARIANT),1
2025,10,ADRIA,CORAL 670DL,1
2025,10,BURSTNER GMBH,BT6909,1
2025,10,BMW,M2,1
2025,10,ROLLS ROYCE,PHANTOM,1
2025,10,CARTHAGO,CHIC C-LINE I 5.9 XL LE,1
2025,10,VOLKSWAGEN,ATLAS,1
2025,10,BURSTNER GMBH,BC5003,1
2025,10,ALPINE,A110R,1
2025,10,VOLKSWAGEN,TRANSPORTER,1
2025,10,MASERATI,GRAN TURISMO FOLGORE,1
2025,10,ADRIA,CORAL 670SL,1
2025,10,LAIKA,ECOVIP L2009,1
2025,10,BMW,Z4 M40I,1
2025,10,AUDI,A7 55 TFSI E,1
2025,10,TOYOTA,PROACE CITY VERSO ELECTRIC,1
2025,10,BENTLEY,CONTINENTAL GT AZURE,1
2025,10,BMW,I7 EDRIVE50,1
2025,10,HYUNDAI,"KONA, KAUAI",1
2025,10,LMC,1055,1
2025,10,VOLKSWAGEN,EVENTJE,1
2025,10,MERCEDES-BENZ,GLA 200,1
2025,10,VOLKSWAGEN,TRANSPORTER CARAVELLE,1
2025,10,HYMER,B-ML T 780,1
2025,10,CARTHAGO,MALIBU VAN 640 LE GT,1
2025,10,ADRIA,COMPACT DL,1
2025,10,BYD,BYD SEAL U DMI,1
2025,10,LMC,C600,1
2025,10,BURSTNER GMBH,BT6841,1
2025,10,RENAULT,ARKANA E-TECH,1
2025,10,ADRIA,MATRIX 650DC,1
2025,10,BMW,I7 XDRIVE60,1
2025,10,HYUNDAI,TUCSON IX35,1
2025,10,FIAT,SCUDO,1
2025,10,AUDI,AUDI A6 AVANT,1
2025,10,ADRIA,TWIN MAX 680SLB,1
2025,10,AUDI,A6 AVANT 50 TFSI E,1
2025,10,FERRARI,296 GTB,1
2025,10,WESTFALIA,MERIDIAN,1
2025,10,ROLLS ROYCE,BLACK BADGE CULLINAN,1
2025,10,HOBBY,V65 GE,1
2025,10,BENTLEY,CONTINENTAL GTC SPEED,1
2025,10,SUN LIVING,S-SERIES S 72DL,1
2025,10,BMW,M4 COMPETITION M XDRIVE,1
2025,10,BMW,X5 XDRIVE40D,1
2025,10,PEUGEOT,E-RIFTER,1
2025,10,MERCEDES-BENZ,EQB 300 4MATIC,1
2025,10,VOLKSWAGEN,ID.7 GTX,1
2025,10,SUN LIVING,C-SERIES C 70DL,1
2025,10,ALFA ROMEO,STELVIO QUADRIFOGLIO,1
2025,10,PORSCHE,911 GT3 RS,1
2025,10,ADRIA,MATRIX 670SL,1
2025,10,CARTHAGO,CHIC E-LINE I 50 LE,1
2025,10,DETHLEFFS,JUST T 7052 EB/DBM,1
2025,10,BMW,X5 M COMPETITION,1
2025,10,CARTHAGO,CHIC C-LINE I 4.9 LE,1
2025,10,BYD,SEAL U,1
2025,10,BENTLEY,CONTINENTAL GT MULLINER,1
2025,10,DETHLEFFS,JUST T7052 DBM/EB,1
2025,10,BMW,Z4 SDRIVE20I,1
2025,10,HYMER,B-ML I 890,1
2025,10,NISSAN,TOWNSTAR,1
2025,10,LAIKA,KREOS L5009,1
2025,10,SUBARU,OUTBACK,1
2025,10,VOYAH,FREE,1
2025,10,ETRUSCO,600 DB,1
2025,10,MERCEDES-AMG,AMG GT 63 4MATIC+,1
2025,10,CAPRON,CV 590C,1
2025,10,HYUNDAI,TUSCON,1
2025,10,AUDI,S E-TRON GT,1
2025,10,BMW,I7 M70 XDRIVE,1
2025,10,RAPIDO,666F,1
2025,10,OPEL,COMBO-E LIFE,1
2025,10,RENAULT,CLIO (E-TECH HYBRID),1
2025,10,MERCEDES-BENZ,B180,1
2025,10,RENAULT,ANTILOPEVAN FLEXPLUS,1
2025,10,VOLKSWAGEN,E-VENTJE,1
2025,10,LMC,T662,1
2025,10,ARCA,AMERICA P 745 GLG,1
2025,10,BMW,X1 M35I XDRIVE,1
2025,10,BMW,I4 M50 XDRIVE,1
2025,10,BMW,X4 XDRIVE20I,1
2025,10,CAPRON,T690L/T449T,1
2025,10,TOYOTA,LAND CRUISER I - FORCE MAX,1
2025,10,MERCEDES-BENZ,EQC 400 4MATIC,1
2025,10,MG,MG CYBERSTER,1
2025,10,FIAT,PANDINA,1
2025,10,CAPRON,T67S/ T338,1
2025,10,MG,MG SZ,1
2025,10,AUDI,S6 AV E-TRON,1
2025,10,CAPRON,CVE 640,1
2025,10,LAIKA,ECOVIP L4009,1
2025,10,BENIMAR,YRTEO 840,1
2025,10,BURSTNER GMBH,BT6915,1
2025,10,SEAT,LEON,1
2025,10,ETRUSCO,T7400 SB,1
2025,10,CUPRA,CUPRA LEON,1
2025,10,MAZDA,MAZDA MX-5,1
2025,10,ROLLS-ROYCE,BLACK BADGE SPECTRE,1
2025,10,BMW,218I,1
2025,10,CARTHAGO,C1-TOURER T 143 KB-LE,1
2025,10,EURA MOBIL,XTURA 686 EF,1
2025,10,HYMER,B-MC I 600 BLACKLINE,1
2025,10,HYMER,FREE S 600,1
2025,10,PORSCHE,911 CARRERA GTS,1
2025,10,MINI,COOPER,1
2025,10,WEINSBERG,R46,1
2025,10,KABE,KABE TMMI 810 LGB,1
2025,10,NIESMANN+BISCHOFF,ARTO 88,1
2025,10,LAIKA,KOSMO L409,1
2025,10,MEGA MOBIL,MEGA LOUNGE 640,1
2025,10,HYUNDAI,IONIQ5 N,1
2025,10,MERCEDES-BENZ,CLE 180,1
2025,10,CARTHAGO,MALIBU VAN 640 LEK GT,1
2025,10,PORSCHE,PANAMERA TURBO E-HYBRID,1
2025,10,WEINSBERG,R50,1
2025,10,BENTLEY,FLYING SPUR SPEED,1
2025,10,YUEDA-HUMAN HORIZONS,HIPHI Z,1
2025,10,EURA MOBIL,IL 720 EF,1
2025,10,FERRARI,SF90 XX STRADALE,1
2025,10,CAPRON,V66/ V337,1
2025,10,MERCEDES-BENZ,EQS 500 4MATIC,1
2025,10,BENTLEY,BENTAYGA S HYBRID,1
2025,10,CAPRON,T68C/T457,1
2025,10,ADRIA,TWIN 540SP,1
2025,10,ADRIA,TWIN 600SPB,1
2025,10,BMW,840I,1
2025,10,SKODA,ENYAQ 50,1
2025,10,BMW,M4 CS,1
2025,10,BMW,IX3,1
2025,10,HYUNDAI,SUV,1
2025,10,HYMER,B-MC T 680 BLACKLINE,1
2025,10,CARTHAGO,C-COMPACTLINE I 141 LE,1
2025,10,BMW,M235 XDRIVE,1
2025,10,MERCEDES-BENZ,GLC 300 4MATIC,1
2025,10,AUDI,S6 SB E-TRON,1
2025,10,MERCEDES-BENZ,E 300 DE,1
2025,10,CHAUSSON,650,1
2025,10,ROLLS ROYCE,BLACK BADGE GHOST,1
2025,10,HYMER,AYERS ROCK,1
2025,10,MERCEDES-BENZ,GLC 200 4MATIC,1
2025,10,FORD,BRONCO,1
2025,10,BYD,BYD SEAL 6 DM-I,1
2025,11,KIA,EV3,978
2025,11,TESLA,MODEL 3,898
2025,11,SKODA,ELROQ 85,808
2025,11,VOLVO,EX30,729
2025,11,TESLA,MODEL Y,714
2025,11,RENAULT,CLIO E-TECH HYBRID,696
2025,11,RENAULT,RENAULT 5 E-TECH ELECTRIC,651
2025,11,TOYOTA,TOYOTA YARIS CROSS,618
2025,11,SUZUKI,SWIFT,562
2025,11,VOLKSWAGEN,ID.4 PRO 210KW,555
2025,11,SKODA,ELROQ 60,509
2025,11,HYUNDAI,KONA,481
2025,11,VOLKSWAGEN,TIGUAN,474
2025,11,TOYOTA,TOYOTA YARIS,455
2025,11,KIA,NIRO,443
2025,11,VOLKSWAGEN,ID.7 TOURER PRO,430
2025,11,FORD,PUMA,394
2025,11,FORD,KUGA,385
2025,11,VOLKSWAGEN,POLO,369
2025,11,VOLVO,EX40,369
2025,11,MERCEDES-BENZ,CLA 250+,366
2025,11,VOLKSWAGEN,GOLF,358
2025,11,RENAULT,SCENIC E-TECH ELECTRIC,353
2025,11,TOYOTA,TOYOTA AYGO X,349
2025,11,FORD,EXPLORER,347
2025,11,PEUGEOT,208,346
2025,11,BMW,IX1 EDRIVE20,345
2025,11,RENAULT,CAPTUR E-TECH HYBRID,343
2025,11,KIA,PICANTO,327
2025,11,AUDI,Q4 45 E-TRON,321
2025,11,SEAT,IBIZA,299
2025,11,TOYOTA,TOYOTA COROLLA,297
2025,11,HYUNDAI,INSTER,296
2025,11,PEUGEOT,2008,289
2025,11,DACIA,BIGSTER,282
2025,11,SKODA,OCTAVIA,278
2025,11,OPEL,FRONTERA,276
2025,11,OPEL,CORSA,276
2025,11,SKODA,ENYAQ 85,273
2025,11,HYUNDAI,I10,264
2025,11,KIA,CEED,256
2025,11,SKODA,KODIAQ,254
2025,11,CUPRA,TAVASCAN,249
2025,11,VOLVO,XC60,247
2025,11,MAZDA,MAZDA CX-60,246
2025,11,RENAULT,MEGANE E-TECH ELECTRIC,244
2025,11,BYD,BYD SEAL U DM-I,240
2025,11,PEUGEOT,3008,228
2025,11,AUDI,A6 AV E-TRON,207
2025,11,BMW,X3 30E XDRIVE,201
2025,11,RENAULT,AUSTRAL,198
2025,11,KIA,SPORTAGE,196
2025,11,VOLKSWAGEN,ID.7 TOURER PRO S,195
2025,11,RENAULT,SYMBIOZ,194
2025,11,VOLKSWAGEN,TAYRON,194
2025,11,VOLVO,V60,192
2025,11,PEUGEOT,5008,189
2025,11,DACIA,SANDERO,187
2025,11,KIA,STONIC,173
2025,11,LYNK&CO,LYNK & CO 01,170
2025,11,CITROEN,E-C3,169
2025,11,MAZDA,MAZDA CX-30,167
2025,11,OPEL,GRANDLAND,165
2025,11,NISSAN,NISSAN QASHQAI,164
2025,11,SKODA,FABIA,163
2025,11,SKODA,KAMIQ,163
2025,11,FIAT,PANDA,162
2025,11,MERCEDES-BENZ,EQB 250+,162
2025,11,VOLVO,XC40,158
2025,11,RENAULT,RENAULT 4 E-TECH ELECTRIC,157
2025,11,BMW,120,155
2025,11,BMW,X5 XDRIVE50E,154
2025,11,POLESTAR,POLESTAR 2,151
2025,11,MAZDA,MAZDA 6E,150
2025,11,AUDI,A3 SPORTBACK PHEV 150,150
2025,11,BMW,I5 EDRIVE40,148
2025,11,MAZDA,MAZDA2 HYBRID,145
2025,11,KIA,EV6,144
2025,11,TOYOTA,TOYOTA C-HR,140
2025,11,AUDI,A6 SB E-TRON,140
2025,11,FORD,CAPRI,139
2025,11,CITROEN,C3 AIRCROSS,138
2025,11,JEEP,AVENGER,132
2025,11,CUPRA,TERRAMAR E-HYBRID,130
2025,11,VOLKSWAGEN,ID.3 PURE 125 KW,129
2025,11,DACIA,SPRING,128
2025,11,SEAT,SEAT LEON SP E-HYBRID150,125
2025,11,BYD,BYD DOLPHIN SURF,125
2025,11,PEUGEOT,308,122
2025,11,VOLKSWAGEN,TAIGO,119
2025,11,POLESTAR,POLESTAR 4,119
2025,11,MERCEDES-BENZ,EQA 250+,119
2025,11,TOYOTA,TOYOTA RAV4,117
2025,11,BMW,X1 XDRIVE25E,114
2025,11,MINI,COUNTRYMAN E,113
2025,11,HYUNDAI,TUCSON,112
2025,11,AUDI,A5 AVANT 220KW TFSI E,111
2025,11,SKODA,SUPERB,107
2025,11,CITROEN,C3,107
2025,11,KIA,EV4,105
2025,11,AUDI,Q6 SUV E-TRON,104
2025,11,VOLKSWAGEN,T-CROSS,104
2025,11,SKODA,ELROQ 50,101
2025,11,MERCEDES-BENZ,C 300 E,99
2025,11,XPENG,G6,98
2025,11,MINI,ACEMAN SE,96
2025,11,HYUNDAI,IONIQ5,96
2025,11,MINI,COOPER SE,95
2025,11,BMW,IX2 EDRIVE20,95
2025,11,BMW,I4 EDRIVE40,95
2025,11,MAZDA,MAZDA3,94
2025,11,LEAPMOTOR,T03,92
2025,11,VOLKSWAGEN,ID.3 PRO 150 KW,91
2025,11,SUZUKI,VITARA,90
2025,11,KIA,EV9,90
2025,11,DACIA,DUSTER,89
2025,11,DACIA,JOGGER,89
2025,11,LEAPMOTOR,B10,88
2025,11,MERCEDES-BENZ,GLC 300 E 4MATIC,85
2025,11,CUPRA,FORMENTOR E-HYBRID,84
2025,11,VOLVO,EC40,83
2025,11,AUDI,Q6 SUV E-TRON PERFORMANCE,81
2025,11,VOLVO,XC90,80
2025,11,ZEEKR,7X,75
2025,11,VOLKSWAGEN,T-ROC,74
2025,11,MITSUBISHI,COLT,74
2025,11,BMW,330E,73
2025,11,AUDI,A3 SPORTBACK,73
2025,11,BMW,530E,73
2025,11,VOLKSWAGEN,CADDY,72
2025,11,BMW,I4 EDRIVE35,70
2025,11,LAND ROVER,RANGE ROVER SPORT,69
2025,11,VOLKSWAGEN,ID.3 PRO S 150 KW,69
2025,11,AUDI,Q4 40 E-TRON,69
2025,11,AUDI,Q3 200KW TFSI E,67
2025,11,AUDI,Q4 SPORTBACK 45 E-TRON,67
2025,11,VOLVO,EX90,66
2025,11,CITROEN,C5 AIRCROSS,66
2025,11,FORD,MUSTANG MACH-E,64
2025,11,MERCEDES-BENZ,CLA 250 E,64
2025,11,MINI,ACEMAN E,62
2025,11,ALPINE,A290,62
2025,11,VOLKSWAGEN,ID.7 PRO,62
2025,11,CUPRA,BORN 170 KW 79/84 KWH,61
2025,11,ALFA ROMEO,ALFA ROMEO JUNIOR,61
2025,11,VOLKSWAGEN,PASSAT,61
2025,11,LYNK&CO,LYNK & CO 02,60
2025,11,CUPRA,BORN 170 KW 60/63 KWH,60
2025,11,CITROEN,E-C3 AIRCROSS,60
2025,11,VOLKSWAGEN,ID.4 PURE 125KW,59
2025,11,SKODA,ENYAQ 60,59
2025,11,MG,MG ZS,57
2025,11,AUDI,Q5 220KW TFSI E,57
2025,11,CUPRA,BORN 150 KW 60/63 KWH,57
2025,11,MITSUBISHI,ASX,57
2025,11,OPEL,ASTRA SPORTS TOURER,57
2025,11,MG,MG4 ELECTRIC,55
2025,11,BYD,BYD SEALION 7,54
2025,11,AUDI,Q5 270KW TFSI E,53
2025,11,HYUNDAI,SANTA FE,53
2025,11,FIAT,600,52
2025,11,ZEEKR,001,52
2025,11,MERCEDES-BENZ,GLA 250 E,51
2025,11,HONDA,JAZZ,49
2025,11,SKODA,KAROQ,49
2025,11,BYD,BYD SEAL U,48
2025,11,MITSUBISHI,MITSUBISHI OUTLANDER,48
2025,11,NISSAN,NISSAN MICRA,48
2025,11,SMART,#5,47
2025,11,MINI,COOPER E,47
2025,11,MG,MG3 HYBRID+,46
2025,11,RENAULT,CLIO,46
2025,11,BYD,BYD SEAL,46
2025,11,MITSUBISHI,ECLIPSE CROSS,45
2025,11,LEAPMOTOR,C10,45
2025,11,AUDI,A5 LIM 220KW TFSI E,44
2025,11,MERCEDES-BENZ,A 250 E,43
2025,11,PORSCHE,CAYENNE E-HYBRID,42
2025,11,BYD,SEAL U DM-I,42
2025,11,FORD,FOCUS,42
2025,11,BYD,TANG EV,42
2025,11,OPEL,MOKKA,41
2025,11,MERCEDES-BENZ,SPRINTER,40
2025,11,LAND ROVER,DEFENDER,40
2025,11,LAND ROVER,RANGE ROVER EVOQUE,39
2025,11,RENAULT,ESPACE,38
2025,11,LEXUS,LEXUS LBX,38
2025,11,AUDI,A6 AVANT 270KW TFSI E,38
2025,11,AUDI,Q2,38
2025,11,LAND ROVER,RANGE ROVER,36
2025,11,MINI,COOPER C,36
2025,11,XPENG,G9,36
2025,11,AUDI,A3 LIMOUSINE,35
2025,11,MITSUBISHI,GRANDIS,33
2025,11,LYNK&CO,LYNK & CO 08,33
2025,11,BMW,220,33
2025,11,VOLKSWAGEN,ID. BUZZ PRO LR 210 KW,33
2025,11,BMW,318I,33
2025,11,AUDI,A1 SPORTBACK,32
2025,11,MERCEDES-BENZ,E 300 E,32
2025,11,AUDI,A6 AV E-TRON PERFORMANCE,32
2025,11,MG,MG S5 EV,31
2025,11,AUDI,Q8 60 TFSI E,31
2025,11,AUDI,Q6 SB E-TRON PERFORMANCE,31
2025,11,JAECOO,JAECOO7 PHEV,31
2025,11,JAECOO,JAECOO7,30
2025,11,KIA,SORENTO,29
2025,11,HYUNDAI,IONIQ 9,29
2025,11,SEAT,SEAT ATECA,29
2025,11,VOLKSWAGEN,MULTIVAN,29
2025,11,SKODA,SCALA,29
2025,11,SMART,#3,29
2025,11,MINI,COUNTRYMAN C,29
2025,11,BMW,IX XDRIVE45,28
2025,11,SEAT,ARONA,27
2025,11,AUDI,Q8 55 TFSI E,27
2025,11,RENAULT,RAFALE,27
2025,11,AUDI,Q7 55 TFSI E,26
2025,11,PEUGEOT,408,26
2025,11,HONDA,CIVIC,26
2025,11,AUDI,A6 AVANT 220KW TFSI E,25
2025,11,CITROEN,E-C4,25
2025,11,PORSCHE,MACAN 4,25
2025,11,BMW,X1 SDRIVE20I,24
2025,11,BMW,420I,24
2025,11,VOLKSWAGEN,CALIFORNIA,24
2025,11,MERCEDES-BENZ,EQE 300,24
2025,11,SEAT,SEAT LEON SP,24
2025,11,HYUNDAI,I20,23
2025,11,SUZUKI,S-CROSS,23
2025,11,AUDI,Q5 SB 270KW TFSI E,23
2025,11,LEXUS,LEXUS NX450H+,23
2025,11,FORD,TRANSIT CUSTOM,23
2025,11,MERCEDES-BENZ,A 180,23
2025,11,FIAT,500,23
2025,11,BMW,X1 XDRIVE30E,23
2025,11,AUDI,A3 SPORTBACK PHEV 200,22
2025,11,ZEEKR,X,22
2025,11,SEAT,SEAT LEON E-HYBRID150,21
2025,11,AUDI,Q6 SB E-TRON,21
2025,11,FORD,TOURNEO CUSTOM,21
2025,11,DONGFENG,BOX,21
2025,11,VOLKSWAGEN,TOUAREG R,20
2025,11,MERCEDES-BENZ,VITO TOURER,20
2025,11,NISSAN,NISSAN JUKE,18
2025,11,KIA,EV5,18
2025,11,BYD,ATTO 3,18
2025,11,AUDI,Q6 SUV E-TRON QUATTRO,18
2025,11,LANCIA,YPSILON,17
2025,11,BMW,320I,17
2025,11,SKODA,ENYAQ RS,17
2025,11,MG,MG HS,17
2025,11,HYUNDAI,BAYON,17
2025,11,BYD,BYD ATTO 2,17
2025,11,MERCEDES-BENZ,EVITO TOURER,16
2025,11,MINI,JCW E,16
2025,11,MERCEDES-BENZ,GLC 400 E 4MATIC,16
2025,11,AUDI,A6 SB E-TRON PERFORMANCE,15
2025,11,BMW,X2 SDRIVE20I,15
2025,11,CUPRA,CUPRA LEON SP E-HYBRID200,15
2025,11,OMODA,OMODA 9,15
2025,11,AUDI,Q3 SB 200KW TFSI E,15
2025,11,BMW,M5,15
2025,11,AUDI,Q4 SPORTBACK 40 E-TRON,15
2025,11,AUDI,Q7 60 TFSI E,15
2025,11,BMW,225E XDRIVE ACTIVE TOURER,14
2025,11,BMW,520I,14
2025,11,PORSCHE,MACAN,14
2025,11,CUPRA,CUPRA LEON SP E-HYBRID150,14
2025,11,MERCEDES-BENZ,AMG GLE 53 HYBRID,14
2025,11,HONDA,HR-V,14
2025,11,BMW,550E XDRIVE,14
2025,11,MINI,COUNTRYMAN SE ALL4,14
2025,11,VOLKSWAGEN,ID.7 PRO S,14
2025,11,RENAULT,CAPTUR,13
2025,11,BMW,IX XDRIVE60,13
2025,11,VOLVO,EX30 CROSS COUNTRY,13
2025,11,BMW,IX1 XDRIVE30,13
2025,11,MERCEDES-BENZ,B 250 E,13
2025,11,VOLKSWAGEN,ID. BUZZ PRO KR 210 KW,13
2025,11,OPEL,ASTRA,13
2025,11,VOLKSWAGEN,ID.7 TOURER GTX,13
2025,11,MAZDA,MAZDA CX-80,12
2025,11,MERCEDES-BENZ,GLA 180,12
2025,11,SMART,#1,12
2025,11,ABARTH,500,11
2025,11,MINI,COOPER S,11
2025,11,PORSCHE,CAYENNE S E-HYBRID,11
2025,11,TOYOTA,TOYOTA BZ4X,11
2025,11,HYUNDAI,IONIQ6,11
2025,11,MG,MG HS HYBRID+,11
2025,11,PEUGEOT,EXPERT,11
2025,11,SEAT,SEAT LEON,11
2025,11,BMW,I4 M60 XDRIVE,11
2025,11,MERCEDES-BENZ,AMG GLE 53 HYBRID COUPE,10
2025,11,MERCEDES-BENZ,V-KLASSE,10
2025,11,AUDI,A6 AV E-TRON QUATTRO,10
2025,11,NISSAN,NISSAN X-TRAIL,10
2025,11,VOLVO,V90,10
2025,11,MERCEDES-BENZ,GLE 400 E 4MATIC,10
2025,11,LEXUS,LEXUS RX450H+,10
2025,11,DS AUTOMOBILES,N 4,10
2025,11,MERCEDES-BENZ,B 180,9
2025,11,DFSK,DFSK E5,9
2025,11,TESLA,MODEL S,9
2025,11,AUDI,A5 AVANT 270KW TFSI E,9
2025,11,BMW,330I XDRIVE,9
2025,11,MERCEDES-BENZ,G 580,9
2025,11,MINI,JCW,9
2025,11,BMW,430I XDRIVE,9
2025,11,TESLA,MODEL X,9
2025,11,VOLKSWAGEN,CRAFTER,9
2025,11,AUDI,Q5 SB 220KW TFSI E,9
2025,11,MERCEDES-BENZ,C 180,9
2025,11,KIA,XCEED,9
2025,11,BMW,XM 50E,9
2025,11,PORSCHE,MACAN 4S,8
2025,11,HONDA,CR-V,8
2025,11,VOLKSWAGEN,ID.3 GTX PERF. 240 KW,8
2025,11,LEXUS,LEXUS UX300H,8
2025,11,NIO,FIREFLY,8
2025,11,PORSCHE,CAYENNE TURBO E-HYBRID,8
2025,11,AUDI,SQ6 SUV E-TRON,8
2025,11,AUDI,A5 LIMOUSINE,7
2025,11,KG MOBILITY,TORRES EVX,7
2025,11,PORSCHE,MACAN TURBO,7
2025,11,MERCEDES-BENZ,EQE 350+,7
2025,11,BMW,M340I XDRIVE,7
2025,11,VOLKSWAGEN,ID.4 PRO 4MOTION 210KW,7
2025,11,MERCEDES-BENZ,CLA 180,7
2025,11,JEEP,RENEGADE,7
2025,11,POLESTAR,POLESTAR 3,7
2025,11,SUZUKI,E VITARA,7
2025,11,PORSCHE,PANAMERA 4 E-HYBRID,7
2025,11,MINI,COUNTRYMAN S ALL4,7
2025,11,BMW,IX2 XDRIVE30,6
2025,11,SKODA,ELROQ RS,6
2025,11,AUDI,S5 LIMOUSINE,6
2025,11,AION,AION V,6
2025,11,MERCEDES-BENZ,GLE 400 E 4MATIC COUPE,6
2025,11,AUDI,A5 AVANT,6
2025,11,BMW,330E XDRIVE,6
2025,11,OPEL,VIVARO,6
2025,11,MERCEDES-BENZ,ESPRINTER,6
2025,11,LEXUS,LEXUS RZ300E,6
2025,11,MERCEDES-BENZ,AMG E 53 HYBRID,6
2025,11,CUPRA,CUPRA LEON E-HYBRID150,6
2025,11,MINI,JCW ACEMAN E,6
2025,11,VOLKSWAGEN,ID. BUZZ,6
2025,11,VOLKSWAGEN,ID.4 GTX 250KW,6
2025,11,LAND ROVER,RANGE ROVER VELAR,6
2025,11,AUDI,Q6 SB E-TRON QUATTRO,6
2025,11,LEXUS,LEXUS ES300H,6
2025,11,CUPRA,CUPRA LEON E-HYBRID200,6
2025,11,CITROEN,E-C4 X,5
2025,11,VOLKSWAGEN,ID.5 PRO 210KW,5
2025,11,BMW,750E XDRIVE,5
2025,11,LAND ROVER,DISCOVERY SPORT,5
2025,11,MINI,JCW COUNTRYMAN ALL4,5
2025,11,WESTFALEN MOBIL,FORD NUGGET,5
2025,11,AUDI,Q5 SPORTBACK 50 TFSI E,5
2025,11,LOTUS,ELETRE,5
2025,11,BMW,123 XDRIVE,5
2025,11,PORSCHE,TAYCAN,5
2025,11,CITROEN,C4,5
2025,11,BMW,530E XDRIVE,5
2025,11,BMW,220I,5
2025,11,AUDI,A6 LIM 220KW TFSI E,5
2025,11,LYNK&CO,LYNK &CO 01,4
2025,11,MERCEDES-BENZ,E 300 DE 4MATIC,4
2025,11,BMW,I5 XDRIVE40,4
2025,11,PORSCHE,911 CARRERA 4 GTS,4
2025,11,DS,DS7,4
2025,11,JEEP,WRANGLER UNLIMITED,4
2025,11,AUDI,S6 AV E-TRON,4
2025,11,AUDI,AUDI A6 AVANT,4
2025,11,BYD,SEAL 6 DM-I,4
2025,11,BMW,X1 XDRIVE23I,4
2025,11,VOLKSWAGEN,ID. BUZZ GTX LR 250 KW,4
2025,11,ADRIA,COMPACT DL,4
2025,11,MERCEDES-BENZ,GLB 200,4
2025,11,BMW,X7 XDRIVE40I,4
2025,11,MG,MG EHS PLUG-IN HYBRID,4
2025,11,AUTOMOBILI LAMBORGHINI S.,URUS,4
2025,11,HONDA,ZR-V,4
2025,11,AUDI,A5 LIM 270KW TFSI E,3
2025,11,OPEL,E-COMBO LIFE,3
2025,11,HYUNDAI,I 30,3
2025,11,BMW,840I,3
2025,11,VOLVO,ES90,3
2025,11,CUPRA,BORN 240 KW 79/84 KWH,3
2025,11,ADRIA,TWIN 640SLB,3
2025,11,MERCEDES-BENZ,E 300 DE,3
2025,11,MERCEDES-BENZ,CLE 300 E,3
2025,11,AUDI,Q5 50 TFSI E,3
2025,11,SUZUKI,SUZUKI SWACE,3
2025,11,BMW,M760E XDRIVE,3
2025,11,FORD,TRANSIT,3
2025,11,KNAUS,R05,3
2025,11,BMW,I5 M60 XDRIVE,3
2025,11,PORSCHE,TAYCAN 4,3
2025,11,AUDI,A6 SB E-TRON QUATTRO,3
2025,11,AUDI,Q3 SPORTBACK,3
2025,11,MERCEDES-BENZ,EQS 450 4MATIC,3
2025,11,PORSCHE,PANAMERA 4S E-HYBRID,3
2025,11,AUDI,A6 LIM 270KW TFSI E,3
2025,11,TOYOTA,PROACE,3
2025,11,PORSCHE,911 CARRERA GTS,3
2025,11,LAMBORGHINI,URUS,3
2025,11,AUDI,AUDI SQ5,3
2025,11,NIESMANN-BISCHOFF,ARTO 78,3
2025,11,WEINSBERG,R47,2
2025,11,AUDI,RS 3 SPORTBACK,2
2025,11,MERCEDES-BENZ,AMG G 63,2
2025,11,AUDI,A8,2
2025,11,WESTFALIA,COLUMBUS,2
2025,11,MERCEDES-BENZ,AMG S 63 E PERFORMANCE,2
2025,11,BMW,I7 EDRIVE50,2
2025,11,BMW,M4 COMPETITION M XDRIVE,2
2025,11,NISSAN,NISSAN ARIYA,2
2025,11,FERRARI,FERRARI 12CILINDRI,2
2025,11,KG MOBILITY,KG MOBILITY TORRES EVX,2
2025,11,BMW,X3 M50 XDRIVE,2
2025,11,POLESTAR,HUISKAMP GLASS,2
2025,11,BMW,218I ACTIVE TOURER,2
2025,11,HYUNDAI,IONIQ5 N,2
2025,11,CITROEN,JUMPY,2
2025,11,JAECOO,JAECOO5 EV,2
2025,11,CITROEN,C4 X,2
2025,11,VOLKSWAGEN,CARAVELLE,2
2025,11,PORSCHE,PANAMERA TURBO S E-HYBRID,2
2025,11,AUDI,A3 ALLSTREET PHEV 150,2
2025,11,OMODA,OMODA5 EV,2
2025,11,AUDI,Q3,2
2025,11,PORSCHE,911 CARRERA,2
2025,11,POESSL,SUMMIT 600,2
2025,11,FIAT,FIAT DUCATO,2
2025,11,CAPRON,CVE 600,2
2025,11,MERCEDES-BENZ,EQT,2
2025,11,MAZDA,MAZDA MX-30,2
2025,11,NIESMANN+BISCHOFF,ISMOVE 6.9E,2
2025,11,PORSCHE,911 GT3 RS,2
2025,11,KNAUS,R07,2
2025,11,VOLKSWAGEN,TRANSPORTER,2
2025,11,NISSAN,TOWNSTAR,2
2025,11,OMODA,OMODA5,2
2025,11,MAZDA,MAZDA MX-5,2
2025,11,VOYAH,FREE,2
2025,11,BMW,X3 20 XDRIVE,2
2025,11,M.A.N.,TGE,2
2025,11,MC LAREN,ARTURA SPIDER,2
2025,11,AUDI,E-TRON GT,2
2025,11,MERCEDES-BENZ,E 300 E 4MATIC,2
2025,11,AUDI,AUDI A6 LIMOUSINE,2
2025,11,BMW,M240I XDRIVE,2
2025,11,PORSCHE,911 CARRERA S,2
2025,11,BMW,M3 CS,2
2025,11,HONDA,CIVIC TYPE R,2
2025,11,CUPRA,TERRAMAR,2
2025,11,RAPIDO,C55,2
2025,11,MG,MG CYBERSTER,2
2025,11,AUDI,SQ6 SB E-TRON,2
2025,11,KG MOBILITY,KG MOBILITY TORRES,2
2025,11,BMW,M850I XDRIVE,2
2025,11,MERCEDES-BENZ,EQS 450+,2
2025,11,CITROEN,C5 X,2
2025,11,ALFA ROMEO,TONALE,2
2025,11,PORSCHE,911 TARGA 4 GTS,1
2025,11,FIAT DUCATO AFFINITY,AFFINITY CAMPER VAN,1
2025,11,TOGG,T10X,1
2025,11,CAPRON,T67/T448,1
2025,11,BENTLEY,CONTINENTAL GT MULLINER,1
2025,11,BENIMAR,MILEO 263,1
2025,11,BMW,M440I XDRIVE,1
2025,11,BMW,Z4 SDRIVE20I,1
2025,11,CAPRON,T68/ T447,1
2025,11,MERCEDES-BENZ,CLA 200,1
2025,11,HYMER,ML-T 570 CROSSOVER,1
2025,11,CARTHAGO,CHIC E-LINE I 50 LE,1
2025,11,AUDI,A6 55 TFSI E,1
2025,11,CARTHAGO,RM 1 MALIBU I 490 RB-LE,1
2025,11,AUDI,RS 3 LIMOUSINE,1
2025,11,BMW,X1 XDRIVE20D,1
2025,11,LMC,C592,1
2025,11,VOLKSWAGEN,ID.7 GTX,1
2025,11,AUTOMOBILI LAMBORGHINI S.,TEMERARIO,1
2025,11,RENAULT,CAPTUR (E-TECH HYBRID),1
2025,11,KNAUS,R09,1
2025,11,MAN,TGE,1
2025,11,LMC,H720,1
2025,11,SUBARU,FORESTER,1
2025,11,OPEL,ZAFIRA LIFE,1
2025,11,LAIKA,ECOVIP H4109DS,1
2025,11,DETHLEFFS,JUST T6812 EB,1
2025,11,DS AUTOMOBILES,DS 3,1
2025,11,BMW,M135 XDRIVE,1
2025,11,VOLKSWAGEN,ID BUZZ PRO LR 210 KW,1
2025,11,CAPRON,CVE 640,1
2025,11,HYMER,ML-T 580 4X4,1
2025,11,VOLKSWAGEN,TOUAREG,1
2025,11,TOYOTA,TOYOTA PRIUS PHEV,1
2025,11,CUPRA,FORMENTOR,1
2025,11,BMW,520D,1
2025,11,JEEP,COMPASS,1
2025,11,DS,DS4,1
2025,11,MERCEDES-BENZ,VITO,1
2025,11,HYMER,FREE S 600,1
2025,11,NIESMANN+BISCHOFF,FLAIR 880,1
2025,11,DONKERVOORT,F22,1
2025,11,PORSCHE,PANAMERA TURBO E-HYBRID,1
2025,11,NIO,EL6,1
2025,11,CAPRON,T68 / T447,1
2025,11,RENAULT,MASTER,1
2025,11,FAW,HONGQI EHS7,1
2025,11,SUN LIVING,V-SERIES V 60SP,1
2025,11,VOYAH,COURAGE,1
2025,11,BURSTNER GMBH,BC6421,1
2025,11,MERCEDES-BENZ,CLE 300 4MATIC,1
2025,11,HYMER,ML-T 570 XPERIENCE,1
2025,11,VOLKSWAGEN,X-CURSION CUV 500 LT,1
2025,11,TOYOTA,TOYOTA GR YARIS,1
2025,11,LUCID MOTORS,AIR,1
2025,11,BMW,220I ACTIVE TOURER,1
2025,11,PORSCHE,911 CARRERA 4S,1
2025,11,FORD,MUSTANG,1
2025,11,BURSTNER GMBH,BT6905,1
2025,11,KNAUS,R18,1
2025,11,HOBBY,NERO VAN 640 ET,1
2025,11,ETRUSCO,V 6.8 SCF,1
2025,11,BMW,XM LABEL,1
2025,11,MERCEDES-BENZ,S 580 E 4MATIC,1
2025,11,CARTHAGO,MALIBU VAN 640 LE RB GT,1
2025,11,KNAUS,R19,1
2025,11,VOLKSWAGEN,ID. BUZZ GTX KR 250 KW,1
2025,11,KNAUS,R11,1
2025,11,JEEP,GRAND CHEROKEE,1
2025,11,CARTHAGO,CHIC C-LINE I 4.9 LE L,1
2025,11,HYMER,B-MC T 600 WHITELINE,1
2025,11,BMW,M3,1
2025,11,CARTHAGO,C1-TOURER T 143 KB-LE,1
2025,11,MG,MG HS PLUG-IN HYBRID,1
2025,11,DS AUTOMOBILES,N 8,1
2025,11,FERRARI,FERRARI PUROSANGUE,1
2025,11,BMW,M4 CS,1
2025,11,SKODA,ENYAQ 50,1
2025,11,MERCEDES-BENZ,GLB 180,1
2025,11,WEINSBERG,X-CURSION CUV 500 LT,1
2025,11,HYMER,COLUMBIA 600,1
2025,11,MERCEDES-BENZ,EQV,1
2025,11,MERCEDES-BENZ,EQE 350 4MATIC,1
2025,11,BMW,230I,1
2025,11,CAPRON,T690L/T449T,1
2025,11,BMW,X4 XDRIVE20I,1
2025,11,WESTFALIA,N/A,1
2025,11,BMW,M340D XDRIVE,1
2025,11,BURSTNER GMBH,BT7266,1
2025,11,AUDI,A1 ALLSTREET,1
2025,11,AUDI,S E-TRON GT,1
2025,11,KNAUS,TOURER VAN 500 LT,1
2025,11,MERCEDES-BENZ,EQS 350,1
2025,11,AUDI,SQ7,1
2025,11,MC LOUIS,AVANTGARDE SLIM 337,1
2025,11,RENAULT,KANGOO,1
2025,11,AUDI,SQ5,1
2025,11,MERCEDES-BENZ,E 220 D 4MATIC,1
2025,11,VOLKSWAGEN,ID.3 PRO S 170 KW,1
2025,11,CARTHAGO,LINER FOR TWO 53,1
2025,11,CAPRON,T69LC/ T459,1
2025,11,VOLKSWAGEN,VENTJE,1
2025,11,CHAUSSON,X650,1
2025,11,CHAUSSON,S697,1
2025,11,DS AUTOMOBILES,NO 4,1
2025,11,HYUNDAI,I30,1
2025,11,FERRARI,296 GTS,1
2025,11,VOLKSWAGEN,TRANSPORTER CARAVELLE,1
2025,11,LAIKA,ECOVIP 645,1
2025,11,BMW,Z4 M40I,1
2025,11,ABARTH,600E,1
2025,11,BURSTNER GMBH,BI9103,1
2025,11,CARTHAGO,CHIC E-LINE I 61 XL LE,1
2025,11,HYMER,ML-T 570 4X4,1
2025,11,BMW,IX XDRIVE50,1
2025,11,WEINSBERG,R57,1
2025,11,MC LAREN,MCLAREN 750S SPIDER,1
2025,11,KARMANN MOBIL,DAVIS 600 LIFESTYLE,1
2025,11,CAPRON,CV 640,1
2025,11,DACIA,BIGSTER JOURNEY,1
2025,11,MERCEDES-BENZ,AMG CLE 53 4MATIC,1
2025,11,RAPIDO,N/A,1
2025,11,MERCEDES-BENZ,E 450 4MATIC,1
2025,11,BMW,X6 M COMPETITION,1
2025,11,CARTHAGO,C1-TOURER T 148 KB-LE H,1
2025,11,HYMER,AYERS ROCK,1
2025,11,BENIMAR,TESSORO 463,1
2025,11,BMW,Z4 SDRIVE30I,1
2025,11,RENAULT,ARKANA,1
2025,11,BENTLEY,BENTAYGA SPEED,1
2025,11,MERCEDES-BENZ,EQB 300 4MATIC,1
2025,11,MERCEDES-BENZ,AMG GLE 63 S 4MATIC+COUPE,1
2025,11,BMW,X1 SDRIVE18I,1
2025,11,BMW,840I XDRIVE,1
2025,11,SUN LIVING,S-SERIES S 75SL,1
2025,11,ADRIA,TWIN 640SGX,1
2025,11,BMW,M3 COMPETITION M XDRIVE,1
2025,11,KNAUS,R06,1
2025,11,MERCEDES-BENZ,C 200,1
2025,11,HYMER,GRAND CANYON,1
2025,11,AUDI,S5 AVANT,1
2025,11,BMW,Z4,1
2025,11,POESSL,SUMMIT 640,1
2025,11,BMW,I4 XDRIVE40,1
2025,11,BURSTNER GMBH,BC6022,1
2025,11,ALPINE,A110,1
2025,11,PILOTE,A696G,1
2025,11,BMW,X7 XDRIVE40D,1
2025,11,RENAULT,TRAFIC TPMR,1
2025,11,ASTON MARTIN,DBX707,1
2025,11,ALFA ROMEO,GIULIA,1
2025,11,TOTH ES FIAI,CLEVER,1
2025,11,ETRUSCO,T7400 SB,1
2025,11,CHAUSSON,630,1
2025,11,MERCEDES-BENZ,EQA 300 4MATIC,1
2025,11,BMW,218I,1
2025,11,SEAT,CUPRA FORMENTOR E-HYBRID,1
2025,11,BMW,M2 CS,1
2025,11,KG MOBILITY,KG MOBILITY ACTYON,1
2025,11,WESTFALIA,SVEN HEDIN,1
2025,11,PORSCHE,TAYCAN 4S,1
2025,11,VOLKSWAGEN,ID.5 GTX 250KW,1
2025,11,EURA MOBIL,PROFILA 726 EFL,1
2025,11,PEUGEOT,TRAVELLER,1
2025,11,ALPINE-RENAULT,A110,1
2025,11,MERCEDES-BENZ,CLE 180,1
2025,11,CARTHAGO,MALIBU VAN 640 LEK GT,1
2025,11,MC LOUIS,NEVIS 881,1
2025,11,FORD,100 BRONCO,1
2025,11,CAPRON,T67S/ T338,1
2025,11,TOYOTA,HIGHLANDER,1
2025,12,TESLA,MODEL Y,3471
2025,12,SKODA,ELROQ 60,1500
2025,12,SKODA,ELROQ 85,1432
2025,12,VOLVO,EX30,1378
2025,12,TOYOTA,TOYOTA AYGO X,1349
2025,12,KIA,EV3,1278
2025,12,VOLKSWAGEN,ID.4 PRO 210KW,1114
2025,12,VOLVO,EX40,1109
2025,12,RENAULT,RENAULT 5 E-TECH ELECTRIC,869
2025,12,BMW,IX1 EDRIVE20,825
2025,12,TESLA,MODEL 3,825
2025,12,TOYOTA,TOYOTA YARIS CROSS,812
2025,12,RENAULT,SCENIC E-TECH ELECTRIC,700
2025,12,SKODA,ENYAQ 85,682
2025,12,HYUNDAI,KONA,656
2025,12,VOLKSWAGEN,ID.7 TOURER PRO,655
2025,12,AUDI,Q4 45 E-TRON,631
2025,12,TOYOTA,TOYOTA YARIS,589
2025,12,SUZUKI,SWIFT,495
2025,12,KIA,EV4,476
2025,12,HYUNDAI,I10,445
2025,12,MERCEDES-BENZ,CLA 250+,444
2025,12,FORD,EXPLORER,427
2025,12,VOLKSWAGEN,TIGUAN,411
2025,12,OPEL,CORSA,399
2025,12,PEUGEOT,208,388
2025,12,PEUGEOT,5008,375
2025,12,KIA,EV5,370
2025,12,OPEL,FRONTERA,370
2025,12,PEUGEOT,2008,365
2025,12,RENAULT,CAPTUR E-TECH HYBRID,363
2025,12,CUPRA,TAVASCAN,363
2025,12,RENAULT,CLIO E-TECH HYBRID,354
2025,12,VOLKSWAGEN,ID.7 TOURER PRO S,350
2025,12,VOLKSWAGEN,GOLF,344
2025,12,VOLKSWAGEN,ID.3 PURE 125 KW,330
2025,12,VOLVO,XC60,313
2025,12,SKODA,KODIAQ,303
2025,12,RENAULT,MEGANE E-TECH ELECTRIC,294
2025,12,XPENG,G6,294
2025,12,AUDI,A6 AV E-TRON,291
2025,12,MAZDA,MAZDA2 HYBRID,284
2025,12,VOLKSWAGEN,POLO,284
2025,12,KIA,PICANTO,279
2025,12,DACIA,BIGSTER,275
2025,12,TOYOTA,TOYOTA BZ4X,267
2025,12,TOYOTA,TOYOTA COROLLA,264
2025,12,CITROEN,E-C3,261
2025,12,RENAULT,SYMBIOZ,247
2025,12,HYUNDAI,INSTER,244
2025,12,MERCEDES-BENZ,EQB 250+,238
2025,12,POLESTAR,POLESTAR 4,237
2025,12,RENAULT,AUSTRAL,233
2025,12,BMW,I5 EDRIVE40,232
2025,12,FORD,CAPRI,232
2025,12,MAZDA,MAZDA 6E,232
2025,12,ZEEKR,7X,230
2025,12,TOYOTA,TOYOTA C-HR,230
2025,12,VOLKSWAGEN,ID.3 PRO S 150 KW,229
2025,12,KIA,NIRO,225
2025,12,VOLKSWAGEN,TAYRON,222
2025,12,PEUGEOT,3008,217
2025,12,RENAULT,RENAULT 4 E-TECH ELECTRIC,214
2025,12,KIA,SPORTAGE,204
2025,12,MERCEDES-BENZ,EQA 250+,200
2025,12,MINI,COUNTRYMAN E,198
2025,12,DACIA,SANDERO,196
2025,12,MAZDA,MAZDA CX-30,192
2025,12,FORD,PUMA,192
2025,12,POLESTAR,POLESTAR 2,190
2025,12,VOLVO,XC90,189
2025,12,FORD,KUGA,188
2025,12,AUDI,A6 SB E-TRON,188
2025,12,KIA,EV6,183
2025,12,VOLVO,EC40,179
2025,12,DACIA,SPRING,179
2025,12,SEAT,IBIZA,171
2025,12,AUDI,Q4 SPORTBACK 45 E-TRON,170
2025,12,BYD,BYD SEAL U DM-I,170
2025,12,MINI,ACEMAN SE,169
2025,12,AUDI,Q4 40 E-TRON,162
2025,12,JEEP,AVENGER,160
2025,12,VOLVO,V60,159
2025,12,HYUNDAI,IONIQ5,156
2025,12,BYD,BYD DOLPHIN SURF,156
2025,12,AUDI,Q6 SUV E-TRON,150
2025,12,DACIA,DUSTER,148
2025,12,VOLKSWAGEN,ID.3 PRO 150 KW,148
2025,12,BMW,I4 EDRIVE35,145
2025,12,MG,MG3 HYBRID+,141
2025,12,BMW,120,140
2025,12,SKODA,OCTAVIA,137
2025,12,CUPRA,TERRAMAR E-HYBRID,136
2025,12,OPEL,GRANDLAND,132
2025,12,KIA,EV9,131
2025,12,AUDI,Q6 SUV E-TRON PERFORMANCE,130
2025,12,SKODA,ELROQ 50,127
2025,12,CUPRA,BORN 170 KW 60/63 KWH,127
2025,12,BMW,I4 EDRIVE40,124
2025,12,KIA,CEED,123
2025,12,CITROEN,C5 AIRCROSS,122
2025,12,SKODA,FABIA,122
2025,12,OPEL,ASTRA SPORTS TOURER,119
2025,12,NISSAN,NISSAN QASHQAI,117
2025,12,CITROEN,C3 AIRCROSS,116
2025,12,FIAT,PANDA,114
2025,12,VOLKSWAGEN,MULTIVAN,110
2025,12,CITROEN,C3,110
2025,12,MINI,COOPER SE,108
2025,12,HYUNDAI,TUCSON,107
2025,12,FORD,FOCUS,107
2025,12,MINI,ACEMAN E,106
2025,12,SEAT,SEAT LEON SP E-HYBRID150,104
2025,12,VOLKSWAGEN,ID.4 PURE 125KW,104
2025,12,LEAPMOTOR,T03,104
2025,12,LEAPMOTOR,B10,103
2025,12,JAECOO,JAECOO7 PHEV,101
2025,12,BMW,X1 XDRIVE25E,100
2025,12,VOLKSWAGEN,ID. BUZZ PRO LR 210 KW,98
2025,12,ZEEKR,001,97
2025,12,VOLVO,XC40,96
2025,12,ALFA ROMEO,ALFA ROMEO JUNIOR,95
2025,12,KIA,STONIC,94
2025,12,BMW,IX2 EDRIVE20,93
2025,12,VOLKSWAGEN,ID.7 PRO,93
2025,12,CITROEN,E-C3 AIRCROSS,91
2025,12,CUPRA,BORN 150 KW 60/63 KWH,90
2025,12,RENAULT,ESPACE,88
2025,12,MAZDA,MAZDA3,88
2025,12,SKODA,ENYAQ 60,85
2025,12,SEAT,SEAT LEON SP,84
2025,12,VOLKSWAGEN,CADDY,84
2025,12,AUDI,A3 SPORTBACK PHEV 150,82
2025,12,MERCEDES-BENZ,A 250 E,80
2025,12,BMW,X3 30E XDRIVE,79
2025,12,MINI,COOPER E,79
2025,12,FORD,MUSTANG MACH-E,78
2025,12,SKODA,KAMIQ,76
2025,12,PEUGEOT,308,75
2025,12,LYNK&CO,LYNK & CO 02,75
2025,12,MITSUBISHI,MITSUBISHI OUTLANDER,74
2025,12,SMART,#5,71
2025,12,CUPRA,FORMENTOR E-HYBRID,70
2025,12,TOYOTA,TOYOTA RAV4,69
2025,12,VOLKSWAGEN,T-ROC,69
2025,12,MAZDA,MAZDA CX-60,68
2025,12,VOLKSWAGEN,PASSAT,66
2025,12,RENAULT,CLIO,66
2025,12,BMW,X5 XDRIVE50E,65
2025,12,LYNK&CO,LYNK & CO 01,65
2025,12,DACIA,JOGGER,65
2025,12,VOLVO,EX90,64
2025,12,LEAPMOTOR,C10,62
2025,12,BMW,330E,62
2025,12,BYD,BYD SEAL U,61
2025,12,AUDI,Q3 200KW TFSI E,60
2025,12,BMW,530E,59
2025,12,AUDI,A6 AV E-TRON PERFORMANCE,59
2025,12,FIAT,600,58
2025,12,OPEL,MOKKA,57
2025,12,SUZUKI,VITARA,57
2025,12,MITSUBISHI,ASX,57
2025,12,MITSUBISHI,GRANDIS,56
2025,12,CUPRA,BORN 170 KW 79/84 KWH,53
2025,12,MG,MG S5 EV,53
2025,12,BYD,BYD SEALION 7,50
2025,12,VOLKSWAGEN,T-CROSS,49
2025,12,RENAULT,RAFALE,49
2025,12,SKODA,SUPERB,48
2025,12,AUDI,Q6 SB E-TRON,46
2025,12,XPENG,G9,46
2025,12,MERCEDES-BENZ,GLC 300 E 4MATIC,46
2025,12,JAECOO,JAECOO7,46
2025,12,MITSUBISHI,COLT,46
2025,12,PEUGEOT,408,45
2025,12,MINI,COOPER C,45
2025,12,AUDI,Q6 SB E-TRON PERFORMANCE,44
2025,12,MG,MG ZS,43
2025,12,BYD,BYD SEAL,42
2025,12,VOLKSWAGEN,ID.7 PRO S,42
2025,12,LAND ROVER,RANGE ROVER SPORT,40
2025,12,BYD,SEAL 6 DM-I TOURING,39
2025,12,VOLKSWAGEN,TAIGO,39
2025,12,BYD,ATTO 3,38
2025,12,AUDI,Q4 SPORTBACK 40 E-TRON,38
2025,12,SMART,#3,37
2025,12,ALPINE,A290,37
2025,12,AUDI,A3 SPORTBACK,37
2025,12,BMW,IX XDRIVE45,36
2025,12,NIO,ET5,35
2025,12,FORD,TOURNEO CUSTOM,35
2025,12,AUDI,A5 AVANT 220KW TFSI E,34
2025,12,SEAT,ARONA,34
2025,12,SEAT,SEAT ATECA,33
2025,12,HYUNDAI,IONIQ 9,32
2025,12,ZEEKR,X,32
2025,12,OMODA,OMODA 9,31
2025,12,MERCEDES-BENZ,CLA 250 E,30
2025,12,KIA,PV5,30
2025,12,MG,MG4 ELECTRIC,30
2025,12,HYUNDAI,IONIQ6,29
2025,12,MERCEDES-BENZ,GLA 250 E,29
2025,12,BMW,M5,29
2025,12,CITROEN,E-C4,29
2025,12,AUDI,Q5 270KW TFSI E,29
2025,12,HYUNDAI,SANTA FE,29
2025,12,LAND ROVER,DEFENDER,28
2025,12,FIAT,500,27
2025,12,BMW,IX1 XDRIVE30,27
2025,12,NIO,EL6,27
2025,12,OPEL,VIVARO,27
2025,12,MERCEDES-BENZ,EVITO TOURER,27
2025,12,LAND ROVER,RANGE ROVER,27
2025,12,CUPRA,CUPRA LEON SP E-HYBRID150,26
2025,12,LEXUS,LEXUS LBX,26
2025,12,AUDI,Q5 220KW TFSI E,26
2025,12,LANCIA,YPSILON,26
2025,12,BMW,550E XDRIVE,25
2025,12,AUDI,A6 SB E-TRON PERFORMANCE,25
2025,12,POLESTAR,POLESTAR 3,25
2025,12,VOLVO,ES90,24
2025,12,NIO,ET5 TOURING,24
2025,12,RENAULT,CAPTUR,24
2025,12,SKODA,KAROQ,24
2025,12,MERCEDES-BENZ,C 300 E,23
2025,12,SMART,#1,23
2025,12,DS AUTOMOBILES,N 8,23
2025,12,MINI,COUNTRYMAN SE ALL4,22
2025,12,VOLKSWAGEN,CRAFTER,22
2025,12,VOLKSWAGEN,ID.4 PRO 4MOTION 210KW,22
2025,12,NIO,FIREFLY,22
2025,12,SKODA,ENYAQ RS,22
2025,12,BYD,SEAL U DM-I,22
2025,12,SKODA,SCALA,22
2025,12,AUDI,Q3 SB 200KW TFSI E,21
2025,12,MERCEDES-BENZ,E 300 E,21
2025,12,AUDI,Q6 SUV E-TRON QUATTRO,21
2025,12,NISSAN,NISSAN MICRA,21
2025,12,VOLKSWAGEN,ID.7 TOURER GTX,21
2025,12,FIAT,FIAT DUCATO,20
2025,12,MINI,JCW E,20
2025,12,BMW,X1 SDRIVE20I,20
2025,12,SUZUKI,S-CROSS,20
2025,12,AUDI,A6 AVANT 270KW TFSI E,19
2025,12,DS AUTOMOBILES,N 4,19
2025,12,MERCEDES-BENZ,EQE 300,19
2025,12,MINI,COOPER S,19
2025,12,SEAT,SEAT LEON E-HYBRID150,19
2025,12,MINI,COUNTRYMAN C,19
2025,12,NISSAN,NISSAN JUKE,19
2025,12,HYUNDAI,BAYON,18
2025,12,VOLKSWAGEN,ID. BUZZ PRO KR 210 KW,18
2025,12,BMW,220,18
2025,12,PORSCHE,MACAN 4,18
2025,12,HONDA,JAZZ,18
2025,12,VOLKSWAGEN,ID.3 GTX PERF. 240 KW,18
2025,12,NISSAN,NISSAN X-TRAIL,18
2025,12,DONGFENG,BOX,17
2025,12,HYUNDAI,I20,17
2025,12,AUDI,A5 LIM 220KW TFSI E,17
2025,12,MITSUBISHI,ECLIPSE CROSS,17
2025,12,BMW,I5 XDRIVE40,17
2025,12,MINI,JCW ACEMAN E,17
2025,12,BMW,IX XDRIVE60,16
2025,12,VOLKSWAGEN,CALIFORNIA,16
2025,12,VOLVO,EX30 CROSS COUNTRY,16
2025,12,CUPRA,CUPRA LEON SP E-HYBRID200,16
2025,12,SKODA,ELROQ RS,15
2025,12,MG,MG HS,15
2025,12,PORSCHE,CAYENNE E-HYBRID,15
2025,12,LEXUS,LEXUS NX450H+,15
2025,12,MERCEDES-BENZ,SPRINTER,15
2025,12,JAECOO,JAECOO5 EV,14
2025,12,AUDI,Q5 SB 270KW TFSI E,14
2025,12,BYD,BYD ATTO 2,14
2025,12,LYNK&CO,LYNK & CO 08,13
2025,12,AUDI,A1 SPORTBACK,13
2025,12,CITROEN,C4,12
2025,12,LUCID MOTORS,AIR,12
2025,12,MERCEDES-BENZ,GLC 400 E 4MATIC,12
2025,12,VOLKSWAGEN,ID.4 GTX 250KW,12
2025,12,AUDI,A5 AVANT 270KW TFSI E,12
2025,12,KIA,SORENTO,12
2025,12,PORSCHE,MACAN,12
2025,12,AUDI,Q8 60 TFSI E,12
2025,12,AUDI,Q2,12
2025,12,AUDI,A6 AVANT 220KW TFSI E,12
2025,12,ALFA ROMEO,TONALE,12
2025,12,BMW,X1 XDRIVE30E,12
2025,12,MERCEDES-BENZ,EQE 350+,11
2025,12,OPEL,ASTRA,11
2025,12,NISSAN,NISSAN ARIYA,11
2025,12,LAND ROVER,RANGE ROVER VELAR,11
2025,12,AUDI,Q5 SB 220KW TFSI E,11
2025,12,HONDA,CIVIC,11
2025,12,AUDI,A3 SPORTBACK PHEV 200,11
2025,12,JEEP,COMPASS,10
2025,12,MERCEDES-BENZ,VITO TOURER,10
2025,12,PORSCHE,CAYENNE S E-HYBRID,10
2025,12,AUDI,A6 AV E-TRON QUATTRO,10
2025,12,AUDI,Q6 SB E-TRON QUATTRO,10
2025,12,BMW,IX2 XDRIVE30,10
2025,12,MG,MG HS HYBRID+,10
2025,12,MERCEDES-BENZ,AMG GLE 53 HYBRID,10
2025,12,OMODA,OMODA5,9
2025,12,VOLKSWAGEN,ID. BUZZ GTX LR 250 KW,9
2025,12,FORD,TRANSIT CUSTOM,9
2025,12,AUDI,Q7 55 TFSI E,9
2025,12,VOLVO,V90,9
2025,12,AUDI,Q7 60 TFSI E,9
2025,12,AUDI,A3 LIMOUSINE,9
2025,12,VOLKSWAGEN,ID.5 PRO 210KW,9
2025,12,CUPRA,CUPRA LEON E-HYBRID150,8
2025,12,MERCEDES-BENZ,GLE 400 E 4MATIC,8
2025,12,AUDI,Q8 55 TFSI E,8
2025,12,MINI,COUNTRYMAN S ALL4,8
2025,12,LEXUS,LEXUS ES300H,8
2025,12,HONDA,CR-V,8
2025,12,MAZDA,MAZDA MX-5,8
2025,12,MAZDA,MAZDA CX-80,7
2025,12,AUDI,SQ6 SUV E-TRON,7
2025,12,OMODA,OMODA5 EV,7
2025,12,MERCEDES-BENZ,B 250 E,7
2025,12,AUDI,A6 SB E-TRON QUATTRO,7
2025,12,BMW,530E XDRIVE,7
2025,12,TESLA,MODEL X,7
2025,12,KG MOBILITY,TORRES EVX,7
2025,12,AUDI,E-TRON GT,6
2025,12,JEEP,WRANGLER UNLIMITED,6
2025,12,DS,DS 3,6
2025,12,VOYAH,COURAGE,6
2025,12,LAND ROVER,RANGE ROVER EVOQUE,6
2025,12,MERCEDES-BENZ,GLB 200,6
2025,12,LEXUS,LEXUS RZ300E,6
2025,12,HONDA,HR-V,6
2025,12,BMW,225E XDRIVE ACTIVE TOURER,6
2025,12,MERCEDES-BENZ,CLA 180,6
2025,12,CITROEN,JUMPY,6
2025,12,LEXUS,LEXUS UX300H,6
2025,12,MAZDA,MAZDA MX-30,6
2025,12,ABARTH,600E,5
2025,12,AUDI,A6 AVANT,5
2025,12,KNAUS,R09,5
2025,12,BMW,XM 50E,5
2025,12,MERCEDES-BENZ,EQV,5
2025,12,BMW,X2 SDRIVE20I,5
2025,12,TOYOTA,PROACE VERSO,5
2025,12,XPENG,"P7,P7I",5
2025,12,KIA,XCEED,5
2025,12,VOLKSWAGEN,CARAVELLE,5
2025,12,BMW,I4 M60 XDRIVE,5
2025,12,SEAT,SEAT LEON,5
2025,12,MERCEDES-BENZ,A 180,5
2025,12,MERCEDES-BENZ,EQS 450+,5
2025,12,VOLKSWAGEN,TRANSPORTER,5
2025,12,DFSK,DFSK E5,5
2025,12,TESLA,MODEL S,5
2025,12,BMW,520I,5
2025,12,CUPRA,BORN 240 KW 79/84 KWH,5
2025,12,VOLKSWAGEN,ID. BUZZ,5
2025,12,LAND ROVER,DISCOVERY SPORT,5
2025,12,AUDI,A6 LIM 220KW TFSI E,5
2025,12,MERCEDES-BENZ,AMG E 53 HYBRID,4
2025,12,PORSCHE,TAYCAN,4
2025,12,BMW,I7 EDRIVE50,4
2025,12,AUDI,AUDI A6 AVANT,4
2025,12,TOYOTA,PROACE,4
2025,12,AUDI,A5 LIMOUSINE,4
2025,12,VOLKSWAGEN,ID. BUZZ PURE KR 125 KW,4
2025,12,VOLKSWAGEN,ID. BUZZ CARGO MODIFIED PARTITION WALL,4
2025,12,AUDI,S6 AV E-TRON,4
2025,12,BMW,420I,4
2025,12,BMW,320I,4
2025,12,VOLKSWAGEN,ID. BUZZ GTX KR 250 KW,4
2025,12,DS,DS7,4
2025,12,MERCEDES-BENZ,C 180,4
2025,12,BMW,330E XDRIVE,4
2025,12,MERCEDES-BENZ,EQE 350 4MATIC,4
2025,12,AUDI,SQ6 SB E-TRON,4
2025,12,BMW,318I,4
2025,12,VOYAH,FREE,4
2025,12,BYD,TANG EV,4
2025,12,MERCEDES-BENZ,EQS 450 4MATIC,3
2025,12,PEUGEOT,EXPERT,3
2025,12,PEUGEOT,508,3
2025,12,MG,MG HS PLUG-IN HYBRID,3
2025,12,PORSCHE,MACAN 4S,3
2025,12,RENAULT,ARKANA E-TECH,3
2025,12,MERCEDES-BENZ,B 180,3
2025,12,BMW,X1 XDRIVE23I,3
2025,12,PORSCHE,TAYCAN 4,3
2025,12,MERCEDES-BENZ,EQE 500 4MATIC,3
2025,12,CAPRON,T67S/ T338,3
2025,12,CITROEN,E-C4 X,3
2025,12,AUDI,A5 AVANT,3
2025,12,MERCEDES-BENZ,G 580,3
2025,12,BMW,M340I XDRIVE,3
2025,12,MERCEDES-BENZ,VITO,3
2025,12,MINI,JCW,3
2025,12,MERCEDES-BENZ,EQS 350,3
2025,12,AUDI,A3 ALLSTREET PHEV 150,3
2025,12,HONDA,ZR-V,3
2025,12,DS AUTOMOBILES,DS 3,3
2025,12,PORSCHE,MACAN TURBO,3
2025,12,MERCEDES-BENZ,GLB 180,3
2025,12,MERCEDES-BENZ,AMG GLE 53 HYBRID COUPE,3
2025,12,MERCEDES-BENZ,GLA 180,3
2025,12,BMW,I5 M60 XDRIVE,3
2025,12,HYUNDAI,IONIQ5 N,3
2025,12,AUDI,Q5 SPORTBACK 50 TFSI E,3
2025,12,PORSCHE,911 TARGA 4 GTS,3
2025,12,MERCEDES-BENZ,ESPRINTER,2
2025,12,RAPIDO,N/A,2
2025,12,KNAUS,TOURER CUVISION 500 MQ,2
2025,12,LEXUS,LEXUS RX450H+,2
2025,12,VOLKSWAGEN,TOUAREG EHYBRID,2
2025,12,ABARTH,500,2
2025,12,BMW,IX M70 XDRIVE,2
2025,12,MG,MG CYBERSTER,2
2025,12,FERRARI,SF90 XX SPIDER,2
2025,12,WESTFALIA,N/A,2
2025,12,AUDI,Q3,2
2025,12,BMW,Z4 SDRIVE30I,2
2025,12,WESTFALIA,COLUMBUS,2
2025,12,VOLKSWAGEN,TOUAREG R,2
2025,12,PORSCHE,PANAMERA 4S E-HYBRID,2
2025,12,NISSAN,TOWNSTAR,2
2025,12,VOLKSWAGEN,TRANSPORTER CARAVELLE,2
2025,12,WEINSBERG,X-CURSION 500 MQ,2
2025,12,HYMER,B-MC I 600,2
2025,12,MG,MG HS HYBRID,2
2025,12,AUDI,Q5 50 TFSI E,2
2025,12,CAPRON,T69LC/ T459,2
2025,12,WESTFALEN MOBIL,FORD NUGGET,2
2025,12,CITROEN,C5 X,2
2025,12,CUPRA,CUPRA LEON E-HYBRID200,2
2025,12,BMW,X5 M60I XDRIVE,2
2025,12,SUZUKI,SUZUKI SWACE,2
2025,12,MERCEDES-BENZ,E 400 E 4MATIC,2
2025,12,LAMBORGHINI,TEMERARIO,2
2025,12,BMW,M135 XDRIVE,2
2025,12,PORSCHE,PANAMERA 4 E-HYBRID,2
2025,12,FERRARI,296 GTS,2
2025,12,VOLKSWAGEN,ID BUZZ PRO LR 210 KW,2
2025,12,MERCEDES-BENZ,E 300 E 4MATIC,2
2025,12,MERCEDES-BENZ,CLE 180,2
2025,12,KNAUS,R06,2
2025,12,BMW,XM LABEL,2
2025,12,LOTUS,EMEYA,2
2025,12,BMW,520D,2
2025,12,KNAUS,R11,2
2025,12,BYD,BYD DOLPHIN,2
2025,12,FORD,TOURNEO CONNECT,2
2025,12,LUCID MOTORS,LUCID GRAVITY,2
2025,12,ALFA ROMEO,GIULIA QUADRIFOGLIO VERDE,2
2025,12,HYMER,ML-T 580 4X4,2
2025,12,MERCEDES-BENZ,V-KLASSE,2
2025,12,ADRIA,SONIC 700DL,2
2025,12,HOBBY,T 710 GE NERO,2
2025,12,ASTON MARTIN,DB12 VOLANTE,2
2025,12,PORSCHE,CAYENNE TURBO E-HYBRID,2
2025,12,ADRIA,COMPACT DL,2
2025,12,FORD,TRANSIT,2
2025,12,DETHLEFFS,GLOBEBUS CAMP T004,2
2025,12,BENTLEY,CONTINENTAL GTC,1
2025,12,CHAUSSON,650,1
2025,12,GREAT WALL MOTOR COMPANY,WEY 03,1
2025,12,BENTLEY,BENTAYGA S HYBRID,1
2025,12,WEINSBERG,R50,1
2025,12,KG MOBILITY,KG MOBILITY ACTYON,1
2025,12,VOLKSWAGEN,TAYRON R-LINE,1
2025,12,MINI,JCW COUNTRYMAN ALL4,1
2025,12,BURSTNER GMBH,BT7367,1
2025,12,BMW,M760E XDRIVE,1
2025,12,CARTHAGO,CHIC C-LINE I 4.9 LE L,1
2025,12,SUBARU,SOLTERRA,1
2025,12,AUDI,S6 SB E-TRON,1
2025,12,AUDI,A8,1
2025,12,BMW,840I,1
2025,12,FAW,HONGQI EHS7,1
2025,12,BMW,IX3,1
2025,12,PORSCHE,718 CAYMAN GT4 RS,1
2025,12,BMW,230E XDRIVE ACTIVE TOURER,1
2025,12,ALPINA,BMW ALPINA B3 GT TOURING,1
2025,12,ALFA ROMEO,GIULIA,1
2025,12,AUDI,Q6 E-TRON QUATRO,1
2025,12,ALPINE,A110,1
2025,12,KNAUS,R05,1
2025,12,MERCEDES-BENZ,C 200,1
2025,12,TOYOTA,TOYOTA CAMRY,1
2025,12,AUDI,Q5,1
2025,12,CUPRA,CUPRA LEON SP,1
2025,12,PORSCHE,CAYENNE,1
2025,12,ADRIA,MATRIX 670SL,1
2025,12,OPEL,E-COMBO LIFE,1
2025,12,VOLKSWAGEN,VENTJE,1
2025,12,CITROEN,JUMPER,1
2025,12,BENTLEY,CONTINENTAL GTC SPEED,1
2025,12,PORSCHE,911 GT3 RS,1
2025,12,CAPRON,T69LC / T459,1
2025,12,BURSTNER GMBH,BC6003,1
2025,12,WEINSBERG,R48,1
2025,12,AUDI,A5 LIM 270KW TFSI E,1
2025,12,ALPINA,BMW ALPINA XB7 MANUFAKTUR,1
2025,12,VOLKSWAGEN,ID.7 GTX,1
2025,12,CAPRON,CV 540,1
2025,12,MERCEDES-BENZ,AMG CLE 53 4MATIC,1
2025,12,ASTON MARTIN,VANQUISH,1
2025,12,CHAUSSON,630,1
2025,12,ADRIA,TWIN 640SLB,1
2025,12,BMW,123 XDRIVE,1
2025,12,PORSCHE,911 TURBO 50,1
2025,12,BMW,220I,1
2025,12,AUDI,A6 AVANT 55 TFSI E,1
2025,12,TOYOTA,YARIS HYBRID 130 EXECUTIVE,1
2025,12,BMW,430I XDRIVE,1
2025,12,MERCEDES-BENZ,CLA 250 E COUPE,1
2025,12,MERCEDES-BENZ,GLC 300 DE 4MATIC,1
2025,12,POSSL,SUMMIT 640,1
2025,12,KABE,KABE TMMI 910 T,1
2025,12,CARTHAGO,RM1 MALIBU T 430 KB-LE,1
2025,12,DETHLEFFS,KW 601,1
2025,12,TOGG,T10X,1
2025,12,BUERSTNER,BC6003,1
2025,12,PORSCHE,911 CARRERA,1
2025,12,MERCEDES-BENZ,GLE 400 E 4MATIC COUPE,1
2025,12,FERRARI,FERRARI 12CILINDRI,1
2025,12,KNAUS,R24,1
2025,12,BMW,X4 XDRIVE30I,1
2025,12,BENTLEY,FLYING SPUR,1
2025,12,MASERATI,GHIBLI GT HYBRID,1
2025,12,BMW,IX M60,1
2025,12,MERCEDES-BENZ,AMG G 63,1
2025,12,KG MOBILITY,KG MOBILITY TORRES EVX,1
2025,12,BMW,223I ACTIVE TOURER,1
2025,12,BMW,X7 XDRIVE40I,1
2025,12,MERCEDES-BENZ,CLE 300 4MATIC,1
2025,12,BMW,220I ACTIVE TOURER,1
2025,12,NIESMANN+BISCHOFF,ARTO 88,1
2025,12,POESSL,KW 30,1
2025,12,ASTON MARTIN,VANTAGE ROADSTER,1
2025,12,MERCEDES-BENZ,AMG GLS 63 4MATIC+,1
2025,12,CARTHAGO,MALIBU VAN 640 LE K GT,1
2025,12,HYMER,B580MC,1
2025,12,BMW,X3 20 XDRIVE,1
2025,12,VOLKSWAGEN,ID.BUZZ PRO 210 KW,1
2025,12,BMW,X6,1
2025,12,LMC,V646,1
2025,12,PORSCHE,TAYCAN GTS,1
2025,12,VOLKSWAGEN,E-VENTJE,1
2025,12,BMW,223 XDRIVE,1
2025,12,MERCEDES-BENZ,S 580 E 4MATIC,1
2025,12,ASTON MARTIN,DB12,1
2025,12,PEUGEOT,RIFTER,1
2025,12,POESSL,KW 18,1
2025,12,TOYOTA,TOYOTA LAND CRUISER,1
2025,12,FIAT,600E,1
2025,12,NISSAN,QASHQAI,1
2025,12,TOURNE MOBIL,TOURNE,1
2025,12,BMW,I4 M50 XDRIVE,1
2025,12,AUDI,S E-TRON GT,1
2025,12,HONDA,E:NY1,1
2025,12,RENAULT,CAPTUR (E-TECH HYBRID),1
2025,12,FERRARI,SF90 SPIDER,1
2025,12,HYMER,B-ML I 780,1
2025,12,BMW,M440I XDRIVE,1
2025,12,BMW,X6 XDRIVE40I M SPORT,1
2025,12,MERCEDES-BENZ,C 300 DE,1
2025,12,PORSCHE,911 CARRERA GTS,1
2025,12,FORD,MAVERICK,1
2025,12,PEUGEOT,E-RIFTER,1
2025,12,BMW,X5 M COMPETITION,1
2025,12,AUDI,A6 LIM 270KW TFSI E,1
2025,12,BYD,BYD SEAL U DMI,1
2025,12,BMW,750E XDRIVE,1
2025,12,BURSTNER GMBH,BT6910,1
2025,12,JEEP,RENEGADE,1
2025,12,LYNK&CO,LYNK &CO 01,1
2025,12,HYUNDAI,"KONA, KAUAI",1
2025,12,KNAUS,TOURER VAN 500 MQ,1
2025,12,SKODA,ELROC 50,1
2025,12,HOBBY,MAXIA T 740 WE,1
2025,12,ADRIA,TWIN 640SGX,1
2025,12,KNAUS,R07,1
2025,12,ASTON MARTIN,VANQUISH VOLANTE,1
2025,12,BMW,I4 XDRIVE40,1
2025,12,BMW,Z4 M40I,1
2025,12,MERCEDES-BENZ,EQB 350 4MATIC,1
2025,12,LEXUS,LEXUS RZ450E,1
2025,12,BMW,X3 M50 XDRIVE,1
2025,12,LOTUS,ELETRE,1
2025,12,BURSTNER GMBH,BC6421,1
2025,12,MERCEDES-BENZ,S 450 E,1
2025,12,LMC,H660,1
2025,12,BMW,X6 XDRIVE30D M SPORT,1
2025,12,AUDI,Q5 55 TFSI E,1
2025,12,PORSCHE,911 CARRERA 4S,1
2025,12,CITROEN,C4 X,1
2026,1,SUZUKI,SWIFT,728
2026,1,HYUNDAI,I10,631
2026,1,TOYOTA,TOYOTA AYGO X,618
2026,1,SKODA,KODIAQ,615
2026,1,FORD,KUGA,614
2026,1,HYUNDAI,KONA,558
2026,1,KIA,SPORTAGE,474
2026,1,VOLVO,XC60,413
2026,1,VOLKSWAGEN,POLO,405
2026,1,VOLKSWAGEN,TIGUAN,404
2026,1,FORD,PUMA,354
2026,1,KIA,NIRO,351
2026,1,VOLKSWAGEN,TAYRON,335
2026,1,PEUGEOT,3008,322
2026,1,TOYOTA,TOYOTA YARIS CROSS,321
2026,1,PEUGEOT,2008,321
2026,1,KIA,EV3,317
2026,1,HYUNDAI,TUCSON,304
2026,1,BYD,BYD SEAL U DM-I,294
2026,1,TESLA,MODEL Y,291
2026,1,BMW,X3 30E XDRIVE,276
2026,1,RENAULT,RENAULT 5 E-TECH ELECTRIC,271
2026,1,RENAULT,SYMBIOZ,271
2026,1,JAECOO,JAECOO7 PHEV,271
2026,1,HYUNDAI,INSTER,269
2026,1,VOLVO,EX30,267
2026,1,OPEL,CORSA,265
2026,1,VOLKSWAGEN,GOLF,264
2026,1,SKODA,OCTAVIA,263
2026,1,PEUGEOT,208,259
2026,1,KIA,PICANTO,254
2026,1,SKODA,KAMIQ,249
2026,1,VOLKSWAGEN,T-ROC,248
2026,1,PEUGEOT,5008,243
2026,1,RENAULT,CAPTUR E-TECH HYBRID,232
2026,1,SEAT,IBIZA,230
2026,1,TOYOTA,TOYOTA YARIS,227
2026,1,TOYOTA,TOYOTA COROLLA,221
2026,1,OPEL,FRONTERA,216
2026,1,VOLVO,V60,215
2026,1,SUZUKI,VITARA,210
2026,1,KIA,STONIC,206
2026,1,LYNK&CO,LYNK & CO 01,195
2026,1,RENAULT,CLIO E-TECH HYBRID,195
2026,1,RENAULT,CLIO,193
2026,1,AUDI,Q3 200KW TFSI E,191
2026,1,VOLVO,EX40,190
2026,1,BMW,120,188
2026,1,KIA,CEED,188
2026,1,NISSAN,NISSAN QASHQAI,187
2026,1,DACIA,BIGSTER,179
2026,1,MAZDA,MAZDA CX-30,168
2026,1,OPEL,GRANDLAND,164
2026,1,CITROEN,E-C3,160
2026,1,KIA,EV5,160
2026,1,SKODA,FABIA,157
2026,1,LAND ROVER,RANGE ROVER SPORT,155
2026,1,VOLKSWAGEN,ID.4 PRO 210KW,151
2026,1,MERCEDES-BENZ,GLC 300 E 4MATIC,147
2026,1,CITROEN,C3,146
2026,1,OPEL,MOKKA,145
2026,1,PEUGEOT,308,144
2026,1,BMW,IX1 EDRIVE20,141
2026,1,SEAT,SEAT LEON SP E-HYBRID150,139
2026,1,BMW,X1 XDRIVE25E,137
2026,1,AUDI,A3 SPORTBACK PHEV 150,137
2026,1,BMW,330E,132
2026,1,BMW,M5,130
2026,1,RENAULT,AUSTRAL,129
2026,1,VOLVO,XC40,128
2026,1,VOLVO,XC90,117
2026,1,KIA,EV4,117
2026,1,TOYOTA,TOYOTA BZ4X,117
2026,1,MG,MG4 ELECTRIC,117
2026,1,CITROEN,C5 AIRCROSS,116
2026,1,SKODA,SUPERB,113
2026,1,BMW,530E,111
2026,1,CUPRA,TERRAMAR E-HYBRID,109
2026,1,VOLKSWAGEN,ID.7 TOURER PRO,108
2026,1,BMW,I5 EDRIVE40,104
2026,1,TOYOTA,TOYOTA C-HR,101
2026,1,MERCEDES-BENZ,CLA 250+,101
2026,1,HYUNDAI,BAYON,100
2026,1,AUDI,Q3 SB 200KW TFSI E,99
2026,1,SEAT,ARONA,96
2026,1,MINI,COOPER SE,96
2026,1,AUDI,Q5 220KW TFSI E,94
2026,1,DACIA,JOGGER,93
2026,1,JEEP,AVENGER,91
2026,1,MERCEDES-BENZ,GLA 250 E,89
2026,1,PORSCHE,CAYENNE E-HYBRID,89
2026,1,AUDI,A5 AVANT 220KW TFSI E,89
2026,1,BMW,X5 XDRIVE50E,88
2026,1,DACIA,SANDERO,87
2026,1,MAZDA,MAZDA2 HYBRID,86
2026,1,VOLKSWAGEN,TAIGO,86
2026,1,MERCEDES-BENZ,E 300 E,86
2026,1,MITSUBISHI,MITSUBISHI OUTLANDER,85
2026,1,PEUGEOT,408,82
2026,1,RENAULT,SCENIC E-TECH ELECTRIC,80
2026,1,SKODA,KAROQ,80
2026,1,AUDI,Q5 270KW TFSI E,79
2026,1,MERCEDES-BENZ,C 300 E,78
2026,1,LAND ROVER,DEFENDER,77
2026,1,MAZDA,MAZDA3,76
2026,1,SEAT,SEAT ATECA,72
2026,1,SUZUKI,S-CROSS,72
2026,1,AUDI,Q4 45 E-TRON,68
2026,1,VOLKSWAGEN,PASSAT,68
2026,1,SKODA,ENYAQ 85,67
2026,1,MITSUBISHI,GRANDIS,66
2026,1,CITROEN,C3 AIRCROSS,64
2026,1,SUZUKI,E VITARA,64
2026,1,AUDI,A6 AVANT 270KW TFSI E,64
2026,1,FIAT,600,64
2026,1,RENAULT,RENAULT 4 E-TECH ELECTRIC,63
2026,1,LEAPMOTOR,B10,62
2026,1,FIAT,PANDA,61
2026,1,CUPRA,FORMENTOR E-HYBRID,60
2026,1,BMW,550E XDRIVE,60
2026,1,SKODA,ELROQ 85,59
2026,1,FORD,EXPLORER,59
2026,1,AUDI,Q2,58
2026,1,VOLKSWAGEN,T-CROSS,58
2026,1,BMW,220,58
2026,1,AUDI,A3 SPORTBACK,57
2026,1,CITROEN,E-C3 AIRCROSS,55
2026,1,LEXUS,LEXUS LBX,55
2026,1,TOYOTA,TOYOTA RAV4,55
2026,1,BMW,I4 EDRIVE40,55
2026,1,MERCEDES-BENZ,EQA 250+,55
2026,1,SKODA,SCALA,54
2026,1,RENAULT,ESPACE,54
2026,1,PORSCHE,MACAN 4,53
2026,1,MINI,COOPER C,53
2026,1,HYUNDAI,SANTA FE,53
2026,1,MAZDA,MAZDA CX-60,52
2026,1,AUDI,Q8 60 TFSI E,52
2026,1,AUDI,A1 SPORTBACK,52
2026,1,SKODA,ELROQ 60,51
2026,1,KIA,EV9,51
2026,1,LYNK&CO,LYNK & CO 08,49
2026,1,DACIA,DUSTER,49
2026,1,XPENG,G6,47
2026,1,LEXUS,LEXUS NX450H+,47
2026,1,MINI,ACEMAN SE,46
2026,1,MERCEDES-BENZ,A 250 E,46
2026,1,HYUNDAI,IONIQ5,46
2026,1,FIAT,500 HYBRID,45
2026,1,TOYOTA,URBAN CRUISER,45
2026,1,LAND ROVER,RANGE ROVER EVOQUE,45
2026,1,MERCEDES-BENZ,EQB 250+,45
2026,1,CITROEN,E-C4,45
2026,1,OMODA,OMODA 9,43
2026,1,CITROEN,C4,43
2026,1,LAND ROVER,RANGE ROVER,43
2026,1,OPEL,ASTRA SPORTS TOURER,42
2026,1,PORSCHE,CAYENNE S E-HYBRID,42
2026,1,MG,MG ZS,42
2026,1,HONDA,CIVIC,42
2026,1,RENAULT,MEGANE E-TECH ELECTRIC,41
2026,1,AUDI,A6 AV E-TRON PERFORMANCE,41
2026,1,MERCEDES-BENZ,CLA 250 E,40
2026,1,AUDI,A5 LIM 220KW TFSI E,40
2026,1,VOLKSWAGEN,ID.7 TOURER PRO S,40
2026,1,ZEEKR,7X,40
2026,1,DS AUTOMOBILES,N 8,40
2026,1,VOLKSWAGEN,ID.3 PRO S 150 KW,40
2026,1,VOLKSWAGEN,ID.3 PURE 125 KW,40
2026,1,FORD,TRANSIT CUSTOM,39
2026,1,MG,MG3 HYBRID+,39
2026,1,MITSUBISHI,ASX,38
2026,1,LEAPMOTOR,C10,38
2026,1,NISSAN,NISSAN MICRA,38
2026,1,VOLVO,ES90,38
2026,1,VOLKSWAGEN,ID.3 PRO 150 KW,38
2026,1,OMODA,OMODA5,37
2026,1,AUDI,Q5 SB 270KW TFSI E,36
2026,1,LEAPMOTOR,T03,36
2026,1,ZEEKR,X,36
2026,1,MITSUBISHI,COLT,36
2026,1,AUDI,A6 AVANT 220KW TFSI E,35
2026,1,ALFA ROMEO,ALFA ROMEO JUNIOR,35
2026,1,MAZDA,MAZDA 6E,35
2026,1,MINI,ACEMAN E,35
2026,1,MINI,COUNTRYMAN E,35
2026,1,BMW,I4 EDRIVE35,34
2026,1,POLESTAR,POLESTAR 2,33
2026,1,NISSAN,NISSAN JUKE,33
2026,1,HONDA,HR-V,33
2026,1,HYUNDAI,I20,33
2026,1,MERCEDES-BENZ,AMG GLE 53 HYBRID,33
2026,1,HONDA,CR-V,32
2026,1,CITROEN,C4 X,31
2026,1,KIA,EV6,31
2026,1,JEEP,COMPASS,31
2026,1,JAECOO,JAECOO7,30
2026,1,BMW,X1 SDRIVE20I,30
2026,1,DACIA,SPRING,30
2026,1,VOLVO,EC40,30
2026,1,AUDI,Q5 SB 220KW TFSI E,30
2026,1,MERCEDES-BENZ,A 180,30
2026,1,AUDI,Q8 55 TFSI E,29
2026,1,AUDI,A3 LIMOUSINE,29
2026,1,HONDA,JAZZ,29
2026,1,AUDI,Q7 55 TFSI E,28
2026,1,BYD,BYD DOLPHIN SURF,28
2026,1,MERCEDES-BENZ,VITO TOURER,28
2026,1,FORD,CAPRI,28
2026,1,SEAT,SEAT LEON E-HYBRID150,28
2026,1,SEAT,SEAT LEON SP,27
2026,1,BYD,BYD SEAL U,27
2026,1,CITROEN,JUMPY,27
2026,1,VOLKSWAGEN,ID.4 PURE 125KW,26
2026,1,LAND ROVER,RANGE ROVER VELAR,26
2026,1,BMW,X1 XDRIVE30E,26
2026,1,AUDI,A3 SPORTBACK PHEV 200,26
2026,1,MERCEDES-BENZ,SPRINTER,26
2026,1,MINI,COOPER E,25
2026,1,CUPRA,TAVASCAN,25
2026,1,PORSCHE,CAYENNE TURBO E-HYBRID,24
2026,1,BMW,IX2 EDRIVE20,24
2026,1,POLESTAR,POLESTAR 4,24
2026,1,MERCEDES-BENZ,GLE 400 E 4MATIC,24
2026,1,MINI,COUNTRYMAN C,22
2026,1,AUDI,Q6 SUV E-TRON PERFORMANCE,22
2026,1,LEXUS,LEXUS RX450H+,22
2026,1,OPEL,VIVARO,22
2026,1,MERCEDES-BENZ,GLC 400 E 4MATIC,22
2026,1,SKODA,ENYAQ 60,22
2026,1,RENAULT,RAFALE,21
2026,1,LYNK&CO,LYNK & CO 02,21
2026,1,BYD,BYD ATTO 2,21
2026,1,MERCEDES-BENZ,EQE 300,20
2026,1,KIA,SORENTO,20
2026,1,SKODA,ELROQ 50,20
2026,1,AUDI,Q4 SPORTBACK 45 E-TRON,20
2026,1,SMART,#5,20
2026,1,FIAT,500,19
2026,1,VOLKSWAGEN,MULTIVAN,19
2026,1,VOLKSWAGEN,CALIFORNIA,19
2026,1,MERCEDES-BENZ,ESPRINTER,19
2026,1,BYD,BYD SEAL,19
2026,1,TESLA,MODEL 3,19
2026,1,MAZDA,MAZDA CX-80,19
2026,1,CUPRA,CUPRA LEON SP E-HYBRID150,18
2026,1,AUDI,A6 SB E-TRON PERFORMANCE,18
2026,1,BMW,225E XDRIVE ACTIVE TOURER,18
2026,1,CUPRA,BORN 170 KW 60/63 KWH,18
2026,1,KIA,PV5,18
2026,1,AUDI,Q6 SUV E-TRON,18
2026,1,MERCEDES-BENZ,CLA 180,18
2026,1,BMW,420I,18
2026,1,MERCEDES-BENZ,AMG E 53 HYBRID,17
2026,1,MINI,COOPER S,17
2026,1,JAECOO,JAECOO5 EV,17
2026,1,BMW,520I,17
2026,1,MINI,COUNTRYMAN SE ALL4,17
2026,1,MERCEDES-BENZ,B 250 E,16
2026,1,DS AUTOMOBILES,N 4,16
2026,1,OMODA,OMODA5 EV,16
2026,1,BMW,X2 SDRIVE20I,16
2026,1,BYD,BYD SEALION 7,16
2026,1,MINI,JCW,16
2026,1,MG,MG S5 EV,16
2026,1,SUZUKI,SUZUKI SWACE,16
2026,1,LANCIA,YPSILON,16
2026,1,NISSAN,NISSAN X-TRAIL,15
2026,1,AUDI,A3 ALLSTREET PHEV 150,15
2026,1,ALPINE,A290,15
2026,1,PORSCHE,911 CARRERA GTS,15
2026,1,PORSCHE,911 CARRERA 4 GTS,15
2026,1,HYUNDAI,IONIQ 9,14
2026,1,BMW,IX3 50 XDRIVE,14
2026,1,LEXUS,LEXUS RZ350E,14
2026,1,ALFA ROMEO,TONALE,14
2026,1,AUDI,A5 AVANT 270KW TFSI E,14
2026,1,AUDI,Q6 SUV E-TRON QUATTRO,14
2026,1,NIO,FIREFLY,14
2026,1,AUDI,Q7 60 TFSI E,14
2026,1,AUDI,Q4 40 E-TRON,13
2026,1,VOLVO,V90,13
2026,1,VOLKSWAGEN,TRANSPORTER,13
2026,1,CUPRA,BORN 150 KW 60/63 KWH,13
2026,1,DONGFENG,BOX,13
2026,1,BMW,IX XDRIVE60,13
2026,1,MINI,JCW ACEMAN E,13
2026,1,FORD,TOURNEO CUSTOM,13
2026,1,MERCEDES-BENZ,AMG GLE 53 HYBRID COUPE,13
2026,1,BMW,IX XDRIVE45,12
2026,1,FORD,MUSTANG MACH-E,12
2026,1,PORSCHE,911 TARGA 4 GTS,12
2026,1,ZEEKR,001,12
2026,1,MG,MG HS,12
2026,1,LEXUS,LEXUS UX300H,12
2026,1,MERCEDES-BENZ,GLA 180,12
2026,1,MG,MG HS HYBRID+,11
2026,1,MERCEDES-BENZ,GLB 200,11
2026,1,ADRIA,COMPACT DL,11
2026,1,VOLKSWAGEN,CADDY,11
2026,1,NISSAN,NISSAN ARIYA,11
2026,1,PORSCHE,MACAN TURBO,11
2026,1,RENAULT,CAPTUR,11
2026,1,SMART,#1,11
2026,1,MERCEDES-BENZ,C 180,11
2026,1,HYUNDAI,IONIQ6,10
2026,1,MERCEDES-BENZ,GLE 400 E 4MATIC COUPE,10
2026,1,MITSUBISHI,ECLIPSE CROSS,10
2026,1,XPENG,G9,10
2026,1,BMW,X3 M50 XDRIVE,10
2026,1,SEAT,SEAT LEON,10
2026,1,DS,DS7,10
2026,1,MG,MG S6 EV,10
2026,1,BMW,XM 50E,10
2026,1,SKODA,ENYAQ RS,10
2026,1,BMW,123 XDRIVE,10
2026,1,AUDI,A6 SB E-TRON,9
2026,1,SMART,#3,9
2026,1,PORSCHE,TAYCAN,9
2026,1,JEEP,WRANGLER UNLIMITED,9
2026,1,PORSCHE,MACAN 4S,9
2026,1,VOLKSWAGEN,ID.7 PRO,9
2026,1,BMW,M3 COMPETITION M XDRIVE,9
2026,1,BMW,318I,9
2026,1,MERCEDES-BENZ,EVITO TOURER,9
2026,1,VOLKSWAGEN,TOUAREG R,8
2026,1,BYD,SEAL 6 DM-I TOURING,8
2026,1,BMW,530E XDRIVE,8
2026,1,LAMBORGHINI,URUS,8
2026,1,BYD,SEAL U DM-I,8
2026,1,WEINSBERG,R57,8
2026,1,LAND ROVER,DISCOVERY SPORT,8
2026,1,AUDI,AUDI A6 AVANT,8
2026,1,MERCEDES-BENZ,AMG G 63,8
2026,1,VOLVO,EX30 CROSS COUNTRY,8
2026,1,MERCEDES-BENZ,G 580,8
2026,1,KIA,XCEED,8
2026,1,LEXUS,LEXUS ES300H,8
2026,1,PORSCHE,PANAMERA 4 E-HYBRID,8
2026,1,AUDI,A6 LIM 220KW TFSI E,8
2026,1,CUPRA,CUPRA LEON SP E-HYBRID200,8
2026,1,PORSCHE,TAYCAN 4,7
2026,1,VOLVO,EX90,7
2026,1,PORSCHE,911 CARRERA,7
2026,1,BMW,M760E XDRIVE,7
2026,1,BMW,220I,7
2026,1,PORSCHE,PANAMERA TURBO S E-HYBRID,7
2026,1,MAZDA,MAZDA MX-5,7
2026,1,BMW,750E XDRIVE,7
2026,1,MERCEDES-BENZ,CLE 300 E,7
2026,1,MINI,JCW E,7
2026,1,BMW,430I XDRIVE,6
2026,1,OPEL,ASTRA,6
2026,1,BMW,I7 EDRIVE50,6
2026,1,ABARTH,600E,6
2026,1,POLESTAR,POLESTAR 3,6
2026,1,DFSK,DFSK E5,6
2026,1,AUDI,A6 AV E-TRON,6
2026,1,WEINSBERG,R47,6
2026,1,BMW,IX1 XDRIVE30,6
2026,1,LEXUS,LEXUS RZ550E,6
2026,1,BMW,I5 M60 XDRIVE,6
2026,1,BMW,M440I XDRIVE,6
2026,1,AUDI,Q3,6
2026,1,HYUNDAI,IONIQ5 N,6
2026,1,MERCEDES-BENZ,EQV,6
2026,1,AUDI,S5 AVANT,6
2026,1,VOLKSWAGEN,ID. BUZZ CARGO MODIFIED PARTITION WALL,6
2026,1,HYUNDAI,I 30,6
2026,1,TOYOTA,TOYOTA PRIUS PHEV,6
2026,1,BMW,M135 XDRIVE,5
2026,1,PORSCHE,MACAN GTS,5
2026,1,VOLKSWAGEN,CRAFTER,5
2026,1,BMW,I4 M60 XDRIVE,5
2026,1,AUDI,Q6 SB E-TRON PERFORMANCE,5
2026,1,ADRIA,TWIN 640SGX,5
2026,1,KG MOBILITY,TORRES EVX,5
2026,1,BYD,ATTO 3,5
2026,1,SKODA,ELROQ RS,5
2026,1,AUDI,A5 LIM 270KW TFSI E,5
2026,1,MERCEDES-BENZ,CLE 450 4MATIC,5
2026,1,BMW,320I,5
2026,1,PORSCHE,911 CARRERA 4S,5
2026,1,KG MOBILITY,KG MOBILITY ACTYON,5
2026,1,BMW,Z4 SDRIVE30I,5
2026,1,HONDA,ZR-V,5
2026,1,CUPRA,CUPRA LEON E-HYBRID150,5
2026,1,VOYAH,COURAGE,5
2026,1,CITROEN,C5 X,5
2026,1,RAPIDO,N/A,4
2026,1,KG MOBILITY,KG MOBILITY TORRES,4
2026,1,TESLA,MODEL X,4
2026,1,BMW,116,4
2026,1,BMW,X6 XDRIVE40I M SPORT,4
2026,1,MERCEDES-BENZ,CLE 180,4
2026,1,PORSCHE,PANAMERA 4S E-HYBRID,4
2026,1,MERCEDES-BENZ,EQE 350+,4
2026,1,BMW,X3 20 XDRIVE,4
2026,1,MERCEDES-BENZ,EQE 350 4MATIC,4
2026,1,CITROEN,JUMPER,4
2026,1,AUDI,A6 LIM 270KW TFSI E,4
2026,1,BMW,IX2 XDRIVE30,4
2026,1,MINI,COUNTRYMAN S ALL4,4
2026,1,AUDI,RS 3 SPORTBACK,4
2026,1,VOLKSWAGEN,ID.5 PRO 210KW,4
2026,1,AUDI,S6 AV E-TRON,4
2026,1,CUPRA,TERRAMAR,4
2026,1,BMW,IX M70 XDRIVE,4
2026,1,BMW,330E XDRIVE,4
2026,1,AUTOMOBILI LAMBORGHINI S.,URUS,4
2026,1,PORSCHE,911 CARRERA S,4
2026,1,VOLKSWAGEN,ID.3 GTX PERF. 240 KW,4
2026,1,PORSCHE,MACAN,4
2026,1,KNAUS,R11,4
2026,1,BENTLEY,CONTINENTAL GTC,4
2026,1,FERRARI,FERRARI 12CILINDRI,4
2026,1,AUDI,Q6 SB E-TRON,4
2026,1,VOLKSWAGEN,ID. BUZZ PRO LR 210 KW,3
2026,1,KNAUS,R05,3
2026,1,BMW,M4 COMPETITION M XDRIVE,3
2026,1,BENIMAR,TESSORO 463,3
2026,1,BMW,X7 XDRIVE40I,3
2026,1,WESTFALEN MOBIL,FORD NUGGET,3
2026,1,BMW,IX XDRIVE40,3
2026,1,MERCEDES-BENZ,GLB 180,3
2026,1,MERCEDES-BENZ,EQS 450 4MATIC,3
2026,1,VOLKSWAGEN,ID.7 PRO S,3
2026,1,CARTHAGO,CHIC C-LINE I 4.9 LE,3
2026,1,MERCEDES-BENZ,GLS 450 4MATIC,3
2026,1,TESLA,MODEL S,3
2026,1,CUPRA,BORN 170 KW 79/84 KWH,3
2026,1,BYD,BYD DOLPHIN,3
2026,1,BENTLEY,CONTINENTAL GT,3
2026,1,MERCEDES-BENZ,EQS 450+,3
2026,1,BENTLEY,CONTINENTAL GTC MULLINER,3
2026,1,MG,MG CYBERSTER,3
2026,1,FERRARI,FERRARI PUROSANGUE,3
2026,1,AUDI,A6 AVANT 50 TFSI E,3
2026,1,PORSCHE,911 GT3,3
2026,1,MG,MG HS PLUG-IN HYBRID,3
2026,1,BMW,Z4 M40I,3
2026,1,OPEL,COMBO-E LIFE,3
2026,1,BMW,X1 M35I XDRIVE,3
2026,1,FORD,TRANSIT,3
2026,1,KNAUS,R15,3
2026,1,HOBBY,T 710 GE NERO,3
2026,1,CITROEN,E-C4 X,3
2026,1,POLESTAR,HUISKAMP GLASS,3
2026,1,AUDI,A5 AVANT,3
2026,1,MERCEDES-BENZ,CLE 200,3
2026,1,VOLKSWAGEN,ID.4 PRO 4MOTION 210KW,3
2026,1,AUDI,A6 AV E-TRON QUATTRO,3
2026,1,WEINSBERG,R48,3
2026,1,MERCEDES-BENZ,B 180,3
2026,1,BMW,M340I XDRIVE,3
2026,1,FERRARI,FERRARI ROMA SPIDER,3
2026,1,VOYAH,FREE,3
2026,1,NIO,EL8,3
2026,1,AUDI,Q4 SPORTBACK 40 E-TRON,3
2026,1,BMW,I5 XDRIVE40,3
2026,1,CUPRA,CUPRA LEON E-HYBRID200,2
2026,1,BMW,X7 M60I XDRIVE,2
2026,1,LAIKA,ECOVIP L3009,2
2026,1,MERCEDES-BENZ,C 300 DE,2
2026,1,DETHLEFFS,JUST GO T7055 EB,2
2026,1,ADRIA,CORAL MB 670DL,2
2026,1,CARTHAGO,MALIBU VAN 640 LE RB GT,2
2026,1,MERCEDES-BENZ,S 580 E 4MATIC,2
2026,1,BMW,840I,2
2026,1,ABARTH,500,2
2026,1,MERCEDES-BENZ,GLE 350 DE 4MATIC,2
2026,1,BURSTNER GMBH,BC6003,2
2026,1,LOTUS,EMEYA,2
2026,1,ADRIA,TWIN MAX 680SLB,2
2026,1,BMW,218I ACTIVE TOURER,2
2026,1,ADRIA,CORAL 670DL,2
2026,1,HYMER,GRAND CANYON S 600,2
2026,1,BYD,SEAL 6 DM-I,2
2026,1,KNAUS,R19,2
2026,1,CAPRON,V66/ V337,2
2026,1,LMC,C600,2
2026,1,ASTON MARTIN,VANTAGE S ROADSTER,2
2026,1,BMW,X5 M60I XDRIVE,2
2026,1,HYMER,B-MC T 680,2
2026,1,FORD,FOCUS,2
2026,1,BMW,XM LABEL,2
2026,1,HYMER,B-MC T 600 BLACKLINE,2
2026,1,BENTLEY,FLYING SPUR SPEED,2
2026,1,PORSCHE,TAYCAN TURBO S,2
2026,1,BENTLEY,CONTINENTAL GTC SPEED,2
2026,1,NIESMANN+BISCHOFF,ARTO 88,2
2026,1,PEUGEOT,BOXER,2
2026,1,BENTLEY,BENTAYGA SPEED,2
2026,1,BURSTNER GMBH,BT6905,2
2026,1,MC LAREN,ARTURA SPIDER,2
2026,1,VOLKSWAGEN,ID.7 TOURER GTX,2
2026,1,BMW,X1 SDRIVE18I,2
2026,1,ETRUSCO,640 SB,2
2026,1,AUDI,A5 LIMOUSINE,2
2026,1,DETHLEFFS,GLOBEBUS CAMP T004,2
2026,1,KNAUS,R07,2
2026,1,WEINSBERG,R58,2
2026,1,HYMER,ML-T 580 4X4,2
2026,1,CAPRON,CVE 640,2
2026,1,CAPRON,T58/ T135,2
2026,1,BMW,X1 XDRIVE23I,2
2026,1,VOLKSWAGEN,ID. BUZZ,2
2026,1,CAPRON,T68C/ T457,2
2026,1,LOTUS,ELETRE,2
2026,1,RENAULT,ANTILOPEVAN FLEXPLUS,2
2026,1,MAZDA,MAZDA MX-30,2
2026,1,HYMER,GRAND CANYON S 700 4X4,2
2026,1,ADRIA,SONIC 700DL,2
2026,1,BMW,230E XDRIVE ACTIVE TOURER,2
2026,1,NIESMANN-BISCHOFF,ARTO 78,2
2026,1,AUDI,AUDI A6 LIMOUSINE,2
2026,1,BMW,M2 CS,2
2026,1,HYMER,ML-T 580 XPERIENCE,2
2026,1,BENTLEY,CONTINENTAL GT MULLINER,2
2026,1,BMW,I7 M70 XDRIVE,2
2026,1,PEUGEOT,EXPERT,2
2026,1,FIAT,FIAT DUCATO,2
2026,1,ADRIA,MATRIX 670SL,2
2026,1,PORSCHE,911 GT3 RS,2
2026,1,AUDI,S3 SPORTBACK,2
2026,1,BMW,223I ACTIVE TOURER,2
2026,1,FORD,TOURNEO CONNECT,2
2026,1,AUDI,Q6 SB E-TRON QUATTRO,2
2026,1,HOBBY,V65 GE,2
2026,1,DETHLEFFS,TREND T 7057 DBL/EBL,2
2026,1,KNAUS,R09,2
2026,1,AUDI,Q5 50 TFSI E,2
2026,1,BMW,I7 XDRIVE60,2
2026,1,MERCEDES-BENZ,E 400 E 4MATIC,2
2026,1,BURSTNER GMBH,BC6211,2
2026,1,AUDI,S E-TRON GT,2
2026,1,CARTHAGO,MALIBU GENIUS 641 LE,1
2026,1,DETHLEFFS,JUST T 7052 EB/DBM,1
2026,1,FERRARI,SF90 XX SPIDER,1
2026,1,BENTLEY,BENTAYGA AZURE HYBRID,1
2026,1,PORSCHE,TAYCAN GTS,1
2026,1,BYD,DOLPIN SURF COMFORT,1
2026,1,BENTLEY,BENTAYGA EXTENDED WHEELBASE MULLINER V8,1
2026,1,FORSTER,FI 745 QF,1
2026,1,ETRUSCO,T7400 SBC,1
2026,1,VOLKSWAGEN,AUTARK CRAFTER,1
2026,1,WEINSBERG,CARACOMPACT,1
2026,1,VOLKSWAGEN,VOLKSWAGEN,1
2026,1,BRAVIA,SWAN,1
2026,1,ADRIA,CORAL 600SL,1
2026,1,SUN LIVING,C-SERIES C 65SL,1
2026,1,MERCEDES-BENZ,E 300 DE 4MATIC,1
2026,1,BMW,220I ACTIVE TOURER,1
2026,1,ADRIA,CORAL 650DL,1
2026,1,VOLKSWAGEN,ID. BUZZ GTX KR 250 KW,1
2026,1,POESSL,KW 22,1
2026,1,ASTON MARTIN,DB12 VOLANTE,1
2026,1,AUDI,RS E-TRON GT,1
2026,1,CARTHAGO,CHIC C-LINE  I 4.9 LE L,1
2026,1,CUPRA,BORN 240 KW 79/84 KWH,1
2026,1,SUN LIVING,S-SERIES S 72DL,1
2026,1,BURSTNER GMBH,BT7274,1
2026,1,CARTHAGO,MALIBU VAN 640 LE K GT,1
2026,1,MERCEDES-BENZ,AMG S 63 E PERFORMANCE,1
2026,1,BMW,I4 XDRIVE40,1
2026,1,TOYOTA,TOYOTA LAND CRUISER,1
2026,1,POESSL,SUMMIT 640,1
2026,1,AUDI,SQ6 SUV E-TRON,1
2026,1,ADRIA,TWIN 540SP,1
2026,1,HOBBY,MAXIA T 740 WF,1
2026,1,MERCEDES-BENZ,S 450 E,1
2026,1,AUDI,S5 LIMOUSINE,1
2026,1,ADRIA,SUPER SONIC 890LL,1
2026,1,HYMER,YELLOWSTONE,1
2026,1,FORD,TOURNEO,1
2026,1,POSSL,SUMMIT 640,1
2026,1,MERCEDES-BENZ,MAYBACH EQS 680,1
2026,1,BENTLEY,CONTINENTAL GT AZURE,1
2026,1,BMW,I4 EDRIVE40 GRAN COUPE,1
2026,1,BMW,X4 XDRIVE30I,1
2026,1,LAIKA,KREOS H5109,1
2026,1,CAPRON,CVE 600,1
2026,1,CAPRON,CV 640 PLUS,1
2026,1,DS AUTOMOBILES,DS 3,1
2026,1,VOLKSWAGEN,ID. BUZZ GTX LR 250 KW,1
2026,1,DETHLEFFS,TREND I 7057 EB,1
2026,1,DETHLEFFS,TREND T 7057 DBM/EB,1
2026,1,HYMER,B-MC T 600 WHITELINE,1
2026,1,CARTHAGO,MALIBU VAN 640 LERB COUPE,1
2026,1,ASTON MARTIN,DBX S,1
2026,1,LAIKA,ECOVIP L2009,1
2026,1,ADRIA,CORAL MB 650SL,1
2026,1,HYMER,ML-T 580,1
2026,1,CAPRON,CVE600,1
2026,1,KABE,KABE TMNX 750 LGB,1
2026,1,BMW,X7 XDRIVE40D,1
2026,1,MERCEDES-BENZ,V-KLASSE,1
2026,1,SUBARU,CROSSTREK,1
2026,1,BMW,420D,1
2026,1,PORSCHE,911 TURBO S,1
2026,1,CAPRON,I67S/ I338,1
2026,1,AUDI,Q8,1
2026,1,BURSTNER GMBH,BC5402,1
2026,1,CAPRON,T58/T135,1
2026,1,BURSTNER GMBH,BT5907,1
2026,1,HYMER,ML-T 570 4X4,1
2026,1,WEINSBERG,R49,1
2026,1,HYMER,ML-T 580 CROSSTRAIL,1
2026,1,OPEL,ZAFIRA LIFE,1
2026,1,CARTHAGO,RM1 MALIBU T 430 KB-LE,1
2026,1,ASTON MARTIN,VANQUISH,1
2026,1,AUDI,S3 LIMOUSINE,1
2026,1,MEGA MOBIL,MEGA SPORT 640,1
2026,1,ADRIA,MATRIX 670DL,1
2026,1,CHERY,TIGGO8,1
2026,1,ERIBA,CAR 602,1
2026,1,KNAUS,R20,1
2026,1,SUBARU,FORESTER,1
2026,1,BMW,320D,1
2026,1,BMW,M235 XDRIVE,1
2026,1,PILOTE,P690D,1
2026,1,BENTLEY,BENTAYGA HYBRID,1
2026,1,KABE,KABE TMC 740 LXL,1
2026,1,ALPINA,BMW ALPINA B3 GT,1
2026,1,BMW,X4 M40I,1
2026,1,TOTH ES FIAI,CLEVER,1
2026,1,MC LOUIS,MC4 870,1
2026,1,BENTLEY,BENTAYGA AZURE V8,1
2026,1,BURSTNER GMBH,BT6915,1
2026,1,BMW,X2 M35I XDRIVE,1
2026,1,AUDI,RS Q8,1
2026,1,FERRARI,296 GTS,1
2026,1,CITROEN,E-BERLINGO,1
2026,1,MERCEDES-BENZ,G 450 D,1
2026,1,AUDI,Q5 SPORTBACK 50 TFSI E,1
2026,1,SKODA,ENYAQ 50,1
2026,1,DETHLEFFS,GLOBEBUS I001,1
2026,1,LEXUS,LEXUS RX500H,1
2026,1,ADRIA,TWIN 640SLB,1
2026,1,MERCEDES-BENZ,GLS 580 4MATIC,1
2026,1,POSSL,GLOBECAR SUMMIT 640,1
2026,1,BMW,218I,1
2026,1,ASTON MARTIN,DB12,1
2026,1,MINI,JCW COUNTRYMAN ALL4,1
2026,1,BMW,330I XDRIVE,1
2026,1,AUDI,RS E-TRON GT PERFORMANCE,1
2026,1,ALPINA,BMW ALPINA B3 GT TOURING,1
2026,1,BYD,BYD SEAL U DMI,1
2026,1,ADRIA,COMPACT SL,1
2026,1,BMW,223 XDRIVE,1
2026,1,SUBARU,OUTBACK,1
2026,1,MERCEDES-BENZ,S 580 E MAYBACH,1
2026,1,RENAULT,TRAFIC,1
2026,1,LEXUS,LEXUS RZ500E,1
2026,1,MERCEDES-AMG,MAYBACH SL 680,1
2026,1,CARTHAGO,MALIBU VAN  640 R LE,1
2026,1,BURSTNER GMBH,BT6913,1
2026,1,CHAUSSON,S697,1
2026,1,CARTHAGO,LINER FOR TWO 53,1
2026,1,POESSL,KW 34,1
2026,1,CADILLAC,CADILLAC XT6,1
2026,1,HYMER,B-ML I 790,1
2026,1,MAN,TGE,1
2026,1,WEINSBERG,R46,1
2026,1,CAPRON,V60/ V132,1
2026,1,FRANKIA,F-LINE,1
2026,1,ROLLS ROYCE,CULLINAN,1
2026,1,ERIBA,CAR 600,1
2026,1,CAPRON,V66 / V337,1
2026,1,HONDA,PRELUDE,1
2026,1,ROLLS ROYCE,GHOST,1
2026,1,PEUGEOT,TRAVELLER,1
2026,1,FIAT,SCUDO,1
2026,1,MERCEDES-BENZ,E 300 DE,1
2026,1,CROSSCAMP,CROSSCAMP ADVTR. 6.0 DF,1
2026,1,DETHLEFFS,GLOBETRAIL PERFORMANCE,1
2026,1,POESSL,KW 41,1
2026,1,HYMER,B-ML T 780,1
2026,1,FISKER,OCEAN,1
2026,1,BMW,X5 M COMPETITION,1
2026,1,FRANKIA,NOW 7.0 L,1
2026,1,LMC,H730,1
2026,1,CAPRON,CV 600,1
2026,1,CAPRON,T680/T447T,1
2026,1,HYMER,GRAND CANYON S 700,1
2026,1,AUDI,SQ7,1
2026,1,PORSCHE,718 CAYMAN GTS,1
2026,1,CHRYSLER,PACIFICA HYBRID PINNACLE,1
2026,1,PEUGEOT,508,1
2026,1,EURA MOBIL,EURA MOBIL 635 HB,1
2026,1,CAPRON,T67/ T448,1
2026,1,BMW,M240I XDRIVE,1
2026,1,HOBBY,640 ET PRESTIGE VAN FIRST EDITION,1
2026,1,CARTHAGO,MALIBU VAN 640 LERB GT,1
2026,1,GIOTTILINE,VAN 60T,1
2026,1,MERCEDES-BENZ,E 300 E 4MATIC,1
2026,1,PORSCHE,PANAMERA TURBO E-HYBRID,1
2026,1,CARTHAGO,C2-TOURER I 143 KB-LE,1
2026,1,AUDI,E-TRON GT,1
2026,1,CHAUSSON,640,1
2026,1,CARTHAGO,C1-TOURER T 143 KB-LE,1
2026,1,BURSTNER GMBH,BC5901,1
2026,1,HYMER,B-ML I 780,1
2026,1,HYMER,TRAMP S 680,1
2026,1,SUNLIGHT,590S,1
2026,1,ETRUSCO,V 6.6 SF,1
2026,1,DETHLEFFS,ALPHA I 6820-2,1
2026,1,MORELO,PALACE 85 L,1
2026,1,ASTON MARTIN,VANTAGE ROADSTER,1
2026,1,DEEPAL,DEEPAL S05,1
2026,1,LAMBORGHINI,REVUELTO,1
2026,1,MERCEDES-BENZ,S 450 D 4MATIC,1
2026,1,HYMER,TRAMP S 585,1
2026,1,HYMER,B-MC I 680 BLACKLINE,1
2026,1,VOLKSWAGEN,ID.7 GTX,1
2026,1,ADRIA,CORAL 670DC,1
2026,1,BMW,540D XDRIVE,1
2026,1,PEUGEOT,E-RIFTER,1
2026,1,ETRUSCO,V 6.8 SCF,1
2026,1,ROLLER TEAM,ZEFIRO 267 INTEGRAL,1
2026,1,BMW,X6 M COMPETITION,1
2026,1,DETHLEFFS,KW 600,1
2026,1,ALPINA,BMW ALPINA XB7 MANUFAKTUR,1
2026,1,LUCID MOTORS,LUCID GRAVITY,1
2026,1,MERCEDES-BENZ,VITO,1
2026,1,AUDI,SQ6 SB E-TRON,1
2026,1,AUDI,Q3 SPORTBACK,1
2026,1,BMW,840I XDRIVE,1
2026,1,SUN LIVING,S-SERIES S 75SL,1
2026,1,ILUSION,ILUSION I7DB,1
2026,1,MERCEDES-BENZ,AMG CLE 53 4MATIC,1
2026,1,POESSL,SUMMIT 600,1
2026,1,CHERY,TIGGO7,1
2026,1,MERCEDES-BENZ,EQS 350,1
2026,1,HYMER,EXSIS-T 580,1
2026,1,LMC,V646,1
2026,1,MERCEDES-BENZ,S 680 MAYBACH,1
2026,2,TOYOTA,TOYOTA AYGO X,816
2026,2,FORD,KUGA,562
2026,2,SKODA,KODIAQ,516
2026,2,TOYOTA,TOYOTA YARIS CROSS,497
2026,2,KIA,PICANTO,418
2026,2,BYD,BYD SEAL U DM-I,395
2026,2,OPEL,CORSA,373
2026,2,TESLA,MODEL Y,351
2026,2,KIA,SPORTAGE,344
2026,2,KIA,EV3,343
2026,2,KIA,NIRO,343
2026,2,HYUNDAI,I10,343
2026,2,RENAULT,RENAULT 5 E-TECH ELECTRIC,295
2026,2,PEUGEOT,208,292
2026,2,HYUNDAI,KONA,276
2026,2,KIA,STONIC,264
2026,2,VOLKSWAGEN,TIGUAN,256
2026,2,PEUGEOT,3008,252
2026,2,PEUGEOT,2008,239
2026,2,FORD,PUMA,238
2026,2,JAECOO,JAECOO7 PHEV,237
2026,2,VOLVO,EX40,231
2026,2,KIA,EV5,229
2026,2,TOYOTA,TOYOTA YARIS,220
2026,2,SEAT,IBIZA,214
2026,2,VOLKSWAGEN,TAYRON,209
2026,2,BMW,X3 30E XDRIVE,208
2026,2,NISSAN,NISSAN QASHQAI,207
2026,2,VOLVO,EX30,194
2026,2,SUZUKI,SWIFT,191
2026,2,VOLVO,XC60,180
2026,2,OPEL,FRONTERA,178
2026,2,TESLA,MODEL 3,177
2026,2,TOYOTA,TOYOTA COROLLA,170
2026,2,RENAULT,CAPTUR E-TECH HYBRID,167
2026,2,HYUNDAI,TUCSON,166
2026,2,VOLKSWAGEN,GOLF,165
2026,2,PEUGEOT,5008,163
2026,2,JEEP,AVENGER,159
2026,2,SKODA,ELROQ 85,158
2026,2,FIAT,PANDA,155
2026,2,RENAULT,SYMBIOZ,154
2026,2,OPEL,MOKKA,153
2026,2,RENAULT,CLIO,149
2026,2,KIA,CEED,138
2026,2,KIA,EV4,138
2026,2,HYUNDAI,INSTER,137
2026,2,VOLKSWAGEN,ID.4 PRO 210KW,131
2026,2,DACIA,BIGSTER,128
2026,2,BMW,330E,128
2026,2,LYNK&CO,LYNK & CO 01,128
2026,2,SKODA,ENYAQ 85,126
2026,2,VOLVO,V60,123
2026,2,VOLKSWAGEN,POLO,120
2026,2,SKODA,OCTAVIA,120
2026,2,MINI,COOPER C,118
2026,2,MAZDA,MAZDA CX-30,116
2026,2,LEAPMOTOR,B10,116
2026,2,BMW,120,114
2026,2,VOLVO,XC90,114
2026,2,CITROEN,C5 AIRCROSS,113
2026,2,FORD,EXPLORER,113
2026,2,SKODA,ELROQ 60,112
2026,2,LEAPMOTOR,T03,112
2026,2,TOYOTA,TOYOTA BZ4X,111
2026,2,RENAULT,SCENIC E-TECH ELECTRIC,108
2026,2,RENAULT,AUSTRAL,106
2026,2,PEUGEOT,308,105
2026,2,BMW,X1 XDRIVE25E,105
2026,2,MERCEDES-BENZ,GLC 300 E 4MATIC,102
2026,2,MERCEDES-BENZ,CLA 250+,102
2026,2,VOLKSWAGEN,T-ROC,100
2026,2,ZEEKR,7X,99
2026,2,AUDI,Q3 200KW TFSI E,97
2026,2,LAND ROVER,RANGE ROVER EVOQUE,95
2026,2,SEAT,SEAT LEON SP E-HYBRID150,93
2026,2,OPEL,GRANDLAND,93
2026,2,BMW,IX1 EDRIVE20,90
2026,2,TOYOTA,TOYOTA C-HR,88
2026,2,SUZUKI,VITARA,86
2026,2,CITROEN,C3,79
2026,2,RENAULT,RENAULT 4 E-TECH ELECTRIC,77
2026,2,CITROEN,C4,77
2026,2,LAND ROVER,RANGE ROVER SPORT,75
2026,2,VOLKSWAGEN,ID.7 TOURER PRO,74
2026,2,FORD,TRANSIT CUSTOM,74
2026,2,MERCEDES-BENZ,GLA 250 E,74
2026,2,DACIA,DUSTER,74
2026,2,MERCEDES-BENZ,EQA 250+,73
2026,2,SKODA,FABIA,73
2026,2,CUPRA,TERRAMAR E-HYBRID,72
2026,2,CITROEN,C3 AIRCROSS,71
2026,2,DACIA,JOGGER,71
2026,2,CUPRA,FORMENTOR E-HYBRID,71
2026,2,RENAULT,CLIO E-TECH HYBRID,70
2026,2,SKODA,KAMIQ,66
2026,2,AUDI,Q3 SB 200KW TFSI E,65
2026,2,VOLKSWAGEN,ID.3 PRO S 150 KW,65
2026,2,CITROEN,E-C3,64
2026,2,MG,MG4 ELECTRIC,64
2026,2,CITROEN,E-C3 AIRCROSS,63
2026,2,KIA,EV9,62
2026,2,BMW,530E,61
2026,2,AUDI,Q4 45 E-TRON,61
2026,2,AUDI,A1 SPORTBACK,60
2026,2,AUDI,A3 SPORTBACK PHEV 150,60
2026,2,BMW,I5 EDRIVE40,60
2026,2,MAZDA,MAZDA CX-60,59
2026,2,MERCEDES-BENZ,E 300 E,59
2026,2,LEAPMOTOR,C10,57
2026,2,OMODA,OMODA5,57
2026,2,VOLVO,XC40,56
2026,2,TOYOTA,URBAN CRUISER,56
2026,2,RENAULT,MEGANE E-TECH ELECTRIC,56
2026,2,SKODA,SUPERB,53
2026,2,MITSUBISHI,MITSUBISHI OUTLANDER,53
2026,2,ALFA ROMEO,ALFA ROMEO JUNIOR,52
2026,2,MERCEDES-BENZ,C 300 E,52
2026,2,BMW,X5 XDRIVE50E,51
2026,2,VOLKSWAGEN,T-CROSS,49
2026,2,MITSUBISHI,COLT,48
2026,2,HYUNDAI,BAYON,48
2026,2,MINI,COUNTRYMAN C,48
2026,2,MG,MG3 HYBRID+,48
2026,2,MAZDA,MAZDA3,48
2026,2,VOLKSWAGEN,ID.3 PURE 125 KW,47
2026,2,OPEL,ASTRA SPORTS TOURER,47
2026,2,AUDI,Q8 60 TFSI E,47
2026,2,RENAULT,ESPACE,46
2026,2,XPENG,G9,45
2026,2,MERCEDES-BENZ,SPRINTER,45
2026,2,FIAT,500 HYBRID,44
2026,2,MAZDA,MAZDA2 HYBRID,44
2026,2,MITSUBISHI,ASX,43
2026,2,BMW,M5,43
2026,2,LAND ROVER,DEFENDER,42
2026,2,VOLKSWAGEN,PASSAT,42
2026,2,MG,MG ZS,41
2026,2,FIAT,600,41
2026,2,LYNK&CO,LYNK & CO 08,41
2026,2,VOLKSWAGEN,TAIGO,41
2026,2,MERCEDES-BENZ,A 250 E,41
2026,2,AUDI,A5 AVANT 220KW TFSI E,40
2026,2,KIA,SORENTO,40
2026,2,OMODA,OMODA 9,39
2026,2,LAND ROVER,RANGE ROVER,39
2026,2,CUPRA,TAVASCAN,39
2026,2,SEAT,ARONA,38
2026,2,MITSUBISHI,GRANDIS,37
2026,2,VOLKSWAGEN,CADDY,36
2026,2,CUPRA,BORN 170 KW 79/84 KWH,36
2026,2,HYUNDAI,IONIQ5,35
2026,2,VOLKSWAGEN,MULTIVAN,35
2026,2,AUDI,Q2,35
2026,2,MAZDA,MAZDA 6E,34
2026,2,KIA,EV6,33
2026,2,DACIA,SANDERO,33
2026,2,MINI,COOPER SE,33
2026,2,MERCEDES-BENZ,EQB 250+,32
2026,2,HYUNDAI,SANTA FE,32
2026,2,MINI,COOPER E,32
2026,2,AUDI,Q5 220KW TFSI E,32
2026,2,PORSCHE,CAYENNE E-HYBRID,32
2026,2,MG,MG HS,31
2026,2,AUDI,A3 SPORTBACK,31
2026,2,CITROEN,E-C4,31
2026,2,JEEP,COMPASS,31
2026,2,MERCEDES-BENZ,ESPRINTER,30
2026,2,MERCEDES-BENZ,A 180,30
2026,2,MINI,COUNTRYMAN E,30
2026,2,AUDI,Q5 SB 270KW TFSI E,29
2026,2,VOLVO,ES90,29
2026,2,XPENG,G6,29
2026,2,MINI,ACEMAN SE,29
2026,2,BMW,IX2 EDRIVE20,28
2026,2,SUZUKI,S-CROSS,28
2026,2,JAECOO,JAECOO5 EV,28
2026,2,LYNK&CO,LYNK & CO 02,27
2026,2,VOLVO,EC40,27
2026,2,MERCEDES-BENZ,AMG GLE 53 HYBRID,27
2026,2,PORSCHE,CAYENNE S E-HYBRID,27
2026,2,BYD,BYD DOLPHIN SURF,26
2026,2,SEAT,SEAT ATECA,26
2026,2,NISSAN,NISSAN JUKE,26
2026,2,POLESTAR,POLESTAR 2,26
2026,2,BYD,BYD SEALION 7,26
2026,2,MERCEDES-BENZ,GLE 400 E 4MATIC,25
2026,2,MERCEDES-BENZ,CLA 180,25
2026,2,BMW,X1 XDRIVE30E,25
2026,2,VOLKSWAGEN,ID.7 TOURER PRO S,24
2026,2,DACIA,SPRING,24
2026,2,VOLKSWAGEN,ID.3 PRO 150 KW,23
2026,2,RENAULT,CAPTUR,23
2026,2,LEXUS,LEXUS LBX,23
2026,2,HONDA,CR-V,22
2026,2,DS AUTOMOBILES,N 8,22
2026,2,AUDI,A6 AVANT 270KW TFSI E,22
2026,2,AUDI,Q5 270KW TFSI E,22
2026,2,AUDI,A3 SPORTBACK PHEV 200,22
2026,2,BYD,ATTO 3,22
2026,2,PEUGEOT,408,22
2026,2,BMW,220,22
2026,2,MINI,ACEMAN E,21
2026,2,BMW,I4 EDRIVE35,21
2026,2,SKODA,SCALA,21
2026,2,FORD,CAPRI,20
2026,2,PORSCHE,MACAN 4,20
2026,2,SMART,#5,20
2026,2,OMODA,OMODA9,20
2026,2,RENAULT,RAFALE,20
2026,2,HONDA,CIVIC,20
2026,2,NISSAN,NISSAN MICRA,20
2026,2,HONDA,HR-V,19
2026,2,BYD,BYD ATTO 2,19
2026,2,VOLKSWAGEN,TRANSPORTER,19
2026,2,MERCEDES-BENZ,CLA 250 E,19
2026,2,ALPINE,A290,18
2026,2,KIA,PV5,18
2026,2,HONDA,JAZZ,18
2026,2,AUDI,A6 AVANT 220KW TFSI E,18
2026,2,VOLKSWAGEN,E-VENTJE,18
2026,2,AUDI,A3 LIMOUSINE,18
2026,2,HYUNDAI,I20,18
2026,2,MG,MG HS HYBRID+,17
2026,2,MERCEDES-BENZ,VITO TOURER,17
2026,2,AUDI,A5 LIM 220KW TFSI E,17
2026,2,MG,MG S5 EV,17
2026,2,BMW,550E XDRIVE,17
2026,2,CUPRA,BORN 170 KW 60/63 KWH,17
2026,2,ADRIA,COMPACT DL,17
2026,2,BYD,BYD SEAL,17
2026,2,JAECOO,JAECOO7,17
2026,2,TOYOTA,TOYOTA RAV4,17
2026,2,MAZDA,MAZDA MX-5,17
2026,2,AUDI,Q4 SPORTBACK 45 E-TRON,16
2026,2,LEXUS,LEXUS NX450H+,16
2026,2,WESTFALEN MOBIL,FORD NUGGET,16
2026,2,POLESTAR,POLESTAR 4,16
2026,2,SKODA,ELROQ 50,15
2026,2,VOLKSWAGEN,TOUAREG R,15
2026,2,PORSCHE,MACAN,15
2026,2,MINI,COOPER S,15
2026,2,HYUNDAI,IONIQ6,15
2026,2,BYD,BYD SEAL U,14
2026,2,ADRIA,TWIN 640SGX,14
2026,2,BMW,X1 SDRIVE20I,14
2026,2,SMART,#3,14
2026,2,MERCEDES-BENZ,AMG GLE 53 HYBRID COUPE,14
2026,2,AUDI,Q7 55 TFSI E,14
2026,2,SUZUKI,E VITARA,14
2026,2,CUPRA,CUPRA LEON SP E-HYBRID150,14
2026,2,SEAT,SEAT LEON E-HYBRID150,14
2026,2,BYD,SEAL U DM-I,14
2026,2,MERCEDES-BENZ,EQE 300,14
2026,2,BMW,I4 EDRIVE40,14
2026,2,AUDI,A5 AVANT 270KW TFSI E,14
2026,2,FORD,TOURNEO CUSTOM,13
2026,2,SKODA,KAROQ,13
2026,2,VOLVO,EX30 CROSS COUNTRY,13
2026,2,AUDI,Q6 SUV E-TRON,13
2026,2,MINI,COUNTRYMAN SE ALL4,13
2026,2,SMART,#1,13
2026,2,ZEEKR,001,13
2026,2,AUDI,A6 AV E-TRON,12
2026,2,FIAT,FIAT DUCATO,12
2026,2,LAND ROVER,RANGE ROVER VELAR,12
2026,2,AUDI,A6 SB E-TRON,12
2026,2,AUDI,A6 AV E-TRON PERFORMANCE,12
2026,2,MINI,JCW ACEMAN E,12
2026,2,NISSAN,NISSAN X-TRAIL,12
2026,2,AUDI,Q4 40 E-TRON,11
2026,2,MITSUBISHI,ECLIPSE CROSS,11
2026,2,LAND ROVER,DISCOVERY SPORT,11
2026,2,BYD,SEAL 6 DM-I TOURING,11
2026,2,ZEEKR,X,11
2026,2,LANCIA,YPSILON,11
2026,2,PORSCHE,MACAN GTS,11
2026,2,OPEL,VIVARO,11
2026,2,SEAT,SEAT LEON SP,11
2026,2,MERCEDES-BENZ,GLB 180,11
2026,2,AUDI,Q5 SB 220KW TFSI E,11
2026,2,AUDI,Q6 SUV E-TRON PERFORMANCE,11
2026,2,CITROEN,C4 X,11
2026,2,VOLVO,EX90,11
2026,2,BMW,420I,10
2026,2,BMW,I4 M60 XDRIVE,10
2026,2,PORSCHE,911 CARRERA 4 GTS,10
2026,2,AUDI,Q8 55 TFSI E,10
2026,2,VOLKSWAGEN,CALIFORNIA,10
2026,2,BMW,I7 EDRIVE50,10
2026,2,SKODA,ENYAQ RS,10
2026,2,BMW,IX1 XDRIVE30,10
2026,2,FORD,MUSTANG MACH-E,10
2026,2,LEXUS,LEXUS RX450H+,9
2026,2,HYUNDAI,IONIQ 9,9
2026,2,PORSCHE,MACAN 4S,9
2026,2,MAZDA,MAZDA CX-80,9
2026,2,BYD,ATTO 2 DM-I,9
2026,2,MERCEDES-BENZ,CLA 200,9
2026,2,BMW,520I,9
2026,2,AUDI,Q7 60 TFSI E,9
2026,2,OMODA,OMODA5 EV,9
2026,2,ADRIA,TWIN 640SLB,9
2026,2,AUDI,Q6 SB E-TRON,8
2026,2,CUPRA,BORN 150 KW 60/63 KWH,8
2026,2,DONGFENG,BOX,8
2026,2,DS AUTOMOBILES,N 4,8
2026,2,CITROEN,JUMPY,8
2026,2,NISSAN,NISSAN ARIYA,8
2026,2,PORSCHE,CAYENNE TURBO E-HYBRID,8
2026,2,DETHLEFFS,JUST T7052 DBM/EB,8
2026,2,CUPRA,CUPRA LEON SP E-HYBRID200,8
2026,2,BMW,IX XDRIVE45,8
2026,2,AUDI,A6 LIM 220KW TFSI E,8
2026,2,LEXUS,LEXUS RZ350E,7
2026,2,LAMBORGHINI,URUS,7
2026,2,VOLKSWAGEN,ID.4 PURE 125KW,7
2026,2,MINI,COUNTRYMAN S ALL4,7
2026,2,BMW,X2 SDRIVE20I,7
2026,2,MERCEDES-BENZ,CLE 300 E,7
2026,2,MERCEDES-BENZ,GLC 400 E 4MATIC,7
2026,2,HONDA,ZR-V,7
2026,2,FORD,TRANSIT,7
2026,2,MERCEDES-BENZ,GLE 400 E 4MATIC COUPE,7
2026,2,MERCEDES-BENZ,GLA 180,6
2026,2,MERCEDES-BENZ,G 580,6
2026,2,SKODA,ENYAQ 60,6
2026,2,ALFA ROMEO,TONALE,6
2026,2,KIA,XCEED,6
2026,2,BMW,X1 XDRIVE23I,6
2026,2,VOLKSWAGEN,ID. BUZZ PRO LR 210 KW,6
2026,2,AUDI,S6 AV E-TRON,6
2026,2,PORSCHE,TAYCAN,6
2026,2,MERCEDES-BENZ,B 250 E,6
2026,2,M.A.N.,TGE,6
2026,2,DFSK,DFSK E5,6
2026,2,VOLKSWAGEN,ID.7 PRO,6
2026,2,RAPIDO,N/A,6
2026,2,OPEL,ASTRA,6
2026,2,TESLA,MODEL S,6
2026,2,AUDI,E-TRON GT,6
2026,2,NIO,FIREFLY,5
2026,2,AUDI,S5 AVANT,5
2026,2,AUDI,A8,5
2026,2,PORSCHE,911 CARRERA,5
2026,2,MINI,JCW,5
2026,2,TESLA,MODEL X,5
2026,2,BMW,218I ACTIVE TOURER,5
2026,2,BMW,X7 XDRIVE40I,5
2026,2,LEXUS,LEXUS UX300H,5
2026,2,BURSTNER GMBH,BC5901,5
2026,2,MERCEDES-BENZ,AMG E 53 HYBRID,5
2026,2,FIAT,500,5
2026,2,CUPRA,CUPRA LEON E-HYBRID150,5
2026,2,BMW,225E XDRIVE ACTIVE TOURER,5
2026,2,MAZDA,MAZDA CX-5,5
2026,2,VOLVO,V90,5
2026,2,ADRIA,TWIN MAX 680SLB,4
2026,2,PORSCHE,MACAN TURBO,4
2026,2,PORSCHE,PANAMERA 4S E-HYBRID,4
2026,2,HYUNDAI,IONIQ5 N,4
2026,2,BMW,M3 COMPETITION M XDRIVE,4
2026,2,AUDI,Q4 SPORTBACK 40 E-TRON,4
2026,2,CAPRON,V66/ V337,4
2026,2,ADRIA,CORAL 600SL,4
2026,2,BMW,I5 M60 XDRIVE,4
2026,2,PORSCHE,911 TURBO S,4
2026,2,PORSCHE,911 TARGA 4 GTS,4
2026,2,CAPRON,T69LC/ T459,4
2026,2,PORSCHE,PANAMERA TURBO S E-HYBRID,4
2026,2,BMW,123 XDRIVE,4
2026,2,DETHLEFFS,TREND T 7057 DBM/EB,4
2026,2,VOYAH,COURAGE,4
2026,2,MG,MG HS PLUG-IN HYBRID,4
2026,2,ADRIA,CORAL 670DL,4
2026,2,BMW,XM LABEL,4
2026,2,JEEP,WRANGLER UNLIMITED,4
2026,2,PORSCHE,911 CARRERA GTS,4
2026,2,HONDA,PRELUDE,4
2026,2,ITINEO,N/A,4
2026,2,BMW,318I,4
2026,2,BMW,IX XDRIVE60,4
2026,2,PORSCHE,TAYCAN 4,4
2026,2,BURSTNER GMBH,BC6003,4
2026,2,MINI,JCW COUNTRYMAN ALL4,4
2026,2,KNAUS,R07,3
2026,2,AUDI,A1 ALLSTREET,3
2026,2,KG MOBILITY,KG MOBILITY ACTYON,3
2026,2,PEUGEOT,EXPERT,3
2026,2,WEINSBERG,R48,3
2026,2,AUDI,Q6 SB E-TRON PERFORMANCE,3
2026,2,MERCEDES-BENZ,V-KLASSE,3
2026,2,AUTOMOBILI LAMBORGHINI S.,URUS,3
2026,2,MERCEDES-BENZ,C 180,3
2026,2,CARTHAGO,CHIC C-LINE I 4.9 LE L,3
2026,2,CITROEN,E-BERLINGO,3
2026,2,MERCEDES-BENZ,GLB 250+,3
2026,2,BMW,X3 M50 XDRIVE,3
2026,2,BYD,SEAL 6 DM-I,3
2026,2,HYMER,B-MC T 680,3
2026,2,DETHLEFFS,KW 600,3
2026,2,AUDI,RS 3 SPORTBACK,3
2026,2,FORD,TOURNEO CONNECT,3
2026,2,BURSTNER GMBH,BT6905,3
2026,2,AUDI,A5 LIM 270KW TFSI E,3
2026,2,SUN LIVING,S-SERIES S 72DL,3
2026,2,ADRIA,CORAL MB 670DL,3
2026,2,VOLKSWAGEN,ID.3 GTX PERF. 240 KW,3
2026,2,MINI,JCW E,3
2026,2,DS AUTOMOBILES,DS 3,3
2026,2,MERCEDES-BENZ,AMG CLE 53 4MATIC,3
2026,2,CAPRON,T67S/ T338,3
2026,2,BMW,XM 50E,3
2026,2,AUDI,A3 ALLSTREET PHEV 150,3
2026,2,SUN LIVING,S-SERIES S 75SL,3
2026,2,BMW,330E XDRIVE,3
2026,2,VOLKSWAGEN,ID.BUZZ  PRO 210 KW,3
2026,2,KNAUS,R12,3
2026,2,MERCEDES-BENZ,E 400 E 4MATIC,3
2026,2,VOLKSWAGEN,ID.4 GTX 250KW,3
2026,2,BMW,M135 XDRIVE,3
2026,2,VOLKSWAGEN,ID.7 TOURER GTX,3
2026,2,VOLKSWAGEN,ID.7 PRO S,3
2026,2,AUDI,Q6 SUV E-TRON QUATTRO,3
2026,2,POESSL,KW 18,3
2026,2,DETHLEFFS,TREND T 7057 DBL/EBL,3
2026,2,MERCEDES-BENZ,EQS 350,3
2026,2,SUN LIVING,S-SERIES S 70SL,3
2026,2,KNAUS,R15,3
2026,2,ABARTH,600E,3
2026,2,CUPRA,CUPRA LEON E-HYBRID200,3
2026,2,FERRARI,FERRARI 12CILINDRI SPIDER,3
2026,2,AUDI,SQ6 SB E-TRON,3
2026,2,SUBARU,SOLTERRA,3
2026,2,POLESTAR,HUISKAMP LANDAU,2
2026,2,DETHLEFFS,JUST T7052 DBL/EBL,2
2026,2,MERCEDES-BENZ,GLE 350 DE 4MATIC COUPE,2
2026,2,MERCEDES-BENZ,EQS 450+,2
2026,2,DEEPAL,DEEPAL S07,2
2026,2,BENTLEY,CONTINENTAL GTC AZURE,2
2026,2,VOLKSWAGEN,ID.4 PRO 4MOTION 210KW,2
2026,2,SEAT,SEAT LEON,2
2026,2,CAPRON,T58/ T135,2
2026,2,SUN LIVING,C-SERIES C 65SL,2
2026,2,POESSL,SUMMIT 600,2
2026,2,PEUGEOT,BOXER,2
2026,2,CHAUSSON,640,2
2026,2,BMW,M760E XDRIVE,2
2026,2,CHAUSSON,627 GA,2
2026,2,FERRARI,FERRARI ROMA SPIDER,2
2026,2,BMW,M340I XDRIVE,2
2026,2,BMW,750E XDRIVE,2
2026,2,BMW,Z4 M40I,2
2026,2,BYD,BYD SEAL U DMI,2
2026,2,CHAUSSON,777,2
2026,2,BMW,320I,2
2026,2,DETHLEFFS,T7052 EB,2
2026,2,MORGAN,PLUS FOUR,2
2026,2,SKODA,ELROQ RS,2
2026,2,CAPRON,T68/T447,2
2026,2,ROLLS ROYCE,BLACK BADGE CULLINAN,2
2026,2,BMW,223 XDRIVE,2
2026,2,ADRIA,MATRIX 600SP,2
2026,2,PORSCHE,PANAMERA 4 E-HYBRID,2
2026,2,HYMER,EXSIS-T 580,2
2026,2,TOYOTA,TOYOTA PRIUS PHEV,2
2026,2,DETHLEFFS,JUST T6812 EB,2
2026,2,LMC,T662,2
2026,2,RENAULT,ANTILOPEVAN FLEXPLUS,2
2026,2,OPEL,COMBO-E LIFE,2
2026,2,BMW,Z4 SDRIVE20I,2
2026,2,BMW,X6 XDRIVE40I M SPORT,2
2026,2,ADRIA,MATRIX 670SL,2
2026,2,HYMER,MLT 570 XPERIENCE,2
2026,2,LMC,C592,2
2026,2,MERCEDES-AMG,AMG GT 63 S E PERFORMANCE,2
2026,2,CAPRON,T66S/ T328,2
2026,2,BURSTNER GMBH,BT6909,2
2026,2,SUN LIVING,V-SERIES V 60SP,2
2026,2,AUDI,A6 LIM 270KW TFSI E,2
2026,2,HYMER,ML-T 580 CROSSTRAIL,2
2026,2,MERCEDES-BENZ,S 450 E,2
2026,2,CROSSCAMP,KW 701,2
2026,2,LUCID MOTORS,LUCID GRAVITY,2
2026,2,LAMBORGHINI,REVUELTO,2
2026,2,GENESIS,G80,2
2026,2,MERCEDES-BENZ,AMG G 63,2
2026,2,CAPRON,T67/ T448,2
2026,2,ADRIA,CORAL 650DL,2
2026,2,BMW,X4 XDRIVE30I,2
2026,2,CAPRON,CVE 600,2
2026,2,SUZUKI,SUZUKI SWACE,2
2026,2,CAPRON,CVE640,2
2026,2,FERRARI,FERRARI PUROSANGUE,2
2026,2,BMW,M235 XDRIVE,2
2026,2,BYD,BYD DOLPHIN,2
2026,2,ADRIA,TWIN 600SPB,2
2026,2,KNAUS,R05,2
2026,2,BMW,430I XDRIVE,2
2026,2,PORSCHE,911 GT3,2
2026,2,BMW,IX XDRIVE40,2
2026,2,TOYOTA,TOYOTA MIRAI,2
2026,2,BURSTNER GMBH,BC5502,2
2026,2,CHAUSSON,X650,2
2026,2,CHAUSSON,V697 SPORT LINE,2
2026,2,MERCEDES-BENZ,AMG S 63 E PERFORMANCE,2
2026,2,VOLKSWAGEN,EVENTJE,2
2026,2,WEINSBERG,R57,2
2026,2,WEINSBERG,R47,2
2026,2,MERCEDES-BENZ,E 300 E 4MATIC,2
2026,2,CHAUSSON,788,2
2026,2,JAECOO,J7 PHEV,2
2026,2,BURSTNER GMBH,BC6022,2
2026,2,BMW,X1 M35I XDRIVE,2
2026,2,MERCEDES-BENZ,GLB 200,2
2026,2,BURSTNER GMBH,BC6403,2
2026,2,CADILLAC,XT5 LUXURY,2
2026,2,LAMBORGHINI,TEMERARIO,2
2026,2,CAPRON,V67S/ V347,2
2026,2,AUDI,Q5 SPORTBACK 50 TFSI E,2
2026,2,HYMER,B-MC T 600,1
2026,2,CHAUSSON,V594 FIRST LINE,1
2026,2,MG,MG S6 EV,1
2026,2,BMW,M850I XDRIVE,1
2026,2,POESSL,KW 22,1
2026,2,HYUNDAI,I 30,1
2026,2,BENTLEY,CONTINENTAL GTC MULLINER,1
2026,2,MC LOUIS,MC4 870,1
2026,2,CHAUSSON,720,1
2026,2,MORELO,LOFT PREMIUM LINER 86 LB,1
2026,2,KARMA,KARMA GS6,1
2026,2,BURSTNER GMBH,BC6421,1
2026,2,HYMER,GRAND CANYON S CROSSOVER,1
2026,2,CAPRON,I68 / I447,1
2026,2,RENAULT,TRAFIC,1
2026,2,ETRUSCO,T 7.3 SF,1
2026,2,NIO,EL6,1
2026,2,BMW,M2,1
2026,2,CHAUSSON,630,1
2026,2,MC LAREN,ARTURA COUPE,1
2026,2,PILOTE,P740FGJ,1
2026,2,ALPINE,A110R,1
2026,2,MC LOUIS,AVANTGARDE SLIM 339,1
2026,2,ROLLER TEAM,KRONOS 284 TL,1
2026,2,VOLKSWAGEN,ID BUZZ PRO LR 210 KW,1
2026,2,HYMER,B-MC I 600,1
2026,2,AUDI,Q3 SPORTBACK,1
2026,2,PORSCHE,911 TARGA 4S,1
2026,2,LAIKA,KOSMO L319,1
2026,2,CHAUSSON,627,1
2026,2,DETHLEFFS,KW 601,1
2026,2,GIOTTILINE,C66,1
2026,2,SUN LIVING,S-SERIES S 72DC,1
2026,2,BMW,I7 XDRIVE60,1
2026,2,AUDI,A6 AVANT 50 TFSI E,1
2026,2,ERIBA,CAR,1
2026,2,CHAUSSON,S697,1
2026,2,HYMER,EXSIS-T 474,1
2026,2,KNAUS,R09,1
2026,2,POLESTAR,POLESTAR 3,1
2026,2,BMW,M240I XDRIVE,1
2026,2,KG MOBILITY,TORRES EVX,1
2026,2,FERRARI,296 GTS,1
2026,2,ABARTH,500,1
2026,2,LMC,H730,1
2026,2,AUDI,A3 ALLSTREET,1
2026,2,GENESIS,GV60,1
2026,2,EURA MOBIL,EURA MOBIL 635 EB,1
2026,2,HYMER,ML-T 570 CROSSOVER,1
2026,2,CITROEN,GIOTTILINE C60,1
2026,2,DETHLEFFS,PULSESOMO  T7051 DBL/EBL,1
2026,2,BMW,M440I XDRIVE,1
2026,2,BENIMAR,MILEO 263,1
2026,2,LAIKA,ECOVIP H4109,1
2026,2,DETHLEFFS,EXPDN 7.4E,1
2026,2,BENTLEY,CONTINENTAL GT MULLINER,1
2026,2,MERCEDES-BENZ,E 450 D 4MATIC ALLTERRAIN,1
2026,2,MERCEDES-BENZ,EQE 500 4MATIC,1
2026,2,LEXUS,LEXUS RX350H,1
2026,2,ASTON MARTIN,DB12 VOLANTE,1
2026,2,NIO,EL8,1
2026,2,MERCEDES-BENZ,MAYBACH EQS 680,1
2026,2,AUDI,A6 SB E-TRON PERFORMANCE,1
2026,2,DREAMER,N/A,1
2026,2,ADRIA,SONIC 700DL,1
2026,2,DETHLEFFS,PULSE I 7051 DBM-EB,1
2026,2,MERCEDES-BENZ,MARCO POLO,1
2026,2,CITROEN,E-C4 X,1
2026,2,DS,DS7,1
2026,2,DETHLEFFS,GLOBEBUS GO T45,1
2026,2,WEINSBERG,R51,1
2026,2,CAPRON,CVE 640,1
2026,2,ADRIA,CORAL 670SC,1
2026,2,FORD,FOCUS,1
2026,2,XPENG,"P7,P7I",1
2026,2,BMW,X6 M COMPETITION,1
2026,2,BMW,I5 XDRIVE40,1
2026,2,ITINEO,ITINEO PJ700,1
2026,2,VOLKSWAGEN,CRAFTER,1
2026,2,BENTLEY,CONTINENTAL GTC,1
2026,2,CUPRA,CUPRA LEON,1
2026,2,LMC,V646,1
2026,2,BMW,X3 40D XDRIVE,1
2026,2,BENIMAR,TESSORO 463,1
2026,2,MERCEDES-BENZ,VITO,1
2026,2,SUN LIVING,S-SERIES S 65SL,1
2026,2,BENTLEY,FLYING SPUR MULLINER,1
2026,2,TOYOTA,SUPRA  A90FE,1
2026,2,ADRIA,TWIN 540SPB,1
2026,2,CHAUSSON,V697,1
2026,2,MOBILVETTA DESIGN,KROSSER 86,1
2026,2,DONGFENG,FORTHING 9 HEV,1
2026,2,BMW,220I ACTIVE TOURER,1
2026,2,CARTHAGO,MALIBU VAN 640 LE K GT,1
2026,2,BMW,840I XDRIVE,1
2026,2,PORSCHE,911 TURBO 50,1
2026,2,CHRYSLER,PACIFICA SELECT,1
2026,2,CHAUSSON,724,1
2026,2,MERCEDES-BENZ,AMG GLE 63 S 4MATIC+,1
2026,2,DETHLEFFS,JUST T 7052 EB/DBM,1
2026,2,MERCEDES-BENZ,GLE 350 DE 4MATIC,1
2026,2,BMW,330I XDRIVE,1
2026,2,CARTHAGO,CHIC C-LINE I 4.9 LE,1
2026,2,MERCEDES-BENZ,EQE 350+,1
2026,2,CAPRON,V60/V132,1
2026,2,CARTHAGO,C-TOURER I 150 QB,1
2026,2,KNAUS,R11,1
2026,2,MERCEDES-BENZ,EQS 450 4MATIC,1
2026,2,BURSTNER GMBH,BT5695,1
2026,2,BMW,M3,1
2026,2,CARTHAGO,MALIBU VAN 640 LE COUPE,1
2026,2,HYUNDAI,NEXO,1
2026,2,MERCEDES-BENZ,B 180,1
2026,2,ADRIA,SUPERSONIC 780DL,1
2026,2,SUBARU,OUTBACK,1
2026,2,SUN LIVING,A-SERIES A 75DP,1
2026,2,TOURNE MOBIL,TOURNE,1
2026,2,HYMER,B-ML I 780,1
2026,2,POESSL,SUMMIT 640,1
2026,2,MERCEDES-BENZ,CLE 200,1
2026,2,BMW,X5 M COMPETITION,1
2026,2,ADRIA,SUPER SONIC 890LL,1
2026,2,RENAULT,ANTILOPEVAN FLEX5,1
2026,2,FIAT DUCATO AFFINITY,AFFINITY CAMPER VAN,1
2026,2,ALPINE,A110,1
2026,2,DETHLEFFS,TREND T 7057 EB,1
2026,2,HYMER,MLT 570 CROSSOVER,1
2026,2,ADRIA,CORAL MB 650SL,1
2026,2,PORSCHE,911 CARRERA S,1
2026,2,BMW,X7 XDRIVE40D,1
2026,2,FIAT,SCUDO,1
2026,2,BYD,TANG EV,1
2026,2,TOGG,T10X,1
2026,2,TOYOTA,YARIS,1
2026,2,WESTFALIA,WEST,1
2026,2,ADRIA,TWIN 640SG,1
2026,2,BURSTNER GMBH,BC5404,1
2026,2,DETHLEFFS,TREND I 7057 DBL/EBL,1
2026,2,CAPRON,T67/T448,1
2026,2,ALFA ROMEO,GIULIA,1
2026,2,BURSTNER GMBH,BT6202,1
2026,2,LAIKA,ECOVIP 540,1
2026,2,AUDI,A6 AV E-TRON QUATTRO,1
2026,2,PILOTE,P650GJ,1
2026,2,TOTH ES FIAI,CLEVER,1
2026,2,BMW,X5 M60I XDRIVE,1
2026,2,BURSTNER GMBH,BT6915,1
2026,2,CAPRON,CVE540,1
2026,2,SEAT,CUPRA TERRAMAR E HYBRID,1
2026,2,KNAUS,L!VE-WAVE,1
2026,2,BENIMAR,TESSORO 496,1
2026,2,BENTLEY,FLYING SPUR,1
2026,2,DEEPAL,DEEPAL S05,1
2026,2,ITINEO,ITINEO PF600,1
2026,2,LAIKA,KOSMO H1409,1
2026,2,BMW,218I,1
2026,2,BMW,Z4 SDRIVE30I,1
2026,2,PORSCHE,911 S/T,1
2026,2,SUN LIVING,C-SERIES C 60SP,1
2026,2,DETHLEFFS,GLOBETRAIL PERFORMANCE,1
2026,2,MERCEDES-BENZ,GLS 450 4MATIC,1
2026,2,HYMER,VENTURE S,1
2026,2,BMW,M2 CS,1
2026,2,VOYAH,DREAM,1
2026,2,HYMER,ML-T 580 XPERIENCE,1
2026,2,MERCEDES-BENZ,EQE 350,1
2026,2,KNAUS,R06,1
2026,2,POESSL,KW 34,1
2026,2,FERRARI,FERRARI 12CILINDRI,1
2026,2,LMC,T720,1
2026,2,ASTON MARTIN,VANQUISH VOLANTE,1
2026,2,KNAUS,R24,1
2026,2,CAPRON,V66 / V337,1
2026,2,HYMER,GRAND CANYON,1
2026,2,CUPRA,BORN 240 KW 79/84 KWH,1
2026,2,HYMER,GRAND CANYON S 600 4X4,1
2026,2,CAPRON,CV 590,1
2026,2,VOLKSWAGEN,ID.5 PRO 210KW,1
2026,2,CAPRON,A72/ A461,1
2026,2,HYMER,B-MC T 600 WHITELINE,1
2026,2,GENESIS,GV70,1
2026,2,VOLKSWAGEN,ID. BUZZ GTX KR 250 KW,1
2026,2,CARTHAGO,C2-TOURER I 147 RB-LE L,1
2026,2,KNAUS,R19,1
2026,2,HOBBY,T 710 GE NERO,1
2026,2,SUN LIVING,V-SERIES V 65SL,1
2026,2,VOLKSWAGEN,ID. BUZZ GTX LR 250 KW,1
2026,2,HYMER,B-MC T 680 BLACKLINE,1
2026,2,MORELO,PALACE 90 M,1
2026,2,BMW,M4 CS,1
2026,2,BMW,530E XDRIVE,1
2026,2,BURSTNER GMBH,BC5003,1
2026,2,BMW,IX3 50 XDRIVE,1
2026,2,CARTHAGO,CHIC C-LINE T 4.9 LE,1
2026,2,DETHLEFFS,JUST T 7052 EBL/DBL,1
2026,2,PORSCHE,718 CAYMAN GT4 RS,1
2026,2,CHEVROLET,CORVETTE ZR1,1
2026,2,CAPRON,T67 / T448,1
2026,2,VOLKSWAGEN,ID. BUZZ PRO KR 210 KW,1
2026,2,BMW,230I,1
2026,2,LEXUS,LEXUS ES300H,1
2026,2,MERCEDES-BENZ,E 300 DE 4MATIC,1
2026,2,SUN LIVING,A-SERIES A 70DK,1
2026,2,POSSL,VARIO 545,1
2026,2,AUDI,SQ6 SUV E-TRON,1
2026,2,BENIMAR,TESSORO 425,1
2026,2,CAPRON,T68C/ T457,1
2026,3,TESLA,MODEL Y,989
2026,3,TESLA,MODEL 3,818
2026,3,TOYOTA,TOYOTA AYGO X,804
2026,3,PEUGEOT,2008,669
2026,3,KIA,PICANTO,609
2026,3,BYD,BYD SEAL U DM-I,525
2026,3,KIA,EV3,522
2026,3,NISSAN,NISSAN QASHQAI,497
2026,3,TOYOTA,TOYOTA YARIS CROSS,482
2026,3,SKODA,KODIAQ,477
2026,3,KIA,EV5,476
2026,3,HYUNDAI,KONA,439
2026,3,KIA,NIRO,418
2026,3,RENAULT,CLIO,379
2026,3,FORD,KUGA,362
2026,3,VOLKSWAGEN,TAYRON,339
2026,3,VOLVO,XC60,331
2026,3,MAZDA,MAZDA2 HYBRID,330
2026,3,RENAULT,RENAULT 5 E-TECH ELECTRIC,327
2026,3,VOLVO,EX40,306
2026,3,OPEL,CORSA,304
2026,3,RENAULT,CAPTUR E-TECH HYBRID,288
2026,3,KIA,SPORTAGE,283
2026,3,VOLKSWAGEN,TIGUAN,282
2026,3,TOYOTA,TOYOTA C-HR,279
2026,3,TOYOTA,TOYOTA COROLLA,277
2026,3,BMW,IX1 EDRIVE20,275
2026,3,BMW,IX3 50 XDRIVE,262
2026,3,SEAT,IBIZA,261
2026,3,VOLVO,EX30,259
2026,3,VOLKSWAGEN,T-ROC,257
2026,3,JAECOO,JAECOO7 PHEV,250
2026,3,VOLVO,XC40,241
2026,3,MERCEDES-BENZ,GLC 300 E 4MATIC,239
2026,3,SKODA,ELROQ 60,238
2026,3,OPEL,FRONTERA,235
2026,3,PEUGEOT,208,231
2026,3,KIA,STONIC,228
2026,3,VOLVO,V60,225
2026,3,SKODA,ELROQ 85,224
2026,3,TOYOTA,TOYOTA YARIS,215
2026,3,FORD,PUMA,214
2026,3,JEEP,AVENGER,210
2026,3,DACIA,BIGSTER,209
2026,3,RENAULT,SYMBIOZ,205
2026,3,LYNK&CO,LYNK & CO 01,203
2026,3,DACIA,DUSTER,186
2026,3,VOLKSWAGEN,POLO,185
2026,3,AUDI,Q3 200KW TFSI E,184
2026,3,HYUNDAI,TUCSON,183
2026,3,BMW,X3 30E XDRIVE,181
2026,3,BMW,120,174
2026,3,VOLKSWAGEN,ID.4 PRO 210KW,170
2026,3,MAZDA,MAZDA CX-5,164
2026,3,BMW,330E,164
2026,3,HYUNDAI,INSTER,163
2026,3,DACIA,JOGGER,162
2026,3,RENAULT,AUSTRAL,160
2026,3,RENAULT,SCENIC E-TECH ELECTRIC,158
2026,3,KIA,EV4,158
2026,3,VOLKSWAGEN,GOLF,156
2026,3,PEUGEOT,5008,154
2026,3,SUZUKI,SWIFT,152
2026,3,CITROEN,C3,152
2026,3,FORD,EXPLORER,149
2026,3,SKODA,OCTAVIA,149
2026,3,SKODA,ENYAQ 85,148
2026,3,AUDI,Q3 SB 200KW TFSI E,146
2026,3,MERCEDES-BENZ,A 250 E,145
2026,3,RENAULT,RENAULT 4 E-TECH ELECTRIC,143
2026,3,BYD,SEAL 6 DM-I TOURING,143
2026,3,MAZDA,MAZDA CX-30,136
2026,3,DACIA,SANDERO,134
2026,3,VOLVO,XC90,132
2026,3,MITSUBISHI,MITSUBISHI OUTLANDER,132
2026,3,MERCEDES-BENZ,CLA 250+,130
2026,3,PEUGEOT,3008,128
2026,3,NISSAN,NISSAN JUKE,127
2026,3,CUPRA,TERRAMAR E-HYBRID,122
2026,3,CITROEN,C5 AIRCROSS,122
2026,3,MAZDA,MAZDA3,118
2026,3,HYUNDAI,I10,118
2026,3,LAND ROVER,RANGE ROVER SPORT,115
2026,3,ALFA ROMEO,ALFA ROMEO JUNIOR,115
2026,3,JEEP,COMPASS,114
2026,3,LAND ROVER,RANGE ROVER EVOQUE,112
2026,3,MAZDA,MAZDA 6E,111
2026,3,MERCEDES-BENZ,EQA 250+,108
2026,3,FIAT,PANDA,108
2026,3,VOLKSWAGEN,ID.7 TOURER PRO,107
2026,3,BMW,I5 EDRIVE40,106
2026,3,BMW,X1 XDRIVE25E,106
2026,3,PEUGEOT,308,105
2026,3,AUDI,A1 SPORTBACK,104
2026,3,OPEL,GRANDLAND,103
2026,3,RENAULT,MEGANE E-TECH ELECTRIC,101
2026,3,MITSUBISHI,ASX,94
2026,3,SKODA,SUPERB,93
2026,3,OPEL,MOKKA,92
2026,3,OPEL,ASTRA SPORTS TOURER,92
2026,3,MINI,COOPER C,92
2026,3,CUPRA,TAVASCAN,90
2026,3,CITROEN,E-C3,90
2026,3,LEAPMOTOR,B10,90
2026,3,LEAPMOTOR,T03,83
2026,3,VOLKSWAGEN,TAIGO,82
2026,3,TOYOTA,TOYOTA BZ4X,81
2026,3,PEUGEOT,408,81
2026,3,MERCEDES-BENZ,GLA 250 E,81
2026,3,MAZDA,MAZDA CX-60,80
2026,3,CITROEN,C3 AIRCROSS,80
2026,3,BMW,M5,79
2026,3,MITSUBISHI,GRANDIS,78
2026,3,SUZUKI,VITARA,78
2026,3,SKODA,KAMIQ,78
2026,3,LAND ROVER,DEFENDER,78
2026,3,OMODA,OMODA 9,76
2026,3,ZEEKR,7X,75
2026,3,MINI,COOPER E,74
2026,3,BMW,530E,74
2026,3,LAND ROVER,RANGE ROVER,73
2026,3,CITROEN,E-C3 AIRCROSS,73
2026,3,SKODA,FABIA,73
2026,3,AUDI,Q4 45 E-TRON,72
2026,3,SEAT,SEAT LEON SP E-HYBRID150,72
2026,3,VOLKSWAGEN,T-CROSS,71
2026,3,RENAULT,ESPACE,70
2026,3,BMW,I4 EDRIVE40,70
2026,3,MERCEDES-BENZ,C 300 E,70
2026,3,BMW,I4 EDRIVE35,69
2026,3,MERCEDES-BENZ,E 300 E,68
2026,3,VOLKSWAGEN,ID.3 PURE 125 KW,66
2026,3,LYNK&CO,LYNK & CO 08,66
2026,3,AUDI,A3 SPORTBACK PHEV 150,65
2026,3,MINI,COOPER SE,65
2026,3,LAND ROVER,DISCOVERY SPORT,65
2026,3,LEAPMOTOR,C10,64
2026,3,TOYOTA,URBAN CRUISER,62
2026,3,CUPRA,FORMENTOR E-HYBRID,61
2026,3,AUDI,Q2,60
2026,3,VOLKSWAGEN,ID.7 TOURER PRO S,60
2026,3,DACIA,SPRING,60
2026,3,XPENG,G9,60
2026,3,SKODA,ELROQ 50,59
2026,3,VOLKSWAGEN,ID.3 PRO 150 KW,56
2026,3,XPENG,G6,56
2026,3,VOLVO,EC40,54
2026,3,BMW,X5 XDRIVE50E,54
2026,3,SUZUKI,S-CROSS,53
2026,3,NISSAN,NISSAN MICRA,51
2026,3,FORD,TRANSIT CUSTOM,51
2026,3,VOLKSWAGEN,ID.3 PRO S 150 KW,51
2026,3,AUDI,Q8 60 TFSI E,50
2026,3,HONDA,JAZZ,49
2026,3,OMODA,OMODA5,48
2026,3,CITROEN,C4,48
2026,3,BYD,BYD DOLPHIN SURF,47
2026,3,AUDI,A5 AVANT 220KW TFSI E,47
2026,3,VOLKSWAGEN,PASSAT,46
2026,3,POLESTAR,POLESTAR 2,46
2026,3,PORSCHE,CAYENNE E-HYBRID,46
2026,3,RENAULT,RAFALE,45
2026,3,HYUNDAI,IONIQ5,45
2026,3,MINI,COUNTRYMAN E,45
2026,3,BYD,BYD ATTO 2  DM-I,45
2026,3,POLESTAR,POLESTAR 4,45
2026,3,MITSUBISHI,COLT,44
2026,3,SUZUKI,E VITARA,44
2026,3,AUDI,Q5 270KW TFSI E,43
2026,3,KIA,PV5,42
2026,3,MINI,COOPER S,42
2026,3,BMW,220,41
2026,3,MERCEDES-BENZ,SPRINTER,41
2026,3,KIA,SORENTO,40
2026,3,JAECOO,JAECOO7,40
2026,3,MERCEDES-BENZ,EQB 250+,40
2026,3,VOLKSWAGEN,CADDY,40
2026,3,BYD,BYD SEALION 7,39
2026,3,AUDI,A3 SPORTBACK,39
2026,3,AUDI,Q5 220KW TFSI E,39
2026,3,MINI,COUNTRYMAN C,38
2026,3,MG,MG3 HYBRID+,38
2026,3,MERCEDES-BENZ,B 250 E,38
2026,3,HONDA,HR-V,37
2026,3,HYUNDAI,SANTA FE,37
2026,3,AUDI,Q4 SPORTBACK 45 E-TRON,37
2026,3,BMW,IX2 EDRIVE20,36
2026,3,SKODA,SCALA,35
2026,3,MERCEDES-BENZ,GLB 250+,35
2026,3,AUDI,A5 LIM 220KW TFSI E,35
2026,3,MERCEDES-BENZ,CLA 250 E,35
2026,3,BYD,BYD SEAL,35
2026,3,MG,MG ZS,34
2026,3,RENAULT,CLIO E-TECH HYBRID,34
2026,3,BMW,550E XDRIVE,34
2026,3,KIA,EV9,33
2026,3,MERCEDES-BENZ,AMG GLE 53 HYBRID,31
2026,3,KIA,EV6,31
2026,3,MINI,ACEMAN SE,31
2026,3,VOLKSWAGEN,MULTIVAN,31
2026,3,FIAT,600,30
2026,3,MERCEDES-BENZ,CLA 180,30
2026,3,CITROEN,C4 X,30
2026,3,BMW,X1 SDRIVE20I,30
2026,3,BMW,X1 XDRIVE30E,29
2026,3,PORSCHE,MACAN 4,29
2026,3,ADRIA,COMPACT DL,28
2026,3,MITSUBISHI,ECLIPSE CROSS,28
2026,3,LEXUS,LEXUS LBX,28
2026,3,MAZDA,MAZDA CX-80,28
2026,3,OMODA,OMODA5 EV,28
2026,3,LYNK&CO,LYNK & CO 02,27
2026,3,MG,MG HS,27
2026,3,OMODA,OMODA9,26
2026,3,AUDI,A6 AVANT 220KW TFSI E,26
2026,3,FIAT,500 HYBRID,26
2026,3,BMW,420I,25
2026,3,AUDI,Q5 SB 270KW TFSI E,25
2026,3,AUDI,A3 SPORTBACK PHEV 200,25
2026,3,DS AUTOMOBILES,N 4,25
2026,3,MG,MG4 ELECTRIC,25
2026,3,OPEL,ASTRA,25
2026,3,AUDI,Q8 55 TFSI E,24
2026,3,VOLKSWAGEN,ID.7 PRO,24
2026,3,MINI,COUNTRYMAN SE ALL4,23
2026,3,VOLKSWAGEN,ID. BUZZ PRO LR 210 KW,23
2026,3,JAECOO,JAECOO5 EV,23
2026,3,SKODA,KAROQ,23
2026,3,BYD,BYD SEAL U,22
2026,3,MINI,JCW,22
2026,3,RENAULT,CAPTUR,22
2026,3,CITROEN,JUMPY,22
2026,3,NISSAN,NISSAN X-TRAIL,21
2026,3,AUDI,A6 AV E-TRON,21
2026,3,VOLVO,ES90,21
2026,3,AUDI,A3 LIMOUSINE,21
2026,3,MERCEDES-BENZ,GLC 400 E 4MATIC,21
2026,3,HONDA,CR-V,21
2026,3,MERCEDES-BENZ,GLE 400 E 4MATIC,21
2026,3,BYD,ATTO 3 EVO,20
2026,3,ZEEKR,001,20
2026,3,AUDI,Q6 SUV E-TRON PERFORMANCE,20
2026,3,SKODA,ENYAQ RS,19
2026,3,FORD,CAPRI,19
2026,3,MERCEDES-BENZ,CLA 200,19
2026,3,ALPINE,A290,19
2026,3,AUDI,Q7 55 TFSI E,19
2026,3,AUDI,Q6 SUV E-TRON,19
2026,3,MG,MG HS HYBRID+,18
2026,3,VOLKSWAGEN,E-VENTJE,18
2026,3,MINI,COUNTRYMAN S ALL4,18
2026,3,MERCEDES-BENZ,VITO TOURER,18
2026,3,VOLKSWAGEN,TOUAREG R,18
2026,3,AUDI,Q4 40 E-TRON,17
2026,3,BYD,SEAL U DM-I,17
2026,3,BMW,IX XDRIVE45,17
2026,3,AUDI,A6 SB E-TRON,17
2026,3,PORSCHE,CAYENNE S E-HYBRID,17
2026,3,VOLKSWAGEN,ID.4 PURE 125KW,17
2026,3,MERCEDES-BENZ,ESPRINTER,16
2026,3,ADRIA,TWIN 640SLB,16
2026,3,FORD,MUSTANG MACH-E,16
2026,3,SEAT,SEAT ATECA,16
2026,3,BMW,X3 M50 XDRIVE,16
2026,3,CUPRA,BORN 150 KW 60/63 KWH,16
2026,3,BMW,I7 EDRIVE50,16
2026,3,SKODA,ENYAQ 60,16
2026,3,MG,MG S5 EV,16
2026,3,SEAT,SEAT LEON E-HYBRID150,15
2026,3,BMW,520I,15
2026,3,VOLKSWAGEN,TRANSPORTER,15
2026,3,CUPRA,BORN 170 KW 79/84 KWH,15
2026,3,MERCEDES-BENZ,AMG GLE 53 HYBRID COUPE,15
2026,3,CUPRA,BORN 170 KW 60/63 KWH,15
2026,3,MERCEDES-BENZ,A 180,15
2026,3,DONGFENG,BOX,15
2026,3,BYD,BYD ATTO 2,14
2026,3,TOYOTA,TOYOTA RAV4,14
2026,3,LEXUS,LEXUS NX450H+,14
2026,3,BMW,330E XDRIVE,14
2026,3,SMART,#5,14
2026,3,BMW,X2 SDRIVE20I,14
2026,3,PEUGEOT,EXPERT,14
2026,3,AUDI,A6 AVANT 270KW TFSI E,14
2026,3,BMW,XM 50E,13
2026,3,BMW,225E XDRIVE ACTIVE TOURER,13
2026,3,TESLA,MODEL X,13
2026,3,PORSCHE,MACAN GTS,13
2026,3,HYUNDAI,IONIQ6,12
2026,3,PORSCHE,911 TURBO S,12
2026,3,LEXUS,LEXUS RZ350E,12
2026,3,MERCEDES-BENZ,EQE 300,12
2026,3,AUDI,Q6 SUV E-TRON QUATTRO,12
2026,3,HONDA,CIVIC,12
2026,3,VOLVO,EX30 CROSS COUNTRY,12
2026,3,SEAT,ARONA,12
2026,3,AUDI,A5 AVANT 270KW TFSI E,12
2026,3,MINI,ACEMAN E,12
2026,3,NISSAN,NISSAN ARIYA,11
2026,3,OPEL,VIVARO,11
2026,3,FORD,TOURNEO CUSTOM,11
2026,3,BMW,I5 M60 XDRIVE,11
2026,3,VOLKSWAGEN,CALIFORNIA,11
2026,3,VOLKSWAGEN,ID. BUZZ PRO KR 210 KW,11
2026,3,LAMBORGHINI,URUS,11
2026,3,PORSCHE,CAYENNE TURBO E-HYBRID,11
2026,3,MERCEDES-BENZ,AMG E 53 HYBRID,11
2026,3,MERCEDES-BENZ,C 180,11
2026,3,CITROEN,E-C4,11
2026,3,HONDA,ZR-V,10
2026,3,BMW,IX XDRIVE60,10
2026,3,AUDI,Q5 SB 220KW TFSI E,10
2026,3,TESLA,MODEL S,10
2026,3,CUPRA,CUPRA LEON SP E-HYBRID150,10
2026,3,LANCIA,YPSILON,10
2026,3,FIAT,FIAT DUCATO,10
2026,3,VOLKSWAGEN,CRAFTER,10
2026,3,SMART,#1,10
2026,3,HYUNDAI,BAYON,10
2026,3,HYUNDAI,IONIQ 9,10
2026,3,CUPRA,CUPRA LEON E-HYBRID150,10
2026,3,MG,MG S6 EV,9
2026,3,AUDI,Q4 SPORTBACK 40 E-TRON,9
2026,3,VOLKSWAGEN,ID.7 TOURER GTX,9
2026,3,SEAT,SEAT LEON SP,9
2026,3,JEEP,WRANGLER UNLIMITED,9
2026,3,AUDI,Q7 60 TFSI E,9
2026,3,POLESTAR,POLESTAR 3,9
2026,3,BMW,750E XDRIVE,9
2026,3,DEEPAL,DEEPAL S07,9
2026,3,HYUNDAI,I20,9
2026,3,DS AUTOMOBILES,N 8,9
2026,3,LEXUS,LEXUS RX450H+,8
2026,3,HYUNDAI,I 30,8
2026,3,PORSCHE,911 CARRERA 4 GTS,8
2026,3,SUBARU,SOLTERRA,8
2026,3,BMW,IX1 XDRIVE30,8
2026,3,BMW,X1 XDRIVE23I,8
2026,3,MERCEDES-BENZ,GLC 400 4MATIC WITH EQ TE,8
2026,3,BMW,318I,8
2026,3,AUDI,A3 ALLSTREET PHEV 150,8
2026,3,HONDA,PRELUDE,8
2026,3,BMW,I5 XDRIVE40,8
2026,3,SMART,#3,7
2026,3,BMW,I4 M60 XDRIVE,7
2026,3,VOLKSWAGEN,ID. BUZZ GTX LR 250 KW,7
2026,3,BMW,M760E XDRIVE,7
2026,3,VOLKSWAGEN,ID.3 GTX PERF. 240 KW,7
2026,3,MERCEDES-BENZ,GLA 180,7
2026,3,BENIMAR,TESSORO 481,7
2026,3,BMW,320I,7
2026,3,KNAUS,R05,7
2026,3,HYMER,B-MC I 680,6
2026,3,MERCEDES-BENZ,GLE 400 E 4MATIC COUPE,6
2026,3,AUDI,Q6 SB E-TRON PERFORMANCE,6
2026,3,MAZDA,MAZDA MX-5,6
2026,3,AUTOMOBILI LAMBORGHINI S.,URUS,6
2026,3,BMW,X7 XDRIVE40I,6
2026,3,MERCEDES-BENZ,CLE 300 E,6
2026,3,PORSCHE,MACAN,6
2026,3,PORSCHE,MACAN 4S,6
2026,3,MERCEDES-BENZ,E 300 DE,6
2026,3,AUDI,A6 LIM 220KW TFSI E,6
2026,3,ADRIA,TWIN 640SGX,6
2026,3,CUPRA,CUPRA LEON SP E-HYBRID200,6
2026,3,ADRIA,MATRIX 670SL,6
2026,3,NISSAN,TOWNSTAR,6
2026,3,BMW,Z4 SDRIVE30I,6
2026,3,BMW,I7 XDRIVE60,6
2026,3,PORSCHE,TAYCAN,6
2026,3,PORSCHE,MACAN TURBO,5
2026,3,MERCEDES-BENZ,VITO,5
2026,3,DETHLEFFS,KW 601,5
2026,3,BMW,220I,5
2026,3,RAPIDO,N/A,5
2026,3,BMW,Z4 SDRIVE20I,5
2026,3,ADRIA,CORAL MB 670DL,5
2026,3,BMW,M340I XDRIVE,5
2026,3,BMW,M3 COMPETITION M XDRIVE,5
2026,3,PORSCHE,911 GT3,5
2026,3,POESSL,SUMMIT 600,5
2026,3,AUDI,Q6 SB E-TRON,5
2026,3,BMW,530E XDRIVE,5
2026,3,TOTH ES FIAI,CLEVER,5
2026,3,BENTLEY,CONTINENTAL GT,5
2026,3,MERCEDES-BENZ,G 580,5
2026,3,KNAUS,R11,5
2026,3,BMW,218I ACTIVE TOURER,5
2026,3,WEINSBERG,R57,5
2026,3,ADRIA,CORAL 650DL,5
2026,3,MERCEDES-BENZ,EVITO TOURER,5
2026,3,SKODA,ELROQ RS,4
2026,3,DS,DS4,4
2026,3,BMW,IX XDRIVE40,4
2026,3,LEXUS,LEXUS UX300H,4
2026,3,ZEEKR,X,4
2026,3,SEAT,SEAT LEON,4
2026,3,VOLKSWAGEN,ID.4 PRO 4MOTION 210KW,4
2026,3,AUDI,Q6 SB E-TRON QUATTRO,4
2026,3,RENAULT,TWINGO E-TECH ELECTRIC,4
2026,3,CARTHAGO,MALIBU VAN 640 LE K GT,4
2026,3,LUCID MOTORS,LUCID GRAVITY,4
2026,3,PEUGEOT,BOXER,4
2026,3,BMW,Z4 M40I,4
2026,3,BMW,M4 CS,4
2026,3,BMW,X6 XDRIVE40I M SPORT,4
2026,3,BMW,M440I XDRIVE,4
2026,3,FIAT,500,4
2026,3,MERCEDES-BENZ,CLE 200,4
2026,3,VOLKSWAGEN,ID.7 PRO S,4
2026,3,MERCEDES-BENZ,GLB 200,4
2026,3,HYMER,B-MC T 600,4
2026,3,ADRIA,CORAL 670DL,4
2026,3,NIO,FIREFLY,4
2026,3,M.A.N.,TGE,4
2026,3,MINI,JCW E,4
2026,3,MINI,JCW ACEMAN E,4
2026,3,BMW,XM LABEL,4
2026,3,BMW,430I XDRIVE,4
2026,3,ADRIA,SONIC 700DL,4
2026,3,LAND ROVER,RANGE ROVER VELAR,4
2026,3,MG,MG CYBERSTER,4
2026,3,BMW,123 XDRIVE,4
2026,3,CAPRON,CVE 640,4
2026,3,VOLKSWAGEN,ID.4 GTX 250KW,3
2026,3,AUDI,AUDI SQ5,3
2026,3,PORSCHE,PANAMERA TURBO S E-HYBRID,3
2026,3,MERCEDES-BENZ,V-KLASSE,3
2026,3,KNAUS,R07,3
2026,3,DEEPAL,DEEPAL S05,3
2026,3,MERCEDES-AMG,AMG SL 63 S E PERFORMANCE,3
2026,3,FIAT,SCUDO,3
2026,3,MERCEDES-BENZ,EQV,3
2026,3,BMW,X3 20 XDRIVE,3
2026,3,BYD,ATTO 3,3
2026,3,AION,AION V,3
2026,3,BMW,220I ACTIVE TOURER,3
2026,3,PORSCHE,PANAMERA 4 E-HYBRID,3
2026,3,AUDI,A6 AV E-TRON PERFORMANCE,3
2026,3,TOYOTA,TOYOTA LAND CRUISER,3
2026,3,RENAULT,ANTILOPEVAN FLEXPLUS,3
2026,3,KG MOBILITY,KG MOBILITY TORRES,3
2026,3,BRAVIA,SWAN,3
2026,3,HYMER,ML-T 580 CROSSTRAIL,3
2026,3,LEXUS,LEXUS ES300H,3
2026,3,BURSTNER GMBH,BT6905,3
2026,3,HYMER,B-MC T 680,3
2026,3,BYD,SEAL 6 DM-I,3
2026,3,MG,MG HS PLUG-IN HYBRID,3
2026,3,LOTUS,EMEYA,3
2026,3,FERRARI,FERRARI PUROSANGUE,3
2026,3,BURSTNER GMBH,BC6003,3
2026,3,WEINSBERG,R47,3
2026,3,MERCEDES-BENZ,EQE 350+,3
2026,3,MERCEDES-BENZ,B 180,3
2026,3,ALPINE,A110,3
2026,3,MERCEDES-BENZ,E 450 D 4MATIC,3
2026,3,PORSCHE,TAYCAN 4,3
2026,3,KIA,CEED,3
2026,3,AUDI,A8,3
2026,3,ETRUSCO,T7400 SBC,2
2026,3,BURSTNER GMBH,BC6006,2
2026,3,VOLKSWAGEN,EVENTJE,2
2026,3,ABARTH,600E,2
2026,3,WESTFALIA,N/A,2
2026,3,AUDI,A6 AV E-TRON QUATTRO,2
2026,3,BYD,BYD SEAL U DM,2
2026,3,CAPRON,CV 640 PLUS,2
2026,3,NIESMANN+BISCHOFF,ISMOVE 6.9E,2
2026,3,ALPINE,A390,2
2026,3,NIESMANN-BISCHOFF,ARTO 78,2
2026,3,EURA MOBIL,XTURA 686 EF,2
2026,3,ADRIA,CORAL 670SL,2
2026,3,VOLKSWAGEN,ID BUZZ PRO LR 210 KW,2
2026,3,AUDI,A1 ALLSTREET,2
2026,3,DS,DS7,2
2026,3,KNAUS,R15,2
2026,3,BMW,X1 M35I XDRIVE,2
2026,3,KNAUS,R30,2
2026,3,MERCEDES-BENZ,S 580 E 4MATIC,2
2026,3,MERCEDES-BENZ,AMG CLE 53 4MATIC,2
2026,3,CAPRON,CVE 600,2
2026,3,HYMER,B-MC I 600,2
2026,3,SUN LIVING,A-SERIES A 72SP,2
2026,3,POESSL,KW 42,2
2026,3,CARTHAGO,CHIC C-LINE I 4.9 LE,2
2026,3,PORSCHE,911 CARRERA GTS,2
2026,3,NIESMANN+BISCHOFF,ARTO 88,2
2026,3,CITROEN,C5 X,2
2026,3,AUDI,A6 SB E-TRON PERFORMANCE,2
2026,3,SUN LIVING,C-SERIES C 65SL,2
2026,3,KG MOBILITY,TORRES EVX,2
2026,3,MERCEDES-BENZ,E 300 E 4MATIC,2
2026,3,SUZUKI,SUZUKI SWACE,2
2026,3,FRANKIA,PLATIN,2
2026,3,AUDI,E-TRON GT,2
2026,3,HYMER,GRAND CANYON S 700 4X4,2
2026,3,AUDI,S5 AVANT,2
2026,3,BENTLEY,CONTINENTAL GTC SPEED,2
2026,3,BMW,218I,2
2026,3,MINI,JCW COUNTRYMAN ALL4,2
2026,3,ADRIA,TWIN 600SLB,2
2026,3,POESSL,KW 18,2
2026,3,MERCEDES-BENZ,EQE 350 4MATIC,2
2026,3,CAPRON,CV 602,2
2026,3,VOLKSWAGEN,ID. BUZZ,2
2026,3,BMW,X5 XDRIVE40D,2
2026,3,LEXUS,LEXUS RZ500E,2
2026,3,PORSCHE,TAYCAN 4S,2
2026,3,VOLVO,EX90,2
2026,3,PORSCHE,PANAMERA 4S E-HYBRID,2
2026,3,PEUGEOT,TRAVELLER,2
2026,3,HYUNDAI,IONIQ5 N,2
2026,3,VOLKSWAGEN,ID. BUZZ GTX KR 250 KW,2
2026,3,ABARTH,500,2
2026,3,ALFA ROMEO,TONALE,2
2026,3,CAPRON,T680/T447T,2
2026,3,MERCEDES-BENZ,EQS 450+,2
2026,3,MERCEDES-BENZ,CLE 300 4MATIC,2
2026,3,MERCEDES-BENZ,EQS 350,2
2026,3,PORSCHE,911 GT3 RS,2
2026,3,MERCEDES-BENZ,CLA 350 4MATIC,2
2026,3,RENAULT,ANTILOPEVAN FLEX5,2
2026,3,BENTLEY,CONTINENTAL GTC S,2
2026,3,AUDI,A6 LIM 270KW TFSI E,2
2026,3,CHAUSSON,630,2
2026,3,PORSCHE,911 TARGA 4 GTS,2
2026,3,CAPRON,V66/ V337,2
2026,3,FERRARI,FERRARI AMALFI,2
2026,3,BENTLEY,CONTINENTAL GTC MULLINER,2
2026,3,MERCEDES-BENZ,AMG G 63,2
2026,3,MERCEDES-BENZ,S 450 E,2
2026,3,BENTLEY,CONTINENTAL GTC,2
2026,3,AUDI,SQ6 SUV E-TRON,2
2026,3,GIOTTILINE,CX66,2
2026,3,MERCEDES-BENZ,E 400 E 4MATIC,2
2026,3,LEXUS,LEXUS RZ550E,2
2026,3,AUDI,RS Q8,2
2026,3,CAPRON,T66S/ T328,2
2026,3,PORSCHE,911 CARRERA 4S,2
2026,3,DETHLEFFS,JUST T 7052 EBL/DBL,2
2026,3,BMW,IX M70 XDRIVE,1
2026,3,FIAT,DUCATO,1
2026,3,ETRUSCO,T6.9 SBC,1
2026,3,BMW,X1 XDRIVE 28I,1
2026,3,FRANKIA,F-LINE,1
2026,3,AUDI,Q3,1
2026,3,CHAUSSON,S697,1
2026,3,LYNK&CO,DX11,1
2026,3,CARTHAGO,C1-TOURER T 145 RB-LE,1
2026,3,MERCEDES-BENZ,G 450 D,1
2026,3,CARTHAGO,C2-TOURER I 148 RB-QB K,1
2026,3,CARTHAGO,C-TOURER I 149 LE,1
2026,3,CAPRON,T68 / T447,1
2026,3,BENTLEY,CONTINENTAL GT S,1
2026,3,VOLKSWAGEN,TOUAREG EHYBRID,1
2026,3,HYMER,B-MC T 690,1
2026,3,ASTON MARTIN,VANQUISH,1
2026,3,FORD,TRANSIT,1
2026,3,BMW,IX2 XDRIVE30,1
2026,3,BENTLEY,CONTINENTAL GT AZURE,1
2026,3,CAPRON,V66/V337,1
2026,3,GIOTTILINE,330,1
2026,3,CHERY,TIGGO9,1
2026,3,MERCEDES-AMG,AMG PURESPEED,1
2026,3,BENIMAR,TESSORO 468,1
2026,3,MORGAN,PLUS SIX SUPERSPORT,1
2026,3,MORGAN,PLUS SIX,1
2026,3,AUDI,S6 AV E-TRON,1
2026,3,BMW,330I XDRIVE,1
2026,3,BMW,216I ACTIVE TOURER,1
2026,3,BMW,X6 M COMPETITION,1
2026,3,MERCEDES-BENZ,EQS 450 4MATIC,1
2026,3,BURSTNER GMBH,BT5902,1
2026,3,RENAULT,MASTER E-TECH,1
2026,3,CAPRON,T68/T447,1
2026,3,GIOTTILINE,69GC,1
2026,3,ADRIA,CORAL XL 660SL,1
2026,3,CARTHAGO,C1-TOURER T 143 KB-LE,1
2026,3,FERRARI,FERRARI F80,1
2026,3,ADRIA,SUPERTWIN 700SGX,1
2026,3,BMW,X1 SDRIVE18I,1
2026,3,BMW,X4 XDRIVE20I,1
2026,3,TOURNE MOBIL,TOURNE,1
2026,3,SUN LIVING,S-SERIES S 75SL,1
2026,3,CHAUSSON,F&S LINE,1
2026,3,MERCEDES-BENZ,EQT,1
2026,3,MC LOUIS,AVANTGARDE SLIM 337,1
2026,3,CITROEN,SPACETOURER,1
2026,3,CHERY,TIGGO4 HYBRID,1
2026,3,CAPRON,I68/I447,1
2026,3,BYD,BYD SEAL U DMI,1
2026,3,BURSTNER GMBH,BT7265,1
2026,3,VOYAH,FREE,1
2026,3,HYMER,TRAMP S 695,1
2026,3,BENTLEY,FLYING SPUR,1
2026,3,BYD,TANG EV,1
2026,3,MAZDA,CX-30,1
2026,3,POLESTAR,HUISKAMP LANDAU,1
2026,3,CUPRA,CUPRA LEON E-HYBRID200,1
2026,3,GEELY,GEELY EX5,1
2026,3,FRANKIA,M-LINE NEO,1
2026,3,MERCEDES-BENZ,MAYBACH EQS 680,1
2026,3,DETHLEFFS,TREND T 7057 EB,1
2026,3,FERRARI,FERRARI ROMA SPIDER,1
2026,3,HYMER,ML-T 580,1
2026,3,PORSCHE,911 CARRERA S,1
2026,3,CARTHAGO,MALIBU GENIUS 641 LE 4X4,1
2026,3,FERRARI,FERRARI 12CILINDRI SPIDER,1
2026,3,CARTHAGO,RM1 MALIBU T 430 KB-LE,1
2026,3,AUDI,SQ6 SB E-TRON,1
2026,3,MERCEDES-BENZ,AMG A 35 4MATIC,1
2026,3,MERCEDES-BENZ,E 450 4MATIC,1
2026,3,CHAUSSON,640,1
2026,3,HYMER,VENTURE S,1
2026,3,ETRUSCO,T7400 QBC,1
2026,3,BMW,230E XDRIVE ACTIVE TOURER,1
2026,3,ADRIA,SUPER SONIC 780DL,1
2026,3,ASTON MARTIN,VANQUISH VOLANTE,1
2026,3,MERCEDES-BENZ,EQA 350 4MATIC,1
2026,3,DREAMER,N/A,1
2026,3,KNAUS,R45 (WEINSBERG),1
2026,3,BENTLEY,BENTAYGA AZURE HYBRID,1
2026,3,CUPRA,BORN 240 KW 79/84 KWH,1
2026,3,JULIA CAMPER,YOSEMITE,1
2026,3,WEINSBERG,R48,1
2026,3,LAMBORGHINI,TEMERARIO,1
2026,3,BMW,I4 XDRIVE40,1
2026,3,POSSL,SUMMIT 600,1
2026,3,FERRARI,FERRARI 12CILINDRI,1
2026,3,HYMER,GRAND CANYON S 600 4X4,1
2026,3,HOBBY,T 710 GE NERO,1
2026,3,ADRIA,SONIC 700DC,1
2026,3,CARTHAGO,MALIBU VAN 640 LEK GT,1
2026,3,WEINSBERG,R50,1
2026,3,BENTLEY,CONTINENTAL GTC AZURE,1
2026,3,LOTUS,ELETRE,1
2026,3,CAPRON,T328,1
2026,3,CAPRON,V67S/ V347,1
2026,3,ADRIA,CORAL 670DC,1
2026,3,AUDI,RS 3 SPORTBACK,1
2026,3,XGO,N/A,1
2026,3,FORD,TOURNEO CONNECT,1
2026,3,CHAUSSON,660,1
2026,3,ETRUSCO,600 DB PLUS,1
2026,3,ADRIA,SUPER SONIC 780DC,1
2026,3,MERCEDES-BENZ,GLC 300E 4MATIC,1
2026,3,VOYAH,COURAGE,1
2026,3,BURSTNER GMBH,BT6491,1
2026,3,TOYOTA,COROLLA CROSS,1
2026,3,NIO,EL6,1
2026,3,MERCEDES-BENZ,EQA 300 4MATIC,1
2026,3,ADRIA,COMPACT SL,1
2026,3,BMW,M2,1
2026,3,VOLVO,V90,1
2026,3,ALPINE,A110R,1
2026,3,CARTHAGO,MALIBU VAN 540 DB,1
2026,3,MERCEDES-BENZ,GLC 300 DE 4MATIC,1
2026,3,HYMER,GRAND CANYON S 600 XPERIENCE,1
2026,3,HYMER,B-ML T 780,1
2026,3,WESTFALIA,COLUMBUS,1
2026,3,BMW,740D XDRIVE,1
2026,3,BMW,M135 XDRIVE,1
2026,3,CARTHAGO,MALIBU VAN 640 LERB GT,1
2026,3,CAPRON,T67/ T448,1
2026,3,LOTUS,EMIRA TURBO SE RACING LINE,1
2026,3,EURA MOBIL,INTEGRA 890 QB,1
2026,3,ADRIA,COMPACT MAX DL,1
2026,3,RENAULT,ARKANA E-TECH,1
2026,3,MORELO,LOFT 78 L,1
2026,3,BMW,M4 COMPETITION M XDRIVE,1
2026,3,DETHLEFFS,TREND T 7057 DBL/EBL,1
2026,3,PEUGEOT,E-RIFTER,1
2026,3,MOBILVETTA DESIGN,ADMIRAL K 6.5,1
2026,3,PILOTE,P620D,1
2026,3,HYMER,YELLOWSTONE,1
2026,3,HOBBY,640 ET PRESTIGE VAN FIRST EDITION,1
2026,3,LMC,C592,1
2026,3,BMW,M4,1
2026,3,BMW,X4 XDRIVE30I,1
2026,3,BMW,M240I XDRIVE,1
2026,3,HYMER,B-MC T 600 WHITELINE,1
2026,3,AUDI,A5 LIM 270KW TFSI E,1
2026,3,GEELY,STARRAY EM-I,1
2026,3,PILOTE,G720FGJ,1
2026,3,DETHLEFFS,JUST T 6762,1
2026,3,CHAUSSON,797,1
2026,3,GENESIS,GV60,1
2026,3,CAPRON,T67S/ T338,1
2026,3,BMW,M235 XDRIVE,1
2026,3,BYD,BYD DOLPHIN,1
2026,3,ADRIA,TWIN 600SPB,1
2026,3,ERIBA,CAR 600,1
2026,3,MERCEDES-BENZ,GLB 180,1
2026,3,SUN LIVING,V-SERIES V 65GX,1
2026,3,DETHLEFFS,JUST T 6812,1
2026,3,CHRYSLER,CHRYSLER PACIFICA,1
2026,3,HYMER,T680 S,1
2026,3,DETHLEFFS,EXPDN 7.4E,1
2026,3,BENTLEY,CONTINENTAL GT MULLINER,1
2026,3,BMW,230I,1
2026,3,BENTLEY,CONTINENTAL GT SPEED,1
2026,3,SUZUKI,SUZUKI ACROSS,1
2026,3,DETHLEFFS,GLOBEBUS I001,1
2026,3,TOYOTA,PROACE,1
2026,3,EURA MOBIL,PROFILA 696 EB,1
2026,3,BENIMAR,TESSORO 425,1
2026,3,ADRIA,MATRIX MB 670SL,1
2026,3,XPENG,M03,1
2026,3,CLEVER,TOUR 540,1
2026,3,FORD,BRONCO BADLANDS,1
2026,3,BMW,X4 M40I,1
2026,3,MERCEDES-AMG,AMG GT 63 4MATIC+,1
2026,3,BENTLEY,BENTAYGA HYBRID,1
2026,3,HYMER,GRAND CANYON S 4X4,1
2026,3,MERCEDES-BENZ,S 580 MAYBACH,1
2026,3,BYD,DENZA D9,1
2026,3,MERCEDES-BENZ,MARCO POLO,1
2026,3,HYMER,GRAND CANYON S CROSSOVER,1
2026,3,CAPRON,I68 / I447,1
2026,3,BENIMAR,MILEO 297,1
2026,3,RENAULT,TRAFIC,1
2026,3,HYMER,GRAND CANYON S 600 CROSSOVER,1
2026,3,DFSK,DFSK E5,1
2026,3,LAND ROVER,DISCOVERY,1
2026,3,POLESTAR,HUISKAMP GLASS,1
2026,3,HONDA,CIVIC TYPE R,1
2026,3,BMW,X7 M60I XDRIVE,1
2026,3,HYMER,ML-T 580 4X4,1
2026,3,ADRIA,A-SERIES A 60SP,1
2026,3,MC LOUIS,GLAMYS 322,1
2026,3,ETRUSCO,640 SB,1
2026,3,AUDI,Q3 SPORTBACK,1
2026,4,KIA,PICANTO,624
2026,4,TOYOTA,TOYOTA AYGO X,556
2026,4,KIA,EV3,531
2026,4,HYUNDAI,KONA,524
2026,4,FORD,KUGA,495
2026,4,TOYOTA,TOYOTA C-HR,455
2026,4,BYD,BYD SEAL U DM-I,453
2026,4,KIA,NIRO,439
2026,4,TOYOTA,TOYOTA YARIS CROSS,429
2026,4,VOLKSWAGEN,TIGUAN,401
2026,4,VOLVO,EX40,363
2026,4,TESLA,MODEL Y,357
2026,4,SKODA,KODIAQ,351
2026,4,OPEL,CORSA,342
2026,4,SKODA,ELROQ 60,341
2026,4,PEUGEOT,208,337
2026,4,KIA,EV5,329
2026,4,RENAULT,RENAULT 5 E-TECH ELECTRIC,297
2026,4,VOLKSWAGEN,TAYRON,297
2026,4,TOYOTA,TOYOTA YARIS,294
2026,4,VOLVO,XC60,291
2026,4,TOYOTA,TOYOTA COROLLA,280
2026,4,HYUNDAI,INSTER,278
2026,4,FORD,PUMA,244
2026,4,VOLKSWAGEN,T-ROC,244
2026,4,RENAULT,CAPTUR E-TECH HYBRID,229
2026,4,PEUGEOT,2008,218
2026,4,RENAULT,CLIO,215
2026,4,OPEL,FRONTERA,214
2026,4,HYUNDAI,TUCSON,208
2026,4,KIA,SPORTAGE,199
2026,4,KIA,STONIC,199
2026,4,SUZUKI,SWIFT,194
2026,4,PEUGEOT,5008,193
2026,4,VOLVO,EX30,191
2026,4,JEEP,AVENGER,188
2026,4,MAZDA,MAZDA CX-5,186
2026,4,VOLKSWAGEN,GOLF,183
2026,4,SKODA,ELROQ 50,179
2026,4,SEAT,IBIZA,173
2026,4,NISSAN,NISSAN QASHQAI,171
2026,4,RENAULT,RENAULT 4 E-TECH ELECTRIC,170
2026,4,SKODA,ELROQ 85,168
2026,4,AUDI,Q4 45 E-TRON,165
2026,4,BMW,IX1 EDRIVE20,165
2026,4,VOLVO,V60,160
2026,4,BMW,IX3 50 XDRIVE,158
2026,4,SKODA,OCTAVIA,156
2026,4,AUDI,Q3 200KW TFSI E,154
2026,4,VOLKSWAGEN,ID.4 PRO 210KW,153
2026,4,LAND ROVER,RANGE ROVER SPORT,145
2026,4,RENAULT,MEGANE E-TECH ELECTRIC,143
2026,4,VOLVO,XC40,141
2026,4,VOLVO,XC90,140
2026,4,SKODA,ENYAQ 85,136
2026,4,RENAULT,SCENIC E-TECH ELECTRIC,135
2026,4,CUPRA,TERRAMAR E-HYBRID,132
2026,4,CITROEN,C3,129
2026,4,PEUGEOT,3008,129
2026,4,MERCEDES-BENZ,CLA 250+,128
2026,4,KIA,EV2,128
2026,4,SKODA,KAMIQ,127
2026,4,RENAULT,SYMBIOZ,125
2026,4,RENAULT,AUSTRAL,118
2026,4,MG,MG ZS,115
2026,4,MERCEDES-BENZ,GLC 300 E 4MATIC,110
2026,4,DACIA,JOGGER,110
2026,4,BMW,120,109
2026,4,TESLA,MODEL 3,109
2026,4,LYNK&CO,LYNK & CO 08,108
2026,4,OPEL,MOKKA,108
2026,4,MERCEDES-BENZ,A 250 E,105
2026,4,KIA,EV4,105
2026,4,MERCEDES-BENZ,GLA 250 E,104
2026,4,AUDI,Q3 SB 200KW TFSI E,103
2026,4,VOLKSWAGEN,ID.3 PRO 150 KW,102
2026,4,DACIA,SANDERO,100
2026,4,BMW,X5 XDRIVE50E,97
2026,4,CITROEN,C5 AIRCROSS,96
2026,4,AUDI,A3 SPORTBACK PHEV 150,95
2026,4,BMW,X3 30E XDRIVE,95
2026,4,CITROEN,C3 AIRCROSS,95
2026,4,JEEP,COMPASS,92
2026,4,SUZUKI,VITARA,92
2026,4,ZEEKR,7X,92
2026,4,BMW,X1 XDRIVE25E,90
2026,4,HYUNDAI,I10,89
2026,4,SEAT,SEAT LEON SP E-HYBRID150,87
2026,4,FORD,EXPLORER,85
2026,4,DACIA,BIGSTER,84
2026,4,LEAPMOTOR,B10,83
2026,4,LAND ROVER,DEFENDER,83
2026,4,VOLKSWAGEN,POLO,83
2026,4,LYNK&CO,LYNK & CO 01,81
2026,4,MERCEDES-BENZ,EQA 250+,80
2026,4,VOLKSWAGEN,ID.7 TOURER PRO,80
2026,4,TOYOTA,TOYOTA BZ4X,79
2026,4,DACIA,DUSTER,76
2026,4,CITROEN,E-C3 AIRCROSS,73
2026,4,JAECOO,JAECOO7 PHEV,72
2026,4,PEUGEOT,308,71
2026,4,AUDI,A1 SPORTBACK,71
2026,4,MG,MG HS,71
2026,4,FIAT,PANDA,70
2026,4,VOLKSWAGEN,ID.3 PURE 125 KW,69
2026,4,TOYOTA,URBAN CRUISER,67
2026,4,SKODA,SUPERB,66
2026,4,OPEL,GRANDLAND,66
2026,4,BMW,330E,64
2026,4,SKODA,FABIA,64
2026,4,LAND ROVER,RANGE ROVER,63
2026,4,AUDI,A5 AVANT 220KW TFSI E,63
2026,4,FIAT,500 HYBRID,62
2026,4,SUZUKI,E VITARA,61
2026,4,OPEL,ASTRA SPORTS TOURER,59
2026,4,CUPRA,BORN 150 KW 60/63 KWH,57
2026,4,LEAPMOTOR,T03,56
2026,4,LEAPMOTOR,C10,55
2026,4,BMW,530E,55
2026,4,NISSAN,NISSAN JUKE,54
2026,4,CUPRA,FORMENTOR E-HYBRID,53
2026,4,AUDI,Q6 SUV E-TRON,53
2026,4,JAECOO,JAECOO8 PHEV,52
2026,4,VOLKSWAGEN,PASSAT,52
2026,4,POLESTAR,POLESTAR 2,51
2026,4,CUPRA,TAVASCAN,51
2026,4,SUZUKI,S-CROSS,51
2026,4,BYD,BYD DOLPHIN SURF,51
2026,4,ALFA ROMEO,ALFA ROMEO JUNIOR,50
2026,4,CITROEN,E-C3,50
2026,4,HYUNDAI,I20,50
2026,4,BYD,SEAL 6 DM-I TOURING,48
2026,4,MINI,COOPER C,48
2026,4,BYD,BYD SEAL,48
2026,4,POLESTAR,POLESTAR 4,48
2026,4,AUDI,Q2,47
2026,4,VOLKSWAGEN,ID.3 PRO S 150 KW,46
2026,4,MINI,COUNTRYMAN E,46
2026,4,MAZDA,MAZDA2 HYBRID,45
2026,4,KIA,PV5,45
2026,4,PEUGEOT,408,45
2026,4,MG,MG3 HYBRID+,44
2026,4,MINI,COOPER SE,42
2026,4,DACIA,SPRING,42
2026,4,AUDI,Q4 SPORTBACK 45 E-TRON,42
2026,4,VOLKSWAGEN,ID.7 TOURER PRO S,42
2026,4,RENAULT,ESPACE,42
2026,4,HYUNDAI,IONIQ6,41
2026,4,HYUNDAI,IONIQ5,41
2026,4,KIA,EV9,40
2026,4,JAECOO,JAECOO5 EV,40
2026,4,BMW,I5 EDRIVE40,40
2026,4,VOLVO,EC40,40
2026,4,XPENG,G6,40
2026,4,LEXUS,LEXUS LBX,39
2026,4,SEAT,SEAT LEON SP,39
2026,4,XPENG,G9,38
2026,4,MITSUBISHI,COLT,38
2026,4,MAZDA,MAZDA 6E,38
2026,4,BMW,I4 EDRIVE35,38
2026,4,VOLKSWAGEN,T-CROSS,38
2026,4,PORSCHE,CAYENNE E-HYBRID,37
2026,4,MINI,COOPER E,36
2026,4,AUDI,Q6 SUV E-TRON PERFORMANCE,36
2026,4,AUDI,A3 SPORTBACK,35
2026,4,MERCEDES-BENZ,E 300 E,35
2026,4,MITSUBISHI,MITSUBISHI OUTLANDER,35
2026,4,FORD,TRANSIT CUSTOM,34
2026,4,VOLKSWAGEN,ID. BUZZ PRO LR 210 KW,33
2026,4,MERCEDES-BENZ,GLB 250+,33
2026,4,AUDI,A6 AV E-TRON,33
2026,4,MINI,ACEMAN SE,33
2026,4,SKODA,KAROQ,33
2026,4,HONDA,HR-V,33
2026,4,LYNK&CO,LYNK & CO 02,32
2026,4,MERCEDES-BENZ,C 300 E,32
2026,4,AUDI,A3 LIMOUSINE,31
2026,4,AUDI,A5 AVANT 270KW TFSI E,31
2026,4,BMW,220,30
2026,4,BMW,550E XDRIVE,30
2026,4,AUDI,A3 SPORTBACK PHEV 200,29
2026,4,VOLKSWAGEN,CADDY,29
2026,4,OMODA,OMODA5,29
2026,4,AUDI,Q8 60 TFSI E,28
2026,4,AUDI,Q5 270KW TFSI E,28
2026,4,AUDI,Q5 220KW TFSI E,28
2026,4,HONDA,JAZZ,28
2026,4,BMW,IX2 EDRIVE20,28
2026,4,AUDI,A6 AVANT 270KW TFSI E,27
2026,4,BYD,BYD SEALION 7,27
2026,4,HYUNDAI,SANTA FE,27
2026,4,MERCEDES-BENZ,SPRINTER,26
2026,4,MITSUBISHI,ASX,26
2026,4,AUDI,A6 AVANT 220KW TFSI E,26
2026,4,SEAT,SEAT LEON E-HYBRID150,25
2026,4,AUDI,A5 LIM 220KW TFSI E,25
2026,4,HYUNDAI,IONIQ 9,25
2026,4,SKODA,SCALA,25
2026,4,ALPINE,A290,24
2026,4,KIA,SORENTO,24
2026,4,NISSAN,NISSAN MICRA,24
2026,4,BYD,BYD ATTO 2  DM-I,24
2026,4,ADRIA,CORAL 670DL,24
2026,4,VOLKSWAGEN,CALIFORNIA,24
2026,4,MINI,COUNTRYMAN SE ALL4,24
2026,4,MAZDA,MAZDA CX-60,24
2026,4,KIA,EV6,24
2026,4,MITSUBISHI,ECLIPSE CROSS,23
2026,4,MERCEDES-BENZ,CLA 200,23
2026,4,AUDI,Q7 55 TFSI E,23
2026,4,FIAT,600,23
2026,4,AUDI,Q8 55 TFSI E,23
2026,4,LAND ROVER,RANGE ROVER EVOQUE,23
2026,4,NISSAN,NISSAN ARIYA,23
2026,4,MG,MG HS HYBRID+,23
2026,4,AUDI,Q4 40 E-TRON,22
2026,4,MINI,ACEMAN E,22
2026,4,BMW,I4 EDRIVE40,22
2026,4,RENAULT,TWINGO E-TECH ELECTRIC,22
2026,4,CITROEN,C4 X,22
2026,4,SEAT,ARONA,22
2026,4,CUPRA,BORN 170 KW 79/84 KWH,22
2026,4,ZEEKR,001,21
2026,4,MERCEDES-BENZ,GLE 400 E 4MATIC,21
2026,4,OMODA,OMODA 9,21
2026,4,SEAT,SEAT ATECA,21
2026,4,HYUNDAI,BAYON,21
2026,4,MG,MG S5 EV,20
2026,4,TOYOTA,TOYOTA RAV4,20
2026,4,MINI,COOPER S,20
2026,4,LEXUS,LEXUS NX450H+,20
2026,4,FORD,CAPRI,20
2026,4,BMW,318I,20
2026,4,BMW,M5,20
2026,4,MERCEDES-BENZ,AMG GLE 53 HYBRID,19
2026,4,SMART,#5,19
2026,4,MITSUBISHI,GRANDIS,19
2026,4,AUDI,A6 SB E-TRON,19
2026,4,VOLKSWAGEN,TAIGO,19
2026,4,BYD,SEAL U DM-I,19
2026,4,AUDI,Q5 SB 270KW TFSI E,19
2026,4,FORD,MUSTANG MACH-E,19
2026,4,SKODA,ENYAQ 60,18
2026,4,MERCEDES-BENZ,VITO TOURER,18
2026,4,MERCEDES-BENZ,GLC 400 4MATIC WITH EQ TE,18
2026,4,ADRIA,COMPACT DL,18
2026,4,LEXUS,LEXUS RZ350E,17
2026,4,FIAT,500,17
2026,4,OMODA,OMODA5 EV,17
2026,4,BMW,X1 SDRIVE20I,17
2026,4,SMART,#3,17
2026,4,NISSAN,NISSAN X-TRAIL,17
2026,4,VOLKSWAGEN,TOUAREG R,17
2026,4,MERCEDES-BENZ,ESPRINTER,16
2026,4,CUPRA,CUPRA LEON SP E-HYBRID150,16
2026,4,MAZDA,MAZDA CX-30,16
2026,4,LEXUS,LEXUS RX450H+,16
2026,4,PORSCHE,MACAN 4,15
2026,4,PORSCHE,CAYENNE S E-HYBRID,15
2026,4,VOLKSWAGEN,ID.7 PRO,15
2026,4,BMW,X1 XDRIVE30E,15
2026,4,RENAULT,RAFALE,15
2026,4,MINI,COUNTRYMAN C,14
2026,4,VOLKSWAGEN,MULTIVAN,14
2026,4,VOLVO,EX90,14
2026,4,LAND ROVER,DISCOVERY SPORT,14
2026,4,AUDI,Q6 SUV E-TRON QUATTRO,14
2026,4,OPEL,MOVANO,14
2026,4,BYD,BYD SEAL U,14
2026,4,CUPRA,BORN 170 KW 60/63 KWH,14
2026,4,AUDI,Q6 SB E-TRON PERFORMANCE,14
2026,4,AUDI,Q6 SB E-TRON,13
2026,4,OPEL,ASTRA,13
2026,4,MAZDA,MAZDA3,13
2026,4,VOLKSWAGEN,ID.4 PURE 125KW,13
2026,4,HONDA,ZR-V,13
2026,4,BMW,420I,13
2026,4,MAZDA,MAZDA CX-80,12
2026,4,JAECOO,JAECOO7,12
2026,4,CITROEN,E-C4,12
2026,4,AUDI,Q7 60 TFSI E,12
2026,4,VOLVO,ES90,12
2026,4,SKODA,ENYAQ RS,12
2026,4,POLESTAR,POLESTAR 3,12
2026,4,BMW,IX1 XDRIVE30,12
2026,4,MG,MG4 EV URBAN,12
2026,4,POESSL,SUMMIT 640,12
2026,4,VOLKSWAGEN,ID. BUZZ PRO KR 210 KW,11
2026,4,PORSCHE,911 TURBO S,11
2026,4,BYD,ATTO 3 EVO,11
2026,4,MERCEDES-BENZ,CLA 250 E,11
2026,4,HONDA,CIVIC,11
2026,4,MERCEDES-BENZ,GLC 400 E 4MATIC,11
2026,4,MG,MG S6 EV,11
2026,4,MERCEDES-BENZ,EQB 250+,11
2026,4,MERCEDES-BENZ,B 250 E,10
2026,4,KNAUS,R05,10
2026,4,HONDA,CR-V,10
2026,4,MG,MG4 ELECTRIC,10
2026,4,PEUGEOT,EXPERT,10
2026,4,MERCEDES-BENZ,A 180,10
2026,4,AUDI,Q5 SB 220KW TFSI E,10
2026,4,OPEL,VIVARO,10
2026,4,MERCEDES-BENZ,CLA 180,10
2026,4,CUPRA,CUPRA LEON E-HYBRID150,10
2026,4,LAND ROVER,RANGE ROVER VELAR,10
2026,4,BMW,330I XDRIVE,9
2026,4,ALPINE,A390,9
2026,4,DFSK,DFSK E5,9
2026,4,ADRIA,TWIN 640SLB,9
2026,4,PORSCHE,CAYENNE TURBO E-HYBRID,9
2026,4,LANCIA,YPSILON,9
2026,4,WEINSBERG,R57,9
2026,4,MERCEDES-BENZ,AMG E 53 HYBRID,9
2026,4,ADRIA,MATRIX 670SL,8
2026,4,DS AUTOMOBILES,N 4,8
2026,4,RENAULT,CAPTUR,8
2026,4,PORSCHE,MACAN,8
2026,4,BYD,BYD ATTO 2,8
2026,4,SMART,#1,8
2026,4,AUDI,A6 LIM 220KW TFSI E,8
2026,4,DONGFENG,BOX,8
2026,4,CUPRA,CUPRA LEON SP E-HYBRID200,8
2026,4,BMW,225E XDRIVE ACTIVE TOURER,7
2026,4,AUDI,S5 AVANT,7
2026,4,XPENG,P7+,7
2026,4,LOTUS,EMEYA,7
2026,4,MINI,JCW,7
2026,4,BMW,X2 SDRIVE20I,7
2026,4,DETHLEFFS,KW 601,7
2026,4,BMW,Z4 M40I,7
2026,4,HYUNDAI,I 30,7
2026,4,MERCEDES-BENZ,EVITO TOURER,7
2026,4,POESSL,SUMMIT 600,7
2026,4,SEAT,SEAT LEON,7
2026,4,SUN LIVING,C-SERIES C 70DL,7
2026,4,PORSCHE,MACAN 4S,7
2026,4,MG,MG S9 PHEV,6
2026,4,LAMBORGHINI,URUS,6
2026,4,BYD,DOLPHIN SURF,6
2026,4,BURSTNER GMBH,BT6905,6
2026,4,PORSCHE,TAYCAN,6
2026,4,BMW,520I,6
2026,4,NISSAN,TOWNSTAR,6
2026,4,BMW,X1 SDRIVE18I,6
2026,4,FORD,TOURNEO CUSTOM,6
2026,4,PORSCHE,MACAN TURBO,6
2026,4,MERCEDES-BENZ,GLA 180,6
2026,4,NIO,FIREFLY,6
2026,4,BMW,320I,6
2026,4,BMW,330E XDRIVE,6
2026,4,ADRIA,CORAL 650DL,6
2026,4,AUDI,A6 AV E-TRON PERFORMANCE,6
2026,4,AUDI,Q4 SPORTBACK 40 E-TRON,6
2026,4,MG,MG HS PLUG-IN HYBRID,6
2026,4,BMW,IX XDRIVE45,6
2026,4,AUDI,A3 ALLSTREET PHEV 150,6
2026,4,BMW,218I ACTIVE TOURER,6
2026,4,BMW,M135 XDRIVE,6
2026,4,BYD,ATTO 3,6
2026,4,MINI,JCW ACEMAN E,6
2026,4,VOLKSWAGEN,ID.3 GTX PERF. 240 KW,6
2026,4,ADRIA,TWIN 640SGX,6
2026,4,CAPRON,T66S/ T328,5
2026,4,VOLKSWAGEN,ID.7 PRO S,5
2026,4,PORSCHE,911 CARRERA GTS,5
2026,4,BMW,I4 M60 XDRIVE,5
2026,4,BENIMAR,TESSORO 481,5
2026,4,RENAULT,CLIO E-TECH HYBRID,5
2026,4,ETRUSCO,V 6.8 SCF,5
2026,4,MINI,COUNTRYMAN S ALL4,5
2026,4,CITROEN,C4,5
2026,4,DEEPAL,DEEPAL S05,5
2026,4,ADRIA,CORAL XL 660SL,5
2026,4,CAPRON,V66/ V337,5
2026,4,ZEEKR,X,5
2026,4,BMW,X7 XDRIVE40I,5
2026,4,VOLKSWAGEN,ID BUZZ PRO LR 210 KW,5
2026,4,VOLKSWAGEN,ID.7 TOURER GTX,5
2026,4,MERCEDES-BENZ,AMG GLE 53 HYBRID COUPE,5
2026,4,PORSCHE,911 CARRERA 4 GTS,5
2026,4,CITROEN,C5 X,5
2026,4,FORD,TOURNEO CONNECT,5
2026,4,KNAUS,R11,4
2026,4,CAPRON,T68/T447,4
2026,4,BMW,XM 50E,4
2026,4,LEXUS,LEXUS RZ500E,4
2026,4,PORSCHE,MACAN GTS,4
2026,4,FORD,TRANSIT,4
2026,4,BENTLEY,CONTINENTAL GTC,4
2026,4,BMW,X5 XDRIVE40D,4
2026,4,DREAMER,N/A,4
2026,4,DS AUTOMOBILES,N 8,4
2026,4,MERCEDES-BENZ,VITO,4
2026,4,JEEP,WRANGLER UNLIMITED,4
2026,4,BMW,X3 M50 XDRIVE,4
2026,4,FIAT,FIAT DUCATO,4
2026,4,AUDI,Q6 SB E-TRON QUATTRO,4
2026,4,BMW,IX XDRIVE60,4
2026,4,BMW,I5 M60 XDRIVE,4
2026,4,AUDI,A6 LIM 270KW TFSI E,4
2026,4,VOLKSWAGEN,ID. BUZZ,4
2026,4,HYMER,ML-T 580 CROSSTRAIL,4
2026,4,BMW,M440I XDRIVE,4
2026,4,BMW,I4 M50 XDRIVE,4
2026,4,DETHLEFFS,KW 600,4
2026,4,MERCEDES-BENZ,EQS 450 4MATIC,4
2026,4,ADRIA,CORAL MB 670DL,4
2026,4,LEXUS,LEXUS UX300H,4
2026,4,AUDI,E-TRON GT,4
2026,4,MERCEDES-BENZ,C 180,4
2026,4,ADRIA,TWIN 600SPB,4
2026,4,AUTOMOBILI LAMBORGHINI S.,URUS,3
2026,4,MERCEDES-BENZ,T-CLASS,3
2026,4,CAPRON,V67S/ V347,3
2026,4,MG,MG CYBERSTER,3
2026,4,BENTLEY,CONTINENTAL GTC AZURE,3
2026,4,VOLKSWAGEN,ID. BUZZ GTX LR 250 KW,3
2026,4,BMW,Z4 SDRIVE30I,3
2026,4,BMW,X1 XDRIVE23I,3
2026,4,MERCEDES-BENZ,G 580,3
2026,4,MERCEDES-BENZ,B 180,3
2026,4,VOYAH,FREE,3
2026,4,RAPIDO,N/A,3
2026,4,CUPRA,CUPRA LEON E-HYBRID200,3
2026,4,BENIMAR,TESSORO 468,3
2026,4,WEINSBERG,R47,3
2026,4,ABARTH,500,3
2026,4,PORSCHE,PANAMERA 4S E-HYBRID,3
2026,4,SKODA,ELROQ RS,3
2026,4,CAPRON,I68 / I447,3
2026,4,MERCEDES-BENZ,EQE 300,3
2026,4,POESSL,SUMMIT 540,3
2026,4,AUDI,S6 AV E-TRON,3
2026,4,HONDA,PRELUDE,3
2026,4,DETHLEFFS,JUST T 6812,3
2026,4,BMW,220I ACTIVE TOURER,3
2026,4,ALFA ROMEO,TONALE,3
2026,4,MERCEDES-BENZ,AMG G 63,3
2026,4,ADRIA,SONIC 700DL,3
2026,4,AUDI,A5 LIM 270KW TFSI E,3
2026,4,KG MOBILITY,KG MOBILITY TORRES,3
2026,4,CAPRON,T68C/ T457,3
2026,4,BENTLEY,CONTINENTAL GT SPEED,3
2026,4,CHAUSSON,797,3
2026,4,ERIBA,CAR 600,3
2026,4,PORSCHE,PANAMERA 4 E-HYBRID,3
2026,4,BURSTNER GMBH,BC6003,3
2026,4,MAZDA,MAZDA MX-5,3
2026,4,BMW,X3 20 XDRIVE,3
2026,4,TOURNE MOBIL,TOURNE,3
2026,4,CAPRON,T69LC/ T459,3
2026,4,SUBARU,SOLTERRA,3
2026,4,CAPRON,T58/ T135,3
2026,4,DETHLEFFS,TREND T 7057 DBL/EBL,3
2026,4,CARTHAGO,MALIBU VAN 640 LE K COUPE,2
2026,4,MINI,JCW E,2
2026,4,LMC,C640,2
2026,4,BMW,223 XDRIVE,2
2026,4,MERCEDES-BENZ,GLE 400 E 4MATIC COUPE,2
2026,4,CAPRON,T67S/ T338,2
2026,4,SUN LIVING,S-SERIES S 70SL,2
2026,4,LUCID MOTORS,LUCID GRAVITY,2
2026,4,KNAUS,R07,2
2026,4,CHAUSSON,798,2
2026,4,BMW,I7 XDRIVE60,2
2026,4,NIESMANN+BISCHOFF,FLAIR 920,2
2026,4,CAPRON,T67/ T448,2
2026,4,KNAUS,R16,2
2026,4,BENTLEY,FLYING SPUR,2
2026,4,BRAVIA,SWAN,2
2026,4,AUDI,A6 SB E-TRON PERFORMANCE,2
2026,4,HYMER,B-MC T 680,2
2026,4,HYMER,GRAND CANYON S 600 CROSSOVER,2
2026,4,BYD,TANG EV,2
2026,4,VOLKSWAGEN,TRANSPORTER,2
2026,4,HYMER,VENTURE S,2
2026,4,HYMER,B-MC I 680,2
2026,4,BYD,SEAL 6 DM-I,2
2026,4,WEINSBERG,R51,2
2026,4,BURSTNER GMBH,BT6609,2
2026,4,BMW,M760E XDRIVE,2
2026,4,SUN LIVING,S-SERIES S 75SL,2
2026,4,MERCEDES-BENZ,EQS 450+,2
2026,4,BMW,M3 COMPETITION M XDRIVE,2
2026,4,GENESIS,GV70,2
2026,4,CAPRON,I67S,2
2026,4,ADRIA,CORAL 650SL,2
2026,4,SUN LIVING,S-SERIES S 72DL,2
2026,4,BMW,M4 COMPETITION M XDRIVE,2
2026,4,CADILLAC,XT5 (HEARSE),2
2026,4,RENAULT,ANTILOPEVAN FLEXPLUS,2
2026,4,CAPRON,CV 640 PLUS,2
2026,4,FIAT DUCATO AFFINITY,AFFINITY CAMPER VAN,2
2026,4,AUDI,S6 SB E-TRON,2
2026,4,CAPRON,CV 600,2
2026,4,PORSCHE,TAYCAN 4,2
2026,4,GENESIS,GV60,2
2026,4,HYUNDAI,IONIQ6 N,2
2026,4,FERRARI,FERRARI PUROSANGUE,2
2026,4,PORSCHE,911 GT3,2
2026,4,LEXUS,LEXUS RZ550E,2
2026,4,AUDI,SQ6 SUV E-TRON,2
2026,4,ADRIA,SONIC 700SL,2
2026,4,BMW,Z4 SDRIVE20I,2
2026,4,TOYOTA,PROACE,2
2026,4,DETHLEFFS,EXPDN 7.4E,2
2026,4,HYMER,B-MC T 600,2
2026,4,BMW,220I,2
2026,4,LOTUS,ELETRE,2
2026,4,CAPRON,CV 602,2
2026,4,TESLA,MODEL S,2
2026,4,BMW,IX2 XDRIVE30,2
2026,4,EURA MOBIL,PROFILA 726 EFL,2
2026,4,BENTLEY,CONTINENTAL GTC SPEED,2
2026,4,MERCEDES-BENZ,E 300 E 4MATIC,2
2026,4,MERCEDES-BENZ,CLA 350 4MATIC,2
2026,4,DETHLEFFS,GLOBEBUS GO T45,2
2026,4,BMW,750E XDRIVE,2
2026,4,ADRIA,MATRIX 670DL,2
2026,4,BMW,530E XDRIVE,2
2026,4,KNAUS,R30,2
2026,4,BMW,430I XDRIVE,2
2026,4,MERCEDES-BENZ,S 450 E,2
2026,4,BMW,I5 XDRIVE40,2
2026,4,CAPRON,CV 540V,2
2026,4,CAPRON,CVE 640,2
2026,4,ASTON MARTIN,DB12 VOLANTE,2
2026,4,MERCEDES-BENZ,CLE 300 E,2
2026,4,BMW,I7 EDRIVE50,2
2026,4,CHAUSSON,S697,2
2026,4,ADRIA,COMPACT MAX DL,2
2026,4,BMW,540D XDRIVE,2
2026,4,DONKERVOORT,F22,1
2026,4,NIESMANN+BISCHOFF,FLAIR 880,1
2026,4,HYMER,B-MC I 600,1
2026,4,MERCEDES-BENZ,E 400 E 4MATIC,1
2026,4,HYMER,GRAND CANYON S 600 XPERIENCE,1
2026,4,CLEVER,CLEVER CELEBRATION,1
2026,4,BYD,SEAL U DMI,1
2026,4,RIMOR,HORUS 195,1
2026,4,BENTLEY,FLYING SPUR AZURE,1
2026,4,ADRIA,SUPERTWIN 600SPB,1
2026,4,MERCEDES-BENZ,GLE 300 D 4MATIC,1
2026,4,VOLVO,V90,1
2026,4,FIAT,EURA MOBIL ACTIVA ONE 650 HS,1
2026,4,CAPRON,T68/ T447,1
2026,4,BENTLEY,CONTINENTAL GT MULLINER,1
2026,4,CAPRON,A70/ A464,1
2026,4,MINI,JCW COUNTRYMAN ALL4,1
2026,4,SUN LIVING,V-SERIES V 60SP,1
2026,4,VOYAH,COURAGE,1
2026,4,CAPRON,T68C/T457,1
2026,4,YUEDA-HUMAN HORIZONS,HIPHI Z,1
2026,4,LUCID MOTORS,AIR,1
2026,4,AUDI,RS 3 LIMOUSINE,1
2026,4,BMW,X1 SDRIVE 20I,1
2026,4,PORSCHE,911 CARRERA 4S,1
2026,4,CHALLENGER,S215,1
2026,4,CITROEN,JUMPY,1
2026,4,PORSCHE,911 TARGA 4 GTS,1
2026,4,LMC,C540,1
2026,4,BMW,X4 M40I,1
2026,4,ETRUSCO,V 6.6 SF,1
2026,4,CARTHAGO,MALIBU VAN 640 LERB GT,1
2026,4,PORSCHE,TAYCAN 4S,1
2026,4,HYMER,GRAND CANYON S 4X4,1
2026,4,OPEL,COMBO-E LIFE,1
2026,4,DETHLEFFS,GLOBETRAIL PERFORM. 600DR,1
2026,4,MERCEDES-BENZ,G 500,1
2026,4,CAPRON,CVE 602,1
2026,4,LEXUS,LEXUS NX350H,1
2026,4,SUN LIVING,A-SERIES A 75SL,1
2026,4,CARTHAGO,CHIC C-LINE I 4.9 LE L,1
2026,4,HYMER,B-MC T 600 WHITELINE,1
2026,4,WEINSBERG,R50,1
2026,4,HYMER,FREE S 600,1
2026,4,BYD,BYD DOLPHIN,1
2026,4,BMW,840I,1
2026,4,LMC,T25_1063,1
2026,4,BMW,IX M70 XDRIVE,1
2026,4,BMW,X1 XDRIVE 28I,1
2026,4,MERCEDES-BENZ,E 300 DE,1
2026,4,ADRIA,CORAL 670DC,1
2026,4,BMW,X6 M60I XDRIVE,1
2026,4,ALLIED VEHICLES LTD,GRAND FREEDOM RE,1
2026,4,BENIMAR,MILEO 268,1
2026,4,WESTFALIA,N/A,1
2026,4,PORSCHE,911 TARGA 4S,1
2026,4,BMW,X1 XDRIVE28I,1
2026,4,GIOTTILINE,330,1
2026,4,KNAUS,R18,1
2026,4,SUN LIVING,A-SERIES A 75DP,1
2026,4,MORGAN,PLUS SIX SUPERSPORT,1
2026,4,ADRIA,CORAL 670SL,1
2026,4,NIESMANN+BISCHOFF,ARTO 88EK,1
2026,4,DETHLEFFS,JUST GO T7055 EB,1
2026,4,EURA MOBIL,XTURA 686 EF,1
2026,4,MASERATI,GRANTURISMO FOLGORE,1
2026,4,FRANKIA,F-LINE,1
2026,4,MERCEDES-BENZ,G 450 D,1
2026,4,AUDI,RS E-TRON GT PERFORMANCE,1
2026,4,ETRUSCO,T 6.9 SF,1
2026,4,CHAUSSON,650,1
2026,4,LMC,C 540,1
2026,4,BENTLEY,BENTAYGA AZURE HYBRID,1
2026,4,CAPRON,V69/V339,1
2026,4,KARMANN MOBIL,DAVIS 590,1
2026,4,BENTLEY,CONTINENTAL GT,1
2026,4,MERCEDES-BENZ,EQE 500 4MATIC,1
2026,4,CROSSCAMP,CROSSCAMP ADVTR 6.0 DF,1
2026,4,PORSCHE,PANAMERA TURBO S E-HYBRID,1
2026,4,POSSL,SUMMIT 540,1
2026,4,CAPRON,I68/I447,1
2026,4,CHAUSSON,S514,1
2026,4,BURSTNER GMBH,BT7265,1
2026,4,ETRUSCO,T6900 SB,1
2026,4,ABARTH,600E,1
2026,4,KABE,TMMI 790 LQB,1
2026,4,CAPRON,CV 640,1
2026,4,FERRARI,FERRARI 12CILINDRI SPIDER,1
2026,4,BENTLEY,BENTAYGA SPEED,1
2026,4,BYD,BYD SEAL X DM-I,1
2026,4,VOLKSWAGEN,ID.4 GTX 250KW,1
2026,4,MERCEDES-BENZ,EQE 350+,1
2026,4,HYMER,B-ML I 880,1
2026,4,VOLKNER REISE-MOBIL,PERFORMANCE PERFECTION,1
2026,4,MERCEDES-BENZ,E 450 4MATIC,1
2026,4,CARTHAGO,MALIBU VAN 640 LE COUPE,1
2026,4,FERRARI,296 SPECIALE,1
2026,4,HYMER,AYERS ROCK,1
2026,4,JAECOO,J7 PHEV,1
2026,4,BURSTNER GMBH,BT7011,1
2026,4,ADRIA,CORAL MB 670SL,1
2026,4,ADRIA,SUPER SONIC 780DL,1
2026,4,ADRIA,SUPER SONIC 890LL,1
2026,4,DETHLEFFS,TREND T 7057 EB,1
2026,4,SUN LIVING,C-SERIES C 65SL,1
2026,4,KNAUS,R06,1
2026,4,CHAUSSON,640,1
2026,4,DETHLEFFS,JUST T 7052 EB/DBM,1
2026,4,KNAUS,R15,1
2026,4,BMW,223I ACTIVE TOURER,1
2026,4,AUDI,SQ6 SB E-TRON,1
2026,4,LAIKA,KOSMO L412DS,1
2026,4,DETHLEFFS,KW 602,1
2026,4,BMW,M8 COMPETITION,1
2026,4,JEEP,RENEGADE,1
2026,4,ROLLER TEAM,ZEFIRO 287 P,1
2026,4,FERRARI,FERRARI ROMA SPIDER,1
2026,4,BMW,X1 M35I XDRIVE,1
2026,4,CARTHAGO,MALIBU VAN 600 LE,1
2026,4,BYD,BYD SEAL U DMI,1
2026,4,CHALLENGER,260,1
2026,4,MC LOUIS,CARAT 870,1
2026,4,AUDI,RS E-TRON GT,1
2026,4,MERCEDES-BENZ,GLB 200,1
2026,4,LAIKA,ECOVIP L3019,1
2026,4,MERCEDES-BENZ,AMG S 63 E PERFORMANCE,1
2026,4,MERCEDES-BENZ,CLE 200,1
2026,4,ASTON MARTIN,VANQUISH,1
2026,4,HYMER,B-ML I 780,1
2026,4,DETHLEFFS,EXPDN 7.4D,1
2026,4,CARTHAGO,CHIC E-LINE I 61 XL LE,1
2026,4,DETHLEFFS,GB PERFORMANCE 4X4,1
2026,4,HONDA,E:NY1,1
2026,4,MORGAN,PLUS FOUR,1
2026,4,ETRUSCO,I7400 QBC,1
2026,4,CAPRON,V66,1
2026,4,OMODA,OMODA9,1
2026,4,CAPRON,T690L/T449T,1
2026,4,HYMER,B-MC T 580,1
2026,4,DETHLEFFS,EXPDN 7.0E,1
2026,4,MERCEDES-BENZ,EQV,1
2026,4,CARTHAGO,MALIBU VAN 600 DB K,1
2026,4,CARTHAGO,C1-TOURER T 143 KB-LE,1
2026,4,ROLLS ROYCE,GHOST,1
2026,4,DETHLEFFS,TREND T 6617 EB,1
2026,4,VOLKSWAGEN,ID.4 PRO 4MOTION 210KW,1
2026,4,GIOTTILINE,69GC,1
2026,4,HYMER,GRAND CANYON S CROSSOVER,1
2026,4,JAECOO,JAECOO7 SHS,1
2026,4,ETRUSCO,640 SB PLUS,1
2026,4,MC LOUIS,MC4 870,1
2026,4,HOBBY,T 710 GE NERO,1
2026,4,RENAULT,ANTILOPEVAN FLEX-5,1
2026,4,CAPRON,A68/ A361,1
2026,4,MC LOUIS,MC4 881,1
2026,4,SUN LIVING,V-SERIES V 65GX,1
2026,4,KABE,KABE TMMI 810 LT,1
2026,4,FRANKIA,M-LINE NEO,1
2026,4,LAIKA,KOSMO L409,1
2026,4,MERCEDES-BENZ,EQS 500 4MATIC,1
2026,4,ETRUSCO,T7400 QBC,1
2026,4,LAIKA,KOSMO L319,1
2026,4,MERCEDES-BENZ,CLE 300 4MATIC,1
2026,4,BMW,X4 XDRIVE30I,1
2026,4,CAPRON,T68 / T447,1
2026,4,PEUGEOT,TRAVELLER,1
2026,4,NISSAN,QASHQAI,1
2026,4,CARTHAGO,C2-TOURER I 143 KB-LE,1
2026,4,ETRUSCO,A6.9 DB,1
2026,4,SUNLIGHT,590S,1
2026,4,DFSK,NEW SERES 3,1
2026,4,CARTHAGO,C2-TOURER I 147 RB-LE L,1
2026,4,BMW,XM LABEL,1
2026,4,NIESMANN+BISCHOFF,ARTO 85E,1
2026,4,HYMER,ML-T 580,1
2026,4,CARTHAGO,RM1 MALIBU T 490 RB-LE,1
2026,4,ETRUSCO,640 SB,1
2026,4,DS,DS4,1
2026,4,VOLKSWAGEN,CRAFTER,1
2026,4,LA STRADA,AUFBAU AVANTI E,1
2026,4,GENESIS,G80,1
2026,4,ADRIA,COMPACT MAX SL,1
2026,4,BMW,740D XDRIVE,1
2026,4,TOYOTA,TOYOTA LAND CRUISER,1
2026,4,LAMBORGHINI,REVUELTO,1
2026,4,SKODA,OCTAVIA ESTATE,1
2026,4,DS AUTOMOBILES,DS 3,1
2026,4,ASTON MARTIN,DBX S,1
2026,4,LEXUS,LEXUS ES300H,1
2026,4,ZEEKR,7GT,1
2026,4,LAIKA,ECOVIP H4109DS,1
2026,4,MERCEDES-BENZ,GLC 300 DE 4MATIC,1
2026,4,BURSTNER GMBH,BT6491,1
2026,4,RIMOR,N/A,1
2026,4,CHAUSSON,660,1
2026,4,HYMER,ML-T 570 CROSSOVER,1
2026,4,CARTHAGO,CHIC E-LINE I 50 LE,1
2026,4,MERCEDES-BENZ,V-KLASSE,1
2026,4,TOTH ES FIAI,CLEVER,1
2026,4,TOYOTA,TOYOTA CAMRY,1
2026,4,MASERATI,GRECALE,1
2026,4,KG MOBILITY,TORRES EVX,1
2026,4,BENTLEY,CONTINENTAL GTC MULLINER,1
2026,4,MG,MG4 EV,1
2026,4,RENAULT,MASTER,1
2026,4,BENIMAR,AMPHITRYON 967,1
2026,4,WEINSBERG,R52,1
2026,5,KIA,PICANTO,746
2026,5,TESLA,MODEL Y,712
2026,5,TESLA,MODEL 3,673
2026,5,KIA,EV3,638
2026,5,TOYOTA,TOYOTA AYGO X,612
2026,5,KIA,EV5,517
2026,5,TOYOTA,TOYOTA C-HR,489
2026,5,HYUNDAI,KONA,487
2026,5,RENAULT,CLIO,471
2026,5,VOLKSWAGEN,TIGUAN,470
2026,5,TOYOTA,TOYOTA YARIS CROSS,446
2026,5,TOYOTA,TOYOTA YARIS,446
2026,5,KIA,NIRO,443
2026,5,SKODA,KODIAQ,404
2026,5,FORD,KUGA,396
2026,5,VOLVO,EX30,393
2026,5,VOLKSWAGEN,T-ROC,384
2026,5,VOLVO,XC60,380
2026,5,RENAULT,RENAULT 5 E-TECH ELECTRIC,371
2026,5,PEUGEOT,2008,355
2026,5,VOLVO,V60,326
2026,5,VOLVO,EX40,321
2026,5,PEUGEOT,208,306
2026,5,BMW,IX3 50 XDRIVE,289
2026,5,SEAT,IBIZA,283
2026,5,TOYOTA,TOYOTA COROLLA,283
2026,5,OPEL,FRONTERA,275
2026,5,KIA,SPORTAGE,247
2026,5,RENAULT,CAPTUR E-TECH HYBRID,241
2026,5,OPEL,CORSA,237
2026,5,HYUNDAI,INSTER,236
2026,5,VOLKSWAGEN,GOLF,235
2026,5,AUDI,Q4 45 E-TRON,235
2026,5,VOLVO,XC40,233
2026,5,BMW,IX1 EDRIVE20,232
2026,5,VOLKSWAGEN,TAYRON,227
2026,5,BYD,BYD SEAL U DM-I,214
2026,5,VOLVO,XC90,212
2026,5,RENAULT,SCENIC E-TECH ELECTRIC,212
2026,5,HYUNDAI,TUCSON,207
2026,5,SUZUKI,SWIFT,206
2026,5,LEAPMOTOR,B10,201
2026,5,PEUGEOT,3008,197
2026,5,KIA,EV2,195
2026,5,RENAULT,SYMBIOZ,187
2026,5,FORD,PUMA,182
2026,5,SKODA,ELROQ 60,180
2026,5,KIA,STONIC,173
2026,5,BMW,X3 30E XDRIVE,171
2026,5,VOLKSWAGEN,ID.7 TOURER PRO,164
2026,5,LEAPMOTOR,T03,161
2026,5,JAECOO,JAECOO7 PHEV,161
2026,5,TOYOTA,URBAN CRUISER,158
2026,5,LYNK&CO,LYNK & CO 01,155
2026,5,AUDI,A3 SPORTBACK PHEV 150,153
2026,5,SKODA,ELROQ 85,151
2026,5,VOLKSWAGEN,ID.4 PRO 210KW,148
2026,5,PEUGEOT,5008,148
2026,5,RENAULT,MEGANE E-TECH ELECTRIC,144
2026,5,SUZUKI,E VITARA,143
2026,5,CITROEN,C5 AIRCROSS,143
2026,5,OPEL,GRANDLAND,141
2026,5,BMW,X1 XDRIVE25E,139
2026,5,DACIA,BIGSTER,138
2026,5,JEEP,AVENGER,136
2026,5,VOLKSWAGEN,POLO,136
2026,5,BMW,120,132
2026,5,MERCEDES-BENZ,CLA 250+,132
2026,5,KIA,EV4,130
2026,5,RENAULT,RENAULT 4 E-TECH ELECTRIC,130
2026,5,JEEP,COMPASS,128
2026,5,MERCEDES-BENZ,GLC 300 E 4MATIC,128
2026,5,CITROEN,E-C3,126
2026,5,VOLKSWAGEN,ID.3 PRO 150 KW,124
2026,5,BYD,BYD ATTO 2  DM-I,123
2026,5,CITROEN,E-C3 AIRCROSS,123
2026,5,DACIA,DUSTER,117
2026,5,SUZUKI,VITARA,114
2026,5,AUDI,Q3 200KW TFSI E,113
2026,5,NISSAN,NISSAN QASHQAI,111
2026,5,CUPRA,TERRAMAR E-HYBRID,110
2026,5,SKODA,OCTAVIA,110
2026,5,MAZDA,MAZDA CX-5,107
2026,5,LEAPMOTOR,C10,105
2026,5,BMW,X5 XDRIVE50E,105
2026,5,NISSAN,NISSAN MICRA,104
2026,5,MAZDA,MAZDA2 HYBRID,103
2026,5,RENAULT,TWINGO E-TECH ELECTRIC,102
2026,5,SKODA,ENYAQ 85,101
2026,5,MG,MG ZS,100
2026,5,BMW,330E,100
2026,5,DACIA,SANDERO,97
2026,5,SKODA,ELROQ 50,95
2026,5,MERCEDES-BENZ,A 250 E,92
2026,5,RENAULT,AUSTRAL,91
2026,5,CITROEN,C3,86
2026,5,KIA,K4,85
2026,5,TOYOTA,TOYOTA BZ4X,85
2026,5,OPEL,MOKKA,84
2026,5,OPEL,ASTRA SPORTS TOURER,83
2026,5,PEUGEOT,308,83
2026,5,MERCEDES-BENZ,GLA 250 E,82
2026,5,DACIA,JOGGER,80
2026,5,SKODA,KAMIQ,80
2026,5,VOLKSWAGEN,ID.3 PURE 125 KW,78
2026,5,SEAT,SEAT LEON SP E-HYBRID150,78
2026,5,BMW,530E,77
2026,5,MERCEDES-BENZ,EQA 250+,77
2026,5,CUPRA,TAVASCAN,72
2026,5,CITROEN,C3 AIRCROSS,72
2026,5,LAND ROVER,RANGE ROVER SPORT,71
2026,5,AUDI,Q5 220KW TFSI E,68
2026,5,AUDI,Q5 270KW TFSI E,68
2026,5,MINI,ACEMAN SE,67
2026,5,MAZDA,MAZDA 6E,67
2026,5,MINI,COUNTRYMAN E,65
2026,5,MG,MG HS,65
2026,5,LAND ROVER,DEFENDER,65
2026,5,JAECOO,JAECOO5 EV,64
2026,5,AUDI,Q6 SUV E-TRON,64
2026,5,CUPRA,FORMENTOR E-HYBRID,62
2026,5,POLESTAR,POLESTAR 4,61
2026,5,MERCEDES-BENZ,C 300 E,60
2026,5,BYD,BYD DOLPHIN SURF,59
2026,5,SKODA,FABIA,57
2026,5,FIAT,PANDA,55
2026,5,FORD,TRANSIT CUSTOM,55
2026,5,XPENG,G6,55
2026,5,MINI,COOPER C,54
2026,5,AUDI,Q3 SB 200KW TFSI E,54
2026,5,MITSUBISHI,COLT,52
2026,5,SUZUKI,S-CROSS,52
2026,5,PEUGEOT,408,52
2026,5,SMART,#5,52
2026,5,HYUNDAI,IONIQ6,52
2026,5,RENAULT,ESPACE,52
2026,5,TOYOTA,TOYOTA BZ4X TOURING,51
2026,5,LAND ROVER,RANGE ROVER,51
2026,5,AUDI,A5 AVANT 220KW TFSI E,50
2026,5,KIA,EV9,49
2026,5,POLESTAR,POLESTAR 2,49
2026,5,LYNK&CO,LYNK & CO 08,48
2026,5,OMODA,OMODA5 EV,48
2026,5,MITSUBISHI,MITSUBISHI OUTLANDER,46
2026,5,BMW,I5 EDRIVE40,46
2026,5,MERCEDES-BENZ,GLB 250+,45
2026,5,VOLVO,EC40,44
2026,5,VOLKSWAGEN,CADDY,44
2026,5,KIA,EV6,43
2026,5,FIAT,500 HYBRID,43
2026,5,SEAT,ARONA,43
2026,5,AUDI,Q5 SB 270KW TFSI E,43
2026,5,FIAT,600,43
2026,5,ZEEKR,7X,43
2026,5,CUPRA,BORN 150 KW 60/63 KWH,43
2026,5,VOLKSWAGEN,PASSAT,43
2026,5,VOLVO,EX90,42
2026,5,BYD,ATTO 3 EVO,42
2026,5,SKODA,SUPERB,42
2026,5,HYUNDAI,IONIQ5,42
2026,5,BYD,SEAL 6 DM-I TOURING,40
2026,5,XPENG,G9,40
2026,5,MINI,COOPER SE,40
2026,5,JAECOO,JAECOO5 HYBRID,40
2026,5,VOLKSWAGEN,ID. BUZZ PRO LR 210 KW,40
2026,5,MERCEDES-BENZ,CLA 250 E,39
2026,5,BYD,BYD SEALION 7,39
2026,5,VOLKSWAGEN,MULTIVAN,38
2026,5,MAZDA,MAZDA CX-60,38
2026,5,MINI,ACEMAN E,38
2026,5,HYUNDAI,SANTA FE,38
2026,5,AUDI,Q8 60 TFSI E,38
2026,5,MERCEDES-BENZ,E 300 E,38
2026,5,OMODA,OMODA 9,38
2026,5,HONDA,JAZZ,37
2026,5,MG,MG3 HYBRID+,37
2026,5,VOLKSWAGEN,T-CROSS,36
2026,5,PORSCHE,CAYENNE E-HYBRID,36
2026,5,MINI,COOPER E,36
2026,5,AUDI,Q6 SUV E-TRON PERFORMANCE,35
2026,5,BYD,BYD SEAL,35
2026,5,FORD,EXPLORER,35
2026,5,BMW,220,35
2026,5,KIA,PV5,34
2026,5,VOLKSWAGEN,ID.7 TOURER PRO S,34
2026,5,FORD,MUSTANG MACH-E,34
2026,5,OPEL,ASTRA,33
2026,5,KIA,SORENTO,33
2026,5,VOLKSWAGEN,TAIGO,33
2026,5,BMW,I4 EDRIVE35,32
2026,5,BMW,IX2 EDRIVE20,32
2026,5,BMW,550E XDRIVE,32
2026,5,AUDI,Q2,32
2026,5,VOLKSWAGEN,ID.7 PRO,32
2026,5,BMW,I4 EDRIVE40,32
2026,5,LEXUS,LEXUS LBX,32
2026,5,OMODA,OMODA5,31
2026,5,HYUNDAI,I20,31
2026,5,HYUNDAI,I10,31
2026,5,RENAULT,RAFALE,31
2026,5,AUDI,Q4 SPORTBACK 45 E-TRON,30
2026,5,ALFA ROMEO,ALFA ROMEO JUNIOR,30
2026,5,BMW,M5,29
2026,5,DACIA,SPRING,29
2026,5,MITSUBISHI,ASX,29
2026,5,VOLKSWAGEN,ID.3 PRO S 150 KW,29
2026,5,CUPRA,CUPRA LEON SP E-HYBRID150,29
2026,5,MERCEDES-BENZ,CLA 200,29
2026,5,NISSAN,NISSAN JUKE,28
2026,5,MAZDA,MAZDA CX-30,28
2026,5,BMW,320I,28
2026,5,LYNK&CO,LYNK & CO 02,26
2026,5,AUDI,Q4 40 E-TRON,26
2026,5,AUDI,A6 AVANT 220KW TFSI E,26
2026,5,LEXUS,LEXUS NX450H+,26
2026,5,AUDI,A3 LIMOUSINE,25
2026,5,MAZDA,MAZDA3,24
2026,5,AUDI,A6 AV E-TRON,24
2026,5,MITSUBISHI,GRANDIS,24
2026,5,AUDI,A6 SB E-TRON,24
2026,5,VOLVO,ES90,24
2026,5,MERCEDES-BENZ,CLA 180,23
2026,5,FORD,TOURNEO CONNECT,23
2026,5,LEXUS,LEXUS RZ350E,22
2026,5,AUDI,A3 SPORTBACK,22
2026,5,MINI,COOPER S,22
2026,5,PORSCHE,MACAN 4,22
2026,5,AUDI,A5 LIM 220KW TFSI E,21
2026,5,CITROEN,C4 X,21
2026,5,SMART,#3,21
2026,5,AUDI,A3 SPORTBACK PHEV 200,21
2026,5,BYD,BYD SEAL U,20
2026,5,PORSCHE,MACAN,20
2026,5,SKODA,KAROQ,20
2026,5,SKODA,SCALA,20
2026,5,HONDA,HR-V,20
2026,5,MERCEDES-BENZ,ESPRINTER,20
2026,5,MINI,COUNTRYMAN C,20
2026,5,ZEEKR,7GT,20
2026,5,CUPRA,CUPRA LEON SP E-HYBRID200,20
2026,5,AUDI,Q7 55 TFSI E,19
2026,5,HYUNDAI,BAYON,19
2026,5,BMW,420I,19
2026,5,MERCEDES-BENZ,VITO TOURER,19
2026,5,AUDI,A1 SPORTBACK,19
2026,5,LAND ROVER,RANGE ROVER EVOQUE,19
2026,5,BYD,BYD ATTO 2,19
2026,5,BMW,318I,19
2026,5,MERCEDES-BENZ,SPRINTER,19
2026,5,HONDA,CIVIC,18
2026,5,ADRIA,COMPACT DL,18
2026,5,SEAT,SEAT LEON SP,18
2026,5,MERCEDES-BENZ,GLC 400 4MATIC WITH EQ TE,18
2026,5,BMW,X1 SDRIVE20I,18
2026,5,MITSUBISHI,ECLIPSE CROSS,18
2026,5,SUBARU,SUBARU UNCHARTED,18
2026,5,SKODA,ENYAQ RS,18
2026,5,ZEEKR,001,18
2026,5,PORSCHE,911 TURBO S,17
2026,5,HONDA,CR-V,17
2026,5,VOLKSWAGEN,TRANSPORTER,17
2026,5,MERCEDES-BENZ,GLE 400 E 4MATIC,17
2026,5,MERCEDES-BENZ,B 250 E,17
2026,5,SKODA,ENYAQ 60,16
2026,5,VOLKSWAGEN,TOUAREG R,16
2026,5,VOLKSWAGEN,CALIFORNIA,16
2026,5,SMART,#1,16
2026,5,ALPINE,A290,16
2026,5,FIAT,500,16
2026,5,MG,MG4 EV URBAN,16
2026,5,FORD,TOURNEO CUSTOM,15
2026,5,JAECOO,JAECOO8 PHEV,15
2026,5,MERCEDES-BENZ,AMG E 53 HYBRID,15
2026,5,AUDI,Q6 SB E-TRON,15
2026,5,MERCEDES-BENZ,EQB 250+,15
2026,5,TOYOTA,TOYOTA RAV4,15
2026,5,SEAT,SEAT LEON E-HYBRID150,15
2026,5,AUDI,A6 AVANT 270KW TFSI E,15
2026,5,POLESTAR,POLESTAR 3,14
2026,5,JAECOO,JAECOO7,14
2026,5,MERCEDES-BENZ,AMG GLE 53 HYBRID,14
2026,5,AUDI,A5 AVANT 270KW TFSI E,14
2026,5,AUDI,Q5 SB 220KW TFSI E,13
2026,5,FORD,CAPRI,13
2026,5,MERCEDES-BENZ,AMG GLE 53 HYBRID COUPE,13
2026,5,BMW,X1 XDRIVE30E,13
2026,5,BMW,IX XDRIVE60,13
2026,5,NISSAN,NISSAN ARIYA,12
2026,5,MG,MG S6 EV,12
2026,5,DS AUTOMOBILES,N 8,12
2026,5,CUPRA,CUPRA LEON E-HYBRID150,12
2026,5,HYUNDAI,IONIQ 9,12
2026,5,AUDI,Q8 55 TFSI E,12
2026,5,BMW,IX2 XDRIVE30,11
2026,5,MINI,COUNTRYMAN SE ALL4,11
2026,5,BMW,M440I XDRIVE,11
2026,5,VOLKSWAGEN,ID.4 PURE 125KW,11
2026,5,OPEL,MOVANO,11
2026,5,LEXUS,LEXUS UX300H,10
2026,5,VOLKSWAGEN,CRAFTER,10
2026,5,HONDA,PRELUDE,10
2026,5,MERCEDES-BENZ,GLC 400 E 4MATIC,10
2026,5,BMW,IX1 XDRIVE30,10
2026,5,BMW,430I XDRIVE,10
2026,5,MERCEDES-BENZ,EQE 300,10
2026,5,HYUNDAI,IONIQ6 N,10
2026,5,MG,MG HS HYBRID+,10
2026,5,RENAULT,CAPTUR,10
2026,5,LAND ROVER,DISCOVERY SPORT,10
2026,5,DONGFENG,BOX,9
2026,5,CUPRA,BORN 170 KW 60/63 KWH,9
2026,5,GEELY,STARRAY EM-I,9
2026,5,BMW,X2 SDRIVE20I,9
2026,5,RENAULT,CLIO E-TECH HYBRID,9
2026,5,LEXUS,LEXUS RZ500E,9
2026,5,LUCID MOTORS,LUCID GRAVITY,9
2026,5,VOLKSWAGEN,ID. BUZZ PRO KR 210 KW,9
2026,5,MERCEDES-BENZ,GLA 180,9
2026,5,MERCEDES-BENZ,EVITO TOURER,9
2026,5,ADRIA,TWIN 640SLB,9
2026,5,VOLVO,EX30 CROSS COUNTRY,9
2026,5,LEXUS,LEXUS RX450H+,9
2026,5,VOLKSWAGEN,ID.4 GTX 250KW,9
2026,5,MG,MG S5 EV,9
2026,5,BMW,IX XDRIVE45,8
2026,5,BYD,BYD ATTO 2 DM-I,8
2026,5,NISSAN,NISSAN X-TRAIL,8
2026,5,AUDI,Q6 SB E-TRON PERFORMANCE,8
2026,5,JEEP,WRANGLER UNLIMITED,8
2026,5,BMW,520I,8
2026,5,MG,MG S9 PHEV,8
2026,5,WEINSBERG,R57,8
2026,5,LAMBORGHINI,URUS,8
2026,5,BMW,225E XDRIVE ACTIVE TOURER,8
2026,5,AUDI,Q6 SB E-TRON QUATTRO,7
2026,5,BMW,X3 M50 XDRIVE,7
2026,5,BMW,530E XDRIVE,7
2026,5,MERCEDES-BENZ,GLE 400 E 4MATIC COUPE,7
2026,5,CUPRA,BORN 170 KW 79/84 KWH,7
2026,5,MG,MG CYBERSTER,7
2026,5,AUDI,A6 AV E-TRON PERFORMANCE,7
2026,5,VOLKSWAGEN,ID. BUZZ GTX LR 250 KW,7
2026,5,PORSCHE,911 CARRERA 4 GTS,7
2026,5,AUDI,Q7 60 TFSI E,7
2026,5,MAZDA,MAZDA CX-80,7
2026,5,MINI,JCW,7
2026,5,MERCEDES-BENZ,C 180,7
2026,5,AUDI,Q4 SPORTBACK 40 E-TRON,7
2026,5,ADRIA,CORAL 650DL,7
2026,5,AUDI,Q6 SUV E-TRON QUATTRO,6
2026,5,DS AUTOMOBILES,N 4,6
2026,5,OPEL,COMBO-E LIFE,6
2026,5,PEUGEOT,EXPERT,6
2026,5,BURSTNER GMBH,BC6003,6
2026,5,KNAUS,R05,6
2026,5,BMW,330E XDRIVE,6
2026,5,SEAT,SEAT LEON,6
2026,5,LAND ROVER,RANGE ROVER VELAR,6
2026,5,DS,DS7,6
2026,5,ZEEKR,X,6
2026,5,SKODA,ELROQ RS,6
2026,5,ADRIA,SONIC 700DL,6
2026,5,ALFA ROMEO,TONALE,6
2026,5,SEAT,SEAT ATECA,6
2026,5,NISSAN,NISSAN LEAF,6
2026,5,BMW,I4 M60 XDRIVE,6
2026,5,CUPRA,CUPRA LEON E-HYBRID200,6
2026,5,CAPRON,T69LC/ T459,5
2026,5,SUBARU,SUBARU E-OUTBACK,5
2026,5,DEEPAL,DEEPAL S05,5
2026,5,PORSCHE,PANAMERA 4 E-HYBRID,5
2026,5,ADRIA,TWIN 640SGX,5
2026,5,PORSCHE,911 GT3,5
2026,5,BMW,123 XDRIVE,5
2026,5,ABARTH,600E,5
2026,5,BMW,M135 XDRIVE,5
2026,5,BMW,XM LABEL,5
2026,5,HYUNDAI,I 30,5
2026,5,PORSCHE,911 CARRERA GTS,5
2026,5,BYD,SEAL U DM-I,5
2026,5,CITROEN,E-C4,5
2026,5,HONDA,ZR-V,5
2026,5,HYMER,B-MC T 680,5
2026,5,RAPIDO,N/A,5
2026,5,LANCIA,YPSILON,4
2026,5,BMW,X7 XDRIVE40I,4
2026,5,BMW,M4 COMPETITION M XDRIVE,4
2026,5,CAPRON,T67S/ T338,4
2026,5,BMW,I5 M60 XDRIVE,4
2026,5,AUDI,A6 LIM 220KW TFSI E,4
2026,5,BMW,330I XDRIVE,4
2026,5,MERCEDES-BENZ,CLE 200,4
2026,5,PORSCHE,911 TARGA 4 GTS,4
2026,5,CAPRON,V67S/ V347,4
2026,5,DETHLEFFS,KW 601,4
2026,5,VOLKSWAGEN,ID.7 TOURER GTX,4
2026,5,BENTLEY,CONTINENTAL GTC S,4
2026,5,ADRIA,MATRIX 670SL,4
2026,5,AUDI,E-TRON GT,4
2026,5,MG,MG4 EV,4
2026,5,VOLKSWAGEN,ID.7 PRO S,4
2026,5,PORSCHE,MACAN 4S,4
2026,5,MINI,COUNTRYMAN S ALL4,4
2026,5,CARTHAGO,MALIBU VAN 640 LE K GT,4
2026,5,VOLKSWAGEN,ID. BUZZ,4
2026,5,NIO,FIREFLY,4
2026,5,DETHLEFFS,JUST T 7052 EBL/DBL,4
2026,5,AUDI,A3 ALLSTREET PHEV 150,4
2026,5,PORSCHE,CAYENNE TURBO E-HYBRID,4
2026,5,PORSCHE,MACAN GTS,3
2026,5,MERCEDES-BENZ,VITO,3
2026,5,BMW,Z4 SDRIVE20I,3
2026,5,MERCEDES-BENZ,CLA 350 4MATIC,3
2026,5,MERCEDES-BENZ,CLA 220 4MATIC,3
2026,5,PORSCHE,MACAN TURBO,3
2026,5,LEXUS,LEXUS RZ550E,3
2026,5,BRAVIA,SWAN,3
2026,5,KNAUS,R11,3
2026,5,TESLA,MODEL X,3
2026,5,OPEL,VIVARO,3
2026,5,AUDI,A6 LIM 270KW TFSI E,3
2026,5,AUDI,SQ6 SUV E-TRON,3
2026,5,MAZDA,MAZDA MX-5,3
2026,5,CAPRON,T67/ T448,3
2026,5,HYMER,B-ML I 780,3
2026,5,BYD,BYD DOLPHIN,3
2026,5,TOYOTA,PROACE,3
2026,5,BMW,750E XDRIVE,3
2026,5,PORSCHE,CAYENNE S E-HYBRID,3
2026,5,BMW,M760E XDRIVE,3
2026,5,WEINSBERG,R47,3
2026,5,POESSL,SUMMIT 600,3
2026,5,KNAUS,R07,3
2026,5,WEINSBERG,R48,3
2026,5,VOLKSWAGEN,ID.4 PRO 4MOTION 210KW,3
2026,5,BENTLEY,BENTAYGA SPEED,3
2026,5,DETHLEFFS,JUST T 7052 EB/DBM,3
2026,5,VOYAH,FREE,3
2026,5,MERCEDES-BENZ,EQS 450+,3
2026,5,CAPRON,CV 640 PLUS,3
2026,5,PORSCHE,TAYCAN 4,3
2026,5,MINI,JCW COUNTRYMAN ALL4,3
2026,5,AUTOMOBILI LAMBORGHINI S.,URUS,3
2026,5,AUDI,A5 LIM 270KW TFSI E,2
2026,5,KNAUS,R19,2
2026,5,BMW,218I ACTIVE TOURER,2
2026,5,KIA,CEED,2
2026,5,DS AUTOMOBILES,DS 3,2
2026,5,PORSCHE,PANAMERA TURBO S E-HYBRID,2
2026,5,FERRARI,FERRARI PUROSANGUE,2
2026,5,KNAUS,R12,2
2026,5,ALPINE,A390,2
2026,5,CITROEN,C4,2
2026,5,VOLKSWAGEN,ID. BUZZ PURE KR 125 KW,2
2026,5,BMW,M340I XDRIVE,2
2026,5,TOTH ES FIAI,ROADSTAR X,2
2026,5,BYD,SEAL 6 DM-I,2
2026,5,VOLKSWAGEN,CARAVELLE,2
2026,5,BMW,I7 XDRIVE60,2
2026,5,FORD,TRANSIT,2
2026,5,CAPRON,CV 540V,2
2026,5,FERRARI,296 SPECIALE,2
2026,5,BENTLEY,CONTINENTAL GT S,2
2026,5,ADRIA,CORAL MB 670SL,2
2026,5,VOLKSWAGEN,E-VENTJE,2
2026,5,MERCEDES-BENZ,EQS 450 4MATIC,2
2026,5,GIOTTILINE,COMPACT CX60,2
2026,5,BYD,HAN,2
2026,5,BENTLEY,CONTINENTAL GT SPEED,2
2026,5,PORSCHE,718 SPYDER RS,2
2026,5,BENTLEY,CONTINENTAL GTC,2
2026,5,AUDI,AUDI SQ5 SB,2
2026,5,HYMER,ML-T 580 CROSSTRAIL,2
2026,5,ALPINE,A110,2
2026,5,KG MOBILITY,KG MOBILITY TORRES EVX,2
2026,5,MERCEDES-BENZ,CLE 300 4MATIC,2
2026,5,TOURNE MOBIL,TOURNE,2
2026,5,KNAUS,R15,2
2026,5,FERRARI,FERRARI 849 TESTAROSSA,2
2026,5,BMW,XM 50E,2
2026,5,AUDI,RS 5 AVANT,2
2026,5,HYMER,ML-T 570 XPERIENCE,2
2026,5,MERCEDES-BENZ,A 180,2
2026,5,CARTHAGO,CHIC C-LINE I 4.9 LE,2
2026,5,HYMER,YELLOWSTONE,2
2026,5,BMW,230E XDRIVE ACTIVE TOURER,2
2026,5,BMW,220I ACTIVE TOURER,2
2026,5,BMW,X3 20 XDRIVE,2
2026,5,LEXUS,LEXUS ES300H,2
2026,5,CAPRON,V69/V339,2
2026,5,JAGUAR,JAGUAR E-PACE,2
2026,5,NIESMANN+BISCHOFF,ISMOVE 7.3F,2
2026,5,VOYAH,COURAGE,2
2026,5,GEELY,GEELY E5,2
2026,5,MC LOUIS,MC4,1
2026,5,MERCEDES-BENZ,E 400 E 4MATIC,1
2026,5,BMW,M235I XDRIVE,1
2026,5,MINI,JCW ACEMAN E,1
2026,5,TESLA,MODEL S,1
2026,5,POESSL,SUMMIT 540,1
2026,5,HYMER,B-MC I 600,1
2026,5,HYMER,GRAND CANYON S CROSSOVER,1
2026,5,RENAULT,TRAFIC,1
2026,5,MERCEDES-BENZ,C180,1
2026,5,CAPRON,V66/ V337,1
2026,5,FIAT DUCATO AFFINITY,AFFINITY CAMPER VAN,1
2026,5,GEELY,GEELY EX5,1
2026,5,WEINSBERG,R52,1
2026,5,KNAUS,R09,1
2026,5,AUDI,Q3 SPORTBACK,1
2026,5,FIAT,DUCATO,1
2026,5,NIESMANN+BISCHOFF,ARTO 88EK,1
2026,5,FERRARI,FERRARI 12CILINDRI SPIDER,1
2026,5,CROSSCAMP,CROSSCAMP ADVTR. 6.0 DF,1
2026,5,KIA,EV9 GT,1
2026,5,CHAUSSON,S697,1
2026,5,BMW,220I,1
2026,5,NISSAN,X-TRAIL,1
2026,5,DETHLEFFS,EXPDN 7.0E,1
2026,5,DETHLEFFS,TREND T 6817 EB,1
2026,5,MERCEDES-BENZ,CLE 300 E,1
2026,5,CAPRON,T66S/ T328,1
2026,5,AUDI,SQ6 SB E-TRON,1
2026,5,KNAUS,R48,1
2026,5,SUN LIVING,S-SERIES S 72DL,1
2026,5,HONDA,CIVIC SPORT,1
2026,5,SUBARU,SOLTERRA,1
2026,5,VOLKSWAGEN,TOUAREG EHYBRID,1
2026,5,HOBBY,T 700 F ONTOUR T,1
2026,5,DETHLEFFS,TREND I 6817 EB,1
2026,5,ADRIA,SONIC 700SL,1
2026,5,ETRUSCO,I7400 SBC,1
2026,5,MERCEDES-BENZ,AMG S 63 E PERFORMANCE,1
2026,5,CHAUSSON,640,1
2026,5,ASTON MARTIN,DB12 VOLANTE,1
2026,5,PILOTE,P620D,1
2026,5,ROBETA,ROBETA LIFESTYLE,1
2026,5,NISSAN,QASHQAI,1
2026,5,BURSTNER GMBH,BC6441,1
2026,5,PORSCHE,TAYCAN,1
2026,5,MERCEDES-BENZ,G 580,1
2026,5,MC LOUIS,CARAT 481,1
2026,5,BENIMAR,TESSORO 496,1
2026,5,CAPRON,CV 540,1
2026,5,KG MOBILITY,TORRES EVX,1
2026,5,KNAUS,R30,1
2026,5,CARTHAGO,MALIBU VAN 600 LE,1
2026,5,DETHLEFFS,GLOBEBUS GO T45,1
2026,5,GENESIS,GV60,1
2026,5,MERCEDES-BENZ,AMG CLE 53 4MATIC,1
2026,5,BURSTNER GMBH,BT7011,1
2026,5,PEUGEOT,BOXER,1
2026,5,MC LAREN,ARTURA SPIDER,1
2026,5,DETHLEFFS,TREND T 7057 DBL/EBL,1
2026,5,NIESMANN+BISCHOFF,ISMOVE 6.9E,1
2026,5,MERCEDES-BENZ,E 300 E 4MATIC,1
2026,5,ASTON MARTIN,VALHALLA,1
2026,5,BURSTNER GMBH,BT6206,1
2026,5,ASTON MARTIN,VANQUISH VOLANTE,1
2026,5,FERRARI,FERRARI F80,1
2026,5,BYD,DOLPHIN SURF,1
2026,5,CAPRON,CV 602,1
2026,5,CARTHAGO,CHIC E-LINE I 50 LE,1
2026,5,BMW,X5 XDRIVE40D,1
2026,5,DREAMER,N/A,1
2026,5,MASERATI,GRECALE FOLGORE,1
2026,5,RIMAC,NEVERA,1
2026,5,HYMER,ML-T 570 CROSSOVER,1
2026,5,CAPRON,V60/ V132,1
2026,5,CARTHAGO,C2-TOURER I 145 RB-LE,1
2026,5,WEINSBERG,R54,1
2026,5,PORSCHE,911 TURBO 50,1
2026,5,SUN LIVING,S-SERIES S 75SL,1
2026,5,DEEPAL,DEEPAL S07,1
2026,5,BENIMAR,TESSORO 481,1
2026,5,BMW,M3 COMPETITION M XDRIVE,1
2026,5,MORELO,PALACE 85 L,1
2026,5,MELEX,N.30 PASSENGER 8,1
2026,5,ETRUSCO,600 SB,1
2026,5,BURSTNER GMBH,BT7274,1
2026,5,RENAULT,ESPACE 200 ICONIC 5P,1
2026,5,PORSCHE,911 CARRERA T,1
2026,5,VOLKSWAGEN,ID.3 GTX PERF. 240 KW,1
2026,5,CAPRON,I69L,1
2026,5,HYUNDAI,NEXO,1
2026,5,CITROEN,E-C4 X,1
2026,5,BMW,X1 XDRIVE23I,1
2026,5,JAECOO,J7 PHEV,1
2026,5,CHAUSSON,630,1
2026,5,POESSL,SUMMIT 640,1
2026,5,BYD,SEAL U,1
2026,5,PILOTE,P720FC,1
2026,5,MINI,JCW E,1
2026,5,CITROEN,JUMPY,1
2026,5,DETHLEFFS,GB PERFORMANCE T16,1
2026,5,SUN LIVING,C-SERIES C 70DL,1
2026,5,SUN LIVING,A-SERIES A 75SL,1
2026,5,LAIKA,KREOS L5009,1
2026,5,ADRIA,COMPACT MAX DL,1
2026,5,DETHLEFFS,GLOBEBUS T004 / JUST VAN,1
2026,5,EURA MOBIL,PROFILA 726 EFL,1
2026,5,MORELO,HOME 78 L,1
2026,5,TOTH ES FIAI,CLEVER,1
2026,5,WESTFALEN MOBIL,FORD NUGGET,1
2026,5,ETRUSCO,T6.9 SB,1
2026,5,GIOTTILINE,54T,1
2026,5,HONDA,ACCORD HYBRID SPORT-L,1
2026,5,SUBARU,FORESTER,1
2026,5,BURSTNER GMBH,BC6403,1
2026,5,AUDI,A8,1
2026,5,SUN LIVING,V-SERIES V 60DL,1
2026,5,BURSTNER GMBH,BC6211,1
2026,5,LAMBORGHINI,TEMERARIO,1
2026,5,HYMER,EXSIS-T 580,1
2026,5,HYMER,ML-T 580 XPERIENCE,1
2026,5,PORSCHE,TAYCAN GTS,1
2026,5,CADILLAC,ESCALADE IQ AWD,1
2026,5,PORSCHE,TAYCAN 4S,1
2026,5,CAPRON,V66 / V337,1
2026,5,OPEL,ZAFIRA LIFE,1
2026,5,HYMER,YELLOWSTONE S 4X4,1
2026,5,ROBETA,WOMONDO LIFESTYLE 540,1
2026,5,LAIKA,KOSMO L409,1
2026,5,VOLKSWAGEN,ID.5 PRO 210KW,1
2026,5,WEINSBERG,R49,1
2026,5,MG,MG4 ELECTRIC,1
2026,5,MC LOUIS,MC4 SLIM 339,1
2026,5,TOYOTA,TOYOTA PRIUS PHEV,1
2026,5,AUDI,Q4 45 E TRON,1
2026,5,SERES,5 SF,1
2026,5,CAPRON,T670S/T338T,1
2026,5,DETHLEFFS,TREND I 7057 EB,1
2026,5,FERRARI,FERRARI AMALFI,1
2026,5,CARTHAGO,MALIBU VAN 640 LE K,1
2026,5,CAPRON,T68C/ T457,1
2026,5,MERCEDES-BENZ,S 450 E,1
2026,5,ROBETA,APOLLO,1
2026,5,BYD,ATTO 3,1
2026,5,AUDI,A6 SB E-TRON QUATTRO,1
2026,5,LUCID MOTORS,AIR,1
2026,5,ADRIA,CORAL 670DC,1
2026,5,LAIKA,ECOVIP L3009,1
2026,5,HYMER,REDWOOD 600,1
2026,5,PORSCHE,911 CARRERA 4S,1
2026,5,CARTHAGO,C1-TOURER I 149 RB-LE,1
2026,5,MERCEDES-BENZ,EQV,1
2026,5,CAPRON,T68/T447,1
2026,5,MERCEDES-BENZ,EQE 350 4MATIC,1
2026,5,HOBBY,MAXIA T 740 WE,1
2026,5,ETRUSCO,V 6.8 SCF,1
2026,5,DETHLEFFS,KW 600,1
2026,5,KABE,KABE TMC 740 LGB,1
2026,5,BMW,M2,1
2026,5,VOLVO,V90,1
2026,5,CAPRON,V60/V132,1
2026,5,PORSCHE,PANAMERA 4S E-HYBRID,1
2026,5,MCLOUIS,YEARLING 81,1
2026,5,BMW,223 XDRIVE,1
2026,5,VOLKSWAGEN,ID. BUZZ GTX KR 250 KW,1
2026,5,CAPRON,TS67 / T338S,1
2026,5,GENESIS,GV70,1
2026,5,BMW,216I ACTIVE TOURER,1
2026,5,CHAUSSON,650,1
2026,5,BMW,X5 M COMPETITION,1
2026,5,BMW,X4 XDRIVE30I,1
2026,5,CAPRON,CVE 600,1
2026,5,LAIKA,ECOVIP L3019,1
2026,5,HYMER,B-MC I 580,1
2026,5,PILOTE,P720U,1
2026,5,MERCEDES-BENZ,S 580 E 4MATIC,1
2026,5,MERCEDES-BENZ,E 300DE 4MATIC ALLTERRAIN,1
2026,5,KARMANN MOBIL,DAVIS 620 TRENDSTYLE,1
2026,5,LOTUS,EMEYA,1
2026,5,ERIBA,CAR 602,1
2026,5,AUDI,S6 SB E-TRON,1
2026,5,CARTHAGO,MALIBU VAN 640 LE K COUPE,1
2026,5,BMW,M235 XDRIVE,1
2026,5,BMW,X2 M35I XDRIVE,1
2026,5,BMW,M4 CS,1
2026,5,MERCEDES-BENZ,MAYBACH EQS 680,1
2026,5,ADRIA,COMPACT MAX SP,1
2026,5,BMW,840I,1
2026,5,ERIBA,CAR 600,1
2026,5,MERCEDES-BENZ,GLB 180,1
2026,5,DETHLEFFS,JUST T 6812,1
2026,5,CAPRON,A68/ A361,1
2026,5,CARTHAGO,CHIC C-LINE T 4.9 LE,1
2026,5,MERCEDES-BENZ,C200 4MATIC,1
2026,5,ETRUSCO,T6900 SB,1
2026,5,MERCEDES-AMG,AMG SL 63 S E PERFORMANCE,1
2026,5,HYMER,B-ML T 780,1
2026,5,CAPRON,CV 640PLUS,1
2026,5,BMW,Z4 M40I,1
2026,5,BMW,I5 XDRIVE40,1
2026,5,WESTFALIA,N/A,1
2026,5,CARTHAGO,MALIBU GENIUS 641 LE,1
2026,5,VOLKSWAGEN,ID BUZZ PRO LR 210 KW,1
2026,6,TESLA,MODEL Y,1619
2026,6,TOYOTA,TOYOTA AYGO X,991
2026,6,KIA,PICANTO,778
2026,6,TOYOTA,TOYOTA C-HR,767
2026,6,TOYOTA,TOYOTA YARIS,678
2026,6,VOLVO,XC60,602
2026,6,HYUNDAI,KONA,584
2026,6,RENAULT,CLIO,577
2026,6,BMW,IX3 50 XDRIVE,558
2026,6,KIA,EV5,543
2026,6,SKODA,KODIAQ,536
2026,6,KIA,EV3,522
2026,6,RENAULT,RENAULT 5 E-TECH ELECTRIC,490
2026,6,TOYOTA,TOYOTA YARIS CROSS,470
2026,6,TESLA,MODEL 3,454
2026,6,VOLVO,EX30,444
2026,6,RENAULT,CAPTUR E-TECH HYBRID,430
2026,6,BMW,IX1 EDRIVE20,430
2026,6,FORD,PUMA,404
2026,6,BYD,BYD SEAL U DM-I,399
2026,6,KIA,EV2,387
2026,6,OPEL,FRONTERA,381
2026,6,CUPRA,RAVAL 155KW,377
2026,6,VOLKSWAGEN,T-ROC,370
2026,6,PEUGEOT,2008,369
2026,6,VOLVO,XC40,354
2026,6,VOLKSWAGEN,TIGUAN,347
2026,6,RENAULT,RENAULT 4 E-TECH ELECTRIC,341
2026,6,HYUNDAI,INSTER,336
2026,6,OPEL,CORSA,327
2026,6,FORD,KUGA,325
2026,6,VOLVO,EX40,305
2026,6,TOYOTA,TOYOTA COROLLA,305
2026,6,BYD,BYD ATTO 2  DM-I,303
2026,6,KIA,NIRO,303
2026,6,SUZUKI,SWIFT,300
2026,6,RENAULT,AUSTRAL,265
2026,6,SKODA,ELROQ 60,258
2026,6,VOLVO,V60,258
2026,6,RENAULT,SCENIC E-TECH ELECTRIC,257
2026,6,HYUNDAI,TUCSON,252
2026,6,TOYOTA,URBAN CRUISER,244
2026,6,RENAULT,SYMBIOZ,241
2026,6,BMW,X1 XDRIVE25E,240
2026,6,BMW,330E,233
2026,6,KIA,SPORTAGE,227
2026,6,JEEP,AVENGER,219
2026,6,PEUGEOT,208,218
2026,6,DACIA,BIGSTER,213
2026,6,LEAPMOTOR,T03,213
2026,6,VOLKSWAGEN,GOLF,211
2026,6,VOLVO,XC90,210
2026,6,MAZDA,MAZDA2 HYBRID,209
2026,6,LEAPMOTOR,B10,206
2026,6,SEAT,IBIZA,205
2026,6,RENAULT,MEGANE E-TECH ELECTRIC,196
2026,6,RENAULT,TWINGO E-TECH ELECTRIC,196
2026,6,MERCEDES-BENZ,GLA 250 E,189
2026,6,DACIA,JOGGER,189
2026,6,LYNK&CO,LYNK & CO 01,188
2026,6,BMW,120,187
2026,6,PEUGEOT,3008,181
2026,6,NISSAN,NISSAN QASHQAI,174
2026,6,PEUGEOT,5008,173
2026,6,MERCEDES-BENZ,GLC 300 E 4MATIC,171
2026,6,SKODA,ELROQ 50,168
2026,6,SUZUKI,VITARA,162
2026,6,SKODA,OCTAVIA,162
2026,6,PEUGEOT,308,160
2026,6,DACIA,DUSTER,159
2026,6,MERCEDES-BENZ,CLA 250+,158
2026,6,MAZDA,MAZDA CX-5,158
2026,6,KIA,EV4,157
2026,6,FORD,EXPLORER,156
2026,6,POLESTAR,POLESTAR 2,154
2026,6,SKODA,ENYAQ 85,151
2026,6,VOLKSWAGEN,ID.4 PRO 210KW,149
2026,6,OPEL,MOKKA,147
2026,6,BMW,X5 XDRIVE50E,147
2026,6,BYD,BYD DOLPHIN SURF,146
2026,6,TOYOTA,TOYOTA BZ4X TOURING,142
2026,6,BMW,X3 30E XDRIVE,141
2026,6,JAECOO,JAECOO7 PHEV,141
2026,6,AUDI,Q4 45 E-TRON,139
2026,6,DACIA,SANDERO,138
2026,6,AUDI,Q3 200KW TFSI E,137
2026,6,CITROEN,E-C3,135
2026,6,OPEL,GRANDLAND,133
2026,6,VOLKSWAGEN,ID.7 TOURER PRO,133
2026,6,MITSUBISHI,MITSUBISHI OUTLANDER,131
2026,6,VOLKSWAGEN,ID.3 PRO 150 KW,128
2026,6,DACIA,SPRING,125
2026,6,SKODA,KAMIQ,125
2026,6,VOLKSWAGEN,TAYRON,124
2026,6,MAZDA,MAZDA 6E,123
2026,6,MITSUBISHI,ASX,122
2026,6,SKODA,FABIA,120
2026,6,BMW,530E,119
2026,6,TOYOTA,TOYOTA BZ4X,119
2026,6,VOLKSWAGEN,ID.3 PRO S 150 KW,118
2026,6,KIA,STONIC,116
2026,6,AUDI,A3 SPORTBACK PHEV 150,116
2026,6,VOLKSWAGEN,POLO,114
2026,6,SKODA,ELROQ 85,114
2026,6,BMW,I5 EDRIVE40,113
2026,6,GEELY,STARRAY EM-I,112
2026,6,CITROEN,C3 AIRCROSS,108
2026,6,CITROEN,E-C3 AIRCROSS,108
2026,6,RENAULT,ESPACE,108
2026,6,CUPRA,TAVASCAN,106
2026,6,VOLKSWAGEN,ID.3 PURE 125 KW,101
2026,6,ZEEKR,7X,98
2026,6,MG,MG3 HYBRID+,96
2026,6,XPENG,G6,95
2026,6,CITROEN,C5 AIRCROSS,94
2026,6,MINI,COUNTRYMAN E,90
2026,6,MERCEDES-BENZ,GLB 250+,89
2026,6,ALFA ROMEO,ALFA ROMEO JUNIOR,89
2026,6,JEEP,COMPASS,86
2026,6,BYD,ATTO 3 EVO,85
2026,6,SUZUKI,S-CROSS,84
2026,6,MG,MG ZS,82
2026,6,LEAPMOTOR,C10,81
2026,6,MERCEDES-BENZ,EQA 250+,80
2026,6,SUZUKI,E VITARA,79
2026,6,AUDI,Q3 SB 200KW TFSI E,79
2026,6,AUDI,A5 AVANT 220KW TFSI E,78
2026,6,CITROEN,C3,78
2026,6,VOLKSWAGEN,PASSAT,77
2026,6,OPEL,VIVARO,77
2026,6,FORD,CAPRI,76
2026,6,VOLKSWAGEN,CADDY,75
2026,6,AUDI,Q5 270KW TFSI E,74
2026,6,MERCEDES-BENZ,A 250 E,74
2026,6,LAND ROVER,RANGE ROVER SPORT,74
2026,6,KIA,K4,73
2026,6,ZEEKR,7GT,73
2026,6,MITSUBISHI,GRANDIS,70
2026,6,MINI,COOPER C,69
2026,6,CUPRA,TERRAMAR E-HYBRID,68
2026,6,SEAT,SEAT ATECA,68
2026,6,SKODA,SUPERB,67
2026,6,SMART,#5,66
2026,6,POLESTAR,POLESTAR 4,65
2026,6,HYUNDAI,IONIQ5,65
2026,6,AUDI,Q5 220KW TFSI E,64
2026,6,MERCEDES-BENZ,GLC 400 4MATIC WITH EQ TE,64
2026,6,MERCEDES-BENZ,C 300 E,63
2026,6,SEAT,SEAT LEON SP E-HYBRID150,63
2026,6,LAND ROVER,DEFENDER,62
2026,6,MINI,ACEMAN SE,61
2026,6,OPEL,ASTRA SPORTS TOURER,59
2026,6,CITROEN,JUMPY,59
2026,6,AUDI,Q6 SUV E-TRON,57
2026,6,FORD,TRANSIT CUSTOM,57
2026,6,JAECOO,JAECOO5 EV,56
2026,6,BYD,BYD SEAL,55
2026,6,BYD,BYD SEALION 7,54
2026,6,NISSAN,NISSAN MICRA,54
2026,6,NISSAN,NISSAN LEAF,54
2026,6,VOLVO,EC40,53
2026,6,KIA,EV9,53
2026,6,BMW,550E XDRIVE,53
2026,6,MITSUBISHI,ECLIPSE CROSS,53
2026,6,BMW,I4 EDRIVE40,52
2026,6,OMODA,OMODA 9,52
2026,6,FIAT,PANDA,51
2026,6,FIAT,600,51
2026,6,MERCEDES-BENZ,EVITO TOURER,50
2026,6,MG,MG4 EV URBAN,50
2026,6,LAND ROVER,RANGE ROVER,49
2026,6,MG,MG HS,49
2026,6,KIA,PV5,48
2026,6,BMW,M5,48
2026,6,CUPRA,RAVAL 166KW,47
2026,6,HYUNDAI,I20,47
2026,6,AUDI,Q6 SUV E-TRON PERFORMANCE,47
2026,6,MAZDA,MAZDA CX-30,47
2026,6,CUPRA,FORMENTOR E-HYBRID,47
2026,6,VOLVO,EX90,47
2026,6,MG,MG S5 EV,47
2026,6,MINI,COOPER SE,46
2026,6,BYD,BYD SEAL U,46
2026,6,BMW,220,46
2026,6,BMW,225E XDRIVE ACTIVE TOURER,45
2026,6,LYNK&CO,LYNK & CO 08,45
2026,6,VOLKSWAGEN,T-CROSS,44
2026,6,SEAT,ARONA,44
2026,6,FORD,TOURNEO CUSTOM,44
2026,6,SKODA,SCALA,43
2026,6,BMW,IX2 EDRIVE20,43
2026,6,MERCEDES-BENZ,CLA 200,42
2026,6,JAECOO,JAECOO5 HYBRID,42
2026,6,HYUNDAI,IONIQ6,42
2026,6,VOLKSWAGEN,ID.7 TOURER PRO S,41
2026,6,FIAT,500,41
2026,6,VOLKSWAGEN,ID. BUZZ PRO LR 210 KW,40
2026,6,KIA,EV6,39
2026,6,AUDI,Q5 SB 270KW TFSI E,39
2026,6,TOYOTA,TOYOTA RAV4,39
2026,6,BMW,I4 EDRIVE35,39
2026,6,JAECOO,JAECOO8 PHEV,39
2026,6,MINI,COOPER E,37
2026,6,HONDA,JAZZ,37
2026,6,MERCEDES-BENZ,E 300 E,37
2026,6,MERCEDES-BENZ,A 180,37
2026,6,FORD,TOURNEO CONNECT,36
2026,6,XPENG,G9,35
2026,6,VOLVO,ES90,35
2026,6,MAZDA,MAZDA CX-60,35
2026,6,MAZDA,MAZDA CX-80,35
2026,6,VOLKSWAGEN,MULTIVAN,35
2026,6,MINI,COUNTRYMAN C,34
2026,6,HYUNDAI,SANTA FE,34
2026,6,PEUGEOT,408,34
2026,6,RENAULT,RAFALE,34
2026,6,ALPINE,A290,34
2026,6,SUBARU,SUBARU UNCHARTED,34
2026,6,VOLKSWAGEN,CALIFORNIA,34
2026,6,OPEL,ASTRA,33
2026,6,MERCEDES-BENZ,ESPRINTER,33
2026,6,LYNK&CO,LYNK & CO 02,33
2026,6,MERCEDES-BENZ,SPRINTER,32
2026,6,LEAPMOTOR,B05,32
2026,6,LEXUS,LEXUS LBX,31
2026,6,FORD,MUSTANG MACH-E,31
2026,6,LEXUS,LEXUS RZ350E,31
2026,6,OMODA,OMODA5 EV,31
2026,6,AUDI,A3 SPORTBACK,31
2026,6,PORSCHE,MACAN GTS,30
2026,6,MG,MG S6 EV,30
2026,6,SMART,#3,30
2026,6,AUDI,A6 AV E-TRON,30
2026,6,MERCEDES-BENZ,B 250 E,29
2026,6,AUDI,Q5 SB 220KW TFSI E,29
2026,6,AUDI,Q4 SPORTBACK 45 E-TRON,29
2026,6,MERCEDES-BENZ,CLA 250 E,29
2026,6,OMODA,OMODA5,28
2026,6,NISSAN,NISSAN JUKE,28
2026,6,KIA,SORENTO,28
2026,6,CITROEN,E-C4,28
2026,6,MINI,ACEMAN E,27
2026,6,DONGFENG,BOX,27
2026,6,BYD,DOLPHIN G,27
2026,6,BMW,320I,26
2026,6,BMW,X1 SDRIVE20I,26
2026,6,SKODA,KAROQ,26
2026,6,SKODA,ENYAQ RS,26
2026,6,AUDI,A6 SB E-TRON,26
2026,6,MITSUBISHI,COLT,26
2026,6,MERCEDES-BENZ,CLA 180,26
2026,6,MERCEDES-BENZ,GLE 400 E 4MATIC,25
2026,6,CITROEN,C4,25
2026,6,BMW,520I,25
2026,6,MERCEDES-BENZ,EQB 250+,23
2026,6,LEXUS,LEXUS NX450H+,23
2026,6,VOLKSWAGEN,ID.4 PURE 140 KW,23
2026,6,AUDI,A5 LIM 220KW TFSI E,22
2026,6,MERCEDES-BENZ,AMG GLE 53 HYBRID,22
2026,6,VOLVO,EX30 CROSS COUNTRY,22
2026,6,MINI,COUNTRYMAN SE ALL4,22
2026,6,PORSCHE,CAYENNE E-HYBRID,21
2026,6,MAZDA,MAZDA3,21
2026,6,BMW,420I,21
2026,6,VOLVO,EX60,21
2026,6,HYUNDAI,IONIQ 9,21
2026,6,AUDI,Q6 SUV E-TRON QUATTRO,20
2026,6,AUDI,A5 AVANT 270KW TFSI E,20
2026,6,BMW,220I,20
2026,6,AUDI,Q2,20
2026,6,CUPRA,CUPRA LEON SP E-HYBRID150,20
2026,6,MG,MG S9 PHEV,20
2026,6,BYD,SEAL 6 DM-I TOURING,19
2026,6,SEAT,SEAT LEON SP,19
2026,6,POLESTAR,POLESTAR 3,19
2026,6,AUDI,A3 SPORTBACK PHEV 200,18
2026,6,ZEEKR,001,18
2026,6,MINI,COOPER S,18
2026,6,AUDI,A6 AVANT 220KW TFSI E,18
2026,6,BYD,BYD ATTO 2,18
2026,6,HYUNDAI,BAYON,18
2026,6,HONDA,HR-V,18
2026,6,AUDI,Q8 60 TFSI E,17
2026,6,AUDI,A1 SPORTBACK,17
2026,6,MERCEDES-BENZ,GLC 400 E 4MATIC,17
2026,6,BYD,BYD DOLPHIN,17
2026,6,BMW,IX1 XDRIVE30,17
2026,6,VOLKSWAGEN,ID.7 PRO,17
2026,6,SKODA,ENYAQ 60,17
2026,6,AUDI,A6 AVANT 270KW TFSI E,16
2026,6,PORSCHE,CAYENNE TURBO,16
2026,6,MERCEDES-BENZ,VITO TOURER,16
2026,6,AUDI,A3 LIMOUSINE,16
2026,6,AUDI,RS 5 AVANT,16
2026,6,CUPRA,BORN 170 KW 79/84 KWH,15
2026,6,DEEPAL,DEEPAL S05,15
2026,6,SMART,#1,15
2026,6,MG,MG HS HYBRID+,15
2026,6,RENAULT,CAPTUR,15
2026,6,HYUNDAI,I10,15
2026,6,PORSCHE,CAYENNE S E-HYBRID,15
2026,6,BMW,X1 XDRIVE30E,14
2026,6,CITROEN,C4 X,14
2026,6,NISSAN,NISSAN ARIYA,14
2026,6,LANCIA,YPSILON,14
2026,6,FIAT,500 HYBRID,14
2026,6,PORSCHE,CAYENNE,14
2026,6,BMW,IX XDRIVE60,14
2026,6,AUDI,Q8 55 TFSI E,14
2026,6,BMW,X2 SDRIVE20I,13
2026,6,VOLKSWAGEN,TOUAREG R,13
2026,6,BYD,ATTO 3,13
2026,6,AUDI,Q4 40 E-TRON,13
2026,6,PORSCHE,MACAN 4,13
2026,6,HONDA,CIVIC,13
2026,6,PORSCHE,911 TURBO S,12
2026,6,LAND ROVER,RANGE ROVER EVOQUE,12
2026,6,BMW,XM 50E,12
2026,6,AUDI,Q6 SB E-TRON PERFORMANCE,12
2026,6,VOLKSWAGEN,CRAFTER,12
2026,6,BMW,318I,12
2026,6,VOLKSWAGEN,ID.7 PRO S,12
2026,6,CUPRA,CUPRA LEON SP E-HYBRID200,12
2026,6,PORSCHE,MACAN,12
2026,6,CITROEN,E-C4 X,12
2026,6,DS AUTOMOBILES,N 8,12
2026,6,BMW,M340I XDRIVE,11
2026,6,MERCEDES-BENZ,AMG GLE 53 HYBRID COUPE,11
2026,6,MINI,JCW,11
2026,6,BMW,430I XDRIVE,11
2026,6,NISSAN,NISSAN X-TRAIL,11
2026,6,CUPRA,CUPRA LEON E-HYBRID150,11
2026,6,MERCEDES-BENZ,CLA 350 4MATIC,11
2026,6,MERCEDES-BENZ,GLE 400 E 4MATIC COUPE,10
2026,6,PORSCHE,CAYENNE TURBO E-HYBRID,10
2026,6,AUDI,A6 LIM 220KW TFSI E,10
2026,6,AUDI,Q6 SB E-TRON,10
2026,6,BMW,X1 XDRIVE23I,10
2026,6,HONDA,ZR-V,9
2026,6,VOLKSWAGEN,TAIGO,9
2026,6,LEXUS,LEXUS UX300H,9
2026,6,KIA,SELTOS,9
2026,6,BMW,M760E XDRIVE,9
2026,6,BYD,SEAL U DM-I,9
2026,6,PEUGEOT,EXPERT,9
2026,6,BMW,IX XDRIVE45,9
2026,6,AUDI,Q7 55 TFSI E,9
2026,6,BMW,X7 XDRIVE40I,9
2026,6,GEELY,GEELY E5,8
2026,6,VOLKSWAGEN,ID.4 PRO 4MOTION 220KW,8
2026,6,LAND ROVER,DISCOVERY SPORT,8
2026,6,VOLKSWAGEN,ID. BUZZ GTX LR 250 KW,8
2026,6,TESLA,MODEL S,8
2026,6,BMW,330E XDRIVE,8
2026,6,ZEEKR,X,8
2026,6,PORSCHE,911 GT3,8
2026,6,BMW,X4 XDRIVE30I,8
2026,6,VOLKSWAGEN,ID. BUZZ PRO KR 210 KW,8
2026,6,BMW,IX2 XDRIVE30,7
2026,6,AUDI,Q4 E-TRON QUATTRO PERF,7
2026,6,MERCEDES-BENZ,EQE 300,7
2026,6,AUDI,A6 AV E-TRON PERFORMANCE,7
2026,6,BMW,220I ACTIVE TOURER,7
2026,6,MINI,COUNTRYMAN S ALL4,7
2026,6,VOLKSWAGEN,ID. BUZZ,7
2026,6,LAMBORGHINI,URUS,7
2026,6,DS AUTOMOBILES,N 4,7
2026,6,ADRIA,CORAL 670DL,7
2026,6,LEXUS,LEXUS RX450H+,7
2026,6,DS,DS7,7
2026,6,HYMER,ML-T 580 CROSSTRAIL,7
2026,6,MG,MG4 EV,7
2026,6,PORSCHE,911 CARRERA 4 GTS,7
2026,6,MERCEDES-BENZ,EQV,6
2026,6,CAPRON,T67S/ T338,6
2026,6,ADRIA,COMPACT DL,6
2026,6,SEAT,SEAT LEON,6
2026,6,AUDI,A6 AV E-TRON QUATTRO,6
2026,6,CUPRA,CUPRA LEON E-HYBRID200,6
2026,6,BMW,750E XDRIVE,6
2026,6,MAZDA,MAZDA MX-5,6
2026,6,PORSCHE,PANAMERA 4 E-HYBRID,6
2026,6,AUDI,E-TRON GT,6
2026,6,CUPRA,BORN 140 KW 58/61 KWH,6
2026,6,MERCEDES-BENZ,AMG E 53 HYBRID,6
2026,6,AUDI,Q7 60 TFSI E,6
2026,6,WEINSBERG,R57,6
2026,6,BMW,X5 XDRIVE40D,6
2026,6,BMW,123 XDRIVE,6
2026,6,POESSL,SUMMIT 640,6
2026,6,PORSCHE,911 TARGA 4 GTS,6
2026,6,PORSCHE,911 CARRERA GTS,5
2026,6,BMW,330I XDRIVE,5
2026,6,HYMER,B-MC T 680,5
2026,6,VOLKSWAGEN,ID.7 TOURER PURE,5
2026,6,MERCEDES-BENZ,S 580 E 4MATIC,5
2026,6,MERCEDES-BENZ,C 180,5
2026,6,AUDI,Q6 SB E-TRON QUATTRO,5
2026,6,KNAUS,R15,5
2026,6,POESSL,SUMMIT 600,5
2026,6,NIO,FIREFLY,5
2026,6,PORSCHE,TAYCAN,5
2026,6,BMW,M135 XDRIVE,5
2026,6,RAPIDO,N/A,5
2026,6,PORSCHE,PANAMERA TURBO S E-HYBRID,5
2026,6,ABARTH,600E,5
2026,6,WEINSBERG,R47,5
2026,6,BMW,I4 M60 XDRIVE,5
2026,6,ADRIA,TWIN 640SLB,5
2026,6,TOURNE MOBIL,TOURNE,5
2026,6,SKODA,ELROQ RS,5
2026,6,LUCID MOTORS,LUCID GRAVITY,5
2026,6,MERCEDES-BENZ,EQS 450 4MATIC,5
2026,6,MINI,JCW ACEMAN E,5
2026,6,BMW,M440I XDRIVE,4
2026,6,TESLA,MODEL X,4
2026,6,MERCEDES-BENZ,G 580,4
2026,6,BMW,X3 M50 XDRIVE,4
2026,6,CAPRON,T68C/ T457,4
2026,6,LAND ROVER,RANGE ROVER VELAR,4
2026,6,PORSCHE,CAYENNE S,4
2026,6,BENTLEY,CONTINENTAL GTC SPEED,4
2026,6,CAPRON,V67S/ V347,4
2026,6,JEEP,WRANGLER UNLIMITED,4
2026,6,BMW,XM LABEL,4
2026,6,AUDI,Q4 SPORTBACK 40 E-TRON,4
2026,6,VOLKSWAGEN,ID BUZZ PRO LR 210 KW,4
2026,6,LEXUS,LEXUS ES350E,4
2026,6,GENESIS,GV60,4
2026,6,LUCID MOTORS,AIR,4
2026,6,AUDI,S6 AV E-TRON,4
2026,6,ALFA ROMEO,TONALE,4
2026,6,FERRARI,FERRARI AMALFI,4
2026,6,BMW,530E XDRIVE,4
2026,6,BMW,Z4 SDRIVE30I,4
2026,6,KNAUS,R19,4
2026,6,FERRARI,FERRARI PUROSANGUE,4
2026,6,ALPINE,A390,4
2026,6,CUPRA,BORN 150 KW 60/63 KWH,4
2026,6,BMW,218I ACTIVE TOURER,4
2026,6,ADRIA,TWIN 640SGX,4
2026,6,PORSCHE,MACAN 4S,4
2026,6,DETHLEFFS,TREND T 7057 DBL/EBL,4
2026,6,BMW,Z4 M40I,4
2026,6,MERCEDES-BENZ,AMG G 63,3
2026,6,HONDA,CR-V,3
2026,6,MERCEDES-BENZ,CLA 250,3
2026,6,HONDA,PRELUDE,3
2026,6,ADRIA,TWIN 600SPB,3
2026,6,BMW,X6 XDRIVE40I M SPORT,3
2026,6,ADRIA,TWIN 600SLB,3
2026,6,MERCEDES-BENZ,E 450 D 4MATIC,3
2026,6,BENTLEY,CONTINENTAL GT S,3
2026,6,CARTHAGO,CHIC C-LINE I 4.9 LE L,3
2026,6,MERCEDES-BENZ,CLE 300 E,3
2026,6,BMW,I4 XDRIVE40,3
2026,6,VOLKSWAGEN,ID.3 GTX PERF. 240 KW,3
2026,6,BMW,I5 XDRIVE40,3
2026,6,BMW,Z4 SDRIVE20I,3
2026,6,VOYAH,FREE,3
2026,6,BMW,X4 XDRIVE20I,3
2026,6,BMW,M2,3
2026,6,BENTLEY,CONTINENTAL GT SPEED,3
2026,6,AUDI,A5 LIM 270KW TFSI E,3
2026,6,MINI,JCW E,3
2026,6,PEUGEOT,BOXER,3
2026,6,VOLKSWAGEN,ID.4 GTX 250KW,3
2026,6,RENAULT,CAPTUR (E-TECH HYBRID),3
2026,6,AUDI,A6 SB E-TRON PERFORMANCE,3
2026,6,VOLKSWAGEN,ID. BUZZ CARGO MODIFIED PARTITION WALL,3
2026,6,BMW,I5 M60 XDRIVE,3
2026,6,CAPRON,T66S/ T328,3
2026,6,PORSCHE,MACAN TURBO,3
2026,6,LEXUS,LEXUS RZ500E,3
2026,6,JAECOO,JAECOO7,3
2026,6,AUDI,RS 5 LIMOUSINE,3
2026,6,MERCEDES-BENZ,GLA 180,3
2026,6,TOTH ES FIAI,CLEVER,3
2026,6,MINI,JCW COUNTRYMAN ALL4,3
2026,6,AUDI,SQ7,3
2026,6,SEAT,SEAT LEON E-HYBRID150,3
2026,6,MERCEDES-BENZ,GLB 200,3
2026,6,DETHLEFFS,KW 600,3
2026,6,MERCEDES-BENZ,CLA 220 4MATIC,3
2026,6,RENAULT,YWINGO E-TECH ELECTRIC,2
2026,6,BMW,M4 COMPETITION M XDRIVE,2
2026,6,HYMER,GRAND CANYON S 600 XPERIENCE,2
2026,6,HYMER,YOSEMITE,2
2026,6,CITROEN,E-BERLINGO,2
2026,6,ADRIA,SONIC 700DL,2
2026,6,FAW,HONGQI EHS7,2
2026,6,RENAULT,ANTILOPEVAN FLEXPLUS,2
2026,6,VOLKSWAGEN,ID.4 PURE 125KW,2
2026,6,BENTLEY,CONTINENTAL GTC MULLINER,2
2026,6,HYUNDAI,I 30,2
2026,6,FAW,HONGQI EH7,2
2026,6,AUDI,A6 LIM 270KW TFSI E,2
2026,6,CHERY,TIGGO8,2
2026,6,ADRIA,MATRIX 670DL,2
2026,6,HYMER,B-MC T 600,2
2026,6,MERCEDES-BENZ,S 450 E,2
2026,6,WEINSBERG,R51,2
2026,6,LEXUS,LEXUS ES300H,2
2026,6,MERCEDES-BENZ,S 450 D 4MATIC,2
2026,6,WESTFALIA,COLUMBUS,2
2026,6,LAMBORGHINI,REVUELTO,2
2026,6,BYD,SEAL 6 DM-I,2
2026,6,MERCEDES-BENZ,CLE 300 4MATIC,2
2026,6,CAPRON,V66/ V337,2
2026,6,LEXUS,LEXUS RZ550E,2
2026,6,KNAUS,R09,2
2026,6,XPENG,P7+,2
2026,6,BMW,540D XDRIVE,2
2026,6,CARTHAGO,MALIBU GENIUS 641 LE,2
2026,6,BENTLEY,CONTINENTAL GTC S,2
2026,6,KNAUS,R05,2
2026,6,MERCEDES-BENZ,EQE 350 4MATIC,2
2026,6,CARTHAGO,CHIC E-LINE I 61 XL LE,2
2026,6,HYMER,B-ML I 780,2
2026,6,BENIMAR,TESSORO 468,2
2026,6,CAPRON,CV 540,2
2026,6,KNAUS,R30,2
2026,6,CUPRA,BORN 170 KW 60/63 KWH,2
2026,6,FERRARI,FERRARI 12CILINDRI SPIDER,2
2026,6,DETHLEFFS,JUST T 7052 EB/DBM,2
2026,6,BMW,M3 COMPETITION M XDRIVE,2
2026,6,KNAUS,R07,2
2026,6,JAECOO,J7 PHEV,2
2026,6,ALPINE,A110,2
2026,6,HYMER,GRAND CANYON S 600 4X4,2
2026,6,DEEPAL,DEEPAL S07,2
2026,6,CITROEN,C5 X,2
2026,6,PORSCHE,TAYCAN 4,2
2026,6,AUDI,RS 3 SPORTBACK,2
2026,6,BMW,218I,2
2026,6,MERCEDES-BENZ,GLS 450 4MATIC,2
2026,6,HYMER,ML-T 580 XPERIENCE,2
2026,6,VOLKSWAGEN,ID.7 PURE,2
2026,6,PORSCHE,911 TARGA 4S,2
2026,6,WESTFALEN MOBIL,FORD NUGGET,2
2026,6,AUTOMOBILI LAMBORGHINI S.,URUS,2
2026,6,ETRUSCO,640 SB PLUS,2
2026,6,PORSCHE,911 CARRERA,2
2026,6,DETHLEFFS,KW 601,2
2026,6,HYMER,B-MC I 600,2
2026,6,TESLA,MODEL Y PREMIUM AWD,1
2026,6,KG MOBILITY,KG MOBILITY ACTYON,1
2026,6,MINI,MINI COOPER,1
2026,6,BMW,X5 XDRIVE40I,1
2026,6,BENTLEY,FLYING SPUR MULLINER,1
2026,6,TOGG,T10X,1
2026,6,CARTHAGO,CHIC C-LINE I 4.9 LE,1
2026,6,KG MOBILITY,KG MOBILITY TORRES EVX,1
2026,6,BENTLEY,BENTAYGA HYBRID,1
2026,6,CHAUSSON,V594S SPORT LINE,1
2026,6,BMW,IX M70 XDRIVE,1
2026,6,POESSL,SUMMIT 540,1
2026,6,CAPRON,V69/V339,1
2026,6,CAPRON,I67S / I338,1
2026,6,ADRIA,CORAL XL 660SL,1
2026,6,BURSTNER GMBH,BT6905,1
2026,6,BURSTNER GMBH,BT7012,1
2026,6,BURSTNER GMBH,BT7405,1
2026,6,BMW,X3 20 XDRIVE,1
2026,6,HYUNDAI,IONIQ5 N,1
2026,6,NIESMANN+BISCHOFF,FLAIR 920,1
2026,6,VOLKSWAGEN,ID.7 TOURER GTX,1
2026,6,ADRIA,SUPERSONIC 780DL,1
2026,6,BMW,X5 XDRIVE30D,1
2026,6,CAPRON,T690L/T449T,1
2026,6,DETHLEFFS,GLOBEBUS CAMP T004,1
2026,6,PORSCHE,PANAMERA 4S E-HYBRID,1
2026,6,LMC,H25_1066,1
2026,6,MASERATI,GRECALE TROFEO,1
2026,6,CAPRON,I69L/ I449,1
2026,6,FRANKIA,F-LINE,1
2026,6,AUDI,Q3,1
2026,6,FAW,HONGQI EHS7 111 KWH 4WD,1
2026,6,MAXUS,DELIVER 9,1
2026,6,MASERATI,GRECALE MODENA,1
2026,6,HYMER,ML-T 580 4X4,1
2026,6,MERCEDES-BENZ,G 450 D,1
2026,6,CAPRON,CVE 640,1
2026,6,KIA,SPORTAGE MY26 GT LINE HEV,1
2026,6,FERRARI,296 GTS,1
2026,6,MAZDA,CX-5,1
2026,6,ETRUSCO,I7400 QBC,1
2026,6,BURSTNER GMBH,BT6491,1
2026,6,TOYOTA,TOYOTA LAND CRUISER,1
2026,6,AUDI,SQ6 SUV E-TRON,1
2026,6,CARTHAGO,MALIBU VAN 640 LEK GT,1
2026,6,BURSTNER GMBH,BC6003,1
2026,6,CROSSCAMP,KW 704,1
2026,6,DS AUTOMOBILES,DS 3,1
2026,6,LAIKA,ECOVIP L3019,1
2026,6,FIAT,SCUDO,1
2026,6,CHERY,TIGGO4 HYBRID,1
2026,6,BMW,I7 EDRIVE50,1
2026,6,MC LOUIS,CARAT 870,1
2026,6,PORSCHE,TAYCAN TURBO GT,1
2026,6,ASTON MARTIN,DB12 VOLANTE,1
2026,6,AUDI,AUDI SQ5,1
2026,6,BURSTNER GMBH,BT6841,1
2026,6,HYMER,GRAND CANYON S 600 CROSSOVER,1
2026,6,VOLKSWAGEN,ID.5 PRO 210KW,1
2026,6,BURSTNER GMBH,BT7265,1
2026,6,VOLKSWAGEN,ID. BUZZ PURE KR 125 KW,1
2026,6,ASTON MARTIN,DBX S,1
2026,6,RENAULT,ARKANA E-TECH,1
2026,6,PORSCHE,718 SPYDER RS,1
2026,6,BYD,ATTO 2 DM-I,1
2026,6,CAPRON,CV 600,1
2026,6,BMW,116,1
2026,6,DETHLEFFS,TREND I 7057 DBL/EBL,1
2026,6,MERCEDES-BENZ,AMG CLE 53 4MATIC,1
2026,6,GEELY,GEELY EX5,1
2026,6,FERRARI,FERRARI ROMA SPIDER,1
2026,6,HYMER,GT-S 600,1
2026,6,ASTON MARTIN,DB12 S,1
2026,6,SUN LIVING,S-SERIES S 72DL,1
2026,6,CAPRON,CV 640,1
2026,6,MERCEDES-BENZ,E 300 E 4MATIC,1
2026,6,HYMER,B-ML T 780,1
2026,6,MERCEDES-BENZ,CLA 200 4MATIC,1
2026,6,SKODA,KODAIQ,1
2026,6,SUBARU,SOLTERRA,1
2026,6,MERCEDES-BENZ,E 200,1
2026,6,VOLKSWAGEN,JETTA GLI,1
2026,6,HYMER,GRAND CANYON S 700 4X4,1
2026,6,CARTHAGO,RM1 MALIBU I 430 KB-LE,1
2026,6,CHAUSSON,640,1
2026,6,RENAULT,E-TECH MASTER,1
2026,6,VOYAH,COURAGE,1
2026,6,OPEL,COMBO-E LIFE,1
2026,6,HYMER,B-MC I 680 BLACKLINE,1
2026,6,JEEP,WRANGLER MOAB 392,1
2026,6,CHAUSSON,X550,1
2026,6,BENIMAR,TESSORO 496,1
2026,6,DETHLEFFS,GLOBEBUS I 001,1
2026,6,SUN LIVING,S-SERIES S 75SL,1
2026,6,ALPINA,BMW ALPINA D4S GRAN COUP�,1
2026,6,BURSTNER GMBH,BT7011,1
2026,6,CARTHAGO,MALIBU VAN 640 LE GT,1
2026,6,FERRARI,296 SPECIALE A,1
2026,6,KNAUS,R12,1
2026,6,NIO,EL6,1
2026,6,MERCEDES-BENZ,EQE 350+,1
2026,6,ADRIA,COMPACT SL,1
2026,6,CARTHAGO,C-COMPACTLINE I 143 LE,1
2026,6,NIESMANN+BISCHOFF,ISMOVE 7.3F,1
2026,6,NISSAN,TOWNSTAR,1
2026,6,AUDI,A6 AVANT 55 TFSI E,1
2026,6,CHERY,TIGGO7,1
2026,6,HYUNDAI,SANTA FE / MX5,1
2026,6,KG MOBILITY,KG MOBILITY TORRES,1
2026,6,MERCEDES-BENZ,CLE 450 4MATIC,1
2026,6,FERRARI,296 SPECIALE,1
2026,6,MERCEDES-BENZ,B 180,1
2026,6,XGO,N/A,1
2026,6,POESSL,KW 42,1
2026,6,BENIMAR,AMPHITRYON 967,1
2026,6,ADRIA,SUPER SONIC 780DL,1
2026,6,DREAMER,N/A,1
2026,6,MERCEDES-BENZ,CLE 200,1
2026,6,KNAUS,R06,1
2026,6,ASTON MARTIN,VANQUISH VOLANTE,1
2026,6,CARTHAGO,MALIBU VAN 640 LE RB,1
2026,6,DETHLEFFS,TREND T 7057 EB,1
2026,6,SUN LIVING,S-SERIES S 70SL,1
2026,6,AUDI,RS E-TRON GT,1
2026,6,BMW,X7 XDRIVE40D,1
2026,6,WEINSBERG,R48,1
2026,6,BENTLEY,CONTINENTAL GT MULLINER,1
2026,6,BENIMAR,TESSORO 488,1
2026,6,CAPRON,T68/ T447,1
2026,6,CAPRON,V60/ V132,1
2026,6,CARTHAGO,C1-TOURER I 143 KB-LE,1
2026,6,MERCEDES-BENZ,MAYBACH EQS 680,1
2026,6,EURA MOBIL,ACTIVA ONE 650 HS,1
2026,6,ROBETA,ADONIS,1
2026,6,MG,MG CYBERSTER,1
2026,6,MERCEDES-BENZ,V-KLASSE,1
2026,6,PILOTE,P690D,1
2026,6,BMW,230E XDRIVE ACTIVE TOURER,1
2026,6,EURA MOBIL,PROFILA 726 EF,1
2026,6,BMW,X1 XDRIVE20D,1
2026,6,HYUNDAI,TUCSON IX35,1
2026,6,GEELY,E5,1
2026,6,HYUNDAI,IONIQ6 N,1
2026,6,MERCEDES-BENZ,E 400 E 4MATIC,1
2026,6,MASERATI,GRECALE,1
2026,6,EURA MOBIL,DEXTER 600,1
2026,6,KG MOBILITY,TORRES EVX,1
2026,6,MERCEDES-AMG,AMG ONE,1
2026,6,LAMBORGHINI,TEMERARIO,1
2026,6,BENTLEY,CONTINENTAL GT,1
2026,6,TOYOTA,TOYOTA GR YARIS,1
2026,6,DETHLEFFS,GB PERFORMANCE T46,1
2026,6,MC LOUIS,MC4 365,1
2026,6,CAPRON,CVE 600,1
2026,6,HOBBY,ONTOUR T 700 F,1
2026,6,BMW,M2 CS,1
2026,6,BURSTNER GMBH,BC5402,1
2026,6,CAPRON,T338,1
2026,6,VOLKSWAGEN,ID. BUZZ GTX KR 250 KW,1
2026,6,LAIKA,KOSMO L105,1
2026,6,AUDI,A3 ALLSTREET PHEV 150,1
2026,6,CAPRON,TS67/ T338S,1
2026,6,HYMER,REDWOOD 601,1
2026,6,VOLKSWAGEN,CARAVELLE,1
2026,6,CARTHAGO,C2-TOURER I 147 RB-LE L,1
2026,6,BURSTNER GMBH,BC6006,1
2026,6,AION,AION UT,1
2026,6,ETRUSCO,T7400 SBC,1
2026,6,MORGAN,PLUS SIX SUPERSPORT,1
2026,6,BMW,840I,1
2026,6,MG,MG ZS EV,1
2026,6,ERIBA,CAR 600,1
2026,6,MERCEDES-BENZ,GLB 180,1
2026,6,CARTHAGO,CHIC C-LINE T 4.9 LE,1
2026,6,ADRIA,CORAL 670SL,1
2026,6,MERCEDES-BENZ,CLA200 / MMCLAH,1
2026,6,DETHLEFFS,TREND I 6817 EB,1
2026,6,BMW,I7 M70 XDRIVE,1
2026,6,BMW,230I,1
2026,6,PORSCHE,TAYCAN TURBO S,1
2026,6,MERCEDES-BENZ,GLE 350 DE 4MATIC,1
2026,6,LEXUS,NX450H+,1
2026,6,HYMER,B-MC I 680,1
2026,6,DETHLEFFS,JUST T 7052 EBL/DBL,1
2026,6,AUDI,RS E-TRON GT PERFORMANCE,1
2026,6,VOLKSWAGEN,ID.BUZZ PRO LR 210 KW,1
2026,6,KARMANN MOBIL,DAVIS 620,1
2026,7,KIA,PICANTO,637
2026,7,KIA,EV3,627
2026,7,TOYOTA,TOYOTA AYGO X,575
2026,7,HYUNDAI,KONA,529
2026,7,CUPRA,RAVAL 155KW,506
2026,7,FORD,KUGA,477
2026,7,HYUNDAI,INSTER,466
2026,7,SKODA,KODIAQ,434
2026,7,KIA,EV5,418
2026,7,VOLVO,EX40,413
2026,7,KIA,EV2,392
2026,7,VOLVO,EX30,378
2026,7,VOLKSWAGEN,ID.4 PRO 210KW,351
2026,7,TOYOTA,TOYOTA C-HR,351
2026,7,TESLA,MODEL Y,345
2026,7,OPEL,CORSA,339
2026,7,SKODA,ELROQ 85,326
2026,7,RENAULT,RENAULT 5 E-TECH ELECTRIC,308
2026,7,SKODA,ELROQ 60,304
2026,7,TOYOTA,TOYOTA YARIS,292
2026,7,FORD,PUMA,275
2026,7,PEUGEOT,2008,274
2026,7,VOLKSWAGEN,TIGUAN,271
2026,7,TOYOTA,TOYOTA YARIS CROSS,268
2026,7,SEAT,IBIZA,256
2026,7,OPEL,FRONTERA,248
2026,7,PEUGEOT,208,244
2026,7,RENAULT,CLIO,239
2026,7,BMW,IX1 EDRIVE20,234
2026,7,BYD,BYD ATTO 2  DM-I,226
2026,7,BMW,IX3 50 XDRIVE,225
2026,7,AUDI,Q3 200KW TFSI E,221
2026,7,FORD,EXPLORER,218
2026,7,JEEP,COMPASS,217
2026,7,VOLKSWAGEN,POLO,215
2026,7,KIA,NIRO,215
2026,7,HYUNDAI,TUCSON,214
2026,7,KIA,SPORTAGE,209
2026,7,SUZUKI,SWIFT,207
2026,7,SKODA,ENYAQ 85,202
2026,7,TOYOTA,URBAN CRUISER,198
2026,7,VOLKSWAGEN,T-ROC,191
2026,7,VOLKSWAGEN,ID.7 TOURER PRO,189
2026,7,TOYOTA,TOYOTA RAV4,189
2026,7,RENAULT,TWINGO E-TECH ELECTRIC,185
2026,7,TOYOTA,TOYOTA COROLLA,171
2026,7,MERCEDES-BENZ,CLA 250+,155
2026,7,NISSAN,NISSAN QASHQAI,152
2026,7,VOLVO,XC60,140
2026,7,PEUGEOT,3008,135
2026,7,MERCEDES-BENZ,GLA 250 E,134
2026,7,LEAPMOTOR,B10,131
2026,7,KIA,STONIC,127
2026,7,VOLKSWAGEN,TAYRON,125
2026,7,RENAULT,SCENIC E-TECH ELECTRIC,121
2026,7,VOLKSWAGEN,GOLF,120
2026,7,KIA,EV4,120
2026,7,CITROEN,C5 AIRCROSS,118
2026,7,BYD,BYD SEAL U DM-I,117
2026,7,LYNK&CO,LYNK & CO 01,116
2026,7,MERCEDES-BENZ,GLC 400 4MATIC WITH EQ TE,115
2026,7,LEAPMOTOR,T03,115
2026,7,JAECOO,JAECOO7 PHEV,114
2026,7,MERCEDES-BENZ,GLB 250+,113
2026,7,DACIA,BIGSTER,113
2026,7,VOLVO,XC90,112
2026,7,RENAULT,SYMBIOZ,111
2026,7,BMW,X3 30E XDRIVE,111
2026,7,BMW,120,110
2026,7,ZEEKR,7GT,109
2026,7,RENAULT,RENAULT 4 E-TECH ELECTRIC,109
2026,7,PEUGEOT,308,107
2026,7,VOLVO,XC40,106
2026,7,PEUGEOT,5008,105
2026,7,FIAT,500,105
2026,7,SKODA,OCTAVIA,103
2026,7,LAND ROVER,RANGE ROVER SPORT,103
2026,7,LEAPMOTOR,C10,102
2026,7,VOLKSWAGEN,ID.7 TOURER PRO S,101
2026,7,BMW,X1 XDRIVE25E,101
2026,7,CITROEN,E-C3,100
2026,7,RENAULT,CAPTUR E-TECH HYBRID,100
2026,7,SKODA,KAMIQ,99
2026,7,XPENG,G6,98
2026,7,SUZUKI,VITARA,96
2026,7,AUDI,Q3 SB 200KW TFSI E,94
2026,7,CUPRA,TAVASCAN,94
2026,7,TOYOTA,TOYOTA BZ4X TOURING,92
2026,7,SKODA,FABIA,91
2026,7,MINI,COOPER C,91
2026,7,SEAT,SEAT LEON SP E-HYBRID150,90
2026,7,OPEL,MOKKA,89
2026,7,FIAT,PANDA,87
2026,7,VOLVO,V60,86
2026,7,ZEEKR,7X,86
2026,7,GEELY,STARRAY EM-I,84
2026,7,NISSAN,NISSAN MICRA,82
2026,7,OMODA,OMODA5,81
2026,7,OPEL,GRANDLAND,79
2026,7,MERCEDES-BENZ,GLC 300 E 4MATIC,78
2026,7,RENAULT,MEGANE E-TECH ELECTRIC,76
2026,7,BYD,BYD DOLPHIN SURF,75
2026,7,MERCEDES-BENZ,C 300 E,75
2026,7,VOLKSWAGEN,ID.4 PURE 140 KW,75
2026,7,MG,MG HS,74
2026,7,CITROEN,E-C3 AIRCROSS,71
2026,7,RENAULT,AUSTRAL,70
2026,7,MINI,COOPER SE,69
2026,7,BMW,330E,69
2026,7,DACIA,JOGGER,69
2026,7,MAZDA,MAZDA CX-5,68
2026,7,BYD,ATTO 3 EVO,68
2026,7,VOLKSWAGEN,PASSAT,67
2026,7,CITROEN,C3 AIRCROSS,66
2026,7,MERCEDES-BENZ,A 250 E,66
2026,7,VOLKSWAGEN,CADDY,66
2026,7,AUDI,Q4 45 E-TRON,65
2026,7,LAND ROVER,RANGE ROVER EVOQUE,65
2026,7,CITROEN,C3,65
2026,7,VOLVO,EC40,65
2026,7,DACIA,DUSTER,64
2026,7,HYUNDAI,IONIQ5,64
2026,7,OPEL,ASTRA SPORTS TOURER,63
2026,7,AUDI,A5 AVANT 220KW TFSI E,62
2026,7,SKODA,SUPERB,60
2026,7,TOYOTA,TOYOTA BZ4X,60
2026,7,SUZUKI,E VITARA,60
2026,7,KIA,SELTOS,58
2026,7,MINI,ACEMAN SE,58
2026,7,SKODA,SCALA,57
2026,7,MG,MG4 EV URBAN,57
2026,7,MERCEDES-BENZ,EQA 250+,57
2026,7,KIA,K4,56
2026,7,KIA,EV9,56
2026,7,AUDI,Q6 SUV E-TRON,55
2026,7,POLESTAR,POLESTAR 2,54
2026,7,MAZDA,MAZDA 6E,54
2026,7,VOLVO,EX60,53
2026,7,LAND ROVER,DEFENDER,53
2026,7,MINI,COUNTRYMAN E,52
2026,7,CUPRA,TERRAMAR E-HYBRID,52
2026,7,DACIA,SANDERO,52
2026,7,HYUNDAI,I20,52
2026,7,MAZDA,MAZDA2 HYBRID,52
2026,7,SEAT,ARONA,52
2026,7,AUDI,A3 SPORTBACK PHEV 150,51
2026,7,SUZUKI,S-CROSS,51
2026,7,FORD,TOURNEO CONNECT,49
2026,7,AUDI,Q5 270KW TFSI E,48
2026,7,JEEP,AVENGER,48
2026,7,HYUNDAI,SANTA FE,47
2026,7,SKODA,ELROQ 50,47
2026,7,XPENG,G9,46
2026,7,LYNK&CO,LYNK & CO 08,46
2026,7,JAECOO,JAECOO8 PHEV,46
2026,7,FIAT,600,45
2026,7,PEUGEOT,408,45
2026,7,AUDI,Q5 220KW TFSI E,44
2026,7,CUPRA,FORMENTOR E-HYBRID,43
2026,7,VOLVO,EX90,43
2026,7,BMW,X5 XDRIVE50E,42
2026,7,MERCEDES-BENZ,SPRINTER,41
2026,7,FORD,CAPRI,39
2026,7,RENAULT,CAPTUR (E-TECH HYBRID),39
2026,7,RENAULT,ESPACE,39
2026,7,NISSAN,NISSAN JUKE,39
2026,7,AUDI,Q4 E-TRON QUATTRO PERF,38
2026,7,DACIA,SPRING,37
2026,7,SMART,#5,37
2026,7,MG,MG3 HYBRID+,37
2026,7,AUDI,RS 5 AVANT,37
2026,7,AUDI,A1 SPORTBACK,36
2026,7,JAECOO,JAECOO5 EV,36
2026,7,AUDI,A6 SB E-TRON,36
2026,7,BMW,I5 EDRIVE40,35
2026,7,OPEL,ASTRA,35
2026,7,POLESTAR,POLESTAR 4,35
2026,7,AUDI,Q6 SUV E-TRON PERFORMANCE,35
2026,7,LAND ROVER,RANGE ROVER,35
2026,7,VOLKSWAGEN,ID.7 PRO,35
2026,7,BMW,IX3 40,35
2026,7,MINI,COOPER E,35
2026,7,AUDI,Q5 SB 270KW TFSI E,34
2026,7,ALFA ROMEO,ALFA ROMEO JUNIOR,34
2026,7,VOLKSWAGEN,T-CROSS,34
2026,7,MITSUBISHI,MITSUBISHI OUTLANDER,34
2026,7,MITSUBISHI,COLT,33
2026,7,CITROEN,E-C4,33
2026,7,MERCEDES-BENZ,ESPRINTER,33
2026,7,MERCEDES-BENZ,CLA 200,33
2026,7,SEAT,SEAT LEON SP,33
2026,7,JAECOO,JAECOO5 HYBRID,33
2026,7,OMODA,OMODA5 EV,33
2026,7,VOLVO,EX30 CROSS COUNTRY,33
2026,7,KIA,PV5,32
2026,7,FORD,MUSTANG MACH-E,31
2026,7,AUDI,Q4 SPORTBACK 45 E-TRON,31
2026,7,BMW,IX2 EDRIVE20,31
2026,7,HONDA,JAZZ,30
2026,7,SKODA,ENYAQ RS,30
2026,7,MERCEDES-BENZ,E 300 E,29
2026,7,NISSAN,NISSAN LEAF,29
2026,7,FORD,TOURNEO CUSTOM,29
2026,7,FIAT,500 HYBRID,29
2026,7,VOLKSWAGEN,TAIGO,28
2026,7,MITSUBISHI,ASX,28
2026,7,LYNK&CO,LYNK & CO 02,28
2026,7,HONDA,HR-V,27
2026,7,CUPRA,RAVAL 166KW,27
2026,7,OMODA,OMODA 9,27
2026,7,BMW,530E,27
2026,7,VOLVO,ES90,26
2026,7,RENAULT,MASTER E-TECH,26
2026,7,MAZDA,MAZDA CX-60,26
2026,7,SKODA,ENYAQ 60,26
2026,7,PORSCHE,911 TURBO S,25
2026,7,AUDI,Q8 60 TFSI E,25
2026,7,MG,MG ZS,25
2026,7,VOLKSWAGEN,ID.7 TOURER PURE,25
2026,7,AUDI,Q2,25
2026,7,GEELY,GEELY E5,24
2026,7,BYD,SEAL 6 DM-I TOURING,24
2026,7,AUDI,A5 LIM 220KW TFSI E,24
2026,7,MG,MG S6 EV,24
2026,7,VOLKSWAGEN,ID.3 NEO 125KW,23
2026,7,VOLKSWAGEN,MULTIVAN,23
2026,7,RENAULT,RAFALE,23
2026,7,PORSCHE,CAYENNE,22
2026,7,MAZDA,MAZDA CX-30,22
2026,7,LEXUS,LEXUS RZ350E,22
2026,7,BMW,550E XDRIVE,22
2026,7,AUDI,Q6 SB E-TRON,21
2026,7,AUDI,A6 AV E-TRON,21
2026,7,ALPINE,A290,20
2026,7,LAND ROVER,DISCOVERY SPORT,20
2026,7,MERCEDES-BENZ,EVITO TOURER,20
2026,7,MINI,ACEMAN E,20
2026,7,KIA,EV6,20
2026,7,MINI,COOPER S,20
2026,7,PORSCHE,MACAN 4,19
2026,7,SUBARU,SUBARU UNCHARTED,19
2026,7,MITSUBISHI,GRANDIS,19
2026,7,HYUNDAI,IONIQ6,19
2026,7,PORSCHE,CAYENNE E-HYBRID,19
2026,7,AUDI,A3 LIMOUSINE,19
2026,7,SMART,#3,19
2026,7,BMW,220,19
2026,7,VOLKSWAGEN,ID.BUZZ PRO LR 210 KW,19
2026,7,CUPRA,CUPRA LEON SP E-HYBRID150,18
2026,7,MINI,COUNTRYMAN SE ALL4,18
2026,7,LEXUS,LEXUS LBX,18
2026,7,AUDI,Q4 E-TRON PERFORMANCE,18
2026,7,MG,MG HS HYBRID+,18
2026,7,SKODA,KAROQ,18
2026,7,MINI,COUNTRYMAN C,18
2026,7,BMW,I4 EDRIVE35,18
2026,7,BMW,M5,18
2026,7,MERCEDES-BENZ,A 180,17
2026,7,AUDI,Q4 SB E-TRON QUATTRO PERF,17
2026,7,HYUNDAI,IONIQ 9,17
2026,7,VOLKSWAGEN,ID.3 NEO 140KW,17
2026,7,VOLKSWAGEN,ID.7 PRO S,17
2026,7,LEXUS,LEXUS NX450H+,16
2026,7,FORD,TRANSIT CUSTOM,16
2026,7,AUDI,A3 SPORTBACK PHEV 200,16
2026,7,BYD,BYD ATTO 2,16
2026,7,KIA,SORENTO,16
2026,7,BMW,X1 SDRIVE20I,16
2026,7,MINI,JCW,16
2026,7,AUDI,Q6 SUV E-TRON QUATTRO,15
2026,7,VOLKSWAGEN,CALIFORNIA,15
2026,7,BMW,I4 EDRIVE40,15
2026,7,AUDI,Q5 SB 220KW TFSI E,15
2026,7,AUDI,Q7 55 TFSI E,15
2026,7,VOLKSWAGEN,ID.3 NEO 170KW,15
2026,7,RENAULT,CAPTUR,15
2026,7,OPEL,VIVARO,15
2026,7,AUDI,Q8 55 TFSI E,15
2026,7,DONGFENG,BOX,15
2026,7,AUDI,A6 AVANT 270KW TFSI E,14
2026,7,AUDI,A3 SPORTBACK,14
2026,7,PORSCHE,MACAN,14
2026,7,AUDI,A5 AVANT 270KW TFSI E,14
2026,7,LEAPMOTOR,B05,13
2026,7,HYUNDAI,BAYON,13
2026,7,SEAT,SEAT ATECA,13
2026,7,ZEEKR,X,13
2026,7,LAND ROVER,RANGE ROVER VELAR,13
2026,7,HONDA,CR-V,13
2026,7,PORSCHE,CAYENNE TURBO,13
2026,7,AUDI,A6 LIM 220KW TFSI E,13
2026,7,CITROEN,C4,13
2026,7,CITROEN,C4 X,12
2026,7,PORSCHE,CAYENNE S E-HYBRID,12
2026,7,VOLKSWAGEN,TRANSPORTER,12
2026,7,SEAT,SEAT LEON E-HYBRID150,12
2026,7,MITSUBISHI,ECLIPSE CROSS,12
2026,7,VOLKSWAGEN,ID.4 GTX 250KW,12
2026,7,MAZDA,MAZDA3,12
2026,7,BYD,BYD SEAL,12
2026,7,LANCIA,YPSILON,12
2026,7,MG,MG S9 PHEV,12
2026,7,MG,MG S5 EV,12
2026,7,CUPRA,BORN 140 KW 58/61 KWH,12
2026,7,AUDI,A6 AVANT 220KW TFSI E,12
2026,7,MERCEDES-BENZ,CLA 180,12
2026,7,VOLKSWAGEN,ID.3 PRO S 150 KW,11
2026,7,MERCEDES-BENZ,GLE 400 E 4MATIC,11
2026,7,HONDA,CIVIC,11
2026,7,XPENG,P7+,11
2026,7,MERCEDES-BENZ,GLB 200,11
2026,7,VOLKSWAGEN,ID.7 PURE,11
2026,7,MERCEDES-BENZ,GLE 400 E 4MATIC COUPE,11
2026,7,DS AUTOMOBILES,N 4,11
2026,7,VOLKSWAGEN,ID.3 PRO 150 KW,10
2026,7,CITROEN,JUMPER,10
2026,7,NISSAN,NISSAN X-TRAIL,10
2026,7,MERCEDES-BENZ,AMG GLE 53 HYBRID,10
2026,7,BMW,225E XDRIVE ACTIVE TOURER,10
2026,7,BMW,320I,10
2026,7,ALFA ROMEO,TONALE,10
2026,7,MERCEDES-BENZ,GLC 400 E 4MATIC,10
2026,7,LAMBORGHINI,URUS,10
2026,7,CUPRA,CUPRA LEON SP E-HYBRID200,10
2026,7,VOLKSWAGEN,ID.4 PRO 4MOTION 220KW,10
2026,7,TESLA,MODEL 3,10
2026,7,AUDI,Q6 SB E-TRON PERFORMANCE,10
2026,7,AUDI,RS 5 LIMOUSINE,9
2026,7,MERCEDES-BENZ,AMG GLE 53 HYBRID COUPE,9
2026,7,CUPRA,BORN 170 KW 79/84 KWH,9
2026,7,VOLKSWAGEN,ID.7 TOURER GTX,9
2026,7,SMART,#1,9
2026,7,VOLKSWAGEN,ID. BUZZ PRO LR 210 KW,9
2026,7,PORSCHE,PANAMERA 4 E-HYBRID,9
2026,7,MERCEDES-BENZ,EQE 300,9
2026,7,NISSAN,TOWNSTAR,9
2026,7,ZEEKR,001,9
2026,7,BMW,318I,9
2026,7,PORSCHE,CAYENNE S,8
2026,7,GENESIS,GV60,8
2026,7,MERCEDES-BENZ,CLA 250,8
2026,7,CITROEN,JUMPY,8
2026,7,AUDI,A6 AV E-TRON PERFORMANCE,8
2026,7,BMW,520I,8
2026,7,KNAUS,R07,8
2026,7,MAZDA,MAZDA CX-6E,8
2026,7,DS AUTOMOBILES,N 7,8
2026,7,MERCEDES-BENZ,S 580 E 4MATIC,8
2026,7,CUPRA,CUPRA LEON E-HYBRID150,8
2026,7,MERCEDES-BENZ,G 580,7
2026,7,BMW,X1 XDRIVE30E,7
2026,7,BMW,M440I XDRIVE,7
2026,7,PORSCHE,MACAN GTS,7
2026,7,AUDI,Q4 SB E-TRON PERFORMANCE,7
2026,7,SKODA,ELROQ RS,7
2026,7,MERCEDES-BENZ,CLA 350 4MATIC,6
2026,7,BURSTNER GMBH,BC6003,6
2026,7,SUBARU,SOLTERRA,6
2026,7,BMW,IX XDRIVE45,6
2026,7,DS AUTOMOBILES,N 8,6
2026,7,ADRIA,COMPACT DL,6
2026,7,BMW,420I,6
2026,7,VOLKSWAGEN,ID.BUZZ PRO KR 210 KW,6
2026,7,HONDA,PRELUDE,6
2026,7,BMW,330E XDRIVE,6
2026,7,BMW,IX1 XDRIVE30,6
2026,7,PORSCHE,MACAN 4S,5
2026,7,BMW,X2 SDRIVE20I,5
2026,7,MERCEDES-BENZ,GLA 180,5
2026,7,BURSTNER GMBH,BT7011,5
2026,7,SUBARU,SUBARU E-OUTBACK,5
2026,7,BMW,M760E XDRIVE,5
2026,7,LEXUS,LEXUS ES350E,5
2026,7,HONDA,ZR-V,5
2026,7,MERCEDES-BENZ,AMG E 53 HYBRID,5
2026,7,PEUGEOT,EXPERT,5
2026,7,BURSTNER GMBH,BT6905,5
2026,7,MERCEDES-BENZ,C 180,5
2026,7,BMW,XM 50E,5
2026,7,NISSAN,NISSAN ARIYA,5
2026,7,RAPIDO,N/A,5
2026,7,BMW,M340I XDRIVE,5
2026,7,BMW,320D,5
2026,7,MERCEDES-BENZ,EQV,5
2026,7,CARTHAGO,C1-TOURER T 143 KB-LE,5
2026,7,BMW,218I ACTIVE TOURER,5
2026,7,AUDI,E-TRON GT,5
2026,7,LEXUS,LEXUS UX300H,5
2026,7,PORSCHE,CAYENNE TURBO E-HYBRID,5
2026,7,MAZDA,MAZDA CX-80,5
2026,7,KNAUS,R05,5
2026,7,MINI,JCW ACEMAN E,5
2026,7,AUDI,Q4 40 E-TRON,4
2026,7,ADRIA,TWIN 600SLB,4
2026,7,MERCEDES-BENZ,B 250 E,4
2026,7,ADRIA,CORAL 650DL,4
2026,7,AUDI,A6 LIM 270KW TFSI E,4
2026,7,BMW,XM LABEL,4
2026,7,PORSCHE,911 CARRERA 4 GTS,4
2026,7,BENTLEY,CONTINENTAL GT S,4
2026,7,DS AUTOMOBILES,N?7,4
2026,7,CUPRA,CUPRA LEON E-HYBRID200,4
2026,7,KG MOBILITY,KG MOBILITY TORRES EVX,4
2026,7,BYD,BYD SEALION 7,4
2026,7,JAECOO,JAECOO7,4
2026,7,VOYAH,COURAGE,4
2026,7,BMW,I5 M60 XDRIVE,4
2026,7,BMW,430I XDRIVE,4
2026,7,BMW,X3 M50 XDRIVE,4
2026,7,AUDI,A5 LIM 270KW TFSI E,4
2026,7,KNAUS,R15,4
2026,7,GENESIS,GV70,4
2026,7,AUDI,A6 SB E-TRON PERFORMANCE,4
2026,7,MERCEDES-BENZ,VITO TOURER,4
2026,7,FERRARI,FERRARI 12CILINDRI SPIDER,4
2026,7,BYD,DOLPHIN G,4
2026,7,MERCEDES-BENZ,EQE 350+,4
2026,7,DEEPAL,DEEPAL S05,4
2026,7,BYD,BYD DOLPHIN,4
2026,7,WEINSBERG,R57,4
2026,7,MERCEDES-BENZ,GLB 350 4MATIC,4
2026,7,LEXUS,LEXUS RZ500E,4
2026,7,HYUNDAI,I10,4
2026,7,LEXUS,LEXUS RX450H+,4
2026,7,ABARTH,600E,4
2026,7,BMW,I5 XDRIVE40,4
2026,7,BMW,330I XDRIVE,4
2026,7,MERCEDES-BENZ,E 450 D 4MATIC,3
2026,7,BMW,X7 XDRIVE40I,3
2026,7,JEEP,WRANGLER UNLIMITED,3
2026,7,PORSCHE,PANAMERA 4S E-HYBRID,3
2026,7,PORSCHE,911 TARGA 4 GTS,3
2026,7,HYMER,B-MC T 680,3
2026,7,MINI,COUNTRYMAN S ALL4,3
2026,7,CITROEN,E-C4 X,3
2026,7,ADRIA,TWIN 600SPB,3
2026,7,CUPRA,BORN 150 KW 60/63 KWH,3
2026,7,CAPRON,CV 602,3
2026,7,PORSCHE,TAYCAN,3
2026,7,DS AUTOMOBILES,DS 3,3
2026,7,KNAUS,R30,3
2026,7,HYMER,B-MC T 600,3
2026,7,AUDI,Q4 E-TRON,3
2026,7,MERCEDES-BENZ,CLA 250 E,3
2026,7,OPEL,MOVANO,3
2026,7,BYD,BYD SEAL U,3
2026,7,AUDI,S6 AV E-TRON,3
2026,7,CUPRA,BORN 170 KW 60/63 KWH,3
2026,7,AUDI,SQ7,3
2026,7,BMW,M135 XDRIVE,3
2026,7,VOLKSWAGEN,ID BUZZ PRO LR 210 KW,3
2026,7,MERCEDES-BENZ,EQB 250+,3
2026,7,MERCEDES-BENZ,CLE 300 E,3
2026,7,HYMER,B-ML I 780,3
2026,7,AUDI,Q4 SPORTBACK 40 E-TRON,3
2026,7,HYUNDAI,IONIQ6 N,3
2026,7,ADRIA,CORAL 670DL,3
2026,7,CHAUSSON,630,3
2026,7,KG MOBILITY,KG MOBILITY ACTYON,3
2026,7,VOLKSWAGEN,ID.3 PURE 125 KW,3
2026,7,DEEPAL,DEEPAL S07,3
2026,7,POESSL,SUMMIT 540,3
2026,7,LEXUS,LEXUS RZ550E,2
2026,7,KNAUS,R19,2
2026,7,PORSCHE,TAYCAN 4,2
2026,7,MERCEDES-BENZ,GLC 300 DE 4MATIC,2
2026,7,FRANKIA,PLATIN,2
2026,7,BMW,M235 XDRIVE,2
2026,7,PORSCHE,911 CARRERA,2
2026,7,WEINSBERG,R47,2
2026,7,AUDI,Q4 SB E-TRON,2
2026,7,MERCEDES-BENZ,E 300 DE,2
2026,7,SUN LIVING,S-SERIES S 70SL,2
2026,7,PORSCHE,MACAN TURBO,2
2026,7,ERIBA,CAR 600,2
2026,7,BMW,123 XDRIVE,2
2026,7,BMW,Z4 SDRIVE30I,2
2026,7,KNAUS,R12,2
2026,7,MERCEDES-BENZ,S 450 E,2
2026,7,DS AUTOMOBILES,N?4,2
2026,7,BMW,I7 EDRIVE50,2
2026,7,VOLKSWAGEN,CARAVELLE,2
2026,7,BMW,I4 XDRIVE40,2
2026,7,BENTLEY,CONTINENTAL GT SPEED,2
2026,7,FERRARI,296 SPECIALE,2
2026,7,MASERATI,GRECALE FOLGORE,2
2026,7,ADRIA,TWIN 640SLB,2
2026,7,HYUNDAI,I 30,2
2026,7,BMW,IX XDRIVE60,2
2026,7,PORSCHE,911 CARRERA 4S,2
2026,7,CAPRON,V67S/ V347,2
2026,7,SEAT,SEAT LEON,2
2026,7,MINI,JCW E,2
2026,7,BMW,540D XDRIVE,2
2026,7,AUTOMOBILI LAMBORGHINI S.,URUS,2
2026,7,LUCID MOTORS,AIR,2
2026,7,VOLKSWAGEN,ID. POLO 155KW,2
2026,7,AUDI,Q6 SB E-TRON QUATTRO,2
2026,7,BMW,M4 COMPETITION M XDRIVE,2
2026,7,BMW,X1 XDRIVE23I,2
2026,7,VOYAH,FREE,2
2026,7,PORSCHE,PANAMERA TURBO S E-HYBRID,2
2026,7,BENTLEY,CONTINENTAL GTC S,2
2026,7,BMW,I4 M60 XDRIVE,2
2026,7,HYMER,GRAND CANYON S 600 4X4,2
2026,7,DFSK,DFSK E5,2
2026,7,BENIMAR,TESSORO 481,2
2026,7,CHRYSLER,PACIFICA HYBRID,2
2026,7,ADRIA,TWIN 640SGX,2
2026,7,POESSL,SUMMIT 600,2
2026,7,BMW,230E XDRIVE ACTIVE TOURER,2
2026,7,SUBARU,CROSSTREK,2
2026,7,VOLKSWAGEN,ID.BUZZ 4MOTION LR 250 KW,2
2026,7,KNAUS,R11,2
2026,7,BYD,HAN,2
2026,7,AUDI,A3 ALLSTREET PHEV 150,2
2026,7,LUCID MOTORS,LUCID GRAVITY,2
2026,7,LEXUS,LEXUS ES300H,2
2026,7,BMW,IX2 XDRIVE30,2
2026,7,AUDI,A6 SB E-TRON QUATTRO,2
2026,7,HYMER,ML-T 580 XPERIENCE,2
2026,7,ROBETA,ROBETA APOLLO 180,2
2026,7,TOURNE MOBIL,TOURNE,2
2026,7,MELEX,N30 P6,2
2026,7,HYMER,B-MC I 680,2
2026,7,POESSL,KW 34,2
2026,7,HYMER,ML-T 580 CROSSTRAIL,2
2026,7,CAPRON,T69LC/ T459,2
2026,7,MERCEDES-BENZ,AMG GLC 53 4MATIC+,2
2026,7,TOTH ES FIAI,CLEVER,2
2026,7,LAIKA,ECOVIP H4109,1
2026,7,HYMER,GT-S 685,1
2026,7,BURSTNER GMBH,BC6007,1
2026,7,MAZDA,CX-5,1
2026,7,WEINSBERG,R59,1
2026,7,ETRUSCO,T6900 SB,1
2026,7,BMW,Z4 M40I,1
2026,7,VOLKSWAGEN,ID. BUZZ PURE KR 125 KW,1
2026,7,BURSTNER GMBH,BT6608,1
2026,7,ROBETA,ROBETA APOLLO 140,1
2026,7,MG,HS HYBRID+,1
2026,7,AUDI,A6 AV E-TRON QUATTRO,1
2026,7,BENTLEY,BENTAYGA SPEED,1
2026,7,BMW,X1 SDRIVE18I,1
2026,7,MCLOUIS,CARAT 481,1
2026,7,BMW,X5 M60I XDRIVE,1
2026,7,HYMER,B-ML I 880,1
2026,7,BENIMAR,BENIVAN B161 ES,1
2026,7,CAPRON,CV 640,1
2026,7,DETHLEFFS,JUST GO T6815,1
2026,7,MERCEDES-BENZ,CLA 200 4MATIC,1
2026,7,POESSL,SUMMIT 640,1
2026,7,HYMER,FREE 540,1
2026,7,MERCEDES-BENZ,E 450 4MATIC,1
2026,7,DS AUTOMOBILES,N?8,1
2026,7,RENAULT,E-TECH MASTER,1
2026,7,POESSL,KW 42,1
2026,7,ASTON MARTIN,VALHALLA,1
2026,7,CARADO,V337,1
2026,7,ADRIA,SUPER SONIC 780DL,1
2026,7,KNAUS,R06,1
2026,7,CARTHAGO,LINER FOR TWO 53 L,1
2026,7,AUDI,Q3 S LINE TDI PS S TRONIC,1
2026,7,BMW,218I,1
2026,7,LEXUS,NX350H,1
2026,7,LAMBORGHINI,TEMERARIO,1
2026,7,AUDI,RS 3 SPORTBACK,1
2026,7,IVECO,50C/35 ALL-ROAD,1
2026,7,FERRARI,FERRARI 12CILINDRI,1
2026,7,WESTFALIA,SVEN HEDIN,1
2026,7,MERCEDES-BENZ,CLE 180,1
2026,7,RENAULT,ANTILOPE F5,1
2026,7,SUN LIVING,C-SERIES C 70DL,1
2026,7,MERCEDES-BENZ,EQS 450+,1
2026,7,PILOTE,P690D,1
2026,7,LOTUS,ELETRE,1
2026,7,LMC,T25_1063,1
2026,7,LEXUS,LEXUS LM350H,1
2026,7,VOLKSWAGEN,ID. BUZZ GTX LR 250 KW,1
2026,7,HYMER,GRAND CANYON,1
2026,7,ASTON MARTIN,VANQUISH VOLANTE,1
2026,7,BENTLEY,BENTAYGA AZURE HYBRID,1
2026,7,WEINSBERG,R58,1
2026,7,HYMER,EXSIS-T 474,1
2026,7,CAPRON,T670S/T338T,1
2026,7,CARTHAGO,MALIBU VAN 640 R LE,1
2026,7,LA STRADA,AVANTI EB,1
2026,7,CHAUSSON,640,1
2026,7,CARTHAGO,MALIBU VAN 600 DB,1
2026,7,VOLKSWAGEN,ID.BUZZ 4MOTION KR 250 KW,1
2026,7,ASTON MARTIN,VANTAGE S ROADSTER,1
2026,7,DETHLEFFS,TREND I 7057 DBL/EBL,1
2026,7,MERCEDES-BENZ,S 580 4MATIC,1
2026,7,PANAMA,PEAK 50+,1
2026,7,CONCORDE,CARVER 790 LI,1
2026,7,MG,MG CYBERSTER,1
2026,7,KABE,KABE TMMI 910 GB,1
2026,7,PORSCHE,911 CARRERA S,1
2026,7,HYMER,ML-T 580,1
2026,7,CAPRON,CV 640 PLUS,1
2026,7,WESTFALEN MOBIL,WESTFALIA GP1,1
2026,7,VOLKSWAGEN,TOUAREG R,1
2026,7,MERCEDES-BENZ,CLE 200,1
2026,7,GIOTTILINE,GIOTTIVAN 60B,1
2026,7,MERCEDES-BENZ,B 180,1
2026,7,MORGAN,PLUS FOUR,1
2026,7,DETHLEFFS,JUST T 7052 EB/DBM,1
2026,7,ADRIA,SUPERTWIN 700SGX,1
2026,7,CAPRON,T690L/T449T,1
2026,7,CARTHAGO,C1-TOURER T 149 RB-LE,1
2026,7,BMW,X5 XDRIVE40I,1
2026,7,AUDI,Q3 SPORTBACK / FJ/SDXDBF1,1
2026,7,BENTLEY,CONTINENTAL GTC SPEED,1
2026,7,EURA MOBIL,PROFILA 726 EFL,1
2026,7,MERCEDES-BENZ,E 300 E 4MATIC,1
2026,7,BMW,X6 M COMPETITION,1
2026,7,DETHLEFFS,KW 42,1
2026,7,CARTHAGO,MALIBU VAN 640 LE RB GT,1
2026,7,MC LAREN,MCLAREN 750S SPIDER,1
2026,7,ASTON MARTIN,DB12 VOLANTE,1
2026,7,HYMER,FREE 600 CAMPUS,1
2026,7,FORD,TRANSIT,1
2026,7,SUNLIGHT,V66,1
2026,7,VOLVO,XC60 / UZM1,1
2026,7,CHAUSSON,X650,1
2026,7,PORSCHE,911 GT3,1
2026,7,WESTFALEN MOBIL,FORD NUGGET,1
2026,7,LEXUS,LEXUS ES500E,1
2026,7,BMW,220I ACTIVE TOURER,1
2026,7,MERCEDES-BENZ,EQS 500 4MATIC,1
2026,7,CAPRON,V66/ V337,1
2026,7,CAPRON,CVE 640PLUS,1
2026,7,POESSL,KW 22,1
2026,7,CARTHAGO,C2-TOURER I 143 KB-LE,1
2026,7,NIESMANN+BISCHOFF,ARTO 88,1
2026,7,BENIMAR,TESSORO 425,1
2026,7,POESSL,KW 41,1
2026,7,BMW,X2 M35I XDRIVE,1
2026,7,CROSSCAMP,UVR 033-CCOP,1
2026,7,NISSAN,X-TRAIL T33/C22,1
2026,7,BMW,X4 XDRIVE30I,1
2026,7,HYMER,B-MC T 580 BLACK LINE,1
2026,7,MERCEDES-BENZ,MARCO POLO,1
2026,7,ETRUSCO,V 6.8 SCF,1
2026,7,OPEL,ZAFIRA LIFE,1
2026,7,HONDA,`HR-V- ELEGENCE,1
2026,7,GENESIS,G80,1
2026,7,ADRIA,COMPACT MAX SL,1
2026,7,LEXUS,RX450H+/M26,1
2026,7,BMW,Z4 SDRIVE20I,1
2026,7,AUDI,S3 SPORTBACK,1
2026,7,FERRARI,FERRARI AMALFI,1
2026,7,BMW,M240I XDRIVE,1
2026,7,RC MOTORHOMES,RC9M,1
2026,7,MG,MG4 EV,1
2026,7,DETHLEFFS,TREND T 6817 EB,1
2026,7,BENTLEY,CONTINENTAL GTC MULLINER,1
2026,7,RENAULT,MASTER,1
2026,7,DONKERVOORT,F22,1
2026,7,BMW,M2,1
2026,7,MERCEDES-BENZ,E 400 E 4MATIC,1
2026,7,HYMER,YOSEMITE,1
2026,7,CARADO,T338T,1
2026,7,ADRIA,TWIN 600SX,1
2026,7,MC LOUIS,AVANTGARDE SLIM 331,1
2026,7,POLESTAR,POLESTAR 3,1
2026,7,MERCEDES-AMG,AMG GT 63 S E PERFORMANCE,1
2026,7,KIA,CARNIVAL EX,1
2026,7,NIO,EL6,1
2026,7,BENTLEY,CONTINENTAL GT MULLINER,1
2026,7,PILOTE,P690GJ,1
2026,7,ADRIA,MATRIX MB 670DL,1
2026,7,CAPRON,CV 600 PLUS,1
2026,7,BYD,ATTO 2 DM-I,1
2026,7,KG MOBILITY,KG MOBILITY TORRES,1
2026,7,SKODA,OCTAVIA NX/AADXDBX0,1
2026,7,NIO,FIREFLY,1
2026,7,NIESMANN-BISCHOFF,ARTO 78,1
2026,7,YUCON,MICROLINER YUCON,1
2026,7,WESTFALIA,COLUMBUS,1
2026,7,ETRUSCO,V 6.6 SF,1
2026,7,CAPRON,T67/ T448,1
2026,7,DETHLEFFS,JUST T 7052 EBL/DBL,1
2026,7,HYMER,GRAND CANYON S 4X4,1
2026,7,OPEL,COMBO-E LIFE,1
2026,7,ASTON MARTIN,DB12 S VOLANTE,1
2026,7,ALPINE,A390,1
2026,7,CARTHAGO,CHIC E-LINE I 64 XL QB,1
2026,7,CAPRON,CVE 602,1
2026,7,CARTHAGO,CHIC C-LINE I 4.9 LE L,1
2026,7,EURA MOBIL,DEXTER 625,1
2026,7,HYMER,ML-T 580 4X4,1
2026,7,MERCEDES-BENZ,VITO,1
2026,7,TOYOTA,PROACE,1
2026,7,BMW,IX M70 XDRIVE,1
2026,7,MCLOUIS,CARAT 470,1
2026,7,CARTHAGO,MALIBU GENIUS 641 LE,1
2026,7,PILOTE,P740FC,1
2026,7,BURSTNER GMBH,BC6211,1
2026,7,PORSCHE,911 CARRERA GTS,1
2026,7,SUNLIGHT,CV640,1
2026,7,CADILLAC,LYRIQ,1
2026,7,DETHLEFFS,TREND I 6817 EB,1
2026,7,DONKERVOORT,P24,1
2026,7,LAIKA,KOSMO L105,1
2026,7,CHAUSSON,S697,1
2026,7,MASERATI,GRECALE MODENA,1
2026,7,ADRIA,CORAL MB 670DL,1
2026,7,ADRIA,CORAL 670SL,1
2026,7,EURA MOBIL,XTURA 686 EF,1
2026,7,MASERATI,GRANTURISMO FOLGORE,1
2026,7,BMW,223 XDRIVE,1
2026,7,CARTHAGO,CHIC C-LINE I 4.9 LE,1
2026,7,CARTHAGO,MALIBU VAN 640 LE K,1
2026,7,BMW,X3 20 XDRIVE,1
2026,7,LMC,T660,1
2026,8,TOYOTA,TOYOTA AYGO X,664
2026,8,HYUNDAI,KONA,631
2026,8,KIA,EV2,565
2026,8,KIA,EV3,565
2026,8,KIA,PICANTO,564
2026,8,TESLA,MODEL Y,549
2026,8,TESLA,MODEL 3,483
2026,8,HYUNDAI,INSTER,419
2026,8,FORD,PUMA,390
2026,8,KIA,EV5,389
2026,8,CUPRA,RAVAL 155KW,374
2026,8,FORD,KUGA,373
2026,8,PEUGEOT,2008,365
2026,8,BMW,IX1 EDRIVE20,364
2026,8,RENAULT,RENAULT 5 E-TECH ELECTRIC,362
2026,8,TOYOTA,TOYOTA C-HR,326
2026,8,SKODA,ELROQ 60,307
2026,8,RENAULT,CLIO,281
2026,8,BMW,IX3 40,270
2026,8,SKODA,ELROQ 85,268
2026,8,SKODA,KODIAQ,264
2026,8,VOLVO,EX40,260
2026,8,VOLKSWAGEN,T-ROC,258
2026,8,TOYOTA,TOYOTA COROLLA,257
2026,8,VOLVO,EX30,252
2026,8,PEUGEOT,208,249
2026,8,OPEL,CORSA,247
2026,8,BYD,BYD ATTO 2  DM-I,244
2026,8,TOYOTA,TOYOTA YARIS,240
2026,8,VOLKSWAGEN,TIGUAN,232
2026,8,TOYOTA,URBAN CRUISER,226
2026,8,TOYOTA,TOYOTA YARIS CROSS,221
2026,8,VOLKSWAGEN,POLO,215
2026,8,SUZUKI,SWIFT,211
2026,8,CITROEN,E-C3,200
2026,8,BYD,BYD SEAL U DM-I,184
2026,8,MERCEDES-BENZ,GLA 250 E,182
2026,8,BMW,IX3 50 XDRIVE,181
2026,8,HYUNDAI,TUCSON,179
2026,8,DACIA,SANDERO,175
2026,8,OPEL,FRONTERA,168
2026,8,SKODA,ENYAQ 85,168
2026,8,BMW,X3 30E XDRIVE,165
2026,8,KIA,EV4,162
2026,8,KIA,SPORTAGE,154
2026,8,RENAULT,RENAULT 4 E-TECH ELECTRIC,154
2026,8,NISSAN,NISSAN QASHQAI,150
2026,8,MERCEDES-BENZ,CLA 250+,138
2026,8,FORD,EXPLORER,138
2026,8,TOYOTA,TOYOTA RAV4,137
2026,8,BMW,X5 XDRIVE50E,137
2026,8,VOLKSWAGEN,ID.4 PRO 210KW,136
2026,8,KIA,NIRO,132
2026,8,CITROEN,C5 AIRCROSS,131
2026,8,SEAT,IBIZA,121
2026,8,MERCEDES-BENZ,GLC 400 4MATIC WITH EQ TE,121
2026,8,RENAULT,CAPTUR (E-TECH HYBRID),120
2026,8,LEAPMOTOR,T03,117
2026,8,KIA,STONIC,115
2026,8,RENAULT,TWINGO E-TECH ELECTRIC,115
2026,8,PEUGEOT,3008,115
2026,8,JEEP,COMPASS,112
2026,8,LEAPMOTOR,B10,111
2026,8,ZEEKR,7GT,107
2026,8,JEEP,AVENGER,106
2026,8,VOLKSWAGEN,TAYRON,105
2026,8,RENAULT,SCENIC E-TECH ELECTRIC,105
2026,8,RENAULT,SYMBIOZ,105
2026,8,KIA,K4,103
2026,8,MINI,COOPER SE,102
2026,8,AUDI,A3 SPORTBACK PHEV 150,99
2026,8,DACIA,BIGSTER,98
2026,8,SUZUKI,VITARA,98
2026,8,DACIA,DUSTER,98
2026,8,LEAPMOTOR,C10,97
2026,8,DACIA,JOGGER,96
2026,8,JAECOO,JAECOO7 PHEV,94
2026,8,SKODA,OCTAVIA,94
2026,8,CITROEN,C3 AIRCROSS,92
2026,8,LYNK&CO,LYNK & CO 01,91
2026,8,MERCEDES-BENZ,GLB 250+,91
2026,8,AUDI,Q3 200KW TFSI E,90
2026,8,VOLKSWAGEN,ID. POLO 155KW,89
2026,8,VOLKSWAGEN,GOLF,88
2026,8,XPENG,G6,87
2026,8,PEUGEOT,308,85
2026,8,MERCEDES-BENZ,EVITO TOURER,82
2026,8,OPEL,GRANDLAND,82
2026,8,VOLKSWAGEN,ID.7 TOURER PRO,80
2026,8,ZEEKR,7X,79
2026,8,HYUNDAI,IONIQ5,79
2026,8,PEUGEOT,5008,77
2026,8,CITROEN,E-C3 AIRCROSS,77
2026,8,MAZDA,MAZDA 6E,76
2026,8,SKODA,FABIA,76
2026,8,BMW,120,76
2026,8,POLESTAR,POLESTAR 2,75
2026,8,MITSUBISHI,MITSUBISHI OUTLANDER,75
2026,8,VOLVO,XC90,72
2026,8,FIAT,500,72
2026,8,BMW,X1 XDRIVE25E,72
2026,8,FIAT,PANDA,70
2026,8,BYD,ATTO 3 EVO,69
2026,8,BMW,330E,68
2026,8,CITROEN,C3,68
2026,8,TOYOTA,TOYOTA BZ4X,67
2026,8,VOLVO,XC40,66
2026,8,TOYOTA,TOYOTA BZ4X TOURING,65
2026,8,SKODA,KAMIQ,65
2026,8,MERCEDES-BENZ,C 300 E,64
2026,8,LAND ROVER,RANGE ROVER SPORT,64
2026,8,VOLVO,XC60,63
2026,8,OPEL,MOKKA,61
2026,8,BMW,M5,60
2026,8,MINI,ACEMAN SE,59
2026,8,RENAULT,AUSTRAL,58
2026,8,RENAULT,CAPTUR E-TECH HYBRID,57
2026,8,MINI,COOPER C,57
2026,8,MAZDA,MAZDA CX-5,56
2026,8,MERCEDES-BENZ,CLA 200,56
2026,8,VOLKSWAGEN,T-CROSS,55
2026,8,MERCEDES-BENZ,A 250 E,55
2026,8,OPEL,ASTRA SPORTS TOURER,55
2026,8,VOLVO,V60,54
2026,8,MERCEDES-BENZ,GLC 300 E 4MATIC,53
2026,8,BMW,I5 EDRIVE40,53
2026,8,BYD,BYD DOLPHIN SURF,52
2026,8,RENAULT,CLIO E-TECH HYBRID,51
2026,8,BMW,530E,51
2026,8,MG,MG4 EV URBAN,50
2026,8,AUDI,Q4 E-TRON QUATTRO PERF,50
2026,8,AUDI,A3 SPORTBACK,50
2026,8,NISSAN,NISSAN LEAF,48
2026,8,CUPRA,BORN 140 KW 58/61 KWH,48
2026,8,GEELY,STARRAY EM-I,47
2026,8,MG,MG3 HYBRID+,46
2026,8,RENAULT,MEGANE E-TECH ELECTRIC,46
2026,8,VOLVO,EX90,45
2026,8,OMODA,OMODA5 EV,44
2026,8,JAECOO,JAECOO5 EV,43
2026,8,POLESTAR,POLESTAR 4,41
2026,8,MINI,COUNTRYMAN E,41
2026,8,SKODA,SUPERB,41
2026,8,MAZDA,MAZDA CX-6E,41
2026,8,AUDI,Q6 SUV E-TRON PERFORMANCE,41
2026,8,SEAT,SEAT LEON SP E-HYBRID150,41
2026,8,LYNK&CO,LYNK & CO 08,40
2026,8,AUDI,A5 AVANT 220KW TFSI E,40
2026,8,NISSAN,NISSAN JUKE,38
2026,8,OPEL,ASTRA,38
2026,8,BYD,DOLPHIN G,38
2026,8,AUDI,Q3 SB 200KW TFSI E,38
2026,8,SUZUKI,S-CROSS,38
2026,8,AUDI,Q5 270KW TFSI E,38
2026,8,AUDI,Q2,36
2026,8,OMODA,OMODA 9,36
2026,8,VOLVO,EC40,36
2026,8,NISSAN,NISSAN MICRA,36
2026,8,BYD,BYD ATTO 2,35
2026,8,MG,MG S9 PHEV,35
2026,8,BMW,IX2 EDRIVE20,35
2026,8,SMART,#3,35
2026,8,MINI,COOPER E,35
2026,8,FIAT,600,35
2026,8,JAECOO,JAECOO5 HYBRID,35
2026,8,MAZDA,MAZDA2 HYBRID,34
2026,8,RENAULT,ESPACE,34
2026,8,CUPRA,TERRAMAR E-HYBRID,34
2026,8,BMW,I4 EDRIVE40,34
2026,8,VOLVO,ES90,33
2026,8,OMODA,OMODA5,33
2026,8,VOLKSWAGEN,ID.4 PURE 140 KW,33
2026,8,LAND ROVER,DEFENDER,33
2026,8,AUDI,Q6 SUV E-TRON,33
2026,8,MERCEDES-BENZ,E 300 E,33
2026,8,CUPRA,TAVASCAN,33
2026,8,MINI,ACEMAN E,33
2026,8,VOLVO,EX30 CROSS COUNTRY,32
2026,8,MITSUBISHI,ASX,32
2026,8,AUDI,Q4 E-TRON PERFORMANCE,32
2026,8,FORD,CAPRI,31
2026,8,LYNK&CO,LYNK & CO 02,31
2026,8,MERCEDES-BENZ,ESPRINTER,31
2026,8,BMW,I4 EDRIVE35,31
2026,8,HONDA,JAZZ,31
2026,8,AUDI,A1 SPORTBACK,30
2026,8,VOLKSWAGEN,ID.7 TOURER PRO S,30
2026,8,MAZDA,MAZDA CX-30,30
2026,8,VOLKSWAGEN,CADDY,30
2026,8,LEXUS,LEXUS LBX,30
2026,8,PEUGEOT,408,29
2026,8,SUZUKI,E VITARA,29
2026,8,KIA,EV9,29
2026,8,HYUNDAI,SANTA FE,29
2026,8,MERCEDES-BENZ,EQA 250+,28
2026,8,LEAPMOTOR,B05,28
2026,8,VOLKSWAGEN,PASSAT,28
2026,8,ALFA ROMEO,ALFA ROMEO JUNIOR,27
2026,8,AUDI,Q5 220KW TFSI E,27
2026,8,DEEPAL,DEEPAL S05,27
2026,8,MG,MG ZS,27
2026,8,FORD,TRANSIT CUSTOM,27
2026,8,FIAT,500 HYBRID,26
2026,8,HYUNDAI,I20,25
2026,8,AUDI,A5 LIM 220KW TFSI E,25
2026,8,FORD,TOURNEO CONNECT,25
2026,8,HONDA,HR-V,25
2026,8,ALPINE,A290,24
2026,8,SKODA,ELROQ 50,24
2026,8,AUDI,A6 AV E-TRON,23
2026,8,VOLKSWAGEN,TAIGO,23
2026,8,DACIA,SPRING,23
2026,8,VOLKSWAGEN,ID.BUZZ PRO LR 210 KW,23
2026,8,BMW,X1 SDRIVE20I,23
2026,8,SUBARU,SUBARU UNCHARTED,22
2026,8,MERCEDES-BENZ,GLB 200,22
2026,8,XPENG,G9,22
2026,8,XPENG,P7+,22
2026,8,KIA,PV5,22
2026,8,FORD,MUSTANG MACH-E,22
2026,8,KIA,EV6,22
2026,8,LEAPMOTOR,B03X,22
2026,8,SKODA,ENYAQ 60,20
2026,8,BMW,318I,20
2026,8,AUDI,RS 5 AVANT,20
2026,8,SEAT,ARONA,20
2026,8,AUDI,Q5 SB 270KW TFSI E,20
2026,8,AUDI,Q6 SUV E-TRON QUATTRO,20
2026,8,SMART,#5,20
2026,8,BYD,BYD SEAL U,19
2026,8,HYUNDAI,BAYON,19
2026,8,LAND ROVER,RANGE ROVER,19
2026,8,PORSCHE,911 TURBO S,19
2026,8,MITSUBISHI,COLT,19
2026,8,AUDI,A6 AVANT 270KW TFSI E,19
2026,8,ZEEKR,X,18
2026,8,BYD,SEAL 6 DM-I TOURING,18
2026,8,PORSCHE,CAYENNE E-HYBRID,18
2026,8,MG,MG S6 EV,18
2026,8,LAND ROVER,RANGE ROVER EVOQUE,18
2026,8,PORSCHE,MACAN 4,18
2026,8,JAECOO,JAECOO8 PHEV,18
2026,8,MG,MG S5 EV,17
2026,8,SUBARU,SUBARU E-OUTBACK,17
2026,8,MAZDA,MAZDA CX-60,17
2026,8,PORSCHE,CAYENNE TURBO,17
2026,8,MINI,COOPER S,17
2026,8,SKODA,ENYAQ RS,16
2026,8,LEXUS,LEXUS RZ350E,16
2026,8,DONGFENG,BOX,16
2026,8,CUPRA,FORMENTOR E-HYBRID,16
2026,8,NISSAN,TOWNSTAR,15
2026,8,GEELY,GEELY E5,15
2026,8,MG,MG HS,15
2026,8,BMW,550E XDRIVE,15
2026,8,GENESIS,GV60,15
2026,8,MAZDA,MAZDA CX-80,15
2026,8,MG,MG HS HYBRID+,15
2026,8,BMW,X1 XDRIVE30E,14
2026,8,MERCEDES-BENZ,S 580 E 4MATIC,14
2026,8,MERCEDES-BENZ,SPRINTER,14
2026,8,OPEL,VIVARO,14
2026,8,MITSUBISHI,GRANDIS,14
2026,8,HYUNDAI,IONIQ6,14
2026,8,RENAULT,CAPTUR,14
2026,8,MERCEDES-BENZ,VITO TOURER,14
2026,8,MAZDA,MAZDA3,14
2026,8,ALPINE,A390,13
2026,8,BYD,BYD SEALION 7,13
2026,8,PORSCHE,CAYENNE S,13
2026,8,FORD,TOURNEO CUSTOM,13
2026,8,PORSCHE,CAYENNE,13
2026,8,AUDI,Q6 SB E-TRON PERFORMANCE,13
2026,8,VOLKSWAGEN,ID.3 NEO 125KW,13
2026,8,AUDI,A6 SB E-TRON,13
2026,8,MERCEDES-BENZ,CLA 180,12
2026,8,MERCEDES-BENZ,A 180,12
2026,8,BMW,220,12
2026,8,AUDI,Q4 SB E-TRON QUATTRO PERF,12
2026,8,AUDI,A6 AV E-TRON PERFORMANCE,12
2026,8,AUDI,Q4 E-TRON,12
2026,8,CUPRA,BORN 150 KW 60/63 KWH,12
2026,8,ALFA ROMEO,TONALE,12
2026,8,KIA,SORENTO,12
2026,8,AUDI,Q5 SB 220KW TFSI E,12
2026,8,AUDI,Q6 SB E-TRON,11
2026,8,RENAULT,RAFALE,11
2026,8,LEXUS,LEXUS NX450H+,11
2026,8,BMW,I5 M60 XDRIVE,11
2026,8,MINI,JCW,11
2026,8,VOLKSWAGEN,ID.7 PRO,11
2026,8,MINI,COUNTRYMAN C,11
2026,8,CITROEN,E-C4,11
2026,8,AUDI,A3 SPORTBACK PHEV 200,11
2026,8,BMW,IX XDRIVE45,10
2026,8,HYUNDAI,IONIQ 9,10
2026,8,AUDI,A5 AVANT 270KW TFSI E,10
2026,8,AUDI,A3 LIMOUSINE,10
2026,8,MERCEDES-BENZ,CLA 250,10
2026,8,MITSUBISHI,ECLIPSE CROSS,10
2026,8,LAMBORGHINI,URUS,10
2026,8,VOLKSWAGEN,ID.BUZZ PRO KR 210 KW,10
2026,8,VOLKSWAGEN,ID.7 TOURER PURE,9
2026,8,PORSCHE,CAYENNE S E-HYBRID,9
2026,8,MERCEDES-BENZ,AMG GLE 53 HYBRID,9
2026,8,BMW,IX1 XDRIVE30,9
2026,8,VOLKSWAGEN,MULTIVAN,9
2026,8,AUDI,A6 AVANT 220KW TFSI E,9
2026,8,SEAT,SEAT ATECA,9
2026,8,SKODA,KAROQ,9
2026,8,BMW,320I,9
2026,8,MERCEDES-BENZ,B 250 E,9
2026,8,LANCIA,YPSILON,9
2026,8,PORSCHE,MACAN GTS,8
2026,8,MERCEDES-BENZ,CLA 350 4MATIC,8
2026,8,BMW,I7 50 XDRIVE,8
2026,8,VOLKSWAGEN,ID.BUZZ 4MOTION LR 250 KW,8
2026,8,BMW,M4 COMPETITION M XDRIVE,8
2026,8,MERCEDES-BENZ,GLB 250,8
2026,8,SKODA,SCALA,8
2026,8,MERCEDES-BENZ,EQV,8
2026,8,BMW,420I,8
2026,8,SEAT,SEAT LEON E-HYBRID150,8
2026,8,AUDI,Q6 SB E-TRON QUATTRO,8
2026,8,AUDI,Q4 SB E-TRON PERFORMANCE,8
2026,8,SKODA,ELROQ RS,7
2026,8,PORSCHE,MACAN,7
2026,8,CUPRA,CUPRA LEON E-HYBRID150,7
2026,8,JAECOO,JAECOO7,7
2026,8,MINI,COUNTRYMAN SE ALL4,7
2026,8,BMW,XM 50E,7
2026,8,VOLKSWAGEN,TRANSPORTER,7
2026,8,AUDI,A6 SB E-TRON PERFORMANCE,7
2026,8,ZEEKR,001,7
2026,8,MERCEDES-BENZ,C 220 D,7
2026,8,JEEP,WRANGLER UNLIMITED,7
2026,8,SMART,#1,7
2026,8,MERCEDES-BENZ,C 180,7
2026,8,HYUNDAI,I 30,7
2026,8,AUDI,Q7 55 TFSI E,6
2026,8,SEAT,SEAT LEON SP,6
2026,8,HONDA,CIVIC,6
2026,8,MERCEDES-BENZ,GLB 350 4MATIC,6
2026,8,AUDI,A5 LIM 270KW TFSI E,6
2026,8,MERCEDES-BENZ,GLE 400 E 4MATIC COUPE,6
2026,8,KNAUS,R11,6
2026,8,PEUGEOT,EXPERT,6
2026,8,BMW,IX XDRIVE60,6
2026,8,CUPRA,CUPRA LEON SP E-HYBRID150,6
2026,8,GENESIS,GV70,6
2026,8,MERCEDES-BENZ,AMG E 53 HYBRID,6
2026,8,HONDA,CR-V,6
2026,8,VOLKSWAGEN,ID.3 NEO 170KW,6
2026,8,LEXUS,LEXUS RX450H+,6
2026,8,SEAT,SEAT LEON,5
2026,8,NISSAN,NISSAN ARIYA,5
2026,8,VOLKSWAGEN,ID.3 GTX PERF. 240 KW,5
2026,8,AUDI,Q8 55 TFSI E,5
2026,8,MG,MG CYBERSTER,5
2026,8,LEXUS,LEXUS ES300H,5
2026,8,PORSCHE,PANAMERA TURBO S E-HYBRID,5
2026,8,MERCEDES-BENZ,E 450 D 4MATIC,5
2026,8,AUDI,Q4 SB E-TRON,5
2026,8,MERCEDES-BENZ,GLB 180,5
2026,8,HONDA,PRELUDE,5
2026,8,BMW,X3 M50 XDRIVE,5
2026,8,RENAULT,MASTER E-TECH,5
2026,8,PORSCHE,CAYENNE TURBO E-HYBRID,5
2026,8,MERCEDES-BENZ,AMG GLE 53 HYBRID COUPE,5
2026,8,ADRIA,COMPACT DL,5
2026,8,CHERY,TIGGO8,5
2026,8,MERCEDES-BENZ,GLC 400 E 4MATIC,5
2026,8,CHERY,TIGGO 4 HYBRID,5
2026,8,AUTOMOBILI LAMBORGHINI S.,URUS,5
2026,8,DS AUTOMOBILES,N 4,5
2026,8,BRAVIA,HOLIDAYS,5
2026,8,BMW,520I,5
2026,8,BMW,X7 XDRIVE40I,5
2026,8,MINI,JCW E,5
2026,8,CHERY,TIGGO7,5
2026,8,PORSCHE,911 CARRERA GTS,5
2026,8,VOLKSWAGEN,ID.7 PRO S,5
2026,8,LEXUS,LEXUS RZ500E,5
2026,8,LAMBORGHINI,TEMERARIO,5
2026,8,RAPIDO,N/A,5
2026,8,BMW,750E XDRIVE,4
2026,8,HONDA,ZR-V,4
2026,8,ABARTH,600E,4
2026,8,CITROEN,JUMPY,4
2026,8,MERCEDES-BENZ,GLE 400 E 4MATIC,4
2026,8,BMW,IX2 XDRIVE30,4
2026,8,DETHLEFFS,KW 601,4
2026,8,BMW,530E XDRIVE,4
2026,8,VOLKSWAGEN,CALIFORNIA,4
2026,8,LAND ROVER,DISCOVERY SPORT,4
2026,8,AUDI,A3 ALLSTREET PHEV 150,4
2026,8,PORSCHE,PANAMERA 4 E-HYBRID,4
2026,8,NIO,FIREFLY,4
2026,8,CUPRA,CUPRA LEON SP E-HYBRID200,4
2026,8,VOLKSWAGEN,ID.7 TOURER GTX,4
2026,8,BMW,I3 50 XDRIVE,4
2026,8,POLESTAR,POLESTAR 3,4
2026,8,AUDI,A6 AV E-TRON QUATTRO,4
2026,8,BURSTNER GMBH,BC6003,4
2026,8,HYMER,B-MC T 680,4
2026,8,MERCEDES-BENZ,EQS 450+,4
2026,8,BMW,M760E XDRIVE,4
2026,8,BMW,I7 M70 XDRIVE,4
2026,8,BMW,X2 SDRIVE20I,4
2026,8,BMW,330E XDRIVE,4
2026,8,AUDI,A6 LIM 220KW TFSI E,4
2026,8,BENTLEY,CONTINENTAL GTC S,4
2026,8,BENTLEY,CONTINENTAL GT S,3
2026,8,PORSCHE,911 GT3,3
2026,8,MINI,JCW ACEMAN E,3
2026,8,BMW,X3 20 XDRIVE,3
2026,8,BMW,230I,3
2026,8,BURSTNER GMBH,BT7012,3
2026,8,BMW,220I,3
2026,8,KIA,SELTOS,3
2026,8,VOLKSWAGEN,ID.3 PRO 150 KW,3
2026,8,SUBARU,SOLTERRA,3
2026,8,BYD,BYD SEAL,3
2026,8,VOLKSWAGEN,ID. BUZZ PRO LR 210 KW,3
2026,8,CARTHAGO,MALIBU VAN 600 LE,3
2026,8,DS AUTOMOBILES,N?8,3
2026,8,VOLKSWAGEN,CARAVELLE,3
2026,8,BURSTNER GMBH,BT6905,3
2026,8,AUDI,E-TRON GT,3
2026,8,LEXUS,LEXUS UX300H,3
2026,8,AUDI,Q4 45 E-TRON,3
2026,8,LUCID MOTORS,AIR,3
2026,8,MERCEDES-BENZ,VITO,3
2026,8,CUPRA,BORN 240 KW 79/84 KWH,3
2026,8,VOLKSWAGEN,CRAFTER,3
2026,8,BMW,I5 XDRIVE40,3
2026,8,DEEPAL,DEEPAL S07,3
2026,8,MERCEDES-BENZ,V-KLASSE,3
2026,8,VOYAH,FREE,3
2026,8,BMW,X1 XDRIVE23I,3
2026,8,TOYOTA,TOYOTA LAND CRUISER,3
2026,8,AUDI,A6 LIM 270KW TFSI E,3
2026,8,CITROEN,E-C4 X,3
2026,8,BMW,I4 M60 XDRIVE,3
2026,8,BENTLEY,CONTINENTAL GT SPEED,3
2026,8,CITROEN,C4,3
2026,8,PEUGEOT,E-RIFTER,3
2026,8,MG,MG4 EV,3
2026,8,VOLKSWAGEN,ID.4 PRO 4MOTION 220KW,3
2026,8,PORSCHE,MACAN TURBO,3
2026,8,HYMER,YOSEMITE,3
2026,8,AUDI,RS 5 LIMOUSINE,3
2026,8,VOLKSWAGEN,ID BUZZ PRO LR 210 KW,3
2026,8,BMW,M135 XDRIVE,3
2026,8,BMW,X6 XDRIVE40I M SPORT,2
2026,8,MERCEDES-BENZ,CLE 300 E,2
2026,8,VOLKSWAGEN,ID.4 PURE 125KW,2
2026,8,ADRIA,TWIN 640SGX,2
2026,8,MERCEDES-BENZ,GLA 180,2
2026,8,MERCEDES-BENZ,CLE 180,2
2026,8,VOLKSWAGEN,ID.3 NEO 140KW,2
2026,8,MASERATI,GRECALE FOLGORE,2
2026,8,BMW,M340I XDRIVE,2
2026,8,CUPRA,RAVAL 166KW,2
2026,8,ADRIA,CORAL MB 670DL,2
2026,8,MERCEDES-BENZ,EQB 250+,2
2026,8,AUDI,Q8 60 TFSI E,2
2026,8,PORSCHE,911 CARRERA,2
2026,8,BMW,X5 M COMPETITION,2
2026,8,DS AUTOMOBILES,N 7,2
2026,8,ADRIA,SONIC 700DL,2
2026,8,CARTHAGO,MALIBU VAN 640 LE K GT,2
2026,8,KNAUS,R12,2
2026,8,CITROEN,JUMPY SPACETOURER,2
2026,8,CAPRON,V67S/ V347,2
2026,8,VOLKSWAGEN,ID.4 GTX 250KW,2
2026,8,PORSCHE,MACAN 4S,2
2026,8,MERCEDES-BENZ,EQE 300,2
2026,8,MINI,JCW COUNTRYMAN ALL4,2
2026,8,KNAUS,R05,2
2026,8,HYMER,ML-T 580 CROSSTRAIL,2
2026,8,MASERATI,GRECALE MODENA,2
2026,8,WEINSBERG,R47,2
2026,8,ADRIA,CORAL 670DL,2
2026,8,MERCEDES-BENZ,EQS 450 4MATIC,2
2026,8,MERCEDES-BENZ,MERCEDES-MAYBACH S 580 E,2
2026,8,FORD,TRANSIT,2
2026,8,CAPRON,T68/T447,2
2026,8,FERRARI,FERRARI PUROSANGUE,2
2026,8,KG MOBILITY,KG MOBILITY ACTYON,2
2026,8,AUDI,Q4 40 E-TRON,2
2026,8,DETHLEFFS,JUST T 7052 EB/DBM,2
2026,8,PORSCHE,911 TARGA 4 GTS,2
2026,8,NISSAN,NISSAN X-TRAIL,2
2026,8,BENTLEY,CONTINENTAL GTC MULLINER,2
2026,8,FIAT,FIAT DUCATO,2
2026,8,VOLKSWAGEN,ID.7 PURE,2
2026,8,ERIBA,CAR 600,2
2026,8,LI AUTO,I6,2
2026,8,CUPRA,CUPRA LEON E-HYBRID200,2
2026,8,HYMER,ML-T 570 CROSSOVER,2
2026,8,AUDI,SQ6 SUV E-TRON,2
2026,8,LEXUS,LEXUS RZ550E,2
2026,8,ASTON MARTIN,DB12 S VOLANTE,2
2026,8,BMW,I7 60 XDRIVE,2
2026,8,CARTHAGO,CHIC E-LINE I 50 LE,2
2026,8,BYD,SEAL 6 DM-I,2
2026,8,GEELY,GEELY E2,2
2026,8,BMW,X3 M50,1
2026,8,FERRARI,FERRARI AMALFI,1
2026,8,MORELO,PALACE LINER 103 GSB,1
2026,8,ADRIA,CORAL 650DL,1
2026,8,CARADO,T447T,1
2026,8,DS AUTOMOBILES,DS 3,1
2026,8,TOYOTA,YARIS CROSS,1
2026,8,ALPINE,A110,1
2026,8,CAPRON,T67/T448,1
2026,8,AUDI,A3,1
2026,8,LMC,T662,1
2026,8,FERRARI,FERRARI ROMA SPIDER,1
2026,8,VOYAH,COURAGE,1
2026,8,BURSTNER GMBH,BT6202,1
2026,8,BMW,X1 M35I XDRIVE,1
2026,8,MASERATI,GRANTURISMO FOLGORE,1
2026,8,OPEL,ZAFIRA LIFE,1
2026,8,CHAUSSON,720,1
2026,8,CAPRON,CVE 600,1
2026,8,BENIMAR,YRTEO 861,1
2026,8,CARADO,T328,1
2026,8,AUDI,Q4 SPORTBACK 45 E-TRON,1
2026,8,VOLKSWAGEN,ID.3 PRO S 150 KW,1
2026,8,MCLOUIS,AVANTGARDE 381,1
2026,8,MERCEDES-BENZ,GLE 350 DE 4MATIC,1
2026,8,SUN LIVING,C-SERIES C 70DL,1
2026,8,CARADO,T135,1
2026,8,ABARTH,500,1
2026,8,BMW,M4 COMPETITION,1
2026,8,AUDI,A6 ALLROAD 270KW TFSI E,1
2026,8,PORSCHE,TAYCAN 4,1
2026,8,PORSCHE,718 SPYDER RS,1
2026,8,HYUNDAI,IONIQ6 N,1
2026,8,ADRIA,TWIN 600SLB,1
2026,8,CARTHAGO,MALIBU VAN 640 LE RB GT,1
2026,8,MOKE,MOKE,1
2026,8,BMW,330I XDRIVE,1
2026,8,SUZUKI,SUZUKI ACROSS,1
2026,8,BMW,223 XDRIVE,1
2026,8,CARTHAGO,CHIC E-LINE I 51 QB,1
2026,8,BMW,218I,1
2026,8,KG MOBILITY,KG MOBILITY TORRES,1
2026,8,TOYOTA,COROLLA,1
2026,8,DS AUTOMOBILES,N 8,1
2026,8,FORD,TRIGANO FD4,1
2026,8,BMW,X5 XDRIVE40I,1
2026,8,PORSCHE,CAYENNE GTS,1
2026,8,BMW,M440I XDRIVE,1
2026,8,ADRIA,TWIN 600SPB,1
2026,8,PORSCHE,911 TARGA 4S,1
2026,8,ADRIA,CORAL XL 660SL,1
2026,8,KABE,TMMI 880,1
2026,8,TESLA,MODEL S,1
2026,8,CAPRON,T67S/ T338,1
2026,8,BMW,SKYTOP,1
2026,8,CHAUSSON,627,1
2026,8,VOLKSWAGEN,ID.BUZZ 4MOTION KR 250 KW,1
2026,8,HYUNDAI,IONIQ5 N,1
2026,8,SUNLIGHT,CV540,1
2026,8,BMW,M3,1
2026,8,CARTHAGO,MALIBU VAN 640 LEK GT,1
2026,8,PILOTE,G720FGJ,1
2026,8,MERCEDES-AMG,AMG PURESPEED,1
2026,8,FIAT,SCUDO,1
2026,8,MASERATI,GRECALE,1
2026,8,RENAULT,KANGOO E-TECH ELECTRIC,1
2026,8,BMW,M240I XDRIVE,1
2026,8,KNAUS,R62,1
2026,8,MERCEDES-BENZ,C 300 DE,1
2026,8,HYMER,B-ML I 780,1
2026,8,MERCEDES-BENZ,E 400 E 4MATIC,1
2026,8,CARTHAGO,C1-TOURER T 148 RB-QB K,1
2026,8,RIVIAN,R1S,1
2026,8,PORSCHE,TAYCAN,1
2026,8,HYMER,AYERS ROCK,1
2026,8,WESTFALIA,COLUMBUS,1
2026,8,KNAUS,R30,1
2026,8,PORSCHE,911 CARRERA 4 GTS,1
2026,8,VOLVO,EX60,1
2026,8,ASTON MARTIN,DB12 S,1
2026,8,BURSTNER GMBH,BT7011,1
2026,8,ITINEO,ITINEO PF600,1
2026,8,LMC,C600,1
2026,8,MERCEDES-BENZ,S 450 D 4MATIC,1
2026,8,DFSK,DFSK E5,1
2026,8,PEUGEOT,BOXER,1
2026,8,CAPRON,CV 540,1
2026,8,MERCEDES-BENZ,E 300 E 4MATIC,1
2026,8,GENESIS,GENESIS GV60 MAGMA,1
2026,8,CARTHAGO,MALIBU VAN 540 DB,1
2026,8,CHAUSSON,640,1
2026,8,CAPRON,CV602,1
2026,8,DETHLEFFS,KW 600,1
2026,8,LAND ROVER,RANGE ROVER VELAR,1
2026,8,BENTLEY,CONTINENTAL GTC SPEED,1
2026,8,PORSCHE,PANAMERA 4S E-HYBRID,1
2026,8,MERCEDES-BENZ,G 580,1
2026,8,CARTHAGO,CHIC C-LINE I 5.0 QB,1
2026,8,AUDI,AUDI Q5,1
2026,8,HYMER,B-MC I 680,1
2026,8,MERCEDES-BENZ,CLA 250 E,1
2026,8,BMW,X5 XDRIVE40D,1
2026,8,MERCEDES-BENZ,CLA 220 4MATIC,1
2026,8,CITROEN,C4 X,1
2026,8,HYMER,REDWOOD 600,1
2026,8,WEINSBERG,R57,1
2026,8,POESSL,SUMMIT 600,1
2026,8,SEAT,ATECA,1
2026,8,TOURNE MOBIL,TOURNE,1
2026,8,DS AUTOMOBILES,N?4,1
2026,8,KNAUS,R07,1
2026,8,BMW,IX M70 XDRIVE,1
2026,8,MINI,COUNTRYMAN S ALL4,1
2026,8,BMW,123 XDRIVE,1
2026,8,POESSL,KW 42,1
2026,8,CAPRON,T459,1
2026,8,WEINSBERG,R58,1
2026,8,BMW,XM LABEL,1
2026,8,KNAUS,R06,1
2026,8,AUDI,RS E-TRON GT,1
2026,8,CAPRON,T66S/ T328,1
2026,8,AUDI,A6 SB E-TRON QUATTRO,1
2026,8,HYMER,EXSIS-T 580,1
2026,8,WEINSBERG,R48,1
2026,8,BMW,I7 EDRIVE50,1
2026,8,DETHLEFFS,JUST T 7052 EBL/DBL,1
2026,8,BMW,M3 COMPETITION M XDRIVE,1
2026,8,DETHLEFFS,TREND T 6817 EB,1
2026,8,BMW,520D,1
2026,8,HYMER,GT-S 685,1
2026,8,MERCEDES-BENZ,S 450 E,1
2026,8,AUDI,SQ6 SB E-TRON,1
2026,8,HYMER,ML-T 580 4X4,1
2026,8,HOBBY,T 710 GE NERO,1
2026,8,VOLKSWAGEN,ID. BUZZ GTX LR 250 KW,1
2026,8,HYMER,B-ML T 780,1
2026,8,CAPRON,I68 / I447,1
2026,8,ETRUSCO,T7400 SBC,1
2026,8,ADRIA,SUPERTWIN 700SGX,1
2026,8,MERCEDES-BENZ,B 180,1
2026,8,KNAUS,R19,1
2026,8,HYMER,B-MC I 600,1
2026,8,KIA,EV6 GT,1
2026,8,BMW,225E XDRIVE ACTIVE TOURER,1
2026,8,LEXUS,LEXUS ES350E,1
2026,8,MERCEDES-BENZ,CLE 200,1
2026,8,ASTON MARTIN,VANQUISH,1
2026,8,POLESTAR,HUISKAMP GLASS,1
2026,8,POSSL,SUMMIT 640,1
2026,8,MERCEDES-BENZ,GLB 200 4MATIC,1
