year,month,model_label,count
2023,9,TESLA MOTORS MODEL Y,1134
2023,9,TOYOTA COROLLA,327
2023,9,TOYOTA RAV4,209
2023,9,SKODA OCTAVIA,203
2023,9,SKODA ENYAQ,181
2023,9,VOLVO XC40,176
2023,9,TOYOTA YARIS CROSS,170
2023,9,NISSAN QASHQAI,153
2023,9,VOLVO XC60,144
2023,9,BMW I4,136
2023,9,KIA CEED,136
2023,9,TOYOTA C-HR,122
2023,9,TOYOTA YARIS,119
2023,9,VOLVO C40,111
2023,9,VOLKSWAGEN ID.4,102
2023,9,KIA NIRO,98
2023,9,AUDI Q4,93
2023,9,KIA EV6,88
2023,9,SKODA SUPERB,85
2023,9,BMW X1,84
2023,9,KIA STONIC,76
2023,9,POLESTAR 2,76
2023,9,MERCEDES-BENZ GLC-CLASS,72
2023,9,PEUGEOT 2008,71
2023,9,VOLKSWAGEN TIGUAN,71
2023,9,KIA RIO,68
2023,9,SKODA KAMIQ,68
2023,9,MERCEDES-BENZ EQA,67
2023,9,MERCEDES-BENZ EQE,66
2023,9,OPEL MOKKA,66
2023,9,SKODA FABIA,62
2023,9,FORD FOCUS,60
2023,9,KIA SPORTAGE,60
2023,9,MERCEDES-BENZ C-CLASS,59
2023,9,MERCEDES-BENZ EQB,56
2023,9,FORD KUGA,53
2023,9,FORD FIESTA,48
2023,9,VOLKSWAGEN GOLF,46
2023,9,VOLKSWAGEN T-ROC,46
2023,9,CUPRA BORN,45
2023,9,NISSAN ARIYA,45
2023,9,FORD PUMA,41
2023,9,TESLA MOTORS MODEL 3,41
2023,9,AUDI Q5,40
2023,9,DACIA DUSTER,40
2023,9,HYUNDAI KONA,40
2023,9,AUDI Q8,39
2023,9,MERCEDES-BENZ E-CLASS,37
2023,9,SKODA KAROQ,37
2023,9,BMW 2 SERIES,35
2023,9,SUZUKI VITARA,35
2023,9,VOLKSWAGEN PASSAT,35
2023,9,KIA XCEED,34
2023,9,NISSAN JUKE,33
2023,9,BMW 3 SERIES,32
2023,9,HYUNDAI IONIQ5,32
2023,9,TOYOTA PRIUS PHEV,32
2023,9,VOLVO V60,32
2023,9,KIA PICANTO,31
2023,9,NISSAN LEAF,31
2023,9,HYUNDAI I20,30
2023,9,MITSUBISHI ECLIPSE,30
2023,9,VOLKSWAGEN ID.5,30
2023,9,OPEL GRANDLAND,29
2023,9,RENAULT CLIO,29
2023,9,SKODA SCALA,29
2023,9,FIAT 500,28
2023,9,SKODA KODIAQ,27
2023,9,BMW IX1,26
2023,9,PEUGEOT 308,26
2023,9,AUDI A4,25
2023,9,LAND ROVER RANGE ROVER SPORT,25
2023,9,MAZDA CX-30,24
2023,9,PEUGEOT 3008,24
2023,9,OPEL ASTRA,23
2023,9,TOYOTA BZ4X,23
2023,9,TOYOTA PROACE,23
2023,9,VOLKSWAGEN ID.3,23
2023,9,BMW X3,22
2023,9,MAZDA 2,22
2023,9,MERCEDES-BENZ SPRINTER,22
2023,9,VOLKSWAGEN ID.,22
2023,9,VOLKSWAGEN T-CROSS,21
2023,9,VOLVO V90,21
2023,9,KIA PROCEED,20
2023,9,SUBARU OUTBACK,20
2023,9,TESLA MOTORS MODEL S,20
2023,9,HYUNDAI BAYON,18
2023,9,HYUNDAI TUCSON,18
2023,9,BMW 5 SERIES,17
2023,9,MERCEDES-BENZ EQS,17
2023,9,PORSCHE CAYENNE,17
2023,9,VOLKSWAGEN TAIGO,17
2023,9,RENAULT MEGANE E-TECH,16
2023,9,BMW X5,15
2023,9,CITROEN E-C4,15
2023,9,NISSAN X-TRAIL,15
2023,9,VOLVO XC90,15
2023,9,AUDI A3,14
2023,9,DACIA SANDERO,14
2023,9,FORD MUSTANG MACH-E,14
2023,9,MAZDA 3,14
2023,9,VOLKSWAGEN CADDY,14
2023,9,CUPRA FORMENTOR,13
2023,9,LEXUS NX450H+,13
2023,9,OPEL CORSA,13
2023,9,DACIA JOGGER,12
2023,9,DS 4,12
2023,9,MAZDA CX-60,12
2023,9,MERCEDES-BENZ CLA-CLASS,12
2023,9,MITSUBISHI ASX,12
2023,9,SEAT LEON,12
2023,9,SEAT TARRACO,12
2023,9,CUPRA LEON,11
2023,9,MERCEDES-BENZ A-CLASS,11
2023,9,AUDI Q7,10
2023,9,HYUNDAI I10,10
2023,9,HYUNDAI I30,10
2023,9,HYUNDAI IONIQ6,10
2023,9,AUDI Q3,9
2023,9,BMW IX,9
2023,9,KIA SORENTO,9
2023,9,LAND ROVER DEFENDER,9
2023,9,MERCEDES-BENZ VITO,9
2023,9,PEUGEOT E-RIFTER,9
2023,9,TOYOTA CAMRY,9
2023,9,AUDI A6,8
2023,9,BYD ATTO,8
2023,9,BYD HAN,8
2023,9,JEEP COMPASS,8
2023,9,LAND ROVER RANGE ROVER,8
2023,9,MERCEDES-BENZ GLE-CLASS,8
2023,9,RENAULT CAPTUR,8
2023,9,FORD TOURNEO CONNECT,7
2023,9,HONDA HR-V,7
2023,9,MAZDA CX-5,7
2023,9,OPEL CROSSLAND,7
2023,9,PEUGEOT 208,7
2023,9,SUZUKI S-CROSS,7
2023,9,SUZUKI SX4,7
2023,9,TESLA MOTORS MODEL X,7
2023,9,VOLKSWAGEN POLO,7
2023,9,VOLKSWAGEN TRANSPORTER,7
2023,9,BMW IX3,6
2023,9,BYD TANG,6
2023,9,CITROEN C3,6
2023,9,HONDA CIVIC,6
2023,9,MINI COUNTRYMAN COOPER,6
2023,9,SUZUKI SWIFT,6
2023,9,VOLVO S90,6
2023,9,ALFA ROMEO TONALE,5
2023,9,AUDI A5,5
2023,9,BMW XM,5
2023,9,DS 7,5
2023,9,LEXUS ES300H,5
2023,9,LEXUS UX250H,5
2023,9,MERCEDES-BENZ V-CLASS,5
2023,9,OPEL ZAFIRA,5
2023,9,AUDI Q2,4
2023,9,CITROEN C4,4
2023,9,HONDA CR-V,4
2023,9,LEXUS RX450H+,4
2023,9,LEXUS RZ450E,4
2023,9,MAXUS EUNIQ,4
2023,9,MERCEDES-BENZ GLA-CLASS,4
2023,9,MERCEDES-BENZ GLB,4
2023,9,MITSUBISHI SPACE STAR,4
2023,9,PORSCHE TAYCAN,4
2023,9,SEAT ATECA,4
2023,9,SUBARU SOLTERRA,4
2023,9,SUZUKI SWACE,4
2023,9,VOLKSWAGEN UP!,4
2023,9,BMW 4 SERIES,3
2023,9,BMW I5,3
2023,9,BMW X4,3
2023,9,CITROEN C5,3
2023,9,CITROEN SPACETOURER,3
2023,9,FORD TOURNEO CUSTOM,3
2023,9,HONDA JAZZ,3
2023,9,MERCEDES-BENZ EQC,3
2023,9,MERCEDES-BENZ S-CLASS,3
2023,9,MINI COOPER,3
2023,9,OPEL COMBO-E,3
2023,9,OPEL INSIGNIA,3
2023,9,PEUGEOT 408,3
2023,9,RENAULT ARKANA,3
2023,9,RENAULT AUSTRAL,3
2023,9,SEAT ARONA,3
2023,9,TOYOTA GR,3
2023,9,VOLKSWAGEN CRAFTER,3
2023,9,VOLKSWAGEN MULTIVAN,3
2023,9,AUDI A1,2
2023,9,AUDI A8,2
2023,9,BMW 1 SERIES,2
2023,9,BMW M4,2
2023,9,FERRARI 296,2
2023,9,FORD TRANSIT,2
2023,9,HYUNDAI SANTA FE,2
2023,9,JAGUAR E-PACE,2
2023,9,MERCEDES-BENZ B-CLASS,2
2023,9,OPEL COMBO,2
2023,9,PEUGEOT 5008,2
2023,9,RENAULT TRAFIC,2
2023,9,SSANGYONG KORANDO,2
2023,9,VOLKSWAGEN TOUAREG,2
2023,9,ALFA ROMEO GIULIA,1
2023,9,AUDI A7,1
2023,9,AUDI E-TRON,1
2023,9,BMW M2,1
2023,9,CADILLAC ESCALADE,1
2023,9,CITROEN JUMPY,1
2023,9,FORD EXPLORER,1
2023,9,FORD S-MAX,1
2023,9,JEEP AVENGER,1
2023,9,JEEP WRANGLER,1
2023,9,KIA SOUL,1
2023,9,LAND ROVER DISCOVERY SPORT,1
2023,9,LAND ROVER RANGE ROVER EVOQUE,1
2023,9,LEXUS UX300E,1
2023,9,MAN TGE,1
2023,9,MAXUS MIFA,1
2023,9,MAZDA 6,1
2023,9,MERCEDES-AMG V-KLASSE,1
2023,9,MERCEDES-BENZ CITAN,1
2023,9,MERCEDES-BENZ EQT,1
2023,9,MERCEDES-BENZ T-CLASS,1
2023,9,NISSAN TOWNSTAR,1
2023,9,PEUGEOT 508,1
2023,9,PEUGEOT EXPERT,1
2023,9,RENAULT MASTER,1
2023,9,SEAT IBIZA,1
2023,9,SUBARU CROSSTREK,1
2023,9,SUBARU FORESTER,1
2023,9,SUZUKI ACROSS,1
2023,9,SUZUKI IGNIS,1
2023,9,TOYOTA AYGO,1
2023,9,VOLKSWAGEN ARTEON,1
2023,9,VOLKSWAGEN KOMBI,1
2023,9,VOLKSWAGEN TOURAN,1
2023,10,TOYOTA COROLLA,317
2023,10,PEUGEOT 2008,310
2023,10,SKODA ENYAQ,258
2023,10,SKODA OCTAVIA,203
2023,10,TOYOTA YARIS CROSS,196
2023,10,VOLVO XC60,191
2023,10,VOLVO XC40,178
2023,10,KIA CEED,161
2023,10,BMW I4,158
2023,10,AUDI Q4,157
2023,10,TESLA MOTORS MODEL Y,137
2023,10,TOYOTA RAV4,131
2023,10,KIA NIRO,98
2023,10,SKODA SUPERB,97
2023,10,NISSAN QASHQAI,93
2023,10,TOYOTA YARIS,92
2023,10,HYUNDAI IONIQ5,87
2023,10,VOLVO C40,82
2023,10,VOLKSWAGEN ID.4,76
2023,10,VOLKSWAGEN TIGUAN,72
2023,10,MERCEDES-BENZ EQA,70
2023,10,TOYOTA C-HR,70
2023,10,BMW X1,69
2023,10,VOLVO V60,67
2023,10,KIA EV6,66
2023,10,KIA SPORTAGE,61
2023,10,CITROEN C3,59
2023,10,AUDI Q8,56
2023,10,KIA STONIC,54
2023,10,KIA RIO,53
2023,10,HYUNDAI KONA,52
2023,10,TOYOTA PRIUS PHEV,52
2023,10,MERCEDES-BENZ EQE,49
2023,10,MERCEDES-BENZ GLC-CLASS,49
2023,10,MERCEDES-BENZ EQB,46
2023,10,KIA SORENTO,45
2023,10,CUPRA BORN,44
2023,10,MAZDA 2,44
2023,10,MAZDA CX-30,42
2023,10,FORD KUGA,40
2023,10,POLESTAR 2,38
2023,10,PORSCHE CAYENNE,38
2023,10,VOLKSWAGEN ID.5,38
2023,10,OPEL ASTRA,37
2023,10,VOLKSWAGEN ID.3,37
2023,10,BMW IX1,36
2023,10,SKODA FABIA,36
2023,10,VOLKSWAGEN GOLF,35
2023,10,VOLKSWAGEN PASSAT,35
2023,10,FORD FOCUS,34
2023,10,NISSAN LEAF,34
2023,10,MITSUBISHI ECLIPSE,33
2023,10,VOLVO V90,33
2023,10,NISSAN ARIYA,32
2023,10,SKODA KODIAQ,32
2023,10,AUDI A4,30
2023,10,BMW I5,30
2023,10,CITROEN E-C4,28
2023,10,HYUNDAI I20,28
2023,10,SKODA KAROQ,28
2023,10,OPEL GRANDLAND,27
2023,10,DACIA DUSTER,26
2023,10,MERCEDES-BENZ C-CLASS,26
2023,10,MERCEDES-BENZ SPRINTER,26
2023,10,PEUGEOT 308,26
2023,10,KIA XCEED,25
2023,10,MAZDA CX-60,25
2023,10,RENAULT CLIO,25
2023,10,KIA PICANTO,24
2023,10,OPEL MOKKA,24
2023,10,CITROEN C4,23
2023,10,SKODA KAMIQ,23
2023,10,BMW 3 SERIES,22
2023,10,HYUNDAI BAYON,22
2023,10,HYUNDAI TUCSON,22
2023,10,MERCEDES-BENZ E-CLASS,22
2023,10,SUZUKI VITARA,22
2023,10,VOLKSWAGEN CADDY,22
2023,10,VOLKSWAGEN ID.,22
2023,10,FORD FIESTA,21
2023,10,NISSAN JUKE,21
2023,10,VOLVO XC90,21
2023,10,BMW 2 SERIES,20
2023,10,PEUGEOT 408,20
2023,10,VOLKSWAGEN KOMBI,20
2023,10,BMW 5 SERIES,18
2023,10,LAND ROVER RANGE ROVER SPORT,18
2023,10,MAXUS EUNIQ,18
2023,10,MINI COOPER,18
2023,10,SKODA SCALA,18
2023,10,VOLKSWAGEN T-ROC,18
2023,10,DACIA JOGGER,17
2023,10,MAZDA 3,17
2023,10,MITSUBISHI ASX,17
2023,10,SUBARU OUTBACK,17
2023,10,FORD PUMA,16
2023,10,NISSAN X-TRAIL,15
2023,10,SEAT LEON,15
2023,10,TOYOTA BZ4X,15
2023,10,BYD ATTO,14
2023,10,FORD MUSTANG MACH-E,14
2023,10,HYUNDAI IONIQ6,14
2023,10,MERCEDES-BENZ A-CLASS,14
2023,10,TOYOTA AYGO,14
2023,10,AUDI Q5,13
2023,10,MAZDA CX-5,13
2023,10,MERCEDES-BENZ CLA-CLASS,13
2023,10,VOLKSWAGEN T-CROSS,13
2023,10,DACIA SANDERO,12
2023,10,MERCEDES-BENZ GLE-CLASS,12
2023,10,RENAULT MEGANE E-TECH,12
2023,10,VOLKSWAGEN TAIGO,12
2023,10,AUDI Q3,11
2023,10,BMW X3,11
2023,10,MERCEDES-BENZ EQS,11
2023,10,PORSCHE TAYCAN,11
2023,10,SEAT TARRACO,11
2023,10,TOYOTA CAMRY,11
2023,10,AUDI A3,10
2023,10,BMW X5,10
2023,10,DS 4,10
2023,10,SUBARU SOLTERRA,10
2023,10,CITROEN C5,9
2023,10,CUPRA LEON,9
2023,10,MAZDA 6,9
2023,10,RENAULT TRAFIC,9
2023,10,SUZUKI SX4,9
2023,10,VOLKSWAGEN POLO,9
2023,10,AUDI A6,8
2023,10,CUPRA FORMENTOR,8
2023,10,HYUNDAI I30,8
2023,10,LEXUS RX450H+,8
2023,10,MERCEDES-BENZ GLA-CLASS,8
2023,10,SSANGYONG KORANDO,8
2023,10,HYUNDAI I10,7
2023,10,HYUNDAI SANTA FE,7
2023,10,KIA PROCEED,7
2023,10,MERCEDES-BENZ VITO,7
2023,10,MINI COUNTRYMAN COOPER,7
2023,10,BMW 1 SERIES,6
2023,10,BYD TANG,6
2023,10,HONDA CIVIC,6
2023,10,MITSUBISHI SPACE STAR,6
2023,10,RENAULT ARKANA,6
2023,10,ALFA ROMEO TONALE,5
2023,10,AUDI A5,5
2023,10,BYD HAN,5
2023,10,HONDA JAZZ,5
2023,10,LAND ROVER RANGE ROVER EVOQUE,5
2023,10,LEXUS NX450H+,5
2023,10,LEXUS UX250H,5
2023,10,PEUGEOT 208,5
2023,10,RENAULT CAPTUR,5
2023,10,SUZUKI SWIFT,5
2023,10,TESLA MOTORS MODEL 3,5
2023,10,VOLKSWAGEN CRAFTER,5
2023,10,BMW IX,4
2023,10,FIAT 500,4
2023,10,OPEL CORSA,4
2023,10,OPEL CROSSLAND,4
2023,10,RENAULT AUSTRAL,4
2023,10,SEAT ATECA,4
2023,10,TESLA MOTORS MODEL S,4
2023,10,VOLVO S90,4
2023,10,AUDI SQ8,3
2023,10,BMW IX3,3
2023,10,FORD TOURNEO CONNECT,3
2023,10,FORD TRANSIT CUSTOM,3
2023,10,HONDA CR-V,3
2023,10,HONDA ZR-V,3
2023,10,KIA SOUL,3
2023,10,LAND ROVER RANGE ROVER,3
2023,10,LAND ROVER RANGE ROVER VELAR,3
2023,10,LEXUS RZ450E,3
2023,10,MERCEDES-BENZ B-CLASS,3
2023,10,MERCEDES-BENZ GLB,3
2023,10,PEUGEOT 3008,3
2023,10,PORSCHE 911,3
2023,10,SUBARU FORESTER,3
2023,10,TESLA MOTORS MODEL X,3
2023,10,TOYOTA PROACE,3
2023,10,VOLKSWAGEN MULTIVAN,3
2023,10,AUDI E-TRON,2
2023,10,BMW XM,2
2023,10,DS 7,2
2023,10,JAGUAR F-PACE,2
2023,10,JEEP AVENGER,2
2023,10,KIA EV9,2
2023,10,LAND ROVER DEFENDER,2
2023,10,LAND ROVER DISCOVERY SPORT,2
2023,10,LEXUS ES300H,2
2023,10,MAN TGE,2
2023,10,MAXUS MIFA,2
2023,10,MERCEDES-BENZ V-CLASS,2
2023,10,VOLKSWAGEN ARTEON,2
2023,10,AUDI A1,1
2023,10,AUDI A8,1
2023,10,AUDI Q7,1
2023,10,BENTLEY FLYING,1
2023,10,BMW 4 SERIES,1
2023,10,BMW 7 SERIES,1
2023,10,BMW M3,1
2023,10,BMW M4,1
2023,10,BMW X7,1
2023,10,BYD DOLPHIN,1
2023,10,CITROEN E-BERLINGO,1
2023,10,CITROEN SPACETOURER,1
2023,10,FORD TRANSIT,1
2023,10,JAGUAR E-PACE,1
2023,10,MAZDA MX-5,1
2023,10,MERCEDES-BENZ EQC,1
2023,10,MERCEDES-BENZ EVITO,1
2023,10,PORSCHE BOXSTER,1
2023,10,SEAT ARONA,1
2023,10,SUZUKI S-CROSS,1
2023,10,TOYOTA GR,1
2023,10,TOYOTA LAND CRUISER,1
2023,10,VOLKSWAGEN TOUAREG,1
2023,10,VOLVO S60,1
2023,11,TOYOTA COROLLA,417
2023,11,SKODA OCTAVIA,377
2023,11,TESLA MOTORS MODEL Y,304
2023,11,SKODA ENYAQ,302
2023,11,TOYOTA YARIS,223
2023,11,TOYOTA YARIS CROSS,215
2023,11,VOLVO XC40,200
2023,11,VOLVO XC60,154
2023,11,VOLVO C40,139
2023,11,KIA CEED,135
2023,11,TOYOTA RAV4,123
2023,11,TESLA MOTORS MODEL 3,118
2023,11,BMW I4,113
2023,11,HYUNDAI IONIQ5,113
2023,11,NISSAN QASHQAI,109
2023,11,SKODA KAMIQ,95
2023,11,HYUNDAI KONA,83
2023,11,SKODA SUPERB,79
2023,11,VOLVO V60,79
2023,11,BMW X1,77
2023,11,AUDI Q4,72
2023,11,POLESTAR 2,71
2023,11,TOYOTA C-HR,67
2023,11,KIA NIRO,63
2023,11,KIA SPORTAGE,62
2023,11,MERCEDES-BENZ EQB,62
2023,11,OPEL ASTRA,62
2023,11,VOLKSWAGEN TIGUAN,62
2023,11,PEUGEOT 308,57
2023,11,MERCEDES-BENZ EQA,55
2023,11,TOYOTA BZ4X,55
2023,11,VOLKSWAGEN ID.4,53
2023,11,VOLKSWAGEN TAIGO,52
2023,11,SUZUKI VITARA,50
2023,11,VOLKSWAGEN GOLF,49
2023,11,SKODA SCALA,46
2023,11,VOLKSWAGEN ID.3,46
2023,11,KIA EV6,44
2023,11,KIA RIO,42
2023,11,MERCEDES-BENZ EQE,42
2023,11,KIA SORENTO,38
2023,11,MERCEDES-BENZ VITO,38
2023,11,RENAULT CLIO,38
2023,11,CITROEN C3,35
2023,11,KIA STONIC,35
2023,11,MERCEDES-BENZ GLC-CLASS,35
2023,11,SEAT LEON,35
2023,11,SKODA FABIA,35
2023,11,CITROEN C5,34
2023,11,SKODA KODIAQ,34
2023,11,FORD PUMA,32
2023,11,PEUGEOT 2008,32
2023,11,BMW IX1,31
2023,11,DACIA DUSTER,31
2023,11,SKODA KAROQ,31
2023,11,MAZDA 2,30
2023,11,VOLKSWAGEN ID.7,30
2023,11,VOLKSWAGEN PASSAT,30
2023,11,FORD FOCUS,29
2023,11,FORD KUGA,29
2023,11,VOLKSWAGEN CADDY,29
2023,11,AUDI A4,28
2023,11,BMW 2 SERIES,28
2023,11,MITSUBISHI ECLIPSE,27
2023,11,MERCEDES-BENZ SPRINTER,26
2023,11,KIA PICANTO,25
2023,11,AUDI Q5,24
2023,11,AUDI Q8,24
2023,11,VOLKSWAGEN T-ROC,24
2023,11,VOLVO XC90,24
2023,11,MERCEDES-BENZ EQS,23
2023,11,NISSAN LEAF,23
2023,11,BMW 3 SERIES,22
2023,11,BMW I5,22
2023,11,KIA XCEED,22
2023,11,MITSUBISHI ASX,22
2023,11,BMW X5,21
2023,11,MAZDA CX-60,21
2023,11,CUPRA BORN,20
2023,11,HYUNDAI TUCSON,20
2023,11,FORD FIESTA,19
2023,11,MAZDA CX-30,19
2023,11,TOYOTA PROACE,19
2023,11,VOLKSWAGEN ID.,19
2023,11,VOLVO V90,19
2023,11,HYUNDAI BAYON,17
2023,11,MERCEDES-BENZ C-CLASS,17
2023,11,AUDI A6,16
2023,11,DACIA JOGGER,16
2023,11,HYUNDAI I20,16
2023,11,MERCEDES-BENZ A-CLASS,16
2023,11,NISSAN ARIYA,16
2023,11,NISSAN JUKE,16
2023,11,LEXUS NX450H+,15
2023,11,MERCEDES-BENZ E-CLASS,15
2023,11,SUBARU OUTBACK,15
2023,11,VOLKSWAGEN ID.5,15
2023,11,BMW IX,14
2023,11,MINI COOPER,14
2023,11,VOLKSWAGEN T-CROSS,14
2023,11,CUPRA FORMENTOR,13
2023,11,FORD MUSTANG MACH-E,13
2023,11,HYUNDAI I30,13
2023,11,MERCEDES-BENZ CLA-CLASS,13
2023,11,PORSCHE TAYCAN,13
2023,11,NISSAN X-TRAIL,12
2023,11,VOLKSWAGEN CRAFTER,12
2023,11,BMW X3,11
2023,11,DACIA SANDERO,11
2023,11,LAND ROVER RANGE ROVER SPORT,11
2023,11,TOYOTA CAMRY,11
2023,11,AUDI Q7,10
2023,11,HYUNDAI IONIQ6,10
2023,11,LAND ROVER DEFENDER,10
2023,11,PEUGEOT 208,10
2023,11,PEUGEOT 408,10
2023,11,AUDI A3,9
2023,11,KIA EV9,9
2023,11,KIA PROCEED,9
2023,11,TOYOTA PRIUS PHEV,9
2023,11,VOLKSWAGEN MULTIVAN,9
2023,11,CITROEN C4,8
2023,11,MERCEDES-BENZ GLE-CLASS,8
2023,11,RENAULT MEGANE E-TECH,8
2023,11,SUZUKI S-CROSS,8
2023,11,BMW 5 SERIES,7
2023,11,BYD DOLPHIN,7
2023,11,DS 7,7
2023,11,MERCEDES-BENZ GLA-CLASS,7
2023,11,MINI COUNTRYMAN COOPER,7
2023,11,SUZUKI IGNIS,7
2023,11,SUZUKI SX4,7
2023,11,TOYOTA AYGO,7
2023,11,ALFA ROMEO TONALE,6
2023,11,JEEP AVENGER,6
2023,11,MAXUS EUNIQ,6
2023,11,MAZDA 3,6
2023,11,RENAULT ARKANA,6
2023,11,RENAULT AUSTRAL,6
2023,11,AUDI E-TRON,5
2023,11,AUDI Q3,5
2023,11,BMW 1 SERIES,5
2023,11,BMW IX3,5
2023,11,BYD ATTO,5
2023,11,CITROEN E-C4,5
2023,11,HYUNDAI SANTA FE,5
2023,11,LAND ROVER RANGE ROVER,5
2023,11,LAND ROVER RANGE ROVER VELAR,5
2023,11,LEXUS RX450H+,5
2023,11,MAN TGE,5
2023,11,MITSUBISHI SPACE STAR,5
2023,11,PEUGEOT E-RIFTER,5
2023,11,TESLA MOTORS MODEL S,5
2023,11,TESLA MOTORS MODEL X,5
2023,11,FORD TOURNEO CONNECT,4
2023,11,HONDA CIVIC,4
2023,11,LAND ROVER RANGE ROVER EVOQUE,4
2023,11,LEXUS RZ450E,4
2023,11,RENAULT CAPTUR,4
2023,11,SUBARU SOLTERRA,4
2023,11,VOLKSWAGEN ARTEON,4
2023,11,CUPRA LEON,3
2023,11,MAZDA 6,3
2023,11,OPEL ZAFIRA,3
2023,11,PORSCHE CAYENNE,3
2023,11,RENAULT ESPACE,3
2023,11,RENAULT TRAFIC,3
2023,11,SEAT TARRACO,3
2023,11,SSANGYONG KORANDO,3
2023,11,SUBARU FORESTER,3
2023,11,SUZUKI ACROSS,3
2023,11,VOLKSWAGEN TOUAREG,3
2023,11,VOLVO S60,3
2023,11,FORD TRANSIT,2
2023,11,HONDA CR-V,2
2023,11,HONDA E:NY1,2
2023,11,HONDA HR-V,2
2023,11,HYUNDAI I10,2
2023,11,MAZDA CX-5,2
2023,11,MERCEDES-BENZ EQC,2
2023,11,MERCEDES-BENZ GLB,2
2023,11,PEUGEOT 508,2
2023,11,PEUGEOT EXPERT,2
2023,11,SUZUKI SWACE,2
2023,11,VOLKSWAGEN KOMBI,2
2023,11,VOLVO S90,2
2023,11,AUDI A8,1
2023,11,AUDI Q2,1
2023,11,AUDI S3,1
2023,11,DS 3,1
2023,11,DS 4,1
2023,11,DS 9,1
2023,11,FERRARI PUROSANGUE,1
2023,11,FORD TRANSIT CUSTOM,1
2023,11,HONDA JAZZ,1
2023,11,HONDA ZR-V,1
2023,11,JAGUAR E-PACE,1
2023,11,JAGUAR F-PACE,1
2023,11,JEEP WRANGLER,1
2023,11,KIA SOUL,1
2023,11,LAND ROVER DISCOVERY SPORT,1
2023,11,LEXUS ES300H,1
2023,11,LEXUS NX350H,1
2023,11,LEXUS UX250H,1
2023,11,MAZDA MX-30,1
2023,11,MERCEDES-BENZ B-CLASS,1
2023,11,MERCEDES-BENZ CITAN,1
2023,11,MERCEDES-BENZ S-CLASS,1
2023,11,MERCEDES-BENZ T-CLASS,1
2023,11,OPEL COMBO-E,1
2023,11,OPEL MOKKA,1
2023,11,PEUGEOT 5008,1
2023,11,PORSCHE PANAMERA,1
2023,11,SEAT ARONA,1
2023,11,SEAT ATECA,1
2023,11,SUZUKI SWIFT,1
2023,11,TOYOTA GR,1
2023,11,VOLKSWAGEN POLO,1
2023,11,VOLKSWAGEN TOURAN,1
2023,12,TESLA MOTORS MODEL Y,452
2023,12,SKODA OCTAVIA,442
2023,12,TOYOTA COROLLA,315
2023,12,TESLA MOTORS MODEL 3,217
2023,12,VOLVO XC40,181
2023,12,VOLVO XC60,152
2023,12,SKODA ENYAQ,151
2023,12,TOYOTA RAV4,142
2023,12,BMW I4,134
2023,12,TOYOTA YARIS CROSS,118
2023,12,TOYOTA YARIS,111
2023,12,POLESTAR 2,94
2023,12,VOLVO C40,94
2023,12,NISSAN QASHQAI,80
2023,12,SKODA SUPERB,80
2023,12,KIA CEED,76
2023,12,HYUNDAI KONA,75
2023,12,TOYOTA C-HR,64
2023,12,VOLKSWAGEN PASSAT,62
2023,12,VOLKSWAGEN TIGUAN,61
2023,12,BMW X1,60
2023,12,VOLKSWAGEN ID.4,60
2023,12,VOLVO V60,56
2023,12,KIA SPORTAGE,55
2023,12,SKODA KAMIQ,54
2023,12,AUDI Q4,53
2023,12,FORD KUGA,53
2023,12,CITROEN C3,50
2023,12,KIA NIRO,46
2023,12,HYUNDAI I20,43
2023,12,HYUNDAI IONIQ5,41
2023,12,BMW IX1,39
2023,12,OPEL ASTRA,38
2023,12,PEUGEOT 308,38
2023,12,KIA RIO,37
2023,12,AUDI Q8,35
2023,12,BMW X3,35
2023,12,DACIA DUSTER,35
2023,12,MERCEDES-BENZ SPRINTER,35
2023,12,SKODA KAROQ,34
2023,12,VOLKSWAGEN GOLF,34
2023,12,KIA STONIC,33
2023,12,TOYOTA PRIUS PHEV,32
2023,12,MERCEDES-BENZ EQE,31
2023,12,MERCEDES-BENZ GLC-CLASS,31
2023,12,TOYOTA PROACE,31
2023,12,CUPRA BORN,29
2023,12,CUPRA FORMENTOR,29
2023,12,MAZDA 2,28
2023,12,SKODA KODIAQ,28
2023,12,VOLVO XC90,28
2023,12,KIA EV6,27
2023,12,HYUNDAI TUCSON,26
2023,12,MAZDA CX-60,26
2023,12,MERCEDES-BENZ EQB,26
2023,12,VOLKSWAGEN ID.7,26
2023,12,BMW 3 SERIES,25
2023,12,BMW IX,25
2023,12,BYD ATTO,24
2023,12,VOLVO EX30,24
2023,12,AUDI A3,23
2023,12,AUDI A4,23
2023,12,DACIA JOGGER,23
2023,12,LAND ROVER RANGE ROVER EVOQUE,23
2023,12,BMW X5,22
2023,12,MERCEDES-BENZ A-CLASS,21
2023,12,NISSAN LEAF,21
2023,12,SKODA FABIA,21
2023,12,VOLKSWAGEN ID.5,21
2023,12,SEAT LEON,20
2023,12,VOLKSWAGEN T-ROC,20
2023,12,AUDI A6,19
2023,12,MERCEDES-BENZ VITO,19
2023,12,RENAULT CLIO,19
2023,12,SUZUKI VITARA,19
2023,12,VOLKSWAGEN ID.3,19
2023,12,MERCEDES-BENZ EQA,18
2023,12,MITSUBISHI ECLIPSE,18
2023,12,NISSAN JUKE,18
2023,12,TOYOTA CAMRY,18
2023,12,VOLKSWAGEN TAIGO,18
2023,12,FIAT 500,17
2023,12,FORD FOCUS,17
2023,12,KIA EV9,17
2023,12,VOLVO V90,17
2023,12,ALFA ROMEO TONALE,16
2023,12,BMW 5 SERIES,16
2023,12,MAZDA CX-30,16
2023,12,MITSUBISHI ASX,16
2023,12,CUPRA LEON,15
2023,12,VOLKSWAGEN CADDY,15
2023,12,AUDI Q5,14
2023,12,HYUNDAI I30,14
2023,12,KIA XCEED,14
2023,12,MAZDA 3,14
2023,12,MINI COUNTRYMAN COOPER,13
2023,12,SUBARU OUTBACK,13
2023,12,VOLKSWAGEN ID.,13
2023,12,BMW IX3,12
2023,12,MERCEDES-BENZ CLA-CLASS,12
2023,12,TOYOTA BZ4X,12
2023,12,BMW I5,11
2023,12,MERCEDES-BENZ E-CLASS,11
2023,12,PEUGEOT 2008,11
2023,12,SKODA SCALA,11
2023,12,VOLKSWAGEN CRAFTER,11
2023,12,BMW 2 SERIES,10
2023,12,FORD TOURNEO CONNECT,10
2023,12,HYUNDAI BAYON,10
2023,12,KIA PICANTO,10
2023,12,MAZDA CX-5,10
2023,12,MINI COOPER,10
2023,12,VOLKSWAGEN MULTIVAN,10
2023,12,VOLKSWAGEN T-CROSS,10
2023,12,FORD PUMA,9
2023,12,KIA SORENTO,9
2023,12,MERCEDES-BENZ GLE-CLASS,9
2023,12,NISSAN ARIYA,9
2023,12,AUDI Q3,8
2023,12,BYD DOLPHIN,8
2023,12,DACIA SANDERO,8
2023,12,KIA PROCEED,8
2023,12,LEXUS NX450H+,8
2023,12,OPEL CROSSLAND,8
2023,12,RENAULT MEGANE E-TECH,8
2023,12,FORD MUSTANG MACH-E,7
2023,12,MERCEDES-BENZ C-CLASS,7
2023,12,MERCEDES-BENZ GLA-CLASS,7
2023,12,AUDI A5,6
2023,12,FORD TRANSIT,6
2023,12,MAZDA 6,6
2023,12,MAZDA MX-30,6
2023,12,MERCEDES-BENZ EQS,6
2023,12,NISSAN X-TRAIL,6
2023,12,PORSCHE TAYCAN,6
2023,12,SUZUKI SX4,6
2023,12,TESLA MOTORS MODEL X,6
2023,12,LAND ROVER DEFENDER,5
2023,12,MAXUS EUNIQ,5
2023,12,PEUGEOT 408,5
2023,12,RENAULT CAPTUR,5
2023,12,SEAT TARRACO,5
2023,12,SUBARU SOLTERRA,5
2023,12,BMW 1 SERIES,4
2023,12,FORD FIESTA,4
2023,12,LAND ROVER RANGE ROVER VELAR,4
2023,12,MERCEDES-BENZ EQC,4
2023,12,RENAULT AUSTRAL,4
2023,12,VOLVO S60,4
2023,12,AUDI A1,3
2023,12,CITROEN C5,3
2023,12,JEEP AVENGER,3
2023,12,LAND ROVER DISCOVERY SPORT,3
2023,12,LAND ROVER RANGE ROVER SPORT,3
2023,12,LEXUS ES300H,3
2023,12,LEXUS UX300E,3
2023,12,MITSUBISHI COLT,3
2023,12,PEUGEOT 208,3
2023,12,PEUGEOT 3008,3
2023,12,PORSCHE CAYENNE,3
2023,12,TESLA MOTORS MODEL S,3
2023,12,TOYOTA AYGO,3
2023,12,VOLKSWAGEN ARTEON,3
2023,12,VOLKSWAGEN KOMBI,3
2023,12,VOLVO S90,3
2023,12,AUDI E-TRON,2
2023,12,BMW X4,2
2023,12,BMW XM,2
2023,12,CITROEN E-C4,2
2023,12,DS 7,2
2023,12,HYUNDAI IONIQ6,2
2023,12,JAGUAR F-PACE,2
2023,12,JAGUAR I-PACE,2
2023,12,KIA SOUL,2
2023,12,LEXUS UX250H,2
2023,12,RENAULT ARKANA,2
2023,12,RENAULT ESPACE,2
2023,12,RENAULT TRAFIC,2
2023,12,SUZUKI S-CROSS,2
2023,12,VOLKSWAGEN TOUAREG,2
2023,12,AUDI Q2,1
2023,12,AUDI Q7,1
2023,12,AUDI S3,1
2023,12,BMW 550E,1
2023,12,CITROEN C4,1
2023,12,CITROEN SPACETOURER,1
2023,12,FERRARI SF90,1
2023,12,FORD EXPLORER,1
2023,12,FORD S-MAX,1
2023,12,HONDA HR-V,1
2023,12,HYUNDAI I10,1
2023,12,HYUNDAI SANTA FE,1
2023,12,LAND ROVER RANGE ROVER,1
2023,12,LEXUS RX450H+,1
2023,12,LEXUS RZ450E,1
2023,12,MAN TGE,1
2023,12,MERCEDES-BENZ B-CLASS,1
2023,12,MERCEDES-BENZ G-CLASS,1
2023,12,MERCEDES-BENZ GLB,1
2023,12,MERCEDES-BENZ GLS-CLASS,1
2023,12,MERCEDES-BENZ S-CLASS,1
2023,12,OPEL GRANDLAND,1
2023,12,PEUGEOT 5008,1
2023,12,PEUGEOT 508,1
2023,12,PEUGEOT EXPERT,1
2023,12,PORSCHE 911,1
2023,12,RENAULT ZOE,1
2023,12,SEAT ATECA,1
2023,12,SSANGYONG KORANDO,1
2023,12,SUBARU FORESTER,1
2023,12,SUZUKI ACROSS,1
2023,12,SUZUKI SWACE,1
2023,12,SUZUKI SWIFT,1
2023,12,VOLKSWAGEN UP!,1
2024,1,TOYOTA COROLLA,435
2024,1,SKODA OCTAVIA,357
2024,1,TOYOTA YARIS CROSS,334
2024,1,TOYOTA YARIS,280
2024,1,VOLVO XC40,231
2024,1,NISSAN QASHQAI,217
2024,1,VOLVO XC60,198
2024,1,TOYOTA C-HR,177
2024,1,TOYOTA RAV4,153
2024,1,TESLA MOTORS MODEL Y,123
2024,1,HYUNDAI IONIQ5,122
2024,1,MERCEDES-BENZ GLC-CLASS,109
2024,1,AUDI Q4,104
2024,1,SKODA ENYAQ,89
2024,1,KIA CEED,84
2024,1,VOLVO C40,84
2024,1,SKODA KAMIQ,76
2024,1,KIA NIRO,73
2024,1,BMW I4,71
2024,1,BMW X1,69
2024,1,KIA SPORTAGE,67
2024,1,CITROEN C3,65
2024,1,KIA STONIC,62
2024,1,SKODA SUPERB,61
2024,1,TOYOTA PRIUS PHEV,61
2024,1,VOLKSWAGEN ID.7,60
2024,1,HYUNDAI KONA,58
2024,1,BMW X5,55
2024,1,BMW X3,54
2024,1,SKODA KAROQ,54
2024,1,VOLKSWAGEN GOLF,54
2024,1,SKODA FABIA,52
2024,1,VOLKSWAGEN TRANSPORTER,50
2024,1,VOLKSWAGEN CADDY,48
2024,1,TESLA MOTORS MODEL 3,45
2024,1,KIA EV6,44
2024,1,VOLVO V60,43
2024,1,MERCEDES-BENZ E-CLASS,42
2024,1,VOLKSWAGEN TIGUAN,42
2024,1,KIA EV9,41
2024,1,MERCEDES-BENZ EQA,41
2024,1,VOLVO EX30,41
2024,1,AUDI A6,39
2024,1,MERCEDES-BENZ EQE,39
2024,1,NISSAN X-TRAIL,39
2024,1,KIA RIO,38
2024,1,SUZUKI VITARA,38
2024,1,VOLKSWAGEN PASSAT,38
2024,1,VOLKSWAGEN T-ROC,38
2024,1,NISSAN JUKE,37
2024,1,AUDI Q5,36
2024,1,FORD FOCUS,36
2024,1,SKODA KODIAQ,35
2024,1,MERCEDES-BENZ EQB,34
2024,1,TOYOTA BZ4X,34
2024,1,FORD KUGA,33
2024,1,VOLVO XC90,33
2024,1,NISSAN ARIYA,32
2024,1,KIA SORENTO,30
2024,1,MERCEDES-BENZ SPRINTER,30
2024,1,POLESTAR 2,30
2024,1,TOYOTA CAMRY,30
2024,1,AUDI Q8,29
2024,1,MITSUBISHI ASX,29
2024,1,BMW 2 SERIES,27
2024,1,BMW 3 SERIES,27
2024,1,HYUNDAI TUCSON,27
2024,1,MERCEDES-BENZ C-CLASS,26
2024,1,MITSUBISHI ECLIPSE,24
2024,1,HYUNDAI I20,23
2024,1,AUDI A4,21
2024,1,FORD PUMA,21
2024,1,MERCEDES-BENZ GLE-CLASS,21
2024,1,NISSAN LEAF,21
2024,1,BYD ATTO,20
2024,1,VOLKSWAGEN TAIGO,20
2024,1,BMW IX,19
2024,1,MERCEDES-BENZ VITO,19
2024,1,VOLKSWAGEN ID.4,19
2024,1,VOLVO V90,19
2024,1,DACIA DUSTER,18
2024,1,FORD FIESTA,18
2024,1,MERCEDES-BENZ CLA-CLASS,18
2024,1,PORSCHE CAYENNE,17
2024,1,BMW I5,16
2024,1,LEXUS NX450H+,16
2024,1,LEXUS UX250H,16
2024,1,OPEL ASTRA,16
2024,1,SKODA SCALA,16
2024,1,CUPRA BORN,15
2024,1,HYUNDAI I30,15
2024,1,KIA PICANTO,15
2024,1,MAZDA 3,15
2024,1,BMW 5 SERIES,14
2024,1,BYD DOLPHIN,14
2024,1,PEUGEOT 408,14
2024,1,TOYOTA PROACE,14
2024,1,AUDI A3,13
2024,1,DACIA JOGGER,13
2024,1,KIA XCEED,13
2024,1,VOLKSWAGEN ID.3,13
2024,1,BMW IX1,12
2024,1,LAND ROVER RANGE ROVER SPORT,12
2024,1,OPEL CROSSLAND,12
2024,1,HYUNDAI IONIQ6,11
2024,1,MAZDA CX-60,11
2024,1,SUBARU OUTBACK,11
2024,1,VOLKSWAGEN ID.,11
2024,1,CUPRA FORMENTOR,10
2024,1,FORD TOURNEO CONNECT,10
2024,1,HYUNDAI BAYON,10
2024,1,MAZDA 2,10
2024,1,KIA PROCEED,9
2024,1,MAZDA MX-30,9
2024,1,MERCEDES-BENZ A-CLASS,9
2024,1,MINI COOPER,9
2024,1,PEUGEOT 308,9
2024,1,PORSCHE TAYCAN,9
2024,1,SEAT LEON,9
2024,1,SUZUKI S-CROSS,9
2024,1,AUDI Q3,8
2024,1,BMW 550E,8
2024,1,HONDA CR-V,8
2024,1,JEEP AVENGER,8
2024,1,MAZDA 6,8
2024,1,MITSUBISHI COLT,8
2024,1,RENAULT AUSTRAL,8
2024,1,VOLVO S90,8
2024,1,LEXUS ES300H,7
2024,1,MINI COUNTRYMAN COOPER,7
2024,1,SUBARU SOLTERRA,7
2024,1,SUZUKI SX4,7
2024,1,VOLKSWAGEN ID.5,7
2024,1,ALFA ROMEO TONALE,6
2024,1,AUDI A1,6
2024,1,FORD MUSTANG MACH-E,6
2024,1,MAZDA CX-30,6
2024,1,MERCEDES-BENZ EQS,6
2024,1,MERCEDES-BENZ GLA-CLASS,6
2024,1,RENAULT CAPTUR,6
2024,1,VOLKSWAGEN MULTIVAN,6
2024,1,VOLKSWAGEN T-CROSS,6
2024,1,BMW 1 SERIES,5
2024,1,LEXUS UX300E,5
2024,1,MERCEDES-BENZ S-CLASS,5
2024,1,RENAULT CLIO,5
2024,1,AUDI Q2,4
2024,1,BYD SEAL,4
2024,1,HONDA HR-V,4
2024,1,LAND ROVER DEFENDER,4
2024,1,LEXUS RX450H+,4
2024,1,MAXUS EUNIQ,4
2024,1,MAZDA CX-5,4
2024,1,RENAULT ESPACE,4
2024,1,SUBARU FORESTER,4
2024,1,SUZUKI ACROSS,4
2024,1,SUZUKI SWACE,4
2024,1,SUZUKI SWIFT,4
2024,1,TOYOTA AYGO,4
2024,1,VOLVO S60,4
2024,1,BMW IX3,3
2024,1,BMW XM,3
2024,1,BYD TANG,3
2024,1,CITROEN C4,3
2024,1,CITROEN C5,3
2024,1,CITROEN E-C4,3
2024,1,FIAT 500,3
2024,1,HYUNDAI I10,3
2024,1,LAND ROVER RANGE ROVER EVOQUE,3
2024,1,RENAULT ARKANA,3
2024,1,RENAULT MEGANE E-TECH,3
2024,1,RENAULT TRAFIC,3
2024,1,VOLKSWAGEN CRAFTER,3
2024,1,AUDI A5,2
2024,1,AUDI A7,2
2024,1,AUDI Q7,2
2024,1,BENTLEY FLYING,2
2024,1,BMW X4,2
2024,1,BYD HAN,2
2024,1,FERRARI 296,2
2024,1,HONDA CIVIC,2
2024,1,HONDA JAZZ,2
2024,1,LAND ROVER RANGE ROVER,2
2024,1,MERCEDES-BENZ CLE,2
2024,1,MERCEDES-BENZ GLB,2
2024,1,MERCEDES-BENZ V-CLASS,2
2024,1,SEAT ARONA,2
2024,1,SEAT ATECA,2
2024,1,SEAT TARRACO,2
2024,1,SUZUKI IGNIS,2
2024,1,VOLKSWAGEN POLO,2
2024,1,VOLKSWAGEN TOUAREG,2
2024,1,BMW I7,1
2024,1,BMW M3,1
2024,1,CUPRA LEON,1
2024,1,DACIA SANDERO,1
2024,1,FORD EXPLORER,1
2024,1,FORD TOURNEO CUSTOM,1
2024,1,FORD TRANSIT,1
2024,1,HONDA E:NY1,1
2024,1,HYUNDAI SANTA FE,1
2024,1,KIA SOUL,1
2024,1,LAND ROVER RANGE ROVER VELAR,1
2024,1,MASERATI GRANTURISMO,1
2024,1,MERCEDES-BENZ B-CLASS,1
2024,1,MERCEDES-BENZ EVITO,1
2024,1,MITSUBISHI SPACE STAR,1
2024,1,OPEL ZAFIRA,1
2024,1,PEUGEOT 208,1
2024,1,PEUGEOT E-RIFTER,1
2024,1,PORSCHE 911,1
2024,1,PORSCHE PANAMERA,1
2024,1,RENAULT MASTER,1
2024,1,SEAT IBIZA,1
2024,1,SUBARU CROSSTREK,1
2024,1,TESLA MOTORS MODEL S,1
2024,1,TOYOTA GR,1
2024,1,TOYOTA LAND CRUISER,1
2024,1,VOLKSWAGEN ARTEON,1
2024,1,VOLKSWAGEN KOMBI,1
2024,2,TOYOTA COROLLA,344
2024,2,SKODA OCTAVIA,291
2024,2,TOYOTA YARIS CROSS,220
2024,2,TESLA MOTORS MODEL Y,192
2024,2,TOYOTA YARIS,182
2024,2,VOLVO V60,152
2024,2,NISSAN QASHQAI,151
2024,2,VOLVO XC40,147
2024,2,TOYOTA RAV4,116
2024,2,VOLVO XC60,111
2024,2,KIA CEED,108
2024,2,BMW I4,99
2024,2,SKODA ENYAQ,92
2024,2,TOYOTA C-HR,82
2024,2,AUDI Q4,79
2024,2,MERCEDES-BENZ GLC-CLASS,76
2024,2,KIA NIRO,68
2024,2,BMW X1,66
2024,2,KIA SPORTAGE,65
2024,2,VOLVO EX30,61
2024,2,VOLKSWAGEN GOLF,58
2024,2,VOLVO C40,54
2024,2,FORD KUGA,53
2024,2,SKODA FABIA,50
2024,2,KIA RIO,49
2024,2,HYUNDAI IONIQ5,48
2024,2,HYUNDAI TUCSON,46
2024,2,HYUNDAI KONA,45
2024,2,TESLA MOTORS MODEL 3,45
2024,2,BMW 3 SERIES,44
2024,2,SKODA KAMIQ,44
2024,2,VOLKSWAGEN ID.4,43
2024,2,VOLKSWAGEN PASSAT,43
2024,2,KIA STONIC,42
2024,2,VOLKSWAGEN ID.7,42
2024,2,BYD ATTO,40
2024,2,SKODA KAROQ,38
2024,2,FORD FOCUS,37
2024,2,FORD PUMA,36
2024,2,NISSAN JUKE,36
2024,2,SKODA KODIAQ,36
2024,2,SKODA SUPERB,36
2024,2,SUZUKI VITARA,36
2024,2,PEUGEOT 208,35
2024,2,DACIA DUSTER,34
2024,2,VOLKSWAGEN T-CROSS,34
2024,2,MERCEDES-BENZ EQE,33
2024,2,MERCEDES-BENZ EQA,32
2024,2,VOLKSWAGEN T-ROC,31
2024,2,MERCEDES-BENZ E-CLASS,30
2024,2,AUDI A4,28
2024,2,SKODA SCALA,28
2024,2,VOLKSWAGEN TIGUAN,28
2024,2,AUDI Q5,27
2024,2,KIA EV6,26
2024,2,MERCEDES-BENZ EQB,25
2024,2,MITSUBISHI ECLIPSE,25
2024,2,KIA EV9,24
2024,2,MERCEDES-BENZ SPRINTER,23
2024,2,HYUNDAI I20,21
2024,2,VOLKSWAGEN CADDY,21
2024,2,KIA XCEED,20
2024,2,HYUNDAI I30,19
2024,2,MERCEDES-BENZ GLE-CLASS,19
2024,2,BMW IX,18
2024,2,KIA PICANTO,18
2024,2,PORSCHE CAYENNE,18
2024,2,VOLVO V90,18
2024,2,FORD TOURNEO CONNECT,17
2024,2,LEXUS NX450H+,17
2024,2,OPEL ASTRA,17
2024,2,PEUGEOT 408,17
2024,2,TOYOTA PROACE,17
2024,2,AUDI A6,16
2024,2,CITROEN C3,16
2024,2,HONDA CR-V,16
2024,2,MERCEDES-BENZ C-CLASS,16
2024,2,PEUGEOT 2008,16
2024,2,TOYOTA CAMRY,16
2024,2,DACIA SANDERO,15
2024,2,MITSUBISHI COLT,15
2024,2,VOLVO XC90,15
2024,2,MERCEDES-BENZ CLA-CLASS,14
2024,2,MINI COUNTRYMAN COOPER,14
2024,2,SUBARU OUTBACK,14
2024,2,AUDI Q8,13
2024,2,BMW X3,13
2024,2,VOLKSWAGEN TAIGO,13
2024,2,BMW 2 SERIES,12
2024,2,BMW 5 SERIES,12
2024,2,BMW IX1,12
2024,2,DACIA JOGGER,12
2024,2,KIA PROCEED,12
2024,2,MERCEDES-BENZ VITO,12
2024,2,PEUGEOT 308,12
2024,2,BMW X5,11
2024,2,BYD DOLPHIN,11
2024,2,CUPRA BORN,11
2024,2,FIAT 500,11
2024,2,KIA SORENTO,11
2024,2,MAZDA CX-60,11
2024,2,NISSAN ARIYA,11
2024,2,POLESTAR 2,11
2024,2,TOYOTA PRIUS PHEV,11
2024,2,VOLKSWAGEN ID.3,11
2024,2,BMW IX2,10
2024,2,LAND ROVER RANGE ROVER SPORT,10
2024,2,MAZDA 2,10
2024,2,MERCEDES-BENZ A-CLASS,10
2024,2,NISSAN X-TRAIL,10
2024,2,SUZUKI S-CROSS,10
2024,2,AUDI A3,9
2024,2,HYUNDAI IONIQ6,9
2024,2,MITSUBISHI ASX,9
2024,2,OPEL CROSSLAND,9
2024,2,AUDI Q3,8
2024,2,BMW I5,8
2024,2,CITROEN C4,8
2024,2,MERCEDES-BENZ EQS,8
2024,2,RENAULT CAPTUR,8
2024,2,RENAULT MEGANE E-TECH,8
2024,2,BMW 550E,7
2024,2,BYD SEAL,7
2024,2,CUPRA FORMENTOR,7
2024,2,MAN TGE,7
2024,2,NISSAN LEAF,7
2024,2,RENAULT AUSTRAL,7
2024,2,ALFA ROMEO TONALE,6
2024,2,AUDI A5,6
2024,2,HONDA JAZZ,6
2024,2,MITSUBISHI SPACE STAR,6
2024,2,OPEL CORSA,6
2024,2,SUBARU FORESTER,6
2024,2,CUPRA LEON,5
2024,2,FORD MUSTANG MACH-E,5
2024,2,HYUNDAI BAYON,5
2024,2,LAND ROVER RANGE ROVER EVOQUE,5
2024,2,MAXUS EUNIQ,5
2024,2,MAZDA CX-30,5
2024,2,MAZDA MX-30,5
2024,2,PORSCHE TAYCAN,5
2024,2,TOYOTA BZ4X,5
2024,2,VOLKSWAGEN ID.,5
2024,2,VOLKSWAGEN ID.5,5
2024,2,BMW XM,4
2024,2,FORD FIESTA,4
2024,2,FORD TRANSIT,4
2024,2,LAND ROVER DISCOVERY SPORT,4
2024,2,LAND ROVER RANGE ROVER,4
2024,2,LEXUS ES300H,4
2024,2,LEXUS RX450H+,4
2024,2,MAZDA 3,4
2024,2,MERCEDES-BENZ GLA-CLASS,4
2024,2,SEAT LEON,4
2024,2,VOLKSWAGEN CRAFTER,4
2024,2,AUDI A1,3
2024,2,HONDA CIVIC,3
2024,2,JEEP AVENGER,3
2024,2,JEEP COMPASS,3
2024,2,MAZDA 6,3
2024,2,MAZDA CX-5,3
2024,2,MINI COOPER,3
2024,2,RENAULT CLIO,3
2024,2,TOYOTA AYGO,3
2024,2,VOLVO S90,3
2024,2,AUDI E-TRON,2
2024,2,BMW 1 SERIES,2
2024,2,BMW IX3,2
2024,2,FERRARI 296,2
2024,2,HONDA HR-V,2
2024,2,HONDA ZR-V,2
2024,2,KIA SOUL,2
2024,2,LEXUS UX250H,2
2024,2,MERCEDES-BENZ CLE,2
2024,2,MERCEDES-BENZ GLB,2
2024,2,MINI COUNTRYMAN,2
2024,2,RENAULT ESPACE,2
2024,2,SEAT TARRACO,2
2024,2,SUBARU CROSSTREK,2
2024,2,SUZUKI ACROSS,2
2024,2,SUZUKI SWIFT,2
2024,2,SUZUKI SX4,2
2024,2,VOLKSWAGEN MULTIVAN,2
2024,2,VOLKSWAGEN POLO,2
2024,2,VOLVO S60,2
2024,2,AUDI Q2,1
2024,2,AUDI Q7,1
2024,2,BENTLEY FLYING,1
2024,2,BMW 4 SERIES,1
2024,2,BMW 7 SERIES,1
2024,2,BMW M2,1
2024,2,BMW M4,1
2024,2,BMW X2,1
2024,2,BMW X4,1
2024,2,CITROEN C5,1
2024,2,CITROEN E-C4,1
2024,2,FIAT 600,1
2024,2,FORD EXPLORER,1
2024,2,HYUNDAI I10,1
2024,2,HYUNDAI SANTA FE,1
2024,2,LAND ROVER DEFENDER,1
2024,2,LAND ROVER RANGE ROVER VELAR,1
2024,2,LEXUS NX350H,1
2024,2,LEXUS RZ450E,1
2024,2,LEXUS UX300E,1
2024,2,MAZDA MX-5,1
2024,2,MERCEDES-AMG AMG,1
2024,2,MERCEDES-BENZ GLS-CLASS,1
2024,2,MERCEDES-BENZ T-CLASS,1
2024,2,MERCEDES-BENZ V-CLASS,1
2024,2,OPEL ZAFIRA,1
2024,2,PEUGEOT 3008,1
2024,2,PEUGEOT 5008,1
2024,2,PEUGEOT 508,1
2024,2,PEUGEOT E-RIFTER,1
2024,2,PORSCHE PANAMERA,1
2024,2,RENAULT ARKANA,1
2024,2,RENAULT MASTER,1
2024,2,RENAULT TRAFIC,1
2024,2,SEAT ARONA,1
2024,2,SSANGYONG KORANDO,1
2024,2,SUBARU SOLTERRA,1
2024,2,TESLA MOTORS MODEL X,1
2024,2,TOYOTA GR,1
2024,2,VOLKSWAGEN ARTEON,1
2024,2,VOLKSWAGEN KOMBI,1
2024,2,VOLKSWAGEN TOUAREG,1
2024,2,VOLKSWAGEN TRANSPORTER,1
2024,3,TOYOTA COROLLA,451
2024,3,TESLA MOTORS MODEL Y,340
2024,3,TOYOTA YARIS CROSS,254
2024,3,TOYOTA YARIS,239
2024,3,SKODA OCTAVIA,232
2024,3,NISSAN QASHQAI,197
2024,3,VOLVO V60,169
2024,3,VOLVO XC40,165
2024,3,VOLVO XC60,145
2024,3,TESLA MOTORS MODEL 3,140
2024,3,VOLKSWAGEN ID.4,134
2024,3,KIA CEED,129
2024,3,SKODA ENYAQ,116
2024,3,TOYOTA C-HR,110
2024,3,VOLVO EX30,109
2024,3,HYUNDAI I30,86
2024,3,BMW X1,85
2024,3,MERCEDES-BENZ GLC-CLASS,83
2024,3,HYUNDAI IONIQ5,80
2024,3,KIA NIRO,80
2024,3,KIA STONIC,76
2024,3,NISSAN JUKE,73
2024,3,TOYOTA RAV4,73
2024,3,AUDI Q4,70
2024,3,FORD KUGA,70
2024,3,BMW I4,69
2024,3,HYUNDAI TUCSON,67
2024,3,OPEL ASTRA,65
2024,3,SUZUKI VITARA,56
2024,3,VOLVO C40,55
2024,3,KIA SPORTAGE,53
2024,3,MERCEDES-BENZ E-CLASS,50
2024,3,VOLKSWAGEN ID.7,50
2024,3,HYUNDAI KONA,49
2024,3,VOLKSWAGEN T-CROSS,48
2024,3,VOLKSWAGEN GOLF,46
2024,3,FORD FOCUS,44
2024,3,VOLKSWAGEN TIGUAN,43
2024,3,SUBARU OUTBACK,42
2024,3,SKODA KAROQ,41
2024,3,BMW 5 SERIES,39
2024,3,SKODA KAMIQ,39
2024,3,MERCEDES-BENZ EQE,38
2024,3,VOLKSWAGEN T-ROC,37
2024,3,MERCEDES-BENZ EQA,36
2024,3,AUDI A4,35
2024,3,MERCEDES-BENZ GLE-CLASS,33
2024,3,FORD PUMA,32
2024,3,KIA EV9,32
2024,3,SKODA SCALA,32
2024,3,KIA EV6,31
2024,3,NISSAN ARIYA,31
2024,3,SKODA FABIA,31
2024,3,BMW 3 SERIES,30
2024,3,KIA RIO,29
2024,3,MERCEDES-BENZ VITO,29
2024,3,POLESTAR 2,29
2024,3,SKODA SUPERB,28
2024,3,KIA XCEED,27
2024,3,TOYOTA CAMRY,27
2024,3,BYD SEAL,25
2024,3,VOLKSWAGEN TAIGO,25
2024,3,VOLVO S60,25
2024,3,BMW IX1,24
2024,3,MERCEDES-BENZ EQB,24
2024,3,MERCEDES-BENZ SPRINTER,24
2024,3,OPEL CROSSLAND,24
2024,3,VOLKSWAGEN CADDY,24
2024,3,VOLKSWAGEN ID.3,24
2024,3,HYUNDAI I20,22
2024,3,KIA PROCEED,22
2024,3,MITSUBISHI ECLIPSE,22
2024,3,KIA SORENTO,21
2024,3,DACIA DUSTER,19
2024,3,HYUNDAI BAYON,19
2024,3,PORSCHE CAYENNE,19
2024,3,TOYOTA PROACE,19
2024,3,AUDI Q5,18
2024,3,NISSAN X-TRAIL,18
2024,3,PEUGEOT 308,18
2024,3,VOLKSWAGEN PASSAT,18
2024,3,BMW IX,17
2024,3,BYD ATTO,17
2024,3,DACIA JOGGER,17
2024,3,MITSUBISHI COLT,17
2024,3,SKODA KODIAQ,17
2024,3,VOLVO XC90,17
2024,3,AUDI Q8,16
2024,3,MITSUBISHI ASX,16
2024,3,BMW 2 SERIES,15
2024,3,FORD MUSTANG MACH-E,15
2024,3,RENAULT CAPTUR,15
2024,3,BMW X5,13
2024,3,LAND ROVER RANGE ROVER SPORT,13
2024,3,MERCEDES-BENZ A-CLASS,12
2024,3,TOYOTA PRIUS PHEV,12
2024,3,AUDI A6,11
2024,3,BMW I5,11
2024,3,FORD TOURNEO CONNECT,11
2024,3,MERCEDES-BENZ C-CLASS,11
2024,3,MERCEDES-BENZ CLA-CLASS,11
2024,3,MERCEDES-BENZ EQS,11
2024,3,VOLKSWAGEN ID.5,11
2024,3,VOLVO V90,11
2024,3,AUDI Q3,10
2024,3,CUPRA FORMENTOR,10
2024,3,LEXUS NX450H+,10
2024,3,NISSAN LEAF,10
2024,3,SUZUKI S-CROSS,10
2024,3,BMW IX2,9
2024,3,BMW X3,9
2024,3,CUPRA BORN,9
2024,3,MAZDA 6,9
2024,3,MAZDA CX-60,9
2024,3,PEUGEOT 2008,9
2024,3,VOLVO S90,9
2024,3,KIA PICANTO,8
2024,3,MAZDA CX-5,8
2024,3,MERCEDES-BENZ GLA-CLASS,8
2024,3,RENAULT MEGANE E-TECH,8
2024,3,SUZUKI SX4,8
2024,3,BYD DOLPHIN,7
2024,3,CITROEN C5,7
2024,3,DACIA SANDERO,7
2024,3,HYUNDAI IONIQ6,7
2024,3,MAN TGE,7
2024,3,MAZDA 2,7
2024,3,MAZDA CX-30,7
2024,3,PEUGEOT 3008,7
2024,3,RENAULT ARKANA,7
2024,3,TOYOTA AYGO,7
2024,3,TOYOTA BZ4X,7
2024,3,HONDA CR-V,6
2024,3,LAND ROVER DEFENDER,6
2024,3,SEAT LEON,6
2024,3,VOLKSWAGEN ID.,6
2024,3,AUDI A3,5
2024,3,FIAT 500,5
2024,3,LAND ROVER RANGE ROVER EVOQUE,5
2024,3,LEXUS LBX,5
2024,3,MAZDA MX-30,5
2024,3,MINI COUNTRYMAN COOPER,5
2024,3,PEUGEOT 208,5
2024,3,SUBARU FORESTER,5
2024,3,SUZUKI SWIFT,5
2024,3,ALFA ROMEO TONALE,4
2024,3,BMW 1 SERIES,4
2024,3,CITROEN C3,4
2024,3,FIAT 600,4
2024,3,HONDA ZR-V,4
2024,3,HYUNDAI I10,4
2024,3,JAGUAR F-PACE,4
2024,3,RENAULT TRAFIC,4
2024,3,SEAT TARRACO,4
2024,3,SUBARU CROSSTREK,4
2024,3,TESLA MOTORS MODEL S,4
2024,3,BMW 550E,3
2024,3,BMW XM,3
2024,3,CUPRA LEON,3
2024,3,FORD TRANSIT,3
2024,3,HONDA CIVIC,3
2024,3,HONDA JAZZ,3
2024,3,KIA SOUL,3
2024,3,LAND ROVER DISCOVERY SPORT,3
2024,3,LEXUS RX450H+,3
2024,3,MAZDA 3,3
2024,3,MERCEDES-BENZ CLE,3
2024,3,MERCEDES-BENZ EQV,3
2024,3,MERCEDES-BENZ S-CLASS,3
2024,3,PEUGEOT 408,3
2024,3,RENAULT AUSTRAL,3
2024,3,SSANGYONG KORANDO,3
2024,3,SUBARU SOLTERRA,3
2024,3,TESLA MOTORS MODEL X,3
2024,3,VOLKSWAGEN ARTEON,3
2024,3,VOLKSWAGEN TOUAREG,3
2024,3,AUDI A5,2
2024,3,AUDI A8,2
2024,3,BYD HAN,2
2024,3,BYD TANG,2
2024,3,FERRARI 296,2
2024,3,FORD FIESTA,2
2024,3,LAND ROVER RANGE ROVER,2
2024,3,LEXUS ES300H,2
2024,3,LEXUS UX250H,2
2024,3,MAXUS EUNIQ,2
2024,3,MERCEDES-BENZ B-CLASS,2
2024,3,MINI COOPER,2
2024,3,PEUGEOT EXPERT,2
2024,3,PORSCHE TAYCAN,2
2024,3,RENAULT CLIO,2
2024,3,RENAULT ESPACE,2
2024,3,SEAT ATECA,2
2024,3,SEAT IBIZA,2
2024,3,VOLKSWAGEN MULTIVAN,2
2024,3,ALFA ROMEO GIULIA,1
2024,3,AUDI A7,1
2024,3,AUDI Q2,1
2024,3,AUDI Q7,1
2024,3,BMW 4 SERIES,1
2024,3,BMW 7 SERIES,1
2024,3,BMW I7,1
2024,3,BMW M760E,1
2024,3,BMW X4,1
2024,3,BMW X6,1
2024,3,CITROEN C4,1
2024,3,FERRARI ROMA,1
2024,3,FERRARI SF90,1
2024,3,FORD MUSTANG,1
2024,3,HONDA HR-V,1
2024,3,HYUNDAI SANTA FE,1
2024,3,JAGUAR I-PACE,1
2024,3,JEEP AVENGER,1
2024,3,JEEP GRAND CHEROKEE,1
2024,3,LAND ROVER RANGE ROVER VELAR,1
2024,3,LEXUS RZ450E,1
2024,3,LEXUS UX300E,1
2024,3,MERCEDES-BENZ CLS-CLASS,1
2024,3,MINI JCW,1
2024,3,MITSUBISHI SPACE STAR,1
2024,3,OPEL CORSA,1
2024,3,OPEL GRANDLAND,1
2024,3,OPEL ZAFIRA,1
2024,3,PEUGEOT 5008,1
2024,3,RENAULT MASTER,1
2024,3,RENAULT ZOE,1
2024,3,SEAT ARONA,1
2024,3,SUZUKI ACROSS,1
2024,3,SUZUKI IGNIS,1
2024,3,SUZUKI SWACE,1
2024,3,TOYOTA GR,1
2024,3,VOLKSWAGEN CRAFTER,1
2024,3,VOLKSWAGEN POLO,1
2024,4,TOYOTA COROLLA,400
2024,4,TOYOTA YARIS CROSS,268
2024,4,VOLVO EX30,262
2024,4,TOYOTA YARIS,228
2024,4,NISSAN QASHQAI,227
2024,4,SKODA OCTAVIA,183
2024,4,VOLKSWAGEN ID.4,166
2024,4,VOLVO XC40,160
2024,4,VOLVO V60,147
2024,4,VOLVO XC60,132
2024,4,TOYOTA C-HR,113
2024,4,KIA CEED,103
2024,4,BMW X1,100
2024,4,AUDI Q4,97
2024,4,TESLA MOTORS MODEL Y,94
2024,4,TOYOTA RAV4,92
2024,4,SKODA ENYAQ,87
2024,4,AUDI A4,78
2024,4,HYUNDAI TUCSON,69
2024,4,VOLKSWAGEN TAIGO,62
2024,4,VOLVO C40,62
2024,4,KIA NIRO,59
2024,4,BMW I4,57
2024,4,HYUNDAI BAYON,55
2024,4,KIA STONIC,53
2024,4,VOLKSWAGEN GOLF,53
2024,4,FORD FOCUS,52
2024,4,HYUNDAI I30,51
2024,4,VOLKSWAGEN T-CROSS,51
2024,4,POLESTAR 2,49
2024,4,TOYOTA BZ4X,48
2024,4,KIA SPORTAGE,47
2024,4,SKODA SUPERB,46
2024,4,HYUNDAI KONA,45
2024,4,VOLKSWAGEN ID.7,44
2024,4,SKODA FABIA,43
2024,4,CITROEN C3,41
2024,4,MERCEDES-BENZ GLC-CLASS,41
2024,4,NISSAN JUKE,40
2024,4,SUZUKI VITARA,38
2024,4,BMW IX1,36
2024,4,SKODA KAROQ,36
2024,4,VOLKSWAGEN TIGUAN,36
2024,4,HYUNDAI IONIQ5,35
2024,4,HYUNDAI I20,32
2024,4,MERCEDES-BENZ EQB,32
2024,4,MITSUBISHI ECLIPSE,32
2024,4,MERCEDES-BENZ EQA,31
2024,4,MITSUBISHI ASX,31
2024,4,SKODA SCALA,31
2024,4,TESLA MOTORS MODEL 3,31
2024,4,BMW I5,30
2024,4,FORD MUSTANG MACH-E,30
2024,4,BMW X5,29
2024,4,DACIA JOGGER,29
2024,4,FORD KUGA,29
2024,4,KIA EV6,29
2024,4,KIA PICANTO,29
2024,4,SKODA KAMIQ,29
2024,4,KIA RIO,28
2024,4,PORSCHE CAYENNE,28
2024,4,BMW X3,27
2024,4,VOLKSWAGEN PASSAT,27
2024,4,VOLKSWAGEN T-ROC,27
2024,4,MERCEDES-BENZ E-CLASS,26
2024,4,VOLKSWAGEN CADDY,26
2024,4,MERCEDES-BENZ EQE,25
2024,4,NISSAN X-TRAIL,24
2024,4,AUDI Q8,23
2024,4,MITSUBISHI COLT,23
2024,4,RENAULT ARKANA,23
2024,4,MERCEDES-BENZ SPRINTER,22
2024,4,VOLKSWAGEN ID.3,22
2024,4,VOLVO V90,22
2024,4,AUDI A6,21
2024,4,FORD PUMA,21
2024,4,DACIA DUSTER,20
2024,4,HYUNDAI IONIQ6,20
2024,4,MAZDA CX-30,20
2024,4,KIA SORENTO,19
2024,4,KIA XCEED,19
2024,4,BMW 1 SERIES,18
2024,4,BMW 3 SERIES,18
2024,4,MERCEDES-BENZ GLE-CLASS,18
2024,4,BMW 2 SERIES,17
2024,4,CUPRA BORN,17
2024,4,LAND ROVER RANGE ROVER SPORT,17
2024,4,MAZDA 2,17
2024,4,MERCEDES-BENZ C-CLASS,17
2024,4,NISSAN LEAF,17
2024,4,SUZUKI S-CROSS,17
2024,4,AUDI Q5,16
2024,4,HONDA CR-V,16
2024,4,NISSAN ARIYA,16
2024,4,LEXUS LBX,15
2024,4,MERCEDES-BENZ CLA-CLASS,15
2024,4,MERCEDES-BENZ VITO,15
2024,4,TOYOTA AYGO,15
2024,4,KIA EV9,14
2024,4,MERCEDES-BENZ GLA-CLASS,14
2024,4,MAZDA 6,13
2024,4,VOLVO XC90,13
2024,4,BMW 5 SERIES,12
2024,4,BYD ATTO,11
2024,4,FORD TOURNEO CONNECT,11
2024,4,KIA PROCEED,11
2024,4,OPEL ASTRA,11
2024,4,PEUGEOT 308,11
2024,4,SKODA KODIAQ,11
2024,4,VOLKSWAGEN ID.,11
2024,4,VOLVO S60,11
2024,4,AUDI A3,10
2024,4,CUPRA FORMENTOR,10
2024,4,OPEL CROSSLAND,10
2024,4,SMART 3,10
2024,4,VOLKSWAGEN ID.5,10
2024,4,BMW IX,9
2024,4,BYD SEAL,9
2024,4,DACIA SANDERO,9
2024,4,PEUGEOT 2008,9
2024,4,SUBARU OUTBACK,9
2024,4,TOYOTA PRIUS PHEV,9
2024,4,ALFA ROMEO TONALE,8
2024,4,BYD DOLPHIN,8
2024,4,MAZDA 3,8
2024,4,MAZDA CX-60,8
2024,4,TOYOTA PROACE,8
2024,4,LEXUS NX450H+,7
2024,4,SMART 1,7
2024,4,LEXUS ES300H,6
2024,4,LEXUS UX250H,6
2024,4,MAN TGE,6
2024,4,MAXUS EUNIQ,6
2024,4,MAZDA CX-5,6
2024,4,MERCEDES-BENZ A-CLASS,6
2024,4,OPEL CORSA,6
2024,4,PEUGEOT 208,6
2024,4,TOYOTA CAMRY,6
2024,4,BMW 550E,5
2024,4,LEXUS RZ450E,5
2024,4,PORSCHE TAYCAN,5
2024,4,RENAULT AUSTRAL,5
2024,4,RENAULT CAPTUR,5
2024,4,CUPRA LEON,4
2024,4,MERCEDES-BENZ B-CLASS,4
2024,4,MERCEDES-BENZ EQS,4
2024,4,MINI COUNTRYMAN COOPER,4
2024,4,OPEL MOKKA,4
2024,4,SEAT LEON,4
2024,4,SUBARU FORESTER,4
2024,4,SUZUKI SWACE,4
2024,4,VOLKSWAGEN CRAFTER,4
2024,4,VOLVO S90,4
2024,4,BMW I7,3
2024,4,BMW IX2,3
2024,4,FIAT 500,3
2024,4,HONDA JAZZ,3
2024,4,JAGUAR F-PACE,3
2024,4,LAND ROVER DEFENDER,3
2024,4,LAND ROVER RANGE ROVER,3
2024,4,LEXUS RX450H+,3
2024,4,MAZDA MX-30,3
2024,4,MERCEDES-BENZ CLE,3
2024,4,MINI COUNTRYMAN,3
2024,4,RENAULT CLIO,3
2024,4,SUZUKI SWIFT,3
2024,4,SUZUKI SX4,3
2024,4,VOLKSWAGEN TOUAREG,3
2024,4,AUDI A5,2
2024,4,AUDI A7,2
2024,4,AUDI A8,2
2024,4,AUDI Q2,2
2024,4,AUDI Q3,2
2024,4,BMW 4 SERIES,2
2024,4,BMW IX3,2
2024,4,BMW M2,2
2024,4,BMW XM,2
2024,4,DS 4,2
2024,4,FERRARI 296,2
2024,4,FORD FIESTA,2
2024,4,HONDA HR-V,2
2024,4,HYUNDAI I10,2
2024,4,JEEP COMPASS,2
2024,4,MASERATI GRECALE,2
2024,4,MAZDA MX-5,2
2024,4,MERCEDES-AMG AMG,2
2024,4,MERCEDES-BENZ V-CLASS,2
2024,4,MINI COOPER,2
2024,4,MITSUBISHI SPACE STAR,2
2024,4,PORSCHE 911,2
2024,4,SUBARU CROSSTREK,2
2024,4,SUZUKI IGNIS,2
2024,4,TESLA MOTORS MODEL X,2
2024,4,ALFA ROMEO STELVIO,1
2024,4,AUDI A1,1
2024,4,AUDI SQ8,1
2024,4,BMW M4,1
2024,4,BMW M760E,1
2024,4,BMW X4,1
2024,4,BYD TANG,1
2024,4,CITROEN C5,1
2024,4,CITROEN SPACETOURER,1
2024,4,CUPRA ATECA,1
2024,4,FORD MUSTANG,1
2024,4,FORD TOURNEO COURIER,1
2024,4,FORD TRANSIT,1
2024,4,HONDA CIVIC,1
2024,4,HONDA E:NY1,1
2024,4,HONDA ZR-V,1
2024,4,HYUNDAI SANTA FE,1
2024,4,JAGUAR I-PACE,1
2024,4,LAND ROVER DISCOVERY SPORT,1
2024,4,LAND ROVER RANGE ROVER VELAR,1
2024,4,LEXUS RX500H,1
2024,4,LEXUS UX300E,1
2024,4,LEXUS UX300H,1
2024,4,MERCEDES-BENZ EQC,1
2024,4,MERCEDES-BENZ EVITO,1
2024,4,MERCEDES-BENZ GLS-CLASS,1
2024,4,MERCEDES-BENZ S-CLASS,1
2024,4,PEUGEOT 5008,1
2024,4,PORSCHE BOXSTER,1
2024,4,RENAULT ESPACE,1
2024,4,RENAULT TRAFIC,1
2024,4,SEAT ARONA,1
2024,4,SEAT ATECA,1
2024,4,SEAT TARRACO,1
2024,4,SSANGYONG KORANDO,1
2024,4,SUZUKI ACROSS,1
2024,4,TESLA MOTORS MODEL S,1
2024,4,TOYOTA SUPRA,1
2024,4,VOLKSWAGEN AMAROK,1
2024,4,VOLKSWAGEN POLO,1
2024,5,VOLVO EX30,528
2024,5,TOYOTA YARIS,453
2024,5,TOYOTA COROLLA,414
2024,5,TOYOTA YARIS CROSS,324
2024,5,VOLKSWAGEN ID.4,193
2024,5,SKODA OCTAVIA,186
2024,5,KIA CEED,182
2024,5,TOYOTA RAV4,182
2024,5,NISSAN QASHQAI,181
2024,5,TESLA MOTORS MODEL Y,180
2024,5,VOLKSWAGEN GOLF,179
2024,5,VOLVO XC60,150
2024,5,VOLVO V60,138
2024,5,SKODA ENYAQ,124
2024,5,TESLA MOTORS MODEL 3,122
2024,5,MERCEDES-BENZ GLC-CLASS,113
2024,5,AUDI Q4,109
2024,5,VOLVO XC40,102
2024,5,HYUNDAI I30,88
2024,5,TOYOTA C-HR,88
2024,5,VOLKSWAGEN TIGUAN,79
2024,5,KIA SPORTAGE,73
2024,5,KIA NIRO,72
2024,5,MERCEDES-BENZ E-CLASS,71
2024,5,HYUNDAI I20,69
2024,5,AUDI A4,68
2024,5,BMW X1,67
2024,5,KIA STONIC,67
2024,5,MERCEDES-BENZ EQA,63
2024,5,SEAT LEON,58
2024,5,CITROEN C3,56
2024,5,NISSAN JUKE,56
2024,5,VOLKSWAGEN ID.7,52
2024,5,SKODA FABIA,50
2024,5,FORD KUGA,49
2024,5,VOLVO C40,48
2024,5,MERCEDES-BENZ EQE,47
2024,5,VOLKSWAGEN PASSAT,47
2024,5,VOLKSWAGEN T-CROSS,46
2024,5,BMW IX1,44
2024,5,FORD FOCUS,44
2024,5,HYUNDAI TUCSON,44
2024,5,BYD SEAL,43
2024,5,MERCEDES-BENZ EQB,43
2024,5,KIA XCEED,42
2024,5,PEUGEOT 308,41
2024,5,VOLKSWAGEN T-ROC,40
2024,5,BMW I4,39
2024,5,SKODA SCALA,38
2024,5,SUZUKI SWIFT,38
2024,5,BMW X5,36
2024,5,DACIA DUSTER,36
2024,5,AUDI Q5,35
2024,5,OPEL ASTRA,35
2024,5,PEUGEOT 2008,35
2024,5,VOLKSWAGEN ID.,35
2024,5,VOLVO S60,33
2024,5,KIA PICANTO,31
2024,5,SKODA KAMIQ,31
2024,5,BMW 3 SERIES,30
2024,5,HYUNDAI IONIQ5,30
2024,5,POLESTAR 2,30
2024,5,MERCEDES-BENZ CLA-CLASS,29
2024,5,HYUNDAI KONA,28
2024,5,RENAULT ARKANA,28
2024,5,SKODA KAROQ,28
2024,5,SUBARU OUTBACK,28
2024,5,SUZUKI VITARA,27
2024,5,VOLVO V90,27
2024,5,FORD MUSTANG MACH-E,26
2024,5,KIA RIO,26
2024,5,BMW X3,25
2024,5,MAZDA CX-30,25
2024,5,SKODA KODIAQ,25
2024,5,HYUNDAI BAYON,23
2024,5,MAZDA 2,23
2024,5,MERCEDES-BENZ GLE-CLASS,23
2024,5,VOLVO EX40,23
2024,5,BMW 2 SERIES,22
2024,5,BMW I5,21
2024,5,KIA EV6,21
2024,5,MITSUBISHI ECLIPSE,21
2024,5,CUPRA BORN,20
2024,5,NISSAN ARIYA,20
2024,5,RENAULT CLIO,20
2024,5,TOYOTA BZ4X,20
2024,5,AUDI A6,19
2024,5,CITROEN C4,19
2024,5,MERCEDES-BENZ C-CLASS,19
2024,5,PEUGEOT 3008,19
2024,5,SKODA SUPERB,19
2024,5,BYD ATTO,18
2024,5,FORD PUMA,18
2024,5,MERCEDES-BENZ SPRINTER,18
2024,5,VOLKSWAGEN ID.3,18
2024,5,MITSUBISHI ASX,17
2024,5,VOLKSWAGEN CADDY,17
2024,5,BMW 5 SERIES,16
2024,5,DACIA JOGGER,16
2024,5,FORD TOURNEO CONNECT,16
2024,5,KIA PROCEED,16
2024,5,VOLKSWAGEN TAIGO,16
2024,5,OPEL CROSSLAND,15
2024,5,PEUGEOT 208,15
2024,5,KIA SORENTO,14
2024,5,MAZDA CX-60,14
2024,5,AUDI A3,13
2024,5,CUPRA FORMENTOR,13
2024,5,LAND ROVER RANGE ROVER SPORT,13
2024,5,LEXUS LBX,13
2024,5,NISSAN X-TRAIL,13
2024,5,PORSCHE CAYENNE,13
2024,5,SMART 3,13
2024,5,SUBARU SOLTERRA,13
2024,5,AUDI Q8,12
2024,5,MERCEDES-BENZ GLA-CLASS,12
2024,5,RENAULT AUSTRAL,12
2024,5,BMW IX,11
2024,5,NISSAN LEAF,11
2024,5,TOYOTA PROACE,11
2024,5,VOLVO XC90,11
2024,5,HONDA CR-V,10
2024,5,LAND ROVER DEFENDER,10
2024,5,OPEL MOKKA,10
2024,5,MAZDA 3,9
2024,5,MAZDA 6,9
2024,5,MERCEDES-BENZ VITO,9
2024,5,PEUGEOT 408,9
2024,5,RENAULT CAPTUR,9
2024,5,TOYOTA PRIUS PHEV,9
2024,5,KIA EV9,8
2024,5,MAZDA CX-5,8
2024,5,MERCEDES-BENZ CLE,8
2024,5,MITSUBISHI COLT,8
2024,5,BMW IX2,7
2024,5,DACIA SANDERO,7
2024,5,HYUNDAI IONIQ6,7
2024,5,LEXUS ES300H,7
2024,5,OPEL CORSA,7
2024,5,SUBARU FORESTER,7
2024,5,SUZUKI S-CROSS,7
2024,5,SUZUKI SX4,7
2024,5,VOLKSWAGEN ID.5,7
2024,5,LEXUS UX250H,6
2024,5,SMART 1,6
2024,5,AUDI A7,5
2024,5,JEEP AVENGER,5
2024,5,LAND ROVER RANGE ROVER,5
2024,5,LEXUS NX450H+,5
2024,5,MAN TGE,5
2024,5,MERCEDES-BENZ EQS,5
2024,5,MINI COOPER,5
2024,5,RENAULT ESPACE,5
2024,5,RENAULT MEGANE E-TECH,5
2024,5,RENAULT TRAFIC,5
2024,5,SUBARU CROSSTREK,5
2024,5,TOYOTA AYGO,5
2024,5,BYD DOLPHIN,4
2024,5,CUPRA LEON,4
2024,5,JAGUAR I-PACE,4
2024,5,MINI COUNTRYMAN,4
2024,5,VOLKSWAGEN CRAFTER,4
2024,5,VOLVO EC40,4
2024,5,ALFA ROMEO TONALE,3
2024,5,AUDI Q3,3
2024,5,BMW 550E,3
2024,5,FERRARI 296,3
2024,5,FIAT 600,3
2024,5,FORD EXPLORER,3
2024,5,FORD TRANSIT,3
2024,5,JEEP COMPASS,3
2024,5,LAND ROVER DISCOVERY SPORT,3
2024,5,LAND ROVER RANGE ROVER VELAR,3
2024,5,LEXUS RZ450E,3
2024,5,MAZDA MX-30,3
2024,5,PORSCHE TAYCAN,3
2024,5,RENAULT SCENIC,3
2024,5,SEAT TARRACO,3
2024,5,VOLKSWAGEN MULTIVAN,3
2024,5,ALFA ROMEO STELVIO,2
2024,5,AUDI A5,2
2024,5,BMW 1 SERIES,2
2024,5,BYD TANG,2
2024,5,CITROEN E-C4,2
2024,5,DS 4,2
2024,5,FIAT 500,2
2024,5,FORD FIESTA,2
2024,5,HONDA CIVIC,2
2024,5,HONDA JAZZ,2
2024,5,HONDA ZR-V,2
2024,5,JAGUAR F-PACE,2
2024,5,KIA SOUL,2
2024,5,LEXUS RX450H+,2
2024,5,MAXUS EUNIQ,2
2024,5,MERCEDES-BENZ A-CLASS,2
2024,5,MG 4,2
2024,5,OPEL GRANDLAND,2
2024,5,SEAT ARONA,2
2024,5,SSANGYONG KORANDO,2
2024,5,SUZUKI IGNIS,2
2024,5,SUZUKI SWACE,2
2024,5,TESLA MOTORS MODEL X,2
2024,5,VOLKSWAGEN ARTEON,2
2024,5,VOLKSWAGEN TOUAREG,2
2024,5,VOLVO S90,2
2024,5,ALFA ROMEO GIULIA,1
2024,5,AUDI E-TRON,1
2024,5,AUDI S3,1
2024,5,BMW M2,1
2024,5,BMW M3,1
2024,5,DS 7,1
2024,5,FERRARI ROMA,1
2024,5,FORD MUSTANG,1
2024,5,FORD TOURNEO CUSTOM,1
2024,5,FORD TRANSIT CUSTOM,1
2024,5,HONDA HR-V,1
2024,5,ISUZU D-MAX,1
2024,5,JEEP WRANGLER,1
2024,5,LAND ROVER RANGE ROVER EVOQUE,1
2024,5,LEXUS RX500H,1
2024,5,LEXUS UX300E,1
2024,5,LEXUS UX300H,1
2024,5,MAZDA MX-5,1
2024,5,MERCEDES-BENZ EQC,1
2024,5,MERCEDES-BENZ GLS-CLASS,1
2024,5,MERCEDES-BENZ S-CLASS,1
2024,5,MERCEDES-BENZ T-CLASS,1
2024,5,MERCEDES-BENZ V-CLASS,1
2024,5,MINI COUNTRYMAN COOPER,1
2024,5,MITSUBISHI SPACE STAR,1
2024,5,PEUGEOT EXPERT,1
2024,5,PORSCHE PANAMERA,1
2024,5,RENAULT ZOE,1
2024,5,SUZUKI ACROSS,1
2024,5,TOYOTA CAMRY,1
2024,5,TOYOTA GR,1
2024,5,TOYOTA SUPRA,1
2024,6,TOYOTA COROLLA,360
2024,6,VOLVO EX30,271
2024,6,TOYOTA YARIS,256
2024,6,TESLA MOTORS MODEL Y,249
2024,6,NISSAN QASHQAI,229
2024,6,TESLA MOTORS MODEL 3,227
2024,6,KIA CEED,190
2024,6,TOYOTA YARIS CROSS,189
2024,6,SKODA OCTAVIA,171
2024,6,SKODA FABIA,151
2024,6,TOYOTA C-HR,142
2024,6,VOLKSWAGEN ID.4,133
2024,6,KIA STONIC,124
2024,6,VOLKSWAGEN GOLF,112
2024,6,VOLKSWAGEN T-ROC,102
2024,6,VOLVO XC60,102
2024,6,POLESTAR 2,101
2024,6,SKODA ENYAQ,101
2024,6,VOLVO V60,94
2024,6,TOYOTA RAV4,81
2024,6,BMW X1,76
2024,6,FORD KUGA,76
2024,6,FORD FOCUS,73
2024,6,AUDI Q4,72
2024,6,SKODA SCALA,67
2024,6,VOLKSWAGEN ID.7,66
2024,6,SKODA KAMIQ,65
2024,6,MERCEDES-BENZ GLC-CLASS,64
2024,6,MITSUBISHI COLT,62
2024,6,HYUNDAI KONA,58
2024,6,KIA NIRO,58
2024,6,VOLVO XC40,57
2024,6,HYUNDAI I20,55
2024,6,VOLKSWAGEN PASSAT,54
2024,6,SUZUKI VITARA,53
2024,6,MERCEDES-BENZ E-CLASS,50
2024,6,VOLKSWAGEN T-CROSS,47
2024,6,BMW I4,44
2024,6,NISSAN JUKE,42
2024,6,SEAT ARONA,41
2024,6,FORD PUMA,40
2024,6,VOLKSWAGEN TIGUAN,40
2024,6,FORD TOURNEO CONNECT,39
2024,6,MERCEDES-BENZ EQE,39
2024,6,SKODA KODIAQ,37
2024,6,MERCEDES-BENZ SPRINTER,36
2024,6,VOLVO EX40,35
2024,6,KIA SPORTAGE,34
2024,6,MERCEDES-BENZ C-CLASS,32
2024,6,MERCEDES-BENZ EQB,32
2024,6,HYUNDAI I30,31
2024,6,HYUNDAI IONIQ5,31
2024,6,BMW X5,29
2024,6,MAZDA 2,29
2024,6,MERCEDES-BENZ EQA,29
2024,6,BMW X3,28
2024,6,HYUNDAI TUCSON,28
2024,6,KIA EV9,28
2024,6,SKODA SUPERB,28
2024,6,CITROEN C4,27
2024,6,KIA PICANTO,27
2024,6,VOLVO S60,27
2024,6,AUDI A4,24
2024,6,BMW I5,24
2024,6,KIA XCEED,24
2024,6,VOLKSWAGEN TAIGO,24
2024,6,BYD SEAL,23
2024,6,KIA RIO,23
2024,6,MERCEDES-BENZ VITO,23
2024,6,PEUGEOT 2008,23
2024,6,PEUGEOT 308,23
2024,6,HYUNDAI BAYON,22
2024,6,MERCEDES-BENZ CLA-CLASS,22
2024,6,SKODA KAROQ,22
2024,6,NISSAN LEAF,21
2024,6,RENAULT CLIO,21
2024,6,SUBARU OUTBACK,21
2024,6,TOYOTA AYGO,21
2024,6,OPEL ASTRA,20
2024,6,BMW 3 SERIES,19
2024,6,MITSUBISHI ECLIPSE,19
2024,6,AUDI A6,18
2024,6,CUPRA BORN,18
2024,6,KIA EV6,18
2024,6,LEXUS LBX,18
2024,6,VOLVO V90,18
2024,6,MAZDA CX-60,17
2024,6,DACIA JOGGER,16
2024,6,KIA PROCEED,16
2024,6,NISSAN ARIYA,16
2024,6,RENAULT SCENIC,16
2024,6,VOLKSWAGEN CADDY,16
2024,6,RENAULT ARKANA,15
2024,6,SUZUKI SWIFT,15
2024,6,BMW IX1,14
2024,6,MAZDA 3,14
2024,6,MITSUBISHI ASX,14
2024,6,TOYOTA BZ4X,14
2024,6,VOLVO C40,14
2024,6,AUDI Q5,13
2024,6,AUDI Q7,13
2024,6,BMW 5 SERIES,13
2024,6,DACIA DUSTER,13
2024,6,FORD MUSTANG MACH-E,13
2024,6,SUZUKI S-CROSS,13
2024,6,KIA SORENTO,12
2024,6,MAZDA CX-30,12
2024,6,VOLKSWAGEN ID.,12
2024,6,VOLKSWAGEN ID.3,12
2024,6,VOLVO XC90,12
2024,6,AUDI Q8,11
2024,6,BYD ATTO,11
2024,6,CITROEN C3,11
2024,6,CUPRA FORMENTOR,11
2024,6,HYUNDAI IONIQ6,11
2024,6,LAND ROVER DEFENDER,11
2024,6,OPEL MOKKA,11
2024,6,PEUGEOT 408,11
2024,6,MERCEDES-BENZ EQS,10
2024,6,PEUGEOT 3008,10
2024,6,BMW 2 SERIES,9
2024,6,BMW IX2,9
2024,6,MERCEDES-BENZ GLA-CLASS,9
2024,6,NISSAN X-TRAIL,9
2024,6,AUDI A3,8
2024,6,MAZDA 6,8
2024,6,RENAULT CAPTUR,8
2024,6,CUPRA LEON,7
2024,6,HONDA CR-V,7
2024,6,MAN TGE,7
2024,6,PEUGEOT 208,7
2024,6,TOYOTA PROACE,7
2024,6,VOLVO EC40,7
2024,6,BMW 550E,6
2024,6,BMW IX,6
2024,6,LAND ROVER RANGE ROVER SPORT,6
2024,6,PORSCHE TAYCAN,6
2024,6,RENAULT AUSTRAL,6
2024,6,SEAT LEON,6
2024,6,SMART 3,6
2024,6,SUBARU FORESTER,6
2024,6,FIAT 500,5
2024,6,FORD TRANSIT,5
2024,6,LAND ROVER RANGE ROVER VELAR,5
2024,6,MAZDA CX-5,5
2024,6,MERCEDES-BENZ S-CLASS,5
2024,6,PORSCHE CAYENNE,5
2024,6,RENAULT TRAFIC,5
2024,6,SMART 1,5
2024,6,SUZUKI SX4,5
2024,6,BYD DOLPHIN,4
2024,6,DACIA SANDERO,4
2024,6,FORD TOURNEO CUSTOM,4
2024,6,HONDA JAZZ,4
2024,6,MINI COUNTRYMAN,4
2024,6,OPEL CORSA,4
2024,6,PORSCHE PANAMERA,4
2024,6,RENAULT MEGANE E-TECH,4
2024,6,VOLKSWAGEN CRAFTER,4
2024,6,VOLVO S90,4
2024,6,AUDI A7,3
2024,6,AUDI Q3,3
2024,6,BMW 1 SERIES,3
2024,6,LAND ROVER DISCOVERY SPORT,3
2024,6,LAND ROVER RANGE ROVER,3
2024,6,LEXUS ES300H,3
2024,6,MAZDA MX-30,3
2024,6,MAZDA MX-5,3
2024,6,MERCEDES-BENZ A-CLASS,3
2024,6,MINI COOPER,3
2024,6,OPEL CROSSLAND,3
2024,6,RENAULT ESPACE,3
2024,6,SEAT TARRACO,3
2024,6,SSANGYONG KORANDO,3
2024,6,SUBARU CROSSTREK,3
2024,6,SUBARU SOLTERRA,3
2024,6,TESLA MOTORS MODEL S,3
2024,6,TOYOTA PRIUS PHEV,3
2024,6,VOLKSWAGEN MULTIVAN,3
2024,6,CITROEN C5,2
2024,6,FORD MUSTANG,2
2024,6,HONDA HR-V,2
2024,6,JEEP COMPASS,2
2024,6,LEXUS NX450H+,2
2024,6,LEXUS RZ450E,2
2024,6,LEXUS UX250H,2
2024,6,MERCEDES-BENZ EVITO,2
2024,6,MERCEDES-BENZ T-CLASS,2
2024,6,MERCEDES-BENZ V-CLASS,2
2024,6,MG 3,2
2024,6,OPEL GRANDLAND,2
2024,6,SUZUKI IGNIS,2
2024,6,TOYOTA CAMRY,2
2024,6,AUDI A1,1
2024,6,AUDI A5,1
2024,6,AUDI E-TRON,1
2024,6,BENTLEY BENTAYGA,1
2024,6,BENTLEY CONTINENTAL,1
2024,6,BMW X4,1
2024,6,BYD HAN,1
2024,6,BYD TANG,1
2024,6,DS 7,1
2024,6,FERRARI PORTOFINO,1
2024,6,FORD TOURNEO COURIER,1
2024,6,HONDA CIVIC,1
2024,6,HYUNDAI I10,1
2024,6,JAGUAR E-PACE,1
2024,6,KIA SOUL,1
2024,6,LAND ROVER RANGE ROVER EVOQUE,1
2024,6,MERCEDES-BENZ B-CLASS,1
2024,6,MERCEDES-BENZ CLE,1
2024,6,MERCEDES-BENZ GLE-CLASS,1
2024,6,MITSUBISHI SPACE STAR,1
2024,6,PEUGEOT E-RIFTER,1
2024,6,PORSCHE 718,1
2024,6,VOLKSWAGEN ID.5,1
2024,6,VOLKSWAGEN KOMBI,1
2024,6,VOLKSWAGEN TOUAREG,1
2024,7,TOYOTA YARIS CROSS,298
2024,7,TOYOTA COROLLA,261
2024,7,TOYOTA C-HR,175
2024,7,VOLVO EX30,161
2024,7,TOYOTA YARIS,141
2024,7,NISSAN QASHQAI,130
2024,7,VOLVO XC60,118
2024,7,VOLKSWAGEN ID.4,101
2024,7,OPEL ASTRA,98
2024,7,SKODA OCTAVIA,96
2024,7,KIA CEED,94
2024,7,SKODA ENYAQ,83
2024,7,VOLVO V60,75
2024,7,TOYOTA RAV4,67
2024,7,MERCEDES-BENZ GLC-CLASS,64
2024,7,VOLKSWAGEN TIGUAN,62
2024,7,POLESTAR 2,60
2024,7,SKODA KODIAQ,60
2024,7,VOLVO EX40,60
2024,7,SKODA SUPERB,59
2024,7,SUZUKI VITARA,57
2024,7,AUDI Q4,56
2024,7,PEUGEOT 2008,56
2024,7,VOLKSWAGEN PASSAT,56
2024,7,FORD KUGA,53
2024,7,KIA NIRO,53
2024,7,HYUNDAI I20,52
2024,7,FORD FOCUS,50
2024,7,TESLA MOTORS MODEL Y,48
2024,7,VOLKSWAGEN GOLF,47
2024,7,NISSAN JUKE,45
2024,7,BMW X1,42
2024,7,NISSAN X-TRAIL,42
2024,7,VOLKSWAGEN T-CROSS,41
2024,7,KIA STONIC,39
2024,7,SKODA FABIA,39
2024,7,HYUNDAI BAYON,38
2024,7,NISSAN LEAF,38
2024,7,SKODA KAMIQ,38
2024,7,MERCEDES-BENZ EQE,37
2024,7,HYUNDAI IONIQ5,36
2024,7,HYUNDAI KONA,36
2024,7,VOLKSWAGEN T-ROC,36
2024,7,FORD PUMA,35
2024,7,KIA SPORTAGE,35
2024,7,KIA EV6,34
2024,7,BYD SEAL,33
2024,7,KIA XCEED,32
2024,7,PEUGEOT 3008,31
2024,7,VOLVO EC40,31
2024,7,MERCEDES-BENZ E-CLASS,29
2024,7,SKODA SCALA,29
2024,7,HYUNDAI I30,28
2024,7,KIA RIO,28
2024,7,VOLKSWAGEN ID.7,27
2024,7,VOLVO XC40,27
2024,7,BMW I5,26
2024,7,SKODA KAROQ,26
2024,7,AUDI Q6,25
2024,7,MERCEDES-BENZ EQA,25
2024,7,BMW I4,24
2024,7,NISSAN ARIYA,24
2024,7,TOYOTA BZ4X,24
2024,7,AUDI Q5,23
2024,7,BMW 3 SERIES,23
2024,7,KIA PICANTO,23
2024,7,RENAULT SCENIC,23
2024,7,SEAT LEON,23
2024,7,MITSUBISHI ECLIPSE,22
2024,7,MERCEDES-BENZ EQB,21
2024,7,CITROEN C4,20
2024,7,HYUNDAI TUCSON,20
2024,7,VOLKSWAGEN TAIGO,20
2024,7,MAZDA 2,19
2024,7,MERCEDES-BENZ SPRINTER,19
2024,7,SUBARU SOLTERRA,19
2024,7,BMW X5,18
2024,7,KIA SORENTO,18
2024,7,LEXUS LBX,18
2024,7,MERCEDES-BENZ C-CLASS,17
2024,7,BMW X3,16
2024,7,BYD ATTO,16
2024,7,KIA EV9,16
2024,7,RENAULT CAPTUR,16
2024,7,VOLKSWAGEN ID.3,16
2024,7,CUPRA BORN,15
2024,7,KIA PROCEED,15
2024,7,MAZDA CX-30,15
2024,7,SUZUKI SWIFT,15
2024,7,VOLVO S60,15
2024,7,AUDI Q8,14
2024,7,MERCEDES-BENZ CLA-CLASS,14
2024,7,MG 4,14
2024,7,BMW IX1,13
2024,7,HYUNDAI IONIQ6,13
2024,7,VOLVO V90,13
2024,7,AUDI A3,12
2024,7,AUDI A6,12
2024,7,BMW 5 SERIES,12
2024,7,CUPRA FORMENTOR,12
2024,7,FORD MUSTANG MACH-E,12
2024,7,HONDA CR-V,12
2024,7,VOLVO C40,12
2024,7,BMW IX2,11
2024,7,AUDI A4,10
2024,7,BMW 2 SERIES,10
2024,7,DACIA DUSTER,10
2024,7,FORD TOURNEO CONNECT,10
2024,7,HYUNDAI I10,10
2024,7,SUBARU OUTBACK,10
2024,7,VOLVO XC90,10
2024,7,BMW IX,9
2024,7,LAND ROVER RANGE ROVER SPORT,9
2024,7,MAN TGE,9
2024,7,MAZDA CX-60,9
2024,7,MITSUBISHI ASX,9
2024,7,MITSUBISHI COLT,9
2024,7,PEUGEOT 408,9
2024,7,PORSCHE CAYENNE,9
2024,7,MAZDA 3,8
2024,7,OPEL MOKKA,8
2024,7,PEUGEOT 208,8
2024,7,POLESTAR 3,8
2024,7,SUBARU CROSSTREK,8
2024,7,VOLKSWAGEN CADDY,8
2024,7,CITROEN C3,7
2024,7,FIAT 500,7
2024,7,PORSCHE TAYCAN,7
2024,7,SUZUKI S-CROSS,7
2024,7,BMW 550E,6
2024,7,CUPRA LEON,6
2024,7,DACIA JOGGER,6
2024,7,MERCEDES-BENZ EQS,6
2024,7,MERCEDES-BENZ GLE-CLASS,6
2024,7,MG 3,6
2024,7,MINI COOPER,6
2024,7,RENAULT AUSTRAL,6
2024,7,SMART 3,6
2024,7,TESLA MOTORS MODEL 3,6
2024,7,TOYOTA GR,6
2024,7,MAXUS EUNIQ,5
2024,7,MAZDA CX-5,5
2024,7,RENAULT CLIO,5
2024,7,TOYOTA PRIUS PHEV,5
2024,7,VOLKSWAGEN CRAFTER,5
2024,7,ALFA ROMEO TONALE,4
2024,7,BYD HAN,4
2024,7,CITROEN C5,4
2024,7,DACIA SANDERO,4
2024,7,FORD MUSTANG,4
2024,7,MAZDA MX-5,4
2024,7,MERCEDES-BENZ VITO,4
2024,7,PEUGEOT 308,4
2024,7,RENAULT ARKANA,4
2024,7,RENAULT ESPACE,4
2024,7,SMART 1,4
2024,7,SUBARU FORESTER,4
2024,7,TOYOTA AYGO,4
2024,7,AUDI Q7,3
2024,7,DS 7,3
2024,7,FORD TRANSIT,3
2024,7,LAND ROVER DEFENDER,3
2024,7,LEXUS RX450H+,3
2024,7,LEXUS RZ450E,3
2024,7,MERCEDES-BENZ A-CLASS,3
2024,7,MERCEDES-BENZ T-CLASS,3
2024,7,PORSCHE PANAMERA,3
2024,7,SUZUKI SX4,3
2024,7,TESLA MOTORS MODEL X,3
2024,7,VOLKSWAGEN ID.,3
2024,7,AUDI A7,2
2024,7,AUDI E-TRON,2
2024,7,AUDI Q3,2
2024,7,FORD EXPLORER,2
2024,7,HONDA CIVIC,2
2024,7,HONDA HR-V,2
2024,7,HONDA JAZZ,2
2024,7,JEEP COMPASS,2
2024,7,JEEP GRAND CHEROKEE,2
2024,7,LEXUS NX450H+,2
2024,7,MAZDA 6,2
2024,7,MERCEDES-BENZ CLE,2
2024,7,MERCEDES-BENZ GLA-CLASS,2
2024,7,MINI COUNTRYMAN,2
2024,7,OPEL CROSSLAND,2
2024,7,OPEL ZAFIRA,2
2024,7,RENAULT MEGANE E-TECH,2
2024,7,SSANGYONG KORANDO,2
2024,7,TESLA MOTORS MODEL S,2
2024,7,TOYOTA PROACE,2
2024,7,VOLKSWAGEN MULTIVAN,2
2024,7,VOLKSWAGEN TOUAREG,2
2024,7,AUDI SQ6,1
2024,7,BMW I7,1
2024,7,BMW IX3,1
2024,7,BMW M2,1
2024,7,BMW M3,1
2024,7,BMW X7,1
2024,7,BYD DOLPHIN,1
2024,7,BYD TANG,1
2024,7,CITROEN BERLINGO,1
2024,7,CITROEN E-BERLINGO,1
2024,7,DS 4,1
2024,7,FERRARI SF90,1
2024,7,FIAT 600,1
2024,7,FORD FIESTA,1
2024,7,FORD TOURNEO COURIER,1
2024,7,JEEP AVENGER,1
2024,7,JEEP WRANGLER,1
2024,7,LAMBORGHINI URUS,1
2024,7,LAND ROVER RANGE ROVER,1
2024,7,LAND ROVER RANGE ROVER EVOQUE,1
2024,7,LAND ROVER RANGE ROVER VELAR,1
2024,7,LEXUS ES300H,1
2024,7,LEXUS UX300H,1
2024,7,MERCEDES-BENZ B-CLASS,1
2024,7,MERCEDES-BENZ GLS-CLASS,1
2024,7,MERCEDES-BENZ MAYBACH,1
2024,7,MERCEDES-BENZ S-CLASS,1
2024,7,MERCEDES-BENZ V-CLASS,1
2024,7,MERCEDES-BENZ OTHERS,1
2024,7,MITSUBISHI SPACE STAR,1
2024,7,OPEL CORSA,1
2024,7,PEUGEOT 508,1
2024,7,SEAT ARONA,1
2024,7,SEAT ATECA,1
2024,7,SERES 5,1
2024,7,SUZUKI IGNIS,1
2024,7,TOYOTA CAMRY,1
2024,7,VOLVO S90,1
2024,8,TOYOTA YARIS CROSS,320
2024,8,TOYOTA COROLLA,242
2024,8,VOLVO EX30,224
2024,8,TESLA MOTORS MODEL Y,195
2024,8,OPEL ASTRA,173
2024,8,PEUGEOT 2008,162
2024,8,TOYOTA RAV4,153
2024,8,TOYOTA C-HR,140
2024,8,TOYOTA YARIS,130
2024,8,KIA CEED,127
2024,8,VOLKSWAGEN ID.4,120
2024,8,NISSAN QASHQAI,117
2024,8,TESLA MOTORS MODEL 3,115
2024,8,VOLKSWAGEN TIGUAN,114
2024,8,VOLVO XC60,113
2024,8,SKODA OCTAVIA,102
2024,8,FORD KUGA,99
2024,8,VOLVO V60,95
2024,8,SKODA ENYAQ,86
2024,8,HYUNDAI KONA,78
2024,8,VOLKSWAGEN T-CROSS,78
2024,8,KIA NIRO,77
2024,8,SKODA KODIAQ,77
2024,8,SKODA SUPERB,76
2024,8,VOLKSWAGEN ID.7,71
2024,8,MERCEDES-BENZ GLC-CLASS,69
2024,8,AUDI Q4,63
2024,8,KIA SPORTAGE,63
2024,8,SKODA KAMIQ,62
2024,8,VOLVO EX40,62
2024,8,SUBARU SOLTERRA,61
2024,8,HYUNDAI I20,58
2024,8,KIA STONIC,56
2024,8,KIA EV6,55
2024,8,FORD FOCUS,51
2024,8,FORD PUMA,49
2024,8,VOLKSWAGEN PASSAT,47
2024,8,NISSAN JUKE,45
2024,8,BMW X1,44
2024,8,HYUNDAI I10,44
2024,8,HYUNDAI TUCSON,43
2024,8,BMW I4,42
2024,8,MERCEDES-BENZ EQE,41
2024,8,VOLKSWAGEN T-ROC,41
2024,8,SKODA FABIA,40
2024,8,BMW 5 SERIES,36
2024,8,CITROEN C3,36
2024,8,MAZDA 2,36
2024,8,SKODA KAROQ,36
2024,8,PEUGEOT 3008,34
2024,8,AUDI Q5,33
2024,8,BYD SEAL,33
2024,8,KIA RIO,33
2024,8,HYUNDAI IONIQ5,32
2024,8,POLESTAR 2,31
2024,8,LEXUS LBX,30
2024,8,RENAULT CAPTUR,30
2024,8,SUZUKI VITARA,30
2024,8,MERCEDES-BENZ E-CLASS,29
2024,8,SKODA SCALA,29
2024,8,KIA PICANTO,28
2024,8,MERCEDES-BENZ EQB,28
2024,8,NISSAN LEAF,28
2024,8,VOLKSWAGEN ID.3,28
2024,8,MERCEDES-BENZ CLA-CLASS,26
2024,8,DACIA DUSTER,25
2024,8,HYUNDAI BAYON,25
2024,8,KIA XCEED,25
2024,8,VOLVO EC40,25
2024,8,VOLVO V90,25
2024,8,NISSAN ARIYA,24
2024,8,RENAULT SCENIC,24
2024,8,AUDI Q6,23
2024,8,BMW 3 SERIES,23
2024,8,BMW X5,23
2024,8,MERCEDES-BENZ EQA,23
2024,8,TOYOTA BZ4X,23
2024,8,VOLKSWAGEN GOLF,23
2024,8,POLESTAR 4,22
2024,8,VOLVO XC90,22
2024,8,AUDI A3,21
2024,8,AUDI A6,21
2024,8,MAZDA CX-30,21
2024,8,MITSUBISHI ECLIPSE,21
2024,8,DACIA JOGGER,19
2024,8,HYUNDAI IONIQ6,19
2024,8,MERCEDES-BENZ C-CLASS,19
2024,8,VOLKSWAGEN TAIGO,19
2024,8,HYUNDAI I30,18
2024,8,NISSAN X-TRAIL,18
2024,8,AUDI Q8,17
2024,8,BMW IX1,17
2024,8,FORD MUSTANG MACH-E,17
2024,8,VOLVO XC40,17
2024,8,BMW I5,16
2024,8,KIA PROCEED,16
2024,8,KIA SORENTO,16
2024,8,MAZDA CX-60,16
2024,8,MERCEDES-BENZ SPRINTER,16
2024,8,MITSUBISHI ASX,16
2024,8,VOLVO S60,16
2024,8,KIA EV9,15
2024,8,SUBARU OUTBACK,15
2024,8,AUDI Q7,14
2024,8,MAXUS EUNIQ,14
2024,8,AUDI A4,13
2024,8,BYD ATTO,13
2024,8,DACIA SANDERO,13
2024,8,LAND ROVER RANGE ROVER SPORT,13
2024,8,MINI COOPER,13
2024,8,VOLVO C40,13
2024,8,BMW IX2,12
2024,8,CUPRA BORN,12
2024,8,SMART 3,12
2024,8,SUBARU FORESTER,12
2024,8,SUZUKI S-CROSS,12
2024,8,AUDI SQ6,11
2024,8,BMW 2 SERIES,11
2024,8,FORD EXPLORER,11
2024,8,OPEL CORSA,11
2024,8,PORSCHE CAYENNE,11
2024,8,PORSCHE TAYCAN,11
2024,8,CITROEN C4,10
2024,8,CUPRA FORMENTOR,10
2024,8,HYUNDAI SANTA FE,10
2024,8,MERCEDES-BENZ CLE,10
2024,8,MG 4,10
2024,8,RENAULT AUSTRAL,10
2024,8,SUZUKI SWIFT,10
2024,8,CUPRA TAVASCAN,9
2024,8,MAZDA CX-5,9
2024,8,SMART 1,9
2024,8,TOYOTA PRIUS PHEV,9
2024,8,BMW X3,8
2024,8,FORD TOURNEO CUSTOM,8
2024,8,MERCEDES-BENZ GLA-CLASS,8
2024,8,MERCEDES-BENZ GLE-CLASS,8
2024,8,MITSUBISHI COLT,8
2024,8,RENAULT CLIO,8
2024,8,HONDA CR-V,7
2024,8,MERCEDES-BENZ VITO,7
2024,8,SUZUKI SX4,7
2024,8,VOLKSWAGEN CRAFTER,7
2024,8,MAZDA 6,6
2024,8,MERCEDES-BENZ A-CLASS,6
2024,8,MERCEDES-BENZ EQS,6
2024,8,PEUGEOT 408,6
2024,8,POLESTAR 3,6
2024,8,RENAULT ESPACE,6
2024,8,RENAULT MEGANE E-TECH,6
2024,8,RENAULT SYMBIOZ,6
2024,8,TOYOTA AYGO,6
2024,8,AUDI Q3,5
2024,8,HONDA ZR-V,5
2024,8,LAND ROVER RANGE ROVER,5
2024,8,OPEL MOKKA,5
2024,8,PEUGEOT 208,5
2024,8,PEUGEOT 5008,5
2024,8,TOYOTA GR,5
2024,8,VOLKSWAGEN CADDY,5
2024,8,BMW IX,4
2024,8,CUPRA LEON,4
2024,8,FORD TOURNEO CONNECT,4
2024,8,HONDA CIVIC,4
2024,8,HONDA JAZZ,4
2024,8,JEEP GRAND CHEROKEE,4
2024,8,MINI COUNTRYMAN,4
2024,8,PORSCHE MACAN,4
2024,8,SEAT LEON,4
2024,8,SEAT TARRACO,4
2024,8,SSANGYONG KORANDO,4
2024,8,AUDI SQ8,3
2024,8,BMW 550E,3
2024,8,FERRARI 296,3
2024,8,FIAT 500,3
2024,8,LEXUS ES300H,3
2024,8,LEXUS UX300H,3
2024,8,MAZDA 3,3
2024,8,MERCEDES-BENZ B-CLASS,3
2024,8,MERCEDES-BENZ G-CLASS,3
2024,8,MERCEDES-BENZ GLS-CLASS,3
2024,8,MG 3,3
2024,8,PEUGEOT 308,3
2024,8,PORSCHE PANAMERA,3
2024,8,SUZUKI IGNIS,3
2024,8,TOYOTA PROACE,3
2024,8,AUDI A7,2
2024,8,AUDI S3,2
2024,8,BMW IX3,2
2024,8,HONDA HR-V,2
2024,8,LAND ROVER DEFENDER,2
2024,8,LEXUS NX450H+,2
2024,8,LEXUS UX250H,2
2024,8,MAN TGE,2
2024,8,MERCEDES-BENZ T-CLASS,2
2024,8,MERCEDES-BENZ V-CLASS,2
2024,8,OPEL CROSSLAND,2
2024,8,RENAULT TRAFIC,2
2024,8,SERES 5,2
2024,8,VOLKSWAGEN ID.,2
2024,8,VOLKSWAGEN ID.5,2
2024,8,VOLKSWAGEN MULTIVAN,2
2024,8,VOLKSWAGEN TOUAREG,2
2024,8,VOLVO S90,2
2024,8,ALFA ROMEO TONALE,1
2024,8,AUDI A8,1
2024,8,BMW 7 SERIES,1
2024,8,BMW I7,1
2024,8,BMW M1,1
2024,8,BMW X7,1
2024,8,BYD DOLPHIN,1
2024,8,BYD TANG,1
2024,8,CADILLAC LYRIQ,1
2024,8,CITROEN C5,1
2024,8,CITROEN E-C4,1
2024,8,CUPRA ATECA,1
2024,8,FERRARI PUROSANGUE,1
2024,8,FIAT 600,1
2024,8,FORD TOURNEO COURIER,1
2024,8,FORD TRANSIT CUSTOM,1
2024,8,JAGUAR E-PACE,1
2024,8,JEEP COMPASS,1
2024,8,JEEP WRANGLER,1
2024,8,KIA SOUL,1
2024,8,LAND ROVER DISCOVERY SPORT,1
2024,8,LAND ROVER RANGE ROVER EVOQUE,1
2024,8,LAND ROVER RANGE ROVER VELAR,1
2024,8,LEXUS RX450H+,1
2024,8,LEXUS RZ450E,1
2024,8,MAXUS MIFA,1
2024,8,MAZDA MX-30,1
2024,8,MAZDA MX-5,1
2024,8,MERCEDES-AMG AMG,1
2024,8,MERCEDES-BENZ S-CLASS,1
2024,8,MINI JCW,1
2024,8,MITSUBISHI SPACE STAR,1
2024,8,NISSAN PRIMASTAR,1
2024,8,OPEL COMBO-E,1
2024,8,OPEL ZAFIRA,1
2024,8,PEUGEOT 508,1
2024,8,SEAT ARONA,1
2024,8,SUBARU CROSSTREK,1
2024,8,SUZUKI ACROSS,1
2024,8,TESLA MOTORS MODEL S,1
2024,8,TESLA MOTORS MODEL X,1
2024,9,TESLA MOTORS MODEL Y,272
2024,9,SKODA ENYAQ,238
2024,9,TESLA MOTORS MODEL 3,172
2024,9,TOYOTA RAV4,133
2024,9,VOLKSWAGEN TIGUAN,127
2024,9,VOLVO XC60,123
2024,9,VOLVO EX30,119
2024,9,VOLKSWAGEN ID.4,116
2024,9,TOYOTA YARIS,91
2024,9,TOYOTA COROLLA,86
2024,9,KIA CEED,84
2024,9,NISSAN QASHQAI,80
2024,9,SKODA KODIAQ,66
2024,9,SKODA SUPERB,64
2024,9,AUDI Q4,62
2024,9,PEUGEOT 2008,61
2024,9,KIA STONIC,59
2024,9,TOYOTA YARIS CROSS,58
2024,9,POLESTAR 4,55
2024,9,VOLVO V60,53
2024,9,BMW X1,52
2024,9,VOLKSWAGEN ID.7,52
2024,9,FORD EXPLORER,50
2024,9,FORD FOCUS,49
2024,9,VOLVO EX40,46
2024,9,HYUNDAI I10,45
2024,9,OPEL ASTRA,45
2024,9,AUDI Q6,42
2024,9,KIA NIRO,42
2024,9,FORD KUGA,41
2024,9,TOYOTA BZ4X,37
2024,9,HYUNDAI KONA,36
2024,9,RENAULT CLIO,36
2024,9,SKODA KAMIQ,36
2024,9,TOYOTA C-HR,36
2024,9,KIA SPORTAGE,33
2024,9,MERCEDES-BENZ C-CLASS,33
2024,9,SKODA OCTAVIA,33
2024,9,NISSAN LEAF,31
2024,9,PORSCHE MACAN,31
2024,9,MERCEDES-BENZ CLA-CLASS,30
2024,9,HYUNDAI TUCSON,29
2024,9,VOLKSWAGEN GOLF,28
2024,9,BYD SEAL,27
2024,9,MERCEDES-BENZ SPRINTER,27
2024,9,OPEL CORSA,27
2024,9,AUDI Q5,26
2024,9,HYUNDAI IONIQ5,26
2024,9,NISSAN JUKE,26
2024,9,BMW I4,25
2024,9,POLESTAR 3,25
2024,9,FORD PUMA,24
2024,9,LEXUS LBX,23
2024,9,SKODA FABIA,23
2024,9,BMW 3 SERIES,22
2024,9,DACIA DUSTER,22
2024,9,MERCEDES-BENZ EQB,22
2024,9,MERCEDES-BENZ GLC-CLASS,22
2024,9,TOYOTA AYGO,22
2024,9,HYUNDAI I30,21
2024,9,HYUNDAI IONIQ6,21
2024,9,KIA PICANTO,21
2024,9,MITSUBISHI ECLIPSE,21
2024,9,POLESTAR 2,20
2024,9,VOLKSWAGEN ID.3,20
2024,9,VOLKSWAGEN T-CROSS,20
2024,9,MERCEDES-BENZ E-CLASS,19
2024,9,VOLVO EC40,19
2024,9,BMW 2 SERIES,18
2024,9,BMW 5 SERIES,18
2024,9,BMW I5,18
2024,9,CITROEN C3,18
2024,9,MERCEDES-BENZ EQE,18
2024,9,HYUNDAI I20,17
2024,9,KIA PROCEED,17
2024,9,SUBARU SOLTERRA,17
2024,9,VOLKSWAGEN PASSAT,17
2024,9,VOLKSWAGEN TAIGO,17
2024,9,BMW X5,16
2024,9,PEUGEOT 3008,16
2024,9,TOYOTA PROACE,16
2024,9,AUDI A6,15
2024,9,KIA EV6,15
2024,9,KIA XCEED,15
2024,9,MAZDA 2,15
2024,9,BMW IX1,14
2024,9,NISSAN ARIYA,14
2024,9,AUDI A3,13
2024,9,MAZDA MX-30,13
2024,9,MERCEDES-BENZ EQA,13
2024,9,RENAULT SCENIC,13
2024,9,VOLVO V90,13
2024,9,VOLVO XC90,13
2024,9,PEUGEOT 5008,12
2024,9,SKODA KAROQ,12
2024,9,SKODA SCALA,12
2024,9,SUZUKI VITARA,12
2024,9,CUPRA BORN,11
2024,9,HYUNDAI BAYON,11
2024,9,MAZDA CX-30,11
2024,9,RENAULT SYMBIOZ,11
2024,9,VOLVO S60,11
2024,9,AUDI Q8,10
2024,9,DACIA JOGGER,10
2024,9,KIA RIO,10
2024,9,PEUGEOT 208,10
2024,9,AUDI SQ6,9
2024,9,LEXUS NX450H+,9
2024,9,NISSAN X-TRAIL,9
2024,9,OPEL MOKKA,9
2024,9,VOLKSWAGEN T-ROC,9
2024,9,BMW IX2,8
2024,9,BMW X3,8
2024,9,CITROEN C4,8
2024,9,FORD TOURNEO CONNECT,8
2024,9,MITSUBISHI ASX,8
2024,9,SUBARU OUTBACK,8
2024,9,SUZUKI S-CROSS,8
2024,9,TESLA MOTORS MODEL S,8
2024,9,VOLVO XC40,8
2024,9,BMW IX,7
2024,9,BYD TANG,7
2024,9,FORD MUSTANG MACH-E,7
2024,9,HYUNDAI SANTA FE,7
2024,9,KIA SORENTO,7
2024,9,LAND ROVER RANGE ROVER SPORT,7
2024,9,MINI COUNTRYMAN,7
2024,9,MITSUBISHI COLT,7
2024,9,VOLKSWAGEN CRAFTER,7
2024,9,VOLVO C40,7
2024,9,BYD ATTO,6
2024,9,CUPRA LEON,6
2024,9,HONDA ZR-V,6
2024,9,JEEP AVENGER,6
2024,9,KIA EV9,6
2024,9,PEUGEOT 308,6
2024,9,TOYOTA GR,6
2024,9,AUDI Q7,5
2024,9,CUPRA FORMENTOR,5
2024,9,DACIA SANDERO,5
2024,9,HONDA CR-V,5
2024,9,LAND ROVER DEFENDER,5
2024,9,LAND ROVER RANGE ROVER,5
2024,9,MAZDA CX-5,5
2024,9,MERCEDES-BENZ A-CLASS,5
2024,9,RENAULT CAPTUR,5
2024,9,SUZUKI SWIFT,5
2024,9,ALFA ROMEO TONALE,4
2024,9,HONDA JAZZ,4
2024,9,MAZDA CX-60,4
2024,9,MG 3,4
2024,9,PEUGEOT 408,4
2024,9,PORSCHE CAYENNE,4
2024,9,SSANGYONG KORANDO,4
2024,9,SUZUKI SX4,4
2024,9,TESLA MOTORS MODEL X,4
2024,9,AUDI A4,3
2024,9,BMW 550E,3
2024,9,BYD DOLPHIN,3
2024,9,CITROEN C5,3
2024,9,CUPRA TAVASCAN,3
2024,9,FORD TOURNEO CUSTOM,3
2024,9,LEXUS RZ300E,3
2024,9,LEXUS UX300H,3
2024,9,MAZDA 3,3
2024,9,MAZDA 6,3
2024,9,MERCEDES-BENZ GLA-CLASS,3
2024,9,MERCEDES-BENZ GLE-CLASS,3
2024,9,RENAULT AUSTRAL,3
2024,9,SMART 3,3
2024,9,SUBARU CROSSTREK,3
2024,9,VOLKSWAGEN ID.,3
2024,9,FORD MUSTANG,2
2024,9,FORD TOURNEO COURIER,2
2024,9,FORD TRANSIT CUSTOM,2
2024,9,HONDA CIVIC,2
2024,9,HONDA HR-V,2
2024,9,KIA SOUL,2
2024,9,LEXUS RX450H+,2
2024,9,MASERATI GRECALE,2
2024,9,MAXUS EUNIQ,2
2024,9,MG 4,2
2024,9,MINI COOPER,2
2024,9,PEUGEOT TRAVELLER,2
2024,9,PORSCHE PANAMERA,2
2024,9,SEAT LEON,2
2024,9,SUBARU FORESTER,2
2024,9,SUZUKI SWACE,2
2024,9,TOYOTA PRIUS PHEV,2
2024,9,AUDI A5,1
2024,9,BMW 1 SERIES,1
2024,9,BMW X6,1
2024,9,BMW X7,1
2024,9,BYD HAN,1
2024,9,CITROEN E-BERLINGO,1
2024,9,DS 4,1
2024,9,FIAT 500,1
2024,9,FORD FIESTA,1
2024,9,FORD TRANSIT,1
2024,9,JEEP GRAND CHEROKEE,1
2024,9,LAND ROVER RANGE ROVER EVOQUE,1
2024,9,LEXUS ES300H,1
2024,9,LEXUS RZ450E,1
2024,9,MAZDA MX-5,1
2024,9,MERCEDES-AMG AMG,1
2024,9,MERCEDES-BENZ CLE,1
2024,9,MERCEDES-BENZ EQC,1
2024,9,MERCEDES-BENZ EQS,1
2024,9,MERCEDES-BENZ S-CLASS,1
2024,9,MERCEDES-BENZ V-CLASS,1
2024,9,MERCEDES-BENZ VITO,1
2024,9,MITSUBISHI SPACE STAR,1
2024,9,NISSAN PRIMASTAR,1
2024,9,PORSCHE TAYCAN,1
2024,9,RENAULT ARKANA,1
2024,9,SEAT TARRACO,1
2024,9,SMART 1,1
2024,9,TOYOTA CAMRY,1
2024,9,VOLKSWAGEN CADDY,1
2024,9,VOLKSWAGEN ID.5,1
2024,9,VOLKSWAGEN MONIK�YTT�AJONEUVO,1
2024,9,VOLKSWAGEN MULTIVAN,1
2024,9,VOLKSWAGEN TOUAREG,1
2024,10,SKODA ENYAQ,265
2024,10,TOYOTA COROLLA,239
2024,10,TOYOTA YARIS CROSS,231
2024,10,VOLVO XC60,205
2024,10,KIA CEED,178
2024,10,TOYOTA RAV4,156
2024,10,VOLKSWAGEN TIGUAN,134
2024,10,TOYOTA YARIS,133
2024,10,SKODA KAMIQ,123
2024,10,VOLKSWAGEN ID.4,123
2024,10,VOLVO V60,117
2024,10,VOLKSWAGEN ID.7,105
2024,10,NISSAN QASHQAI,103
2024,10,TESLA MOTORS MODEL Y,102
2024,10,AUDI Q6,99
2024,10,SKODA OCTAVIA,99
2024,10,SKODA KODIAQ,96
2024,10,VOLVO EX30,91
2024,10,VOLKSWAGEN GOLF,82
2024,10,KIA STONIC,81
2024,10,VOLVO EX40,75
2024,10,TOYOTA C-HR,74
2024,10,SKODA SUPERB,71
2024,10,PEUGEOT 2008,70
2024,10,PORSCHE MACAN,68
2024,10,OPEL ASTRA,65
2024,10,KIA NIRO,56
2024,10,NISSAN JUKE,54
2024,10,POLESTAR 4,53
2024,10,BMW X1,51
2024,10,HYUNDAI KONA,46
2024,10,FORD EXPLORER,44
2024,10,HYUNDAI IONIQ5,44
2024,10,VOLVO EC40,44
2024,10,BMW 3 SERIES,43
2024,10,AUDI Q4,42
2024,10,FORD KUGA,42
2024,10,MERCEDES-BENZ EQA,42
2024,10,MERCEDES-BENZ GLC-CLASS,41
2024,10,PEUGEOT 3008,39
2024,10,HYUNDAI I10,38
2024,10,BYD SEAL,37
2024,10,TESLA MOTORS MODEL 3,37
2024,10,TOYOTA BZ4X,35
2024,10,VOLKSWAGEN PASSAT,35
2024,10,FORD FOCUS,34
2024,10,MAZDA MX-30,34
2024,10,SKODA FABIA,34
2024,10,SKODA SCALA,33
2024,10,BMW I4,32
2024,10,HYUNDAI I30,32
2024,10,MERCEDES-BENZ EQB,32
2024,10,POLESTAR 2,32
2024,10,NISSAN ARIYA,31
2024,10,POLESTAR 3,31
2024,10,KIA SPORTAGE,29
2024,10,SKODA KAROQ,29
2024,10,AUDI A3,28
2024,10,BMW 5 SERIES,27
2024,10,MAZDA 2,27
2024,10,SUZUKI VITARA,26
2024,10,VOLVO XC40,26
2024,10,FORD TOURNEO CUSTOM,25
2024,10,LEXUS LBX,25
2024,10,MERCEDES-BENZ SPRINTER,25
2024,10,VOLKSWAGEN T-ROC,25
2024,10,FORD PUMA,24
2024,10,VOLKSWAGEN T-CROSS,24
2024,10,HYUNDAI TUCSON,23
2024,10,MG 3,23
2024,10,PEUGEOT 208,23
2024,10,CITROEN E-C4,22
2024,10,KIA RIO,22
2024,10,MERCEDES-BENZ E-CLASS,22
2024,10,RENAULT CLIO,22
2024,10,BMW I5,20
2024,10,BMW IX1,20
2024,10,BMW IX2,20
2024,10,KIA EV6,19
2024,10,RENAULT SCENIC,19
2024,10,VOLKSWAGEN TAIGO,18
2024,10,KIA PICANTO,17
2024,10,KIA PROCEED,17
2024,10,VOLVO V90,17
2024,10,AUDI A5,16
2024,10,AUDI A6,16
2024,10,BMW X5,16
2024,10,MITSUBISHI ECLIPSE,16
2024,10,LAND ROVER RANGE ROVER SPORT,15
2024,10,HYUNDAI I20,14
2024,10,MERCEDES-BENZ EQE,14
2024,10,MITSUBISHI COLT,14
2024,10,RENAULT CAPTUR,14
2024,10,VOLVO XC90,14
2024,10,AUDI Q5,13
2024,10,BMW 2 SERIES,13
2024,10,CITROEN C4,13
2024,10,MERCEDES-BENZ CLA-CLASS,13
2024,10,PEUGEOT 5008,13
2024,10,VOLVO S60,13
2024,10,KIA EV9,12
2024,10,KIA SORENTO,12
2024,10,KIA XCEED,12
2024,10,VOLKSWAGEN CADDY,12
2024,10,FORD MUSTANG MACH-E,11
2024,10,NISSAN LEAF,11
2024,10,VOLKSWAGEN ID.3,11
2024,10,BMW IX,10
2024,10,DACIA JOGGER,10
2024,10,LEXUS NX450H+,10
2024,10,MAZDA CX-60,10
2024,10,NISSAN X-TRAIL,10
2024,10,AUDI Q7,9
2024,10,AUDI Q8,9
2024,10,CUPRA TAVASCAN,9
2024,10,RENAULT SYMBIOZ,9
2024,10,SUBARU CROSSTREK,9
2024,10,SUBARU OUTBACK,9
2024,10,CUPRA BORN,8
2024,10,FORD CAPRI,8
2024,10,PORSCHE CAYENNE,8
2024,10,SMART 3,8
2024,10,SUZUKI S-CROSS,8
2024,10,BMW X3,7
2024,10,CUPRA FORMENTOR,7
2024,10,CUPRA TERRAMAR,7
2024,10,HYUNDAI BAYON,7
2024,10,HYUNDAI IONIQ6,7
2024,10,MERCEDES-BENZ EQS,7
2024,10,MERCEDES-BENZ VITO,7
2024,10,MINI COOPER,7
2024,10,MITSUBISHI ASX,7
2024,10,PEUGEOT 308,7
2024,10,TOYOTA PROACE,7
2024,10,ALFA ROMEO TONALE,6
2024,10,AUDI SQ6,6
2024,10,BMW 550E,6
2024,10,BYD ATTO,6
2024,10,MAZDA CX-5,6
2024,10,MERCEDES-BENZ G-CLASS,6
2024,10,MERCEDES-BENZ GLA-CLASS,6
2024,10,MERCEDES-BENZ GLE-CLASS,6
2024,10,OPEL MOKKA,6
2024,10,PEUGEOT 408,6
2024,10,SUBARU FORESTER,6
2024,10,SUZUKI SWIFT,6
2024,10,VOLVO C40,6
2024,10,AUDI A4,5
2024,10,DACIA SANDERO,5
2024,10,FORD TRANSIT,5
2024,10,MERCEDES-BENZ C-CLASS,5
2024,10,OPEL CORSA,5
2024,10,VOLKSWAGEN CRAFTER,5
2024,10,ALFA ROMEO JUNIOR,4
2024,10,CITROEN C5,4
2024,10,DACIA DUSTER,4
2024,10,HONDA ZR-V,4
2024,10,LAND ROVER DEFENDER,4
2024,10,MAZDA CX-30,4
2024,10,MERCEDES-BENZ CLE,4
2024,10,MG HS,4
2024,10,PORSCHE PANAMERA,4
2024,10,RENAULT ESPACE,4
2024,10,RENAULT MEGANE E-TECH,4
2024,10,SEAT LEON,4
2024,10,SMART 1,4
2024,10,TOYOTA AYGO,4
2024,10,TOYOTA GR,4
2024,10,TOYOTA PRIUS PHEV,4
2024,10,VOLKSWAGEN TOURAN,4
2024,10,BMW 1 SERIES,3
2024,10,CUPRA LEON,3
2024,10,FIAT 500,3
2024,10,HYUNDAI SANTA FE,3
2024,10,JEEP GRAND CHEROKEE,3
2024,10,LAND ROVER RANGE ROVER,3
2024,10,MAN TGE,3
2024,10,MG 4,3
2024,10,PORSCHE TAYCAN,3
2024,10,RENAULT AUSTRAL,3
2024,10,SEAT TARRACO,3
2024,10,SUBARU SOLTERRA,3
2024,10,SUZUKI SWACE,3
2024,10,TESLA MOTORS MODEL S,3
2024,10,TESLA MOTORS MODEL X,3
2024,10,TOYOTA LAND CRUISER,3
2024,10,VOLVO EX90,3
2024,10,BMW X2,2
2024,10,BYD DOLPHIN,2
2024,10,FIAT 600,2
2024,10,FORD TOURNEO CONNECT,2
2024,10,HONDA CR-V,2
2024,10,LEXUS RX450H+,2
2024,10,LEXUS RZ300E,2
2024,10,MASERATI GRANCABRIO,2
2024,10,MAZDA 3,2
2024,10,MAZDA CX-80,2
2024,10,MERCEDES-BENZ A-CLASS,2
2024,10,MERCEDES-BENZ S-CLASS,2
2024,10,MINI ACEMAN,2
2024,10,MINI COUNTRYMAN,2
2024,10,SSANGYONG KORANDO,2
2024,10,SUZUKI SX4,2
2024,10,AUDI E-TRON,1
2024,10,AUDI Q3,1
2024,10,BMW M1,1
2024,10,BMW M3,1
2024,10,BMW X4,1
2024,10,BYD HAN,1
2024,10,BYD TANG,1
2024,10,CITROEN C3,1
2024,10,FERRARI 296,1
2024,10,FORD TOURNEO COURIER,1
2024,10,FORD TRANSIT CUSTOM,1
2024,10,HONDA CIVIC,1
2024,10,HONDA HR-V,1
2024,10,HONDA JAZZ,1
2024,10,JEEP AVENGER,1
2024,10,LAND ROVER RANGE ROVER VELAR,1
2024,10,LEXUS RX500H,1
2024,10,LEXUS RZ450E,1
2024,10,MAXUS EUNIQ,1
2024,10,MAZDA 6,1
2024,10,MERCEDES-BENZ GLB,1
2024,10,MERCEDES-BENZ MAYBACH,1
2024,10,MERCEDES-BENZ V-CLASS,1
2024,10,MG CYBERSTER,1
2024,10,MG ZS,1
2024,10,MITSUBISHI SPACE STAR,1
2024,10,PEUGEOT 508,1
2024,10,TOYOTA CAMRY,1
2024,10,TOYOTA SUPRA,1
2024,10,VOLKSWAGEN ID.5,1
2024,10,VOLKSWAGEN TOUAREG,1
2024,11,TESLA MOTORS MODEL Y,247
2024,11,TOYOTA YARIS CROSS,238
2024,11,TOYOTA COROLLA,229
2024,11,SKODA KAMIQ,226
2024,11,SKODA ENYAQ,210
2024,11,VOLVO XC60,188
2024,11,TOYOTA YARIS,162
2024,11,VOLKSWAGEN TAIGO,136
2024,11,OPEL ASTRA,135
2024,11,TOYOTA C-HR,125
2024,11,VOLKSWAGEN ID.7,125
2024,11,VOLKSWAGEN TIGUAN,116
2024,11,VOLVO V60,114
2024,11,VOLKSWAGEN ID.4,108
2024,11,KIA STONIC,103
2024,11,TOYOTA RAV4,103
2024,11,VOLVO EX30,99
2024,11,SKODA OCTAVIA,97
2024,11,VOLKSWAGEN GOLF,95
2024,11,NISSAN QASHQAI,88
2024,11,KIA CEED,85
2024,11,VOLVO EX40,81
2024,11,AUDI Q4,76
2024,11,TESLA MOTORS MODEL 3,75
2024,11,SKODA KODIAQ,73
2024,11,NISSAN JUKE,71
2024,11,AUDI Q6,70
2024,11,SKODA SUPERB,60
2024,11,MERCEDES-BENZ GLC-CLASS,59
2024,11,POLESTAR 4,54
2024,11,FORD FOCUS,51
2024,11,POLESTAR 2,51
2024,11,VOLVO XC40,51
2024,11,SKODA FABIA,50
2024,11,HYUNDAI I30,47
2024,11,FORD KUGA,44
2024,11,PORSCHE MACAN,44
2024,11,VOLKSWAGEN PASSAT,44
2024,11,KIA SPORTAGE,42
2024,11,RENAULT CAPTUR,42
2024,11,RENAULT CLIO,42
2024,11,HYUNDAI I10,41
2024,11,PEUGEOT 3008,41
2024,11,HYUNDAI KONA,40
2024,11,VOLKSWAGEN T-ROC,40
2024,11,FORD EXPLORER,38
2024,11,VOLVO XC90,38
2024,11,HYUNDAI IONIQ5,37
2024,11,BMW I4,35
2024,11,BMW X1,35
2024,11,BMW 5 SERIES,34
2024,11,CITROEN C4,33
2024,11,KIA EV3,33
2024,11,MERCEDES-BENZ EQA,33
2024,11,MAZDA MX-30,32
2024,11,CUPRA TAVASCAN,31
2024,11,VOLKSWAGEN T-CROSS,31
2024,11,KIA NIRO,30
2024,11,MERCEDES-BENZ EQB,30
2024,11,MG 3,29
2024,11,VOLVO EC40,29
2024,11,MERCEDES-BENZ CLA-CLASS,28
2024,11,SKODA SCALA,28
2024,11,SMART 3,28
2024,11,FORD TOURNEO CUSTOM,26
2024,11,OPEL CORSA,26
2024,11,PEUGEOT 5008,26
2024,11,BYD SEAL,25
2024,11,PEUGEOT 2008,25
2024,11,BMW I5,24
2024,11,HYUNDAI TUCSON,24
2024,11,NISSAN ARIYA,24
2024,11,VOLVO V90,24
2024,11,PEUGEOT 208,23
2024,11,VOLKSWAGEN ID.3,23
2024,11,FORD PUMA,22
2024,11,VOLKSWAGEN CADDY,22
2024,11,BMW IX2,21
2024,11,KIA EV6,21
2024,11,RENAULT SCENIC,21
2024,11,MAZDA 2,20
2024,11,SUZUKI VITARA,20
2024,11,BMW 3 SERIES,19
2024,11,BMW IX1,19
2024,11,MERCEDES-BENZ SPRINTER,19
2024,11,SKODA KAROQ,19
2024,11,MERCEDES-BENZ E-CLASS,18
2024,11,AUDI Q5,17
2024,11,BMW 2 SERIES,17
2024,11,SMART 1,17
2024,11,KIA XCEED,16
2024,11,MERCEDES-BENZ C-CLASS,16
2024,11,RENAULT SYMBIOZ,16
2024,11,AUDI A5,15
2024,11,LEXUS LBX,15
2024,11,MERCEDES-BENZ EQE,15
2024,11,MITSUBISHI ASX,15
2024,11,BMW X5,14
2024,11,KIA EV9,14
2024,11,KIA PICANTO,14
2024,11,TOYOTA BZ4X,14
2024,11,POLESTAR 3,13
2024,11,FORD CAPRI,12
2024,11,MERCEDES-BENZ VITO,12
2024,11,MITSUBISHI ECLIPSE,12
2024,11,SUBARU OUTBACK,12
2024,11,SUZUKI S-CROSS,12
2024,11,TOYOTA PROACE,12
2024,11,HYUNDAI BAYON,11
2024,11,RENAULT MEGANE E-TECH,11
2024,11,SEAT LEON,11
2024,11,DACIA JOGGER,10
2024,11,HYUNDAI I20,10
2024,11,MAZDA CX-30,10
2024,11,MERCEDES-BENZ GLE-CLASS,10
2024,11,AUDI A3,9
2024,11,CUPRA TERRAMAR,9
2024,11,DACIA DUSTER,9
2024,11,KIA PROCEED,9
2024,11,KIA RIO,9
2024,11,LEXUS NX450H+,9
2024,11,MITSUBISHI COLT,9
2024,11,VOLVO S60,9
2024,11,DACIA SANDERO,8
2024,11,LAND ROVER RANGE ROVER SPORT,8
2024,11,MAZDA CX-80,8
2024,11,MG HS,8
2024,11,OPEL MOKKA,8
2024,11,SUZUKI SWIFT,8
2024,11,TOYOTA LAND CRUISER,8
2024,11,VOLVO EX90,8
2024,11,AUDI A6,7
2024,11,AUDI Q8,7
2024,11,AUDI SQ6,7
2024,11,CITROEN E-C3,7
2024,11,MAZDA 3,7
2024,11,VOLVO C40,7
2024,11,BMW IX,6
2024,11,BMW X3,6
2024,11,CUPRA BORN,6
2024,11,CUPRA FORMENTOR,6
2024,11,HYUNDAI IONIQ6,6
2024,11,LAND ROVER RANGE ROVER,6
2024,11,MAZDA CX-60,6
2024,11,MERCEDES-BENZ GLA-CLASS,6
2024,11,NISSAN X-TRAIL,6
2024,11,PEUGEOT 308,6
2024,11,PORSCHE CAYENNE,6
2024,11,BYD DOLPHIN,5
2024,11,CITROEN E-C4,5
2024,11,RENAULT AUSTRAL,5
2024,11,SUBARU FORESTER,5
2024,11,TOYOTA GR,5
2024,11,VOLKSWAGEN CRAFTER,5
2024,11,ALFA ROMEO TONALE,4
2024,11,BMW X4,4
2024,11,CUPRA LEON,4
2024,11,DS 7,4
2024,11,FORD TOURNEO CONNECT,4
2024,11,HONDA CR-V,4
2024,11,HONDA ZR-V,4
2024,11,JEEP AVENGER,4
2024,11,KIA SORENTO,4
2024,11,LAND ROVER DEFENDER,4
2024,11,MERCEDES-BENZ V-CLASS,4
2024,11,MINI COOPER,4
2024,11,SUBARU CROSSTREK,4
2024,11,AUDI Q7,3
2024,11,BMW I7,3
2024,11,BMW M5,3
2024,11,JAGUAR I-PACE,3
2024,11,MAZDA CX-5,3
2024,11,MERCEDES-BENZ A-CLASS,3
2024,11,PORSCHE TAYCAN,3
2024,11,RENAULT ESPACE,3
2024,11,SUBARU SOLTERRA,3
2024,11,SUZUKI IGNIS,3
2024,11,VOLKSWAGEN ID.5,3
2024,11,BMW 550E,2
2024,11,BYD ATTO,2
2024,11,BYD HAN,2
2024,11,BYD SEALION,2
2024,11,BYD TANG,2
2024,11,CITROEN C5,2
2024,11,FIAT 500,2
2024,11,FORD MUSTANG MACH-E,2
2024,11,FORD TRANSIT,2
2024,11,HONDA CIVIC,2
2024,11,HONDA JAZZ,2
2024,11,HYUNDAI SANTA FE,2
2024,11,KIA SOUL,2
2024,11,LAND ROVER DISCOVERY SPORT,2
2024,11,LEXUS RX450H+,2
2024,11,LEXUS RZ450E,2
2024,11,MAXUS EUNIQ,2
2024,11,MERCEDES-BENZ CLE,2
2024,11,MERCEDES-BENZ EQS,2
2024,11,MG 4,2
2024,11,OPEL CROSSLAND,2
2024,11,PEUGEOT 408,2
2024,11,RENAULT TRAFIC,2
2024,11,TOYOTA AYGO,2
2024,11,TOYOTA CAMRY,2
2024,11,TOYOTA PRIUS PHEV,2
2024,11,VOLKSWAGEN TOUAREG,2
2024,11,VOLKSWAGEN TOURAN,2
2024,11,ALFA ROMEO JUNIOR,1
2024,11,AUDI A1,1
2024,11,AUDI A4,1
2024,11,AUDI S3,1
2024,11,AUDI S5,1
2024,11,BMW 1 SERIES,1
2024,11,BMW IX3,1
2024,11,BMW XM,1
2024,11,FIAT 600,1
2024,11,FORD TOURNEO COURIER,1
2024,11,FORD TRANSIT CUSTOM,1
2024,11,HONDA HR-V,1
2024,11,LAND ROVER RANGE ROVER EVOQUE,1
2024,11,LEXUS ES300H,1
2024,11,LEXUS UX250H,1
2024,11,MAN TGE,1
2024,11,MASERATI GRECALE,1
2024,11,MERCEDES-BENZ B-CLASS,1
2024,11,MERCEDES-BENZ G-CLASS,1
2024,11,MINI ACEMAN,1
2024,11,MINI COUNTRYMAN,1
2024,11,PORSCHE PANAMERA,1
2024,11,SEAT ARONA,1
2024,11,SUZUKI SWACE,1
2024,11,SUZUKI SX4,1
2024,11,TESLA MOTORS MODEL S,1
2024,11,VOLKSWAGEN ID.,1
2024,11,VOLVO S90,1
2024,12,TESLA MOTORS MODEL Y,346
2024,12,TESLA MOTORS MODEL 3,269
2024,12,SKODA KAMIQ,265
2024,12,TOYOTA COROLLA,253
2024,12,SKODA ENYAQ,205
2024,12,VOLKSWAGEN ID.4,166
2024,12,TOYOTA YARIS CROSS,161
2024,12,SKODA FABIA,143
2024,12,VOLVO XC60,141
2024,12,OPEL ASTRA,130
2024,12,SKODA OCTAVIA,126
2024,12,VOLKSWAGEN ID.7,126
2024,12,VOLKSWAGEN TIGUAN,108
2024,12,VOLVO V60,108
2024,12,POLESTAR 2,90
2024,12,KIA CEED,87
2024,12,TOYOTA RAV4,85
2024,12,POLESTAR 4,81
2024,12,TOYOTA C-HR,77
2024,12,VOLVO EX30,76
2024,12,VOLVO EX40,76
2024,12,SKODA SCALA,75
2024,12,TOYOTA YARIS,72
2024,12,VOLKSWAGEN TAIGO,71
2024,12,AUDI Q6,68
2024,12,SKODA KODIAQ,68
2024,12,MERCEDES-BENZ GLC-CLASS,66
2024,12,KIA STONIC,65
2024,12,MERCEDES-BENZ EQB,65
2024,12,RENAULT CLIO,65
2024,12,VOLKSWAGEN GOLF,63
2024,12,HYUNDAI KONA,62
2024,12,VOLVO XC40,58
2024,12,AUDI Q4,54
2024,12,FORD FOCUS,50
2024,12,KIA EV3,49
2024,12,DACIA DUSTER,48
2024,12,HYUNDAI I30,47
2024,12,SKODA SUPERB,47
2024,12,BMW I4,43
2024,12,MERCEDES-BENZ EQA,43
2024,12,SUZUKI VITARA,43
2024,12,NISSAN QASHQAI,41
2024,12,BMW I5,40
2024,12,BMW X1,39
2024,12,MERCEDES-BENZ CLA-CLASS,38
2024,12,VOLKSWAGEN CADDY,38
2024,12,HYUNDAI IONIQ5,37
2024,12,PEUGEOT 2008,37
2024,12,PORSCHE MACAN,37
2024,12,MERCEDES-BENZ C-CLASS,35
2024,12,VOLKSWAGEN T-CROSS,35
2024,12,HYUNDAI I10,34
2024,12,RENAULT CAPTUR,33
2024,12,FORD KUGA,32
2024,12,VOLKSWAGEN T-ROC,31
2024,12,VOLVO EC40,30
2024,12,BMW X5,29
2024,12,BMW 3 SERIES,28
2024,12,BYD SEAL,27
2024,12,HYUNDAI TUCSON,27
2024,12,KIA NIRO,27
2024,12,SMART 3,27
2024,12,BMW 5 SERIES,26
2024,12,HYUNDAI I20,26
2024,12,BMW IX1,25
2024,12,FORD EXPLORER,25
2024,12,AUDI Q5,24
2024,12,VOLVO XC90,24
2024,12,VOLKSWAGEN PASSAT,22
2024,12,CITROEN C4,20
2024,12,DACIA JOGGER,20
2024,12,MAZDA 2,20
2024,12,RENAULT SYMBIOZ,20
2024,12,MERCEDES-BENZ E-CLASS,19
2024,12,MERCEDES-BENZ EQE,19
2024,12,POLESTAR 3,19
2024,12,VOLVO V90,18
2024,12,KIA EV6,17
2024,12,KIA SPORTAGE,17
2024,12,MAZDA MX-30,17
2024,12,HYUNDAI BAYON,16
2024,12,MERCEDES-BENZ SPRINTER,16
2024,12,MG 3,16
2024,12,NISSAN JUKE,16
2024,12,OPEL CORSA,16
2024,12,SKODA KAROQ,16
2024,12,FORD PUMA,15
2024,12,CUPRA TAVASCAN,14
2024,12,MERCEDES-BENZ VITO,14
2024,12,RENAULT ESPACE,14
2024,12,RENAULT SCENIC,14
2024,12,LEXUS NX450H+,13
2024,12,MAZDA CX-80,13
2024,12,PEUGEOT 3008,13
2024,12,RENAULT AUSTRAL,13
2024,12,VOLKSWAGEN ID.3,13
2024,12,BMW 2 SERIES,12
2024,12,BMW IX2,12
2024,12,NISSAN ARIYA,12
2024,12,PORSCHE TAYCAN,12
2024,12,AUDI A5,11
2024,12,BMW IX,11
2024,12,KIA SORENTO,11
2024,12,LEXUS LBX,11
2024,12,PEUGEOT 308,11
2024,12,TOYOTA PROACE,11
2024,12,KIA PICANTO,10
2024,12,KIA XCEED,10
2024,12,PEUGEOT 408,10
2024,12,PEUGEOT 5008,10
2024,12,AUDI A3,9
2024,12,AUDI Q8,9
2024,12,FORD TOURNEO CUSTOM,9
2024,12,KIA EV9,9
2024,12,LAND ROVER RANGE ROVER SPORT,9
2024,12,LEXUS UX300H,9
2024,12,MITSUBISHI ASX,9
2024,12,TOYOTA BZ4X,9
2024,12,AUDI SQ6,8
2024,12,CUPRA FORMENTOR,8
2024,12,CUPRA TERRAMAR,8
2024,12,HYUNDAI IONIQ6,8
2024,12,MAZDA 3,8
2024,12,MAZDA CX-60,8
2024,12,MITSUBISHI ECLIPSE,8
2024,12,BMW 550E,7
2024,12,BMW X3,7
2024,12,CITROEN E-C4,7
2024,12,CUPRA BORN,7
2024,12,KIA PROCEED,7
2024,12,MAZDA CX-30,7
2024,12,MG 4,7
2024,12,SMART 1,7
2024,12,AUDI A6,6
2024,12,FORD CAPRI,6
2024,12,FORD TOURNEO CONNECT,6
2024,12,KIA RIO,6
2024,12,MITSUBISHI COLT,6
2024,12,SEAT LEON,6
2024,12,SUBARU OUTBACK,6
2024,12,VOLVO S60,6
2024,12,ALFA ROMEO TONALE,5
2024,12,CUPRA LEON,5
2024,12,FORD MUSTANG MACH-E,5
2024,12,LAND ROVER DEFENDER,5
2024,12,MERCEDES-BENZ A-CLASS,5
2024,12,MERCEDES-BENZ GLA-CLASS,5
2024,12,DACIA SANDERO,4
2024,12,MERCEDES-BENZ GLE-CLASS,4
2024,12,MINI COOPER,4
2024,12,PEUGEOT 208,4
2024,12,SUBARU FORESTER,4
2024,12,SUZUKI S-CROSS,4
2024,12,TOYOTA PRIUS PHEV,4
2024,12,VOLKSWAGEN CRAFTER,4
2024,12,VOLVO EX90,4
2024,12,AUDI A4,3
2024,12,BYD TANG,3
2024,12,CITROEN C5,3
2024,12,FORD TRANSIT,3
2024,12,FORD TRANSIT CUSTOM,3
2024,12,HYUNDAI SANTA FE,3
2024,12,JEEP AVENGER,3
2024,12,LAND ROVER DISCOVERY SPORT,3
2024,12,LEXUS RZ450E,3
2024,12,MAXUS EUNIQ,3
2024,12,MAZDA CX-5,3
2024,12,MG HS,3
2024,12,NISSAN X-TRAIL,3
2024,12,OPEL MOKKA,3
2024,12,RENAULT MEGANE E-TECH,3
2024,12,RENAULT RAFALE,3
2024,12,AUDI Q7,2
2024,12,BENTLEY CONTINENTAL,2
2024,12,BMW M5,2
2024,12,BYD ATTO,2
2024,12,HONDA ZR-V,2
2024,12,JEEP GRAND CHEROKEE,2
2024,12,LAND ROVER RANGE ROVER,2
2024,12,LAND ROVER RANGE ROVER EVOQUE,2
2024,12,LAND ROVER RANGE ROVER VELAR,2
2024,12,LEXUS ES300H,2
2024,12,MERCEDES-BENZ G-CLASS,2
2024,12,PEUGEOT 508,2
2024,12,PEUGEOT TRAVELLER,2
2024,12,PORSCHE 911,2
2024,12,PORSCHE CAYENNE,2
2024,12,SUZUKI SWIFT,2
2024,12,TESLA MOTORS MODEL S,2
2024,12,VOLKSWAGEN ID.,2
2024,12,VOLKSWAGEN TOURAN,2
2024,12,VOLVO C40,2
2024,12,AUDI Q3,1
2024,12,AUDI S5,1
2024,12,BMW 1 SERIES,1
2024,12,BMW I7,1
2024,12,BMW IX3,1
2024,12,BMW X6,1
2024,12,BYD SEALION,1
2024,12,CITROEN E-C3,1
2024,12,DS 7,1
2024,12,FIAT 500,1
2024,12,FIAT 600,1
2024,12,FORD TOURNEO COURIER,1
2024,12,HONDA CR-V,1
2024,12,HONDA HR-V,1
2024,12,JAGUAR I-PACE,1
2024,12,JEEP COMPASS,1
2024,12,KIA SOUL,1
2024,12,LEXUS RZ300E,1
2024,12,MAN TGE,1
2024,12,MERCEDES-BENZ B-CLASS,1
2024,12,MERCEDES-BENZ EQS,1
2024,12,MERCEDES-BENZ GLS-CLASS,1
2024,12,MERCEDES-BENZ V-CLASS,1
2024,12,MERCEDES-BENZ OTHERS,1
2024,12,MINI ACEMAN,1
2024,12,MINI COUNTRYMAN,1
2024,12,NISSAN LEAF,1
2024,12,OPEL GRANDLAND,1
2024,12,OPEL ZAFIRA,1
2024,12,SEAT ARONA,1
2024,12,SEAT TARRACO,1
2024,12,SUBARU SOLTERRA,1
2024,12,SUZUKI ACROSS,1
2024,12,SUZUKI IGNIS,1
2024,12,SUZUKI SWACE,1
2024,12,TOYOTA GR,1
2024,12,TOYOTA LAND CRUISER,1
2024,12,TOYOTA MONIK�YTT�AJONEUVO,1
2024,12,VOLKSWAGEN ID.5,1
2025,1,NISSAN QASHQAI,262
2025,1,TOYOTA YARIS CROSS,193
2025,1,TOYOTA RAV4,178
2025,1,SKODA ENYAQ,162
2025,1,VOLVO XC60,160
2025,1,TOYOTA YARIS,157
2025,1,VOLKSWAGEN TIGUAN,113
2025,1,VOLVO V60,113
2025,1,TOYOTA COROLLA,111
2025,1,SKODA OCTAVIA,107
2025,1,TOYOTA C-HR,101
2025,1,TOYOTA BZ4X,91
2025,1,VOLKSWAGEN GOLF,86
2025,1,SKODA SUPERB,82
2025,1,VOLKSWAGEN ID.4,81
2025,1,SKODA KODIAQ,80
2025,1,KIA STONIC,79
2025,1,DACIA DUSTER,77
2025,1,KIA EV3,74
2025,1,PEUGEOT 2008,71
2025,1,KIA CEED,69
2025,1,VOLKSWAGEN ID.7,69
2025,1,AUDI Q6,62
2025,1,BMW X1,62
2025,1,VOLVO EX30,59
2025,1,FORD KUGA,58
2025,1,POLESTAR 4,54
2025,1,AUDI Q4,53
2025,1,VOLVO XC40,53
2025,1,MERCEDES-BENZ GLC-CLASS,52
2025,1,BMW I4,50
2025,1,VOLKSWAGEN CADDY,49
2025,1,VOLVO EX40,48
2025,1,BMW 5 SERIES,46
2025,1,FORD FOCUS,46
2025,1,NISSAN ARIYA,42
2025,1,PEUGEOT 3008,42
2025,1,NISSAN JUKE,41
2025,1,SKODA FABIA,41
2025,1,SUZUKI VITARA,41
2025,1,VOLKSWAGEN T-ROC,40
2025,1,HYUNDAI I30,39
2025,1,BMW X5,38
2025,1,PEUGEOT 5008,38
2025,1,VOLKSWAGEN T-CROSS,36
2025,1,VOLKSWAGEN TAIGO,35
2025,1,KIA SPORTAGE,34
2025,1,SKODA KAMIQ,34
2025,1,TESLA MOTORS MODEL Y,34
2025,1,LEXUS LBX,33
2025,1,MERCEDES-BENZ E-CLASS,33
2025,1,POLESTAR 2,33
2025,1,KIA EV6,32
2025,1,FORD EXPLORER,31
2025,1,SKODA KAROQ,31
2025,1,AUDI A5,30
2025,1,MERCEDES-BENZ EQA,30
2025,1,VOLKSWAGEN PASSAT,29
2025,1,BYD SEAL,28
2025,1,PORSCHE MACAN,28
2025,1,HYUNDAI I20,27
2025,1,KIA NIRO,27
2025,1,VOLVO EC40,27
2025,1,AUDI A6,26
2025,1,FORD PUMA,26
2025,1,KIA PICANTO,25
2025,1,MERCEDES-BENZ C-CLASS,25
2025,1,BMW IX,24
2025,1,OPEL GRANDLAND,24
2025,1,TOYOTA PROACE,24
2025,1,VOLKSWAGEN ID.3,24
2025,1,HYUNDAI IONIQ5,23
2025,1,MERCEDES-BENZ VITO,23
2025,1,RENAULT SYMBIOZ,23
2025,1,BMW 3 SERIES,22
2025,1,BMW X3,22
2025,1,MERCEDES-BENZ EQB,22
2025,1,TESLA MOTORS MODEL 3,22
2025,1,VOLVO V90,22
2025,1,FORD TOURNEO CUSTOM,21
2025,1,HYUNDAI BAYON,21
2025,1,SUBARU SOLTERRA,21
2025,1,RENAULT CLIO,20
2025,1,BMW IX1,19
2025,1,HYUNDAI KONA,19
2025,1,LAND ROVER RANGE ROVER SPORT,19
2025,1,MERCEDES-BENZ SPRINTER,19
2025,1,AUDI A3,18
2025,1,CITROEN E-C3,18
2025,1,HYUNDAI I10,18
2025,1,MERCEDES-BENZ CLA-CLASS,18
2025,1,OPEL ASTRA,18
2025,1,VOLVO EX90,18
2025,1,VOLVO XC90,18
2025,1,CUPRA TAVASCAN,17
2025,1,KIA SORENTO,17
2025,1,POLESTAR 3,17
2025,1,BYD SEALION,16
2025,1,CUPRA BORN,15
2025,1,MERCEDES-BENZ EQE,15
2025,1,SMART 3,15
2025,1,BMW 2 SERIES,14
2025,1,BMW I5,14
2025,1,CITROEN C4,14
2025,1,CUPRA TERRAMAR,14
2025,1,FORD CAPRI,14
2025,1,HYUNDAI TUCSON,14
2025,1,MAZDA 2,14
2025,1,MITSUBISHI ASX,14
2025,1,SUZUKI SWIFT,14
2025,1,FORD MUSTANG MACH-E,13
2025,1,KIA XCEED,13
2025,1,RENAULT CAPTUR,13
2025,1,SKODA ELROQ,13
2025,1,SKODA SCALA,13
2025,1,AUDI Q8,12
2025,1,HYUNDAI SANTA FE,12
2025,1,MAZDA CX-30,12
2025,1,MG 3,12
2025,1,FORD TOURNEO CONNECT,11
2025,1,MAZDA CX-80,11
2025,1,MITSUBISHI ECLIPSE,11
2025,1,SUBARU OUTBACK,11
2025,1,SUZUKI S-CROSS,11
2025,1,BMW IX2,10
2025,1,KIA EV9,10
2025,1,LEXUS NX450H+,10
2025,1,MAZDA 3,10
2025,1,NISSAN X-TRAIL,10
2025,1,SUBARU FORESTER,10
2025,1,AUDI Q5,9
2025,1,VOLVO S60,9
2025,1,ALFA ROMEO TONALE,8
2025,1,AUDI SQ6,8
2025,1,KIA PROCEED,8
2025,1,MERCEDES-BENZ GLE-CLASS,8
2025,1,TOYOTA AYGO,8
2025,1,LAND ROVER DEFENDER,7
2025,1,LAND ROVER RANGE ROVER,7
2025,1,RENAULT SCENIC,7
2025,1,AUDI Q7,6
2025,1,AUDI S3,6
2025,1,BMW 1 SERIES,6
2025,1,BMW 550E,6
2025,1,BMW M5,6
2025,1,CUPRA FORMENTOR,6
2025,1,DACIA JOGGER,6
2025,1,FORD TRANSIT,6
2025,1,HYUNDAI IONIQ6,6
2025,1,MITSUBISHI COLT,6
2025,1,SEAT LEON,6
2025,1,SMART 1,6
2025,1,SUZUKI IGNIS,6
2025,1,MINI COOPER,5
2025,1,MINI COUNTRYMAN,5
2025,1,TOYOTA LAND CRUISER,5
2025,1,XPENG G6,5
2025,1,CUPRA LEON,4
2025,1,KIA RIO,4
2025,1,LAND ROVER RANGE ROVER VELAR,4
2025,1,MAZDA 6,4
2025,1,MERCEDES-BENZ CLE,4
2025,1,OPEL CORSA,4
2025,1,PEUGEOT 208,4
2025,1,PORSCHE CAYENNE,4
2025,1,TOYOTA GR,4
2025,1,AUDI A8,3
2025,1,BENTLEY CONTINENTAL,3
2025,1,BMW I7,3
2025,1,BYD ATTO,3
2025,1,CITROEN C5,3
2025,1,FIAT 600,3
2025,1,HONDA JAZZ,3
2025,1,JEEP AVENGER,3
2025,1,MAZDA CX-60,3
2025,1,MERCEDES-BENZ EQS,3
2025,1,MERCEDES-BENZ V-CLASS,3
2025,1,MG 4,3
2025,1,MG HS,3
2025,1,PEUGEOT EXPERT,3
2025,1,PEUGEOT TRAVELLER,3
2025,1,PORSCHE PANAMERA,3
2025,1,RENAULT AUSTRAL,3
2025,1,RENAULT MEGANE E-TECH,3
2025,1,SUBARU CROSSTREK,3
2025,1,TOYOTA PRIUS PHEV,3
2025,1,XPENG G9,3
2025,1,ALFA ROMEO JUNIOR,2
2025,1,BMW X7,2
2025,1,BYD DOLPHIN,2
2025,1,BYD TANG,2
2025,1,CITROEN E-C4,2
2025,1,DACIA SANDERO,2
2025,1,FORD TOURNEO COURIER,2
2025,1,LAND ROVER DISCOVERY SPORT,2
2025,1,LAND ROVER RANGE ROVER EVOQUE,2
2025,1,LEXUS ES300H,2
2025,1,LEXUS RZ300E,2
2025,1,LEXUS RZ450E,2
2025,1,MAZDA CX-5,2
2025,1,MERCEDES-BENZ G-CLASS,2
2025,1,MERCEDES-BENZ GLA-CLASS,2
2025,1,MERCEDES-BENZ GLS-CLASS,2
2025,1,PEUGEOT 308,2
2025,1,PORSCHE TAYCAN,2
2025,1,VOLKSWAGEN ID.5,2
2025,1,VOLKSWAGEN TOURAN,2
2025,1,ALFA ROMEO GIULIA,1
2025,1,AUDI A7,1
2025,1,AUDI S6,1
2025,1,BMW 7 SERIES,1
2025,1,BMW IX3,1
2025,1,BMW M3,1
2025,1,CITROEN C3,1
2025,1,DS 3,1
2025,1,DS 4,1
2025,1,DS 7,1
2025,1,FERRARI 296,1
2025,1,FERRARI PUROSANGUE,1
2025,1,FIAT 500,1
2025,1,FORD TRANSIT CUSTOM,1
2025,1,HONDA CIVIC,1
2025,1,HONDA CR-V,1
2025,1,HONDA E:NY1,1
2025,1,JAGUAR F-PACE,1
2025,1,JEEP GRAND CHEROKEE,1
2025,1,JEEP WRANGLER,1
2025,1,LEXUS RX450H+,1
2025,1,LEXUS UX300H,1
2025,1,MAN TGE,1
2025,1,MERCEDES-BENZ A-CLASS,1
2025,1,MG CYBERSTER,1
2025,1,MINI ACEMAN,1
2025,1,MINI JCW,1
2025,1,PEUGEOT 508,1
2025,1,RENAULT RAFALE,1
2025,1,SEAT ARONA,1
2025,1,SEAT TARRACO,1
2025,1,SERES 3,1
2025,1,SUZUKI ACROSS,1
2025,1,TESLA MOTORS MODEL S,1
2025,1,TESLA MOTORS MODEL X,1
2025,1,TOYOTA SUPRA,1
2025,1,VOLKSWAGEN CALIFORNIA,1
2025,1,VOLKSWAGEN CRAFTER,1
2025,1,VOLKSWAGEN MULTIVAN,1
2025,1,VOLKSWAGEN TOUAREG,1
2025,1,VOLVO C40,1
2025,2,TOYOTA YARIS CROSS,168
2025,2,TOYOTA YARIS,144
2025,2,NISSAN QASHQAI,139
2025,2,TOYOTA RAV4,118
2025,2,VOLVO XC60,108
2025,2,VOLKSWAGEN TIGUAN,101
2025,2,TOYOTA C-HR,98
2025,2,SKODA ENYAQ,95
2025,2,TOYOTA COROLLA,95
2025,2,VOLKSWAGEN ID.4,95
2025,2,KIA CEED,86
2025,2,AUDI Q4,82
2025,2,TOYOTA BZ4X,79
2025,2,POLESTAR 4,75
2025,2,KIA EV3,73
2025,2,VOLVO V60,73
2025,2,BMW X1,72
2025,2,SKODA SUPERB,72
2025,2,VOLKSWAGEN GOLF,69
2025,2,TESLA MOTORS MODEL 3,68
2025,2,DACIA DUSTER,63
2025,2,VOLVO EX40,63
2025,2,POLESTAR 2,58
2025,2,SKODA OCTAVIA,58
2025,2,TESLA MOTORS MODEL Y,52
2025,2,VOLKSWAGEN ID.7,52
2025,2,KIA NIRO,49
2025,2,VOLVO XC40,49
2025,2,HYUNDAI I30,48
2025,2,SKODA FABIA,46
2025,2,AUDI Q6,45
2025,2,SKODA KODIAQ,44
2025,2,FORD FOCUS,42
2025,2,SUZUKI VITARA,39
2025,2,VOLKSWAGEN TAIGO,39
2025,2,BMW I4,36
2025,2,MERCEDES-BENZ EQA,36
2025,2,BMW IX1,33
2025,2,HYUNDAI I20,33
2025,2,KIA STONIC,33
2025,2,NISSAN ARIYA,33
2025,2,VOLVO EX30,33
2025,2,HYUNDAI IONIQ5,31
2025,2,KIA SPORTAGE,31
2025,2,VOLVO S60,31
2025,2,VOLKSWAGEN CADDY,30
2025,2,VOLVO EX90,30
2025,2,VOLVO XC90,30
2025,2,BMW X3,29
2025,2,MERCEDES-BENZ GLC-CLASS,29
2025,2,BYD SEAL,28
2025,2,FORD KUGA,28
2025,2,MERCEDES-BENZ C-CLASS,28
2025,2,DACIA SANDERO,27
2025,2,SKODA ELROQ,27
2025,2,VOLKSWAGEN ID.3,27
2025,2,BMW 5 SERIES,26
2025,2,MERCEDES-BENZ EQB,26
2025,2,VOLKSWAGEN T-CROSS,26
2025,2,PEUGEOT 5008,25
2025,2,FORD TOURNEO CUSTOM,24
2025,2,MERCEDES-BENZ SPRINTER,24
2025,2,NISSAN JUKE,24
2025,2,RENAULT SYMBIOZ,23
2025,2,MERCEDES-BENZ E-CLASS,22
2025,2,MG 4,22
2025,2,PORSCHE MACAN,21
2025,2,SKODA KAROQ,21
2025,2,VOLKSWAGEN PASSAT,21
2025,2,SEAT ARONA,20
2025,2,TOYOTA PROACE,20
2025,2,VOLVO V90,20
2025,2,HYUNDAI KONA,19
2025,2,HYUNDAI TUCSON,19
2025,2,SKODA KAMIQ,19
2025,2,SUZUKI SWIFT,19
2025,2,CITROEN E-C3,18
2025,2,FORD EXPLORER,18
2025,2,KIA EV6,18
2025,2,LEXUS LBX,18
2025,2,PEUGEOT 3008,18
2025,2,SKODA SCALA,18
2025,2,FORD PUMA,17
2025,2,KIA XCEED,17
2025,2,LAND ROVER RANGE ROVER SPORT,17
2025,2,MAZDA 3,17
2025,2,BMW 1 SERIES,16
2025,2,CITROEN C4,16
2025,2,KIA PICANTO,16
2025,2,MAZDA 2,16
2025,2,VOLVO EC40,16
2025,2,AUDI A3,15
2025,2,CUPRA TAVASCAN,15
2025,2,KIA PROCEED,14
2025,2,OPEL ASTRA,14
2025,2,RENAULT CLIO,14
2025,2,AUDI A5,13
2025,2,AUDI Q5,13
2025,2,BMW I5,13
2025,2,HYUNDAI BAYON,13
2025,2,VOLKSWAGEN ID.,13
2025,2,VOLKSWAGEN T-ROC,13
2025,2,BMW 3 SERIES,12
2025,2,LEXUS NX450H+,12
2025,2,MITSUBISHI ASX,12
2025,2,MITSUBISHI ECLIPSE,12
2025,2,RENAULT SCENIC,12
2025,2,CUPRA TERRAMAR,11
2025,2,DACIA JOGGER,11
2025,2,HYUNDAI I10,11
2025,2,NISSAN X-TRAIL,11
2025,2,AUDI A6,10
2025,2,HYUNDAI INSTER,10
2025,2,KIA EV9,10
2025,2,KIA SORENTO,10
2025,2,MAZDA CX-30,10
2025,2,MITSUBISHI COLT,10
2025,2,POLESTAR 3,10
2025,2,RENAULT CAPTUR,10
2025,2,CITROEN E-C4,9
2025,2,MERCEDES-BENZ CLA-CLASS,9
2025,2,MAZDA CX-80,8
2025,2,MERCEDES-BENZ EQE,8
2025,2,PORSCHE CAYENNE,8
2025,2,SUBARU OUTBACK,8
2025,2,AUDI Q7,7
2025,2,CITROEN C3,7
2025,2,FORD CAPRI,7
2025,2,KIA RIO,7
2025,2,MAZDA CX-60,7
2025,2,OPEL GRANDLAND,7
2025,2,AUDI Q8,6
2025,2,BMW IX,6
2025,2,BMW IX2,6
2025,2,BMW X5,6
2025,2,BYD SEALION,6
2025,2,FORD TOURNEO CONNECT,6
2025,2,HYUNDAI SANTA FE,6
2025,2,LAND ROVER RANGE ROVER,6
2025,2,SUZUKI S-CROSS,6
2025,2,TOYOTA PRIUS PHEV,6
2025,2,AUDI S6,5
2025,2,BMW 2 SERIES,5
2025,2,CITROEN E-BERLINGO,5
2025,2,CUPRA BORN,5
2025,2,CUPRA FORMENTOR,5
2025,2,FORD MUSTANG MACH-E,5
2025,2,HONDA CR-V,5
2025,2,MERCEDES-BENZ GLE-CLASS,5
2025,2,MINI COUNTRYMAN,5
2025,2,SMART 1,5
2025,2,SUBARU FORESTER,5
2025,2,JEEP AVENGER,4
2025,2,LAND ROVER RANGE ROVER VELAR,4
2025,2,SMART 3,4
2025,2,VOLKSWAGEN CRAFTER,4
2025,2,AUDI SQ6,3
2025,2,FIAT 500,3
2025,2,HYUNDAI IONIQ6,3
2025,2,LAND ROVER DISCOVERY SPORT,3
2025,2,MAZDA CX-5,3
2025,2,MERCEDES-BENZ CLE,3
2025,2,MERCEDES-BENZ G-CLASS,3
2025,2,MERCEDES-BENZ VITO,3
2025,2,MG ZS,3
2025,2,MINI ACEMAN,3
2025,2,MINI COOPER,3
2025,2,OPEL CORSA,3
2025,2,PEUGEOT 2008,3
2025,2,PEUGEOT 208,3
2025,2,PEUGEOT 308,3
2025,2,SUBARU SOLTERRA,3
2025,2,TOYOTA AYGO,3
2025,2,XPENG G6,3
2025,2,XPENG G9,3
2025,2,ALFA ROMEO JUNIOR,2
2025,2,BMW M5,2
2025,2,BYD TANG,2
2025,2,CITROEN C5,2
2025,2,FIAT 600,2
2025,2,FORD TRANSIT,2
2025,2,HONDA HR-V,2
2025,2,MERCEDES-BENZ MAYBACH,2
2025,2,MG HS,2
2025,2,MITSUBISHI OUTLANDER,2
2025,2,PORSCHE PANAMERA,2
2025,2,PORSCHE TAYCAN,2
2025,2,SEAT LEON,2
2025,2,SERES 5,2
2025,2,SUZUKI SX4,2
2025,2,TESLA MOTORS MODEL X,2
2025,2,VOLKSWAGEN MULTIVAN,2
2025,2,VOLVO C40,2
2025,2,ALFA ROMEO TONALE,1
2025,2,AUDI A4,1
2025,2,AUDI A8,1
2025,2,AUDI S3,1
2025,2,AUDI S5,1
2025,2,BENTLEY CONTINENTAL,1
2025,2,BENTLEY FLYING,1
2025,2,BMW IX3,1
2025,2,BMW X7,1
2025,2,BYD DOLPHIN,1
2025,2,FERRARI 296,1
2025,2,HONDA CIVIC,1
2025,2,HONDA ZR-V,1
2025,2,JEEP GRAND CHEROKEE,1
2025,2,JEEP WRANGLER,1
2025,2,LAND ROVER DEFENDER,1
2025,2,LAND ROVER RANGE ROVER EVOQUE,1
2025,2,LEXUS ES300H,1
2025,2,LEXUS RX450H+,1
2025,2,LEXUS UX300H,1
2025,2,MAN TGE,1
2025,2,MAZDA 6,1
2025,2,MERCEDES-BENZ A-CLASS,1
2025,2,MERCEDES-BENZ EQS,1
2025,2,MERCEDES-BENZ GLA-CLASS,1
2025,2,MERCEDES-BENZ S-CLASS,1
2025,2,MERCEDES-BENZ V-CLASS,1
2025,2,MG CYBERSTER,1
2025,2,OPEL MOKKA,1
2025,2,PEUGEOT 408,1
2025,2,PEUGEOT 508,1
2025,2,RENAULT AUSTRAL,1
2025,2,RENAULT ESPACE,1
2025,2,RENAULT MEGANE E-TECH,1
2025,2,RENAULT TRAFIC,1
2025,2,SEAT TARRACO,1
2025,2,SERES 3,1
2025,2,TOYOTA GR,1
2025,2,VOLKSWAGEN ID.5,1
2025,2,VOLKSWAGEN TOURAN,1
2025,3,TOYOTA RAV4,207
2025,3,TESLA MOTORS MODEL Y,205
2025,3,TOYOTA C-HR,187
2025,3,VOLKSWAGEN ID.4,176
2025,3,SKODA ENYAQ,155
2025,3,NISSAN QASHQAI,144
2025,3,TOYOTA YARIS CROSS,140
2025,3,TOYOTA COROLLA,139
2025,3,TOYOTA YARIS,138
2025,3,FORD FOCUS,133
2025,3,KIA EV3,130
2025,3,VOLVO XC60,124
2025,3,VOLKSWAGEN ID.7,104
2025,3,TOYOTA BZ4X,103
2025,3,POLESTAR 4,92
2025,3,TESLA MOTORS MODEL 3,90
2025,3,KIA CEED,88
2025,3,SKODA OCTAVIA,84
2025,3,VOLKSWAGEN TIGUAN,80
2025,3,AUDI Q4,79
2025,3,VOLVO EX30,75
2025,3,KIA STONIC,69
2025,3,NISSAN ARIYA,68
2025,3,MERCEDES-BENZ EQA,67
2025,3,VOLKSWAGEN GOLF,67
2025,3,VOLVO V60,67
2025,3,POLESTAR 2,66
2025,3,VOLVO EX40,62
2025,3,VOLKSWAGEN TAIGO,61
2025,3,FORD TOURNEO CUSTOM,60
2025,3,MERCEDES-BENZ GLC-CLASS,58
2025,3,SKODA KODIAQ,57
2025,3,MG 4,56
2025,3,MAZDA 2,54
2025,3,HYUNDAI I30,53
2025,3,MERCEDES-BENZ EQB,52
2025,3,SKODA SUPERB,52
2025,3,BMW I4,50
2025,3,DACIA DUSTER,46
2025,3,NISSAN JUKE,45
2025,3,FORD KUGA,43
2025,3,KIA NIRO,42
2025,3,AUDI A6,41
2025,3,SKODA ELROQ,41
2025,3,BMW X1,40
2025,3,VOLVO EC40,39
2025,3,AUDI Q6,38
2025,3,SUZUKI VITARA,38
2025,3,VOLKSWAGEN PASSAT,37
2025,3,HYUNDAI INSTER,36
2025,3,PORSCHE MACAN,34
2025,3,HYUNDAI IONIQ5,33
2025,3,HYUNDAI BAYON,31
2025,3,MERCEDES-BENZ C-CLASS,31
2025,3,VOLKSWAGEN T-ROC,31
2025,3,CITROEN E-C3,29
2025,3,VOLKSWAGEN CADDY,29
2025,3,KIA EV6,28
2025,3,OPEL ASTRA,28
2025,3,KIA SPORTAGE,27
2025,3,BMW 5 SERIES,26
2025,3,RENAULT SCENIC,26
2025,3,SKODA KAMIQ,26
2025,3,VOLKSWAGEN T-CROSS,26
2025,3,MERCEDES-BENZ E-CLASS,25
2025,3,VOLVO XC40,25
2025,3,VOLVO XC90,25
2025,3,AUDI A3,24
2025,3,POLESTAR 3,24
2025,3,VOLVO EX90,24
2025,3,VOLVO V90,24
2025,3,BMW IX1,23
2025,3,HYUNDAI I20,23
2025,3,SKODA FABIA,23
2025,3,SKODA KAROQ,23
2025,3,SKODA SCALA,22
2025,3,SUBARU OUTBACK,22
2025,3,BMW I5,21
2025,3,CUPRA TAVASCAN,20
2025,3,FORD EXPLORER,20
2025,3,MERCEDES-BENZ EQE,20
2025,3,SEAT ARONA,20
2025,3,VOLKSWAGEN ID.3,20
2025,3,AUDI A5,19
2025,3,MITSUBISHI ECLIPSE,19
2025,3,FORD CAPRI,18
2025,3,KIA SORENTO,18
2025,3,MERCEDES-BENZ SPRINTER,18
2025,3,RENAULT SYMBIOZ,18
2025,3,MAZDA CX-60,17
2025,3,MERCEDES-BENZ VITO,17
2025,3,NISSAN X-TRAIL,17
2025,3,SMART 1,17
2025,3,SUZUKI SWIFT,17
2025,3,BMW X3,16
2025,3,HYUNDAI SANTA FE,16
2025,3,LEXUS LBX,16
2025,3,VOLKSWAGEN ID.,16
2025,3,BYD SEALION,15
2025,3,MERCEDES-BENZ GLA-CLASS,15
2025,3,TOYOTA PROACE,15
2025,3,AUDI Q7,14
2025,3,BMW IX2,14
2025,3,FORD PUMA,14
2025,3,FORD TOURNEO CONNECT,14
2025,3,LEXUS NX450H+,14
2025,3,MAZDA CX-30,14
2025,3,OPEL GRANDLAND,14
2025,3,BMW 3 SERIES,13
2025,3,MITSUBISHI ASX,13
2025,3,CITROEN C3,12
2025,3,HYUNDAI KONA,12
2025,3,KIA PICANTO,12
2025,3,LAND ROVER RANGE ROVER SPORT,12
2025,3,MAZDA CX-80,12
2025,3,PEUGEOT 3008,12
2025,3,SMART 3,12
2025,3,VOLVO S60,12
2025,3,AUDI Q5,11
2025,3,BYD SEAL,11
2025,3,HYUNDAI TUCSON,11
2025,3,KIA PROCEED,11
2025,3,PEUGEOT 308,11
2025,3,RENAULT CLIO,11
2025,3,BMW 2 SERIES,10
2025,3,BMW X5,10
2025,3,DACIA JOGGER,10
2025,3,FORD MUSTANG MACH-E,10
2025,3,KIA EV9,10
2025,3,KIA RIO,10
2025,3,OPEL CORSA,10
2025,3,PORSCHE CAYENNE,10
2025,3,CUPRA TERRAMAR,9
2025,3,HYUNDAI I10,9
2025,3,MAN TGE,9
2025,3,MG ZS,9
2025,3,MINI COOPER,9
2025,3,MITSUBISHI COLT,9
2025,3,PEUGEOT 5008,9
2025,3,RENAULT CAPTUR,9
2025,3,SUBARU FORESTER,9
2025,3,SUZUKI S-CROSS,9
2025,3,BMW 1 SERIES,8
2025,3,DACIA SANDERO,8
2025,3,KIA XCEED,8
2025,3,LEXUS ES300H,8
2025,3,MAZDA 3,8
2025,3,MERCEDES-BENZ A-CLASS,8
2025,3,AUDI Q8,7
2025,3,AUDI SQ6,7
2025,3,CUPRA BORN,6
2025,3,FORD TRANSIT,6
2025,3,MERCEDES-BENZ CLA-CLASS,6
2025,3,MERCEDES-BENZ CLE,6
2025,3,MG 3,6
2025,3,XPENG G6,6
2025,3,ALFA ROMEO JUNIOR,5
2025,3,ALFA ROMEO TONALE,5
2025,3,CUPRA LEON,5
2025,3,FIAT 500,5
2025,3,LAND ROVER DEFENDER,5
2025,3,MERCEDES-BENZ G-CLASS,5
2025,3,MINI COUNTRYMAN,5
2025,3,PEUGEOT 208,5
2025,3,PORSCHE TAYCAN,5
2025,3,TOYOTA PRIUS PHEV,5
2025,3,AUDI S6,4
2025,3,HONDA CR-V,4
2025,3,HYUNDAI IONIQ6,4
2025,3,LAND ROVER RANGE ROVER,4
2025,3,MINI ACEMAN,4
2025,3,SEAT LEON,4
2025,3,SUBARU CROSSTREK,4
2025,3,SUBARU SOLTERRA,4
2025,3,VOLKSWAGEN CRAFTER,4
2025,3,BMW M5,3
2025,3,BYD ATTO,3
2025,3,BYD HAN,3
2025,3,CITROEN C4,3
2025,3,CITROEN E-C4,3
2025,3,LAND ROVER RANGE ROVER EVOQUE,3
2025,3,LEXUS UX300H,3
2025,3,MERCEDES-BENZ GLE-CLASS,3
2025,3,MERCEDES-BENZ V-CLASS,3
2025,3,MG HS,3
2025,3,PEUGEOT 2008,3
2025,3,PORSCHE PANAMERA,3
2025,3,RENAULT MEGANE E-TECH,3
2025,3,TOYOTA AYGO,3
2025,3,TOYOTA LAND CRUISER,3
2025,3,AUDI A7,2
2025,3,BMW 550E,2
2025,3,BMW IX,2
2025,3,BMW IX3,2
2025,3,BYD DOLPHIN,2
2025,3,JAGUAR I-PACE,2
2025,3,JEEP AVENGER,2
2025,3,JEEP GRAND CHEROKEE,2
2025,3,KIA SOUL,2
2025,3,MERCEDES-BENZ S-CLASS,2
2025,3,MG CYBERSTER,2
2025,3,PEUGEOT 408,2
2025,3,PEUGEOT E-RIFTER,2
2025,3,TOYOTA GR,2
2025,3,VOLKSWAGEN ID.5,2
2025,3,VOLKSWAGEN MULTIVAN,2
2025,3,VOLVO C40,2
2025,3,XPENG G9,2
2025,3,AUDI A8,1
2025,3,AUDI S,1
2025,3,AUDI S5,1
2025,3,BENTLEY CONTINENTAL,1
2025,3,BMW M1,1
2025,3,BYD TANG,1
2025,3,CITROEN C5,1
2025,3,CITROEN SPACETOURER,1
2025,3,DS 3,1
2025,3,FERRARI 296,1
2025,3,FERRARI ROMA,1
2025,3,FIAT 600,1
2025,3,FORD TRANSIT CUSTOM,1
2025,3,HONDA CIVIC,1
2025,3,HONDA HR-V,1
2025,3,HONDA JAZZ,1
2025,3,HONDA ZR-V,1
2025,3,JAGUAR F-PACE,1
2025,3,JEEP WRANGLER,1
2025,3,LAND ROVER DISCOVERY SPORT,1
2025,3,LAND ROVER RANGE ROVER VELAR,1
2025,3,LEXUS RZ300E,1
2025,3,MAXUS EUNIQ,1
2025,3,MAZDA 6,1
2025,3,MAZDA MX-5,1
2025,3,MERCEDES-AMG AMG,1
2025,3,MERCEDES-BENZ B-CLASS,1
2025,3,MERCEDES-BENZ EQS,1
2025,3,MERCEDES-BENZ MAYBACH,1
2025,3,MERCEDES-BENZ T-CLASS,1
2025,3,MITSUBISHI OUTLANDER,1
2025,3,RENAULT ESPACE,1
2025,3,RENAULT RAFALE,1
2025,3,RENAULT TRAFIC,1
2025,3,SEAT TARRACO,1
2025,3,VOLKSWAGEN TOUAREG,1
2025,3,VOLVO S90,1
2025,4,TOYOTA YARIS CROSS,257
2025,4,TOYOTA YARIS,200
2025,4,VOLKSWAGEN ID.4,191
2025,4,VOLKSWAGEN ID.7,177
2025,4,TOYOTA COROLLA,174
2025,4,VOLVO XC60,168
2025,4,SKODA ELROQ,162
2025,4,SKODA ENYAQ,138
2025,4,NISSAN QASHQAI,128
2025,4,KIA CEED,125
2025,4,VOLKSWAGEN GOLF,122
2025,4,TOYOTA RAV4,121
2025,4,VOLVO EX40,106
2025,4,AUDI Q4,92
2025,4,KIA EV3,90
2025,4,VOLKSWAGEN TIGUAN,85
2025,4,VOLVO V60,84
2025,4,SKODA OCTAVIA,79
2025,4,AUDI A3,73
2025,4,VOLVO EX30,73
2025,4,VOLKSWAGEN TAIGO,72
2025,4,KIA STONIC,68
2025,4,SKODA KODIAQ,68
2025,4,VOLKSWAGEN PASSAT,68
2025,4,TOYOTA C-HR,67
2025,4,KIA NIRO,65
2025,4,CITROEN C4,62
2025,4,VOLVO EC40,62
2025,4,RENAULT CLIO,57
2025,4,POLESTAR 4,54
2025,4,TOYOTA BZ4X,54
2025,4,PEUGEOT 2008,53
2025,4,AUDI Q6,52
2025,4,TESLA MOTORS MODEL Y,50
2025,4,BMW X1,49
2025,4,MERCEDES-BENZ GLC-CLASS,47
2025,4,SKODA SUPERB,47
2025,4,NISSAN JUKE,46
2025,4,AUDI A6,44
2025,4,FORD EXPLORER,43
2025,4,KIA SPORTAGE,42
2025,4,VOLKSWAGEN CADDY,39
2025,4,BMW I4,38
2025,4,HYUNDAI I20,38
2025,4,HYUNDAI IONIQ5,37
2025,4,KIA XCEED,36
2025,4,MG 4,36
2025,4,FORD KUGA,35
2025,4,FORD TOURNEO CUSTOM,35
2025,4,MERCEDES-BENZ EQA,35
2025,4,POLESTAR 2,35
2025,4,HYUNDAI INSTER,34
2025,4,NISSAN ARIYA,34
2025,4,BMW 5 SERIES,33
2025,4,SKODA KAROQ,33
2025,4,CITROEN E-C3,31
2025,4,VOLKSWAGEN T-CROSS,31
2025,4,FORD CAPRI,30
2025,4,FORD FOCUS,30
2025,4,KIA EV6,30
2025,4,MITSUBISHI ECLIPSE,30
2025,4,VOLKSWAGEN T-ROC,30
2025,4,VOLVO EX90,30
2025,4,SKODA FABIA,29
2025,4,SUBARU SOLTERRA,28
2025,4,VOLVO XC90,28
2025,4,HYUNDAI BAYON,27
2025,4,MERCEDES-BENZ EQB,27
2025,4,SUZUKI VITARA,27
2025,4,VOLVO XC40,27
2025,4,BMW IX1,26
2025,4,FORD PUMA,25
2025,4,SKODA KAMIQ,25
2025,4,PEUGEOT 308,24
2025,4,RENAULT SCENIC,24
2025,4,SKODA SCALA,24
2025,4,MERCEDES-BENZ C-CLASS,23
2025,4,MERCEDES-BENZ VITO,23
2025,4,BMW I5,22
2025,4,HYUNDAI I10,22
2025,4,SEAT LEON,22
2025,4,BMW X3,21
2025,4,PEUGEOT 3008,21
2025,4,RENAULT SYMBIOZ,21
2025,4,TESLA MOTORS MODEL 3,21
2025,4,DACIA DUSTER,20
2025,4,VOLVO V90,20
2025,4,CITROEN E-C4,19
2025,4,HYUNDAI I30,19
2025,4,KIA PICANTO,19
2025,4,MERCEDES-BENZ E-CLASS,19
2025,4,PORSCHE MACAN,19
2025,4,LAND ROVER RANGE ROVER SPORT,18
2025,4,MERCEDES-BENZ CLA-CLASS,18
2025,4,SUBARU OUTBACK,18
2025,4,AUDI A5,17
2025,4,MERCEDES-BENZ SPRINTER,17
2025,4,HYUNDAI KONA,16
2025,4,MINI COOPER,16
2025,4,OPEL ASTRA,16
2025,4,VOLKSWAGEN ID.,15
2025,4,VOLKSWAGEN ID.3,15
2025,4,CUPRA TAVASCAN,14
2025,4,BMW 3 SERIES,13
2025,4,BYD SEAL,13
2025,4,HYUNDAI IONIQ6,13
2025,4,MAZDA CX-30,13
2025,4,BMW X5,12
2025,4,FORD TOURNEO CONNECT,12
2025,4,LEXUS NX450H+,12
2025,4,MAZDA 2,12
2025,4,MAZDA 3,12
2025,4,VOLVO S60,12
2025,4,BMW IX2,11
2025,4,CUPRA BORN,11
2025,4,HYUNDAI SANTA FE,11
2025,4,HYUNDAI TUCSON,11
2025,4,KIA EV9,11
2025,4,LEXUS LBX,11
2025,4,MITSUBISHI ASX,11
2025,4,XPENG G6,11
2025,4,AUDI Q5,10
2025,4,BMW IX,10
2025,4,CUPRA TERRAMAR,10
2025,4,FORD MUSTANG MACH-E,10
2025,4,MERCEDES-BENZ GLA-CLASS,10
2025,4,MINI COUNTRYMAN,10
2025,4,OPEL GRANDLAND,10
2025,4,BYD SEALION,9
2025,4,KIA SORENTO,9
2025,4,MAZDA CX-80,9
2025,4,MERCEDES-BENZ EQE,9
2025,4,MERCEDES-BENZ EQS,9
2025,4,MITSUBISHI OUTLANDER,9
2025,4,PEUGEOT 208,9
2025,4,KIA RIO,8
2025,4,LAND ROVER DEFENDER,8
2025,4,MAZDA CX-60,8
2025,4,MG ZS,8
2025,4,NISSAN X-TRAIL,8
2025,4,SMART 1,8
2025,4,SUBARU FORESTER,8
2025,4,SUZUKI S-CROSS,8
2025,4,AUDI Q7,7
2025,4,DACIA SANDERO,7
2025,4,FIAT 500,7
2025,4,KIA PROCEED,7
2025,4,MERCEDES-BENZ G-CLASS,7
2025,4,RENAULT CAPTUR,7
2025,4,ALFA ROMEO JUNIOR,6
2025,4,AUDI S6,6
2025,4,AUDI SQ6,6
2025,4,JEEP AVENGER,6
2025,4,LAND ROVER RANGE ROVER,6
2025,4,MITSUBISHI COLT,6
2025,4,PEUGEOT 5008,6
2025,4,PORSCHE CAYENNE,6
2025,4,RENAULT 5,6
2025,4,SUZUKI SWIFT,6
2025,4,TOYOTA PROACE,6
2025,4,VOLKSWAGEN CRAFTER,6
2025,4,VOLVO C40,6
2025,4,AUDI Q8,5
2025,4,DACIA BIGSTER,5
2025,4,DACIA JOGGER,5
2025,4,MERCEDES-BENZ A-CLASS,5
2025,4,MERCEDES-BENZ GLE-CLASS,5
2025,4,MG 3,5
2025,4,RENAULT TRAFIC,5
2025,4,BMW M5,4
2025,4,CUPRA FORMENTOR,4
2025,4,CUPRA LEON,4
2025,4,DS 4,4
2025,4,HONDA ZR-V,4
2025,4,LAND ROVER RANGE ROVER EVOQUE,4
2025,4,LEXUS UX300H,4
2025,4,MAN TGE,4
2025,4,MERCEDES-BENZ CLE,4
2025,4,SMART 3,4
2025,4,BMW 1 SERIES,3
2025,4,BMW IX3,3
2025,4,CITROEN C5,3
2025,4,FIAT 600,3
2025,4,FORD TRANSIT CUSTOM,3
2025,4,JEEP GRAND CHEROKEE,3
2025,4,LEXUS ES300H,3
2025,4,POLESTAR 3,3
2025,4,TOYOTA AYGO,3
2025,4,ALFA ROMEO TONALE,2
2025,4,AUDI A7,2
2025,4,BMW 2 SERIES,2
2025,4,BMW I7,2
2025,4,BYD ATTO,2
2025,4,BYD TANG,2
2025,4,FORD TOURNEO COURIER,2
2025,4,FORD TRANSIT,2
2025,4,HONDA CIVIC,2
2025,4,HONDA JAZZ,2
2025,4,JEEP WRANGLER,2
2025,4,LAND ROVER RANGE ROVER VELAR,2
2025,4,LEXUS RX450H+,2
2025,4,LEXUS RZ300E,2
2025,4,MASERATI GRANCABRIO,2
2025,4,MAZDA MX-5,2
2025,4,MERCEDES-BENZ S-CLASS,2
2025,4,MG HS,2
2025,4,MINI ACEMAN,2
2025,4,MINI JCW,2
2025,4,PEUGEOT 408,2
2025,4,SEAT ARONA,2
2025,4,TOYOTA LAND CRUISER,2
2025,4,VOLKSWAGEN MULTIVAN,2
2025,4,XPENG G9,2
2025,4,ALFA ROMEO STELVIO,1
2025,4,AUDI A8,1
2025,4,BMW 550E,1
2025,4,BMW 7 SERIES,1
2025,4,BMW M2,1
2025,4,BMW M3,1
2025,4,BMW M4,1
2025,4,BMW XM,1
2025,4,BYD DOLPHIN,1
2025,4,BYD HAN,1
2025,4,CITROEN C3,1
2025,4,DS 7,1
2025,4,FORD MUSTANG,1
2025,4,KIA SOUL,1
2025,4,LEXUS RZ450E,1
2025,4,MERCEDES-BENZ GLS-CLASS,1
2025,4,MERCEDES-BENZ MAYBACH,1
2025,4,MERCEDES-BENZ V-CLASS,1
2025,4,MG CYBERSTER,1
2025,4,MITSUBISHI SPACE STAR,1
2025,4,OPEL CORSA,1
2025,4,OPEL MOKKA,1
2025,4,OPEL ZAFIRA,1
2025,4,PEUGEOT E-RIFTER,1
2025,4,PEUGEOT TRAVELLER,1
2025,4,PORSCHE 911,1
2025,4,PORSCHE TAYCAN,1
2025,4,RENAULT AUSTRAL,1
2025,4,RENAULT ESPACE,1
2025,4,SEAT ALHAMBRA,1
2025,4,SUZUKI SX4,1
2025,4,TOYOTA PRIUS PHEV,1
2025,4,VOLKSWAGEN CALIFORNIA,1
2025,4,VOLKSWAGEN ID.5,1
2025,4,VOLKSWAGEN SEDAN,1
2025,5,TOYOTA YARIS,310
2025,5,TOYOTA YARIS CROSS,247
2025,5,TOYOTA COROLLA,243
2025,5,RENAULT CLIO,219
2025,5,VOLKSWAGEN ID.7,191
2025,5,VOLKSWAGEN ID.4,183
2025,5,VOLVO XC60,181
2025,5,SKODA ELROQ,168
2025,5,KIA CEED,156
2025,5,VOLKSWAGEN TAIGO,146
2025,5,SKODA ENYAQ,143
2025,5,NISSAN QASHQAI,128
2025,5,TOYOTA RAV4,127
2025,5,TESLA MOTORS MODEL Y,121
2025,5,VOLKSWAGEN TIGUAN,112
2025,5,KIA STONIC,99
2025,5,VOLKSWAGEN GOLF,98
2025,5,KIA EV3,89
2025,5,VOLVO V60,83
2025,5,VOLVO EX40,79
2025,5,SKODA OCTAVIA,75
2025,5,AUDI A3,74
2025,5,AUDI Q6,68
2025,5,AUDI Q4,63
2025,5,FORD FOCUS,63
2025,5,KIA NIRO,62
2025,5,SEAT ARONA,62
2025,5,SKODA SUPERB,62
2025,5,BMW I4,58
2025,5,TOYOTA C-HR,56
2025,5,VOLVO EX90,52
2025,5,SKODA KODIAQ,50
2025,5,VOLVO EX30,50
2025,5,VOLKSWAGEN PASSAT,47
2025,5,AUDI A5,46
2025,5,BMW X1,46
2025,5,HYUNDAI I20,46
2025,5,MERCEDES-BENZ GLC-CLASS,46
2025,5,HYUNDAI I30,45
2025,5,POLESTAR 2,44
2025,5,FORD EXPLORER,43
2025,5,POLESTAR 4,43
2025,5,SEAT LEON,42
2025,5,AUDI A6,40
2025,5,HYUNDAI IONIQ5,40
2025,5,MERCEDES-BENZ EQB,40
2025,5,FORD PUMA,38
2025,5,KIA EV6,38
2025,5,VOLVO XC40,38
2025,5,SUZUKI VITARA,36
2025,5,SKODA SCALA,35
2025,5,BMW IX1,34
2025,5,HYUNDAI INSTER,34
2025,5,MERCEDES-BENZ CLA-CLASS,34
2025,5,SKODA KAMIQ,34
2025,5,VOLVO EC40,33
2025,5,KIA SPORTAGE,32
2025,5,KIA XCEED,32
2025,5,MITSUBISHI OUTLANDER,31
2025,5,VOLKSWAGEN ID.,31
2025,5,VOLKSWAGEN T-CROSS,31
2025,5,VOLVO V90,31
2025,5,MERCEDES-BENZ EQA,30
2025,5,RENAULT 5,30
2025,5,BMW 5 SERIES,29
2025,5,FORD TOURNEO CUSTOM,29
2025,5,HYUNDAI KONA,29
2025,5,MITSUBISHI ECLIPSE,28
2025,5,VOLKSWAGEN T-ROC,28
2025,5,PORSCHE MACAN,27
2025,5,TESLA MOTORS MODEL 3,27
2025,5,FORD KUGA,25
2025,5,HYUNDAI IONIQ6,25
2025,5,NISSAN JUKE,25
2025,5,FORD CAPRI,24
2025,5,SKODA KAROQ,24
2025,5,BMW 3 SERIES,23
2025,5,BMW IX2,23
2025,5,CUPRA BORN,23
2025,5,MERCEDES-BENZ C-CLASS,23
2025,5,SUBARU OUTBACK,22
2025,5,SUZUKI SWIFT,22
2025,5,VOLKSWAGEN CADDY,22
2025,5,VOLVO XC90,22
2025,5,MERCEDES-BENZ E-CLASS,21
2025,5,SKODA FABIA,21
2025,5,BMW I5,20
2025,5,BMW X5,20
2025,5,MINI COOPER,20
2025,5,BMW IX,19
2025,5,BMW X3,19
2025,5,PEUGEOT 3008,19
2025,5,TOYOTA BZ4X,19
2025,5,KIA PICANTO,18
2025,5,MERCEDES-BENZ VITO,18
2025,5,MG 4,18
2025,5,PEUGEOT 2008,18
2025,5,HYUNDAI TUCSON,17
2025,5,LAND ROVER RANGE ROVER SPORT,17
2025,5,NISSAN ARIYA,17
2025,5,PEUGEOT 5008,17
2025,5,CUPRA TAVASCAN,16
2025,5,DACIA DUSTER,16
2025,5,RENAULT SCENIC,16
2025,5,CITROEN C4,15
2025,5,MAZDA CX-30,15
2025,5,MERCEDES-BENZ GLA-CLASS,15
2025,5,RENAULT SYMBIOZ,15
2025,5,CITROEN C3,14
2025,5,FORD MUSTANG MACH-E,14
2025,5,LEXUS LBX,14
2025,5,PEUGEOT 308,14
2025,5,MAZDA 3,13
2025,5,MERCEDES-BENZ EQE,13
2025,5,TOYOTA AYGO,13
2025,5,VOLKSWAGEN ID.3,13
2025,5,AUDI Q7,12
2025,5,CUPRA TERRAMAR,12
2025,5,HYUNDAI BAYON,12
2025,5,HYUNDAI I10,12
2025,5,KIA EV9,12
2025,5,DACIA BIGSTER,11
2025,5,DACIA SANDERO,11
2025,5,FORD TOURNEO CONNECT,11
2025,5,MAZDA 2,11
2025,5,MAZDA CX-80,11
2025,5,OPEL GRANDLAND,11
2025,5,XPENG G6,11
2025,5,LEXUS NX450H+,10
2025,5,MERCEDES-BENZ SPRINTER,10
2025,5,RENAULT CAPTUR,10
2025,5,SUBARU SOLTERRA,10
2025,5,FORD TRANSIT CUSTOM,9
2025,5,MAZDA CX-60,9
2025,5,SMART 3,9
2025,5,LAND ROVER RANGE ROVER,8
2025,5,MINI COUNTRYMAN,8
2025,5,MITSUBISHI ASX,8
2025,5,OPEL ASTRA,8
2025,5,PEUGEOT 208,8
2025,5,RENAULT RAFALE,8
2025,5,SUZUKI S-CROSS,8
2025,5,AUDI Q8,7
2025,5,FIAT 600,7
2025,5,LEXUS ES300H,7
2025,5,LEXUS RZ450E,7
2025,5,MERCEDES-BENZ GLE-CLASS,7
2025,5,MITSUBISHI COLT,7
2025,5,POLESTAR 3,7
2025,5,CITROEN C5,6
2025,5,JEEP AVENGER,6
2025,5,KIA PROCEED,6
2025,5,LAND ROVER RANGE ROVER VELAR,6
2025,5,NISSAN X-TRAIL,6
2025,5,SUBARU FORESTER,6
2025,5,TOYOTA PROACE,6
2025,5,VOLKSWAGEN MULTIVAN,6
2025,5,VOLVO S60,6
2025,5,ALFA ROMEO JUNIOR,5
2025,5,CITROEN E-C3,5
2025,5,DACIA JOGGER,5
2025,5,HONDA CR-V,5
2025,5,MERCEDES-BENZ A-CLASS,5
2025,5,MERCEDES-BENZ G-CLASS,5
2025,5,MG ZS,5
2025,5,OPEL CORSA,5
2025,5,PORSCHE 911,5
2025,5,PORSCHE CAYENNE,5
2025,5,SMART #5,5
2025,5,ALFA ROMEO TONALE,4
2025,5,BMW 2 SERIES,4
2025,5,BYD SEAL,4
2025,5,CUPRA FORMENTOR,4
2025,5,JEEP WRANGLER,4
2025,5,KIA RIO,4
2025,5,MERCEDES-BENZ CLE,4
2025,5,MG HS,4
2025,5,PORSCHE PANAMERA,4
2025,5,RENAULT AUSTRAL,4
2025,5,AUDI SQ6,3
2025,5,BMW 550E,3
2025,5,BMW M5,3
2025,5,BYD ATTO,3
2025,5,BYD SEALION,3
2025,5,FORD TOURNEO COURIER,3
2025,5,LAND ROVER DEFENDER,3
2025,5,LEXUS RZ300E,3
2025,5,MG 3,3
2025,5,OPEL FRONTERA,3
2025,5,PORSCHE TAYCAN,3
2025,5,VOLKSWAGEN CRAFTER,3
2025,5,VOLKSWAGEN TOUAREG,3
2025,5,XPENG G9,3
2025,5,AUDI Q5,2
2025,5,AUDI S6,2
2025,5,BMW IX3,2
2025,5,FERRARI 296,2
2025,5,HONDA CIVIC,2
2025,5,HONDA JAZZ,2
2025,5,HONDA ZR-V,2
2025,5,LEXUS RX450H+,2
2025,5,MAN TGE,2
2025,5,MG S5,2
2025,5,MINI JCW,2
2025,5,RENAULT MEGANE E-TECH,2
2025,5,VOLVO C40,2
2025,5,AUDI S5,1
2025,5,BENTLEY CONTINENTAL,1
2025,5,BENTLEY FLYING,1
2025,5,BMW 1 SERIES,1
2025,5,BMW I7,1
2025,5,BYD TANG,1
2025,5,CUPRA LEON,1
2025,5,FORD MUSTANG,1
2025,5,JAGUAR F-PACE,1
2025,5,JEEP COMPASS,1
2025,5,JEEP GRAND CHEROKEE,1
2025,5,KIA SORENTO,1
2025,5,LAMBORGHINI URUS,1
2025,5,LAND ROVER DISCOVERY SPORT,1
2025,5,LEXUS UX300H,1
2025,5,MAZDA CX-5,1
2025,5,MAZDA MX-5,1
2025,5,MERCEDES-BENZ CITAN,1
2025,5,MERCEDES-BENZ EQS,1
2025,5,MERCEDES-BENZ V-CLASS,1
2025,5,MINI ACEMAN,1
2025,5,PEUGEOT 408,1
2025,5,PEUGEOT 508,1
2025,5,PEUGEOT E-RIFTER,1
2025,5,PORSCHE CAYMAN,1
2025,5,RENAULT ESPACE,1
2025,5,RENAULT TRAFIC,1
2025,5,SERES 5,1
2025,5,SMART 1,1
2025,5,SUBARU CROSSTREK,1
2025,5,TESLA MOTORS MODEL S,1
2025,5,TOYOTA LAND CRUISER,1
2025,5,TOYOTA PRIUS PHEV,1
2025,5,VOLKSWAGEN ID.5,1
2025,6,KIA CEED,390
2025,6,TOYOTA YARIS CROSS,322
2025,6,VOLKSWAGEN T-CROSS,269
2025,6,TOYOTA YARIS,215
2025,6,TOYOTA COROLLA,198
2025,6,VOLVO XC60,186
2025,6,TESLA MOTORS MODEL Y,179
2025,6,VOLKSWAGEN TAIGO,172
2025,6,RENAULT CLIO,160
2025,6,SKODA ELROQ,160
2025,6,NISSAN QASHQAI,150
2025,6,SKODA ENYAQ,147
2025,6,VOLKSWAGEN ID.7,140
2025,6,POLESTAR 4,125
2025,6,VOLKSWAGEN ID.4,125
2025,6,KIA XCEED,112
2025,6,TESLA MOTORS MODEL 3,107
2025,6,TOYOTA C-HR,105
2025,6,KIA NIRO,98
2025,6,POLESTAR 2,98
2025,6,VOLKSWAGEN TIGUAN,91
2025,6,TOYOTA RAV4,88
2025,6,SKODA OCTAVIA,85
2025,6,HYUNDAI IONIQ5,78
2025,6,KIA EV3,78
2025,6,VOLKSWAGEN GOLF,78
2025,6,BMW I4,77
2025,6,AUDI Q4,75
2025,6,VOLVO EX40,66
2025,6,VOLVO V60,65
2025,6,SKODA SUPERB,64
2025,6,VOLKSWAGEN PASSAT,64
2025,6,MERCEDES-BENZ GLC-CLASS,63
2025,6,MITSUBISHI ECLIPSE,61
2025,6,KIA SPORTAGE,59
2025,6,NISSAN JUKE,58
2025,6,SKODA KODIAQ,58
2025,6,FORD EXPLORER,56
2025,6,KIA EV6,53
2025,6,AUDI A3,49
2025,6,SKODA FABIA,49
2025,6,SEAT ARONA,47
2025,6,BMW IX1,46
2025,6,FORD TOURNEO CUSTOM,46
2025,6,KIA STONIC,46
2025,6,AUDI Q6,44
2025,6,RENAULT 5,44
2025,6,VOLVO EX90,44
2025,6,FORD FOCUS,43
2025,6,BMW X1,41
2025,6,MERCEDES-BENZ E-CLASS,40
2025,6,VOLVO EX30,39
2025,6,AUDI A6,37
2025,6,MERCEDES-BENZ EQA,36
2025,6,MITSUBISHI COLT,36
2025,6,FORD PUMA,35
2025,6,MERCEDES-BENZ EQB,35
2025,6,AUDI A5,34
2025,6,HYUNDAI IONIQ6,34
2025,6,FORD CAPRI,32
2025,6,HYUNDAI I30,32
2025,6,BMW IX,31
2025,6,VOLKSWAGEN CADDY,31
2025,6,MITSUBISHI ASX,29
2025,6,PORSCHE MACAN,29
2025,6,HYUNDAI I20,28
2025,6,SEAT LEON,28
2025,6,VOLVO EC40,27
2025,6,VOLVO XC90,27
2025,6,BMW X3,26
2025,6,MERCEDES-BENZ EQE,26
2025,6,BMW 5 SERIES,25
2025,6,FORD KUGA,25
2025,6,CITROEN C4,24
2025,6,MERCEDES-BENZ C-CLASS,24
2025,6,POLESTAR 3,24
2025,6,HYUNDAI INSTER,23
2025,6,SKODA KAMIQ,23
2025,6,VOLKSWAGEN ID.,23
2025,6,VOLKSWAGEN T-ROC,23
2025,6,KIA PICANTO,22
2025,6,MG 4,22
2025,6,MITSUBISHI OUTLANDER,21
2025,6,BMW 3 SERIES,20
2025,6,MERCEDES-BENZ SPRINTER,20
2025,6,HYUNDAI KONA,19
2025,6,BMW 1 SERIES,18
2025,6,CUPRA TAVASCAN,18
2025,6,VOLKSWAGEN ID.3,18
2025,6,VOLVO V90,18
2025,6,CITROEN E-C3,17
2025,6,DACIA DUSTER,17
2025,6,MAZDA 2,17
2025,6,RENAULT CAPTUR,17
2025,6,VOLVO XC40,17
2025,6,HYUNDAI BAYON,15
2025,6,FORD MUSTANG MACH-E,14
2025,6,MERCEDES-BENZ GLA-CLASS,14
2025,6,MERCEDES-BENZ GLE-CLASS,14
2025,6,OPEL ASTRA,14
2025,6,OPEL FRONTERA,14
2025,6,RENAULT SYMBIOZ,14
2025,6,BMW I5,13
2025,6,KIA SORENTO,13
2025,6,LEXUS LBX,13
2025,6,MERCEDES-BENZ CLA-CLASS,13
2025,6,PEUGEOT 3008,13
2025,6,RENAULT SCENIC,13
2025,6,SMART 3,13
2025,6,BMW X5,12
2025,6,CITROEN C5,12
2025,6,DACIA BIGSTER,12
2025,6,MERCEDES-BENZ VITO,12
2025,6,BMW IX2,11
2025,6,FORD TOURNEO CONNECT,11
2025,6,FORD TRANSIT CUSTOM,11
2025,6,HYUNDAI TUCSON,11
2025,6,MAZDA CX-30,11
2025,6,MAZDA CX-60,11
2025,6,DACIA JOGGER,10
2025,6,MG 3,10
2025,6,MG ZS,10
2025,6,NISSAN ARIYA,10
2025,6,OPEL GRANDLAND,10
2025,6,PORSCHE CAYENNE,10
2025,6,SUBARU OUTBACK,10
2025,6,TOYOTA BZ4X,10
2025,6,VOLKSWAGEN MULTIVAN,10
2025,6,CUPRA TERRAMAR,9
2025,6,LAND ROVER RANGE ROVER SPORT,9
2025,6,MINI COOPER,9
2025,6,PEUGEOT 2008,9
2025,6,PEUGEOT 308,9
2025,6,PEUGEOT 5008,9
2025,6,SKODA KAROQ,9
2025,6,TOYOTA PROACE,9
2025,6,FIAT 600,8
2025,6,KIA EV9,8
2025,6,SKODA SCALA,8
2025,6,SUZUKI SWIFT,8
2025,6,VOLVO S60,8
2025,6,AUDI Q8,7
2025,6,BYD ATTO,7
2025,6,FORD TRANSIT,7
2025,6,HYUNDAI I10,7
2025,6,LEXUS NX450H+,7
2025,6,MAZDA 3,7
2025,6,MAZDA CX-80,7
2025,6,SMART 1,7
2025,6,AUDI SQ6,6
2025,6,CITROEN C3,6
2025,6,DACIA SANDERO,6
2025,6,KIA SOUL,6
2025,6,MERCEDES-BENZ CLE,6
2025,6,MINI COUNTRYMAN,6
2025,6,SUZUKI VITARA,6
2025,6,AUDI Q7,5
2025,6,AUDI S6,5
2025,6,BYD SEAL,5
2025,6,HONDA CR-V,5
2025,6,HYUNDAI SANTA FE,5
2025,6,KIA PROCEED,5
2025,6,KIA RIO,5
2025,6,LAND ROVER RANGE ROVER,5
2025,6,MG HS,5
2025,6,MINI ACEMAN,5
2025,6,SUBARU FORESTER,5
2025,6,SUZUKI S-CROSS,5
2025,6,VOLVO C40,5
2025,6,XPENG G9,5
2025,6,AUDI Q5,4
2025,6,CUPRA BORN,4
2025,6,CUPRA FORMENTOR,4
2025,6,HONDA HR-V,4
2025,6,LAND ROVER DEFENDER,4
2025,6,MERCEDES-BENZ G-CLASS,4
2025,6,NISSAN X-TRAIL,4
2025,6,RENAULT RAFALE,4
2025,6,VOLKSWAGEN CRAFTER,4
2025,6,XPENG G6,4
2025,6,ALFA ROMEO TONALE,3
2025,6,BMW 2 SERIES,3
2025,6,CUPRA LEON,3
2025,6,FERRARI 296,3
2025,6,FORD TOURNEO COURIER,3
2025,6,HONDA CIVIC,3
2025,6,HONDA ZR-V,3
2025,6,JEEP AVENGER,3
2025,6,MERCEDES-BENZ EQS,3
2025,6,MERCEDES-BENZ GLS-CLASS,3
2025,6,SUBARU SOLTERRA,3
2025,6,TESLA MOTORS MODEL X,3
2025,6,TOYOTA LAND CRUISER,3
2025,6,AUDI S5,2
2025,6,BMW IX3,2
2025,6,BMW M5,2
2025,6,CITROEN BERLINGO,2
2025,6,LAND ROVER DISCOVERY SPORT,2
2025,6,LAND ROVER RANGE ROVER VELAR,2
2025,6,LEXUS ES300H,2
2025,6,MAN TGE,2
2025,6,MERCEDES-BENZ S-CLASS,2
2025,6,OPEL CORSA,2
2025,6,OPEL MOKKA,2
2025,6,PORSCHE 911,2
2025,6,PORSCHE PANAMERA,2
2025,6,RENAULT ESPACE,2
2025,6,SMART #5,2
2025,6,SUBARU CROSSTREK,2
2025,6,SUZUKI SWACE,2
2025,6,TESLA MOTORS MODEL S,2
2025,6,VOLKSWAGEN TAYRON,2
2025,6,ALFA ROMEO JUNIOR,1
2025,6,AUDI S3,1
2025,6,BENTLEY CONTINENTAL,1
2025,6,BENTLEY FLYING,1
2025,6,BMW 550E,1
2025,6,BMW M3,1
2025,6,BYD SEALION,1
2025,6,DS 7,1
2025,6,DS 9,1
2025,6,FIAT 500,1
2025,6,FORD MUSTANG,1
2025,6,HONDA JAZZ,1
2025,6,JEEP COMPASS,1
2025,6,JEEP WRANGLER,1
2025,6,LAMBORGHINI URUS,1
2025,6,LAND ROVER RANGE ROVER EVOQUE,1
2025,6,LEXUS RX450H+,1
2025,6,LEXUS RZ300E,1
2025,6,LEXUS RZ450E,1
2025,6,LEXUS UX300H,1
2025,6,MAZDA CX-5,1
2025,6,MAZDA MX-5,1
2025,6,MERCEDES-BENZ EVITO,1
2025,6,MERCEDES-BENZ V-CLASS,1
2025,6,MG CYBERSTER,1
2025,6,MG S5,1
2025,6,PEUGEOT 208,1
2025,6,PEUGEOT E-RIFTER,1
2025,6,PORSCHE TAYCAN,1
2025,6,RENAULT AUSTRAL,1
2025,6,RENAULT MEGANE E-TECH,1
2025,6,RENAULT TRAFIC,1
2025,6,SEAT TARRACO,1
2025,6,SUZUKI ACROSS,1
2025,6,SUZUKI IGNIS,1
2025,6,TOYOTA AYGO,1
2025,6,TOYOTA MIRAI,1
2025,6,TOYOTA PRIUS PHEV,1
2025,6,VOLKSWAGEN ID.5,1
2025,6,VOLVO S90,1
2025,7,TOYOTA RAV4,209
2025,7,SKODA ENYAQ,195
2025,7,SKODA ELROQ,192
2025,7,TOYOTA COROLLA,190
2025,7,TOYOTA C-HR,170
2025,7,TOYOTA YARIS,168
2025,7,VOLVO XC60,146
2025,7,VOLKSWAGEN ID.4,143
2025,7,TOYOTA YARIS CROSS,127
2025,7,KIA CEED,108
2025,7,SKODA OCTAVIA,102
2025,7,VOLKSWAGEN ID.7,89
2025,7,VOLVO V60,89
2025,7,TESLA MOTORS MODEL Y,85
2025,7,VOLVO EX40,84
2025,7,KIA STONIC,73
2025,7,SKODA KAROQ,72
2025,7,VOLKSWAGEN TIGUAN,69
2025,7,CITROEN C4,67
2025,7,NISSAN QASHQAI,66
2025,7,AUDI Q4,61
2025,7,SKODA KODIAQ,61
2025,7,KIA EV3,57
2025,7,VOLKSWAGEN T-CROSS,53
2025,7,KIA NIRO,52
2025,7,SKODA SUPERB,50
2025,7,NISSAN JUKE,49
2025,7,FORD EXPLORER,48
2025,7,VOLKSWAGEN TAIGO,48
2025,7,VOLVO EX30,48
2025,7,BMW IX1,47
2025,7,FORD PUMA,46
2025,7,VOLKSWAGEN GOLF,46
2025,7,FORD CAPRI,42
2025,7,AUDI A3,39
2025,7,BMW I4,39
2025,7,KIA EV6,39
2025,7,DACIA DUSTER,38
2025,7,RENAULT 5,37
2025,7,VOLVO EX90,37
2025,7,MERCEDES-BENZ GLC-CLASS,36
2025,7,VOLKSWAGEN PASSAT,36
2025,7,AUDI Q6,35
2025,7,BMW X1,35
2025,7,VOLKSWAGEN T-ROC,35
2025,7,KIA XCEED,34
2025,7,FORD FOCUS,33
2025,7,FORD KUGA,33
2025,7,BMW X3,32
2025,7,VOLVO EC40,30
2025,7,BMW IX,29
2025,7,HYUNDAI KONA,29
2025,7,SKODA KAMIQ,29
2025,7,MERCEDES-BENZ EQB,28
2025,7,AUDI A6,26
2025,7,VOLKSWAGEN CADDY,25
2025,7,MERCEDES-BENZ EQA,24
2025,7,TOYOTA BZ4X,24
2025,7,PORSCHE MACAN,23
2025,7,AUDI A5,22
2025,7,DACIA BIGSTER,22
2025,7,MERCEDES-BENZ E-CLASS,22
2025,7,BMW IX2,21
2025,7,MITSUBISHI OUTLANDER,21
2025,7,SKODA FABIA,21
2025,7,TESLA MOTORS MODEL 3,21
2025,7,VOLKSWAGEN ID.3,21
2025,7,VOLVO XC90,21
2025,7,BMW 3 SERIES,20
2025,7,POLESTAR 4,20
2025,7,BMW 5 SERIES,19
2025,7,HYUNDAI I20,19
2025,7,PEUGEOT 2008,19
2025,7,BMW 1 SERIES,18
2025,7,MAZDA 3,18
2025,7,MERCEDES-BENZ SPRINTER,18
2025,7,OPEL ASTRA,18
2025,7,SMART 3,18
2025,7,VOLKSWAGEN ID.,18
2025,7,MERCEDES-BENZ GLA-CLASS,17
2025,7,CUPRA BORN,16
2025,7,HYUNDAI INSTER,16
2025,7,NISSAN ARIYA,16
2025,7,SKODA SCALA,16
2025,7,DACIA SANDERO,15
2025,7,MG 4,15
2025,7,CUPRA TAVASCAN,14
2025,7,KIA PICANTO,14
2025,7,POLESTAR 2,14
2025,7,SMART #5,14
2025,7,VOLVO V90,14
2025,7,BMW X5,13
2025,7,BYD SEALION,13
2025,7,KIA SORENTO,13
2025,7,MG S5,13
2025,7,MINI COOPER,13
2025,7,HYUNDAI BAYON,12
2025,7,MAZDA CX-60,12
2025,7,MERCEDES-BENZ EQE,12
2025,7,RENAULT SYMBIOZ,12
2025,7,TOYOTA AYGO,12
2025,7,FORD TOURNEO CUSTOM,11
2025,7,HYUNDAI IONIQ5,11
2025,7,OPEL GRANDLAND,11
2025,7,SUBARU OUTBACK,11
2025,7,SUBARU SOLTERRA,11
2025,7,KIA SPORTAGE,10
2025,7,LEXUS NX450H+,10
2025,7,MERCEDES-BENZ C-CLASS,10
2025,7,MERCEDES-BENZ CLA-CLASS,10
2025,7,RENAULT CLIO,10
2025,7,SUZUKI VITARA,10
2025,7,VOLVO XC40,10
2025,7,BMW I5,9
2025,7,FORD TOURNEO CONNECT,9
2025,7,FORD TRANSIT CUSTOM,9
2025,7,HYUNDAI IONIQ6,9
2025,7,MITSUBISHI ECLIPSE,9
2025,7,PEUGEOT 3008,9
2025,7,BYD ATTO,8
2025,7,BYD SEAL,8
2025,7,HYUNDAI I30,8
2025,7,HYUNDAI TUCSON,8
2025,7,KIA EV9,8
2025,7,MAZDA 2,8
2025,7,MINI ACEMAN,8
2025,7,MINI COUNTRYMAN,8
2025,7,TOYOTA PROACE,8
2025,7,CITROEN C3,7
2025,7,CITROEN E-C3,7
2025,7,CUPRA TERRAMAR,7
2025,7,DACIA JOGGER,7
2025,7,LEXUS LBX,7
2025,7,MAN TGE,7
2025,7,MAZDA CX-30,7
2025,7,MAZDA CX-80,7
2025,7,MERCEDES-BENZ GLE-CLASS,7
2025,7,OPEL CORSA,7
2025,7,OPEL FRONTERA,7
2025,7,RENAULT SCENIC,7
2025,7,BMW M5,6
2025,7,FORD TOURNEO COURIER,6
2025,7,LAND ROVER RANGE ROVER SPORT,6
2025,7,MG ZS,6
2025,7,POLESTAR 3,6
2025,7,PORSCHE CAYENNE,6
2025,7,SUZUKI S-CROSS,6
2025,7,CITROEN C5,5
2025,7,HONDA CR-V,5
2025,7,KIA RIO,5
2025,7,LAMBORGHINI URUS,5
2025,7,LAND ROVER DEFENDER,5
2025,7,LEXUS RZ300E,5
2025,7,MITSUBISHI ASX,5
2025,7,PEUGEOT 5008,5
2025,7,SEAT LEON,5
2025,7,SUBARU FORESTER,5
2025,7,AUDI Q8,4
2025,7,AUDI SQ6,4
2025,7,FIAT 600,4
2025,7,HONDA ZR-V,4
2025,7,KIA PROCEED,4
2025,7,PORSCHE PANAMERA,4
2025,7,SERES 3,4
2025,7,SUZUKI SWIFT,4
2025,7,VOLKSWAGEN MULTIVAN,4
2025,7,VOLVO S60,4
2025,7,AUDI Q7,3
2025,7,BENTLEY CONTINENTAL,3
2025,7,BYD DOLPHIN,3
2025,7,FORD TRANSIT,3
2025,7,HONDA JAZZ,3
2025,7,HYUNDAI I10,3
2025,7,LEXUS ES300H,3
2025,7,MAXUS EUNIQ,3
2025,7,MG 3,3
2025,7,MG HS,3
2025,7,MITSUBISHI COLT,3
2025,7,NISSAN X-TRAIL,3
2025,7,PEUGEOT 208,3
2025,7,PEUGEOT 308,3
2025,7,PEUGEOT 408,3
2025,7,SERES 5,3
2025,7,TOYOTA MIRAI,3
2025,7,VOLKSWAGEN CRAFTER,3
2025,7,AUDI Q5,2
2025,7,AUDI S6,2
2025,7,BMW 2 SERIES,2
2025,7,BMW IX3,2
2025,7,CUPRA FORMENTOR,2
2025,7,CUPRA LEON,2
2025,7,HONDA CIVIC,2
2025,7,LAND ROVER DISCOVERY SPORT,2
2025,7,LAND ROVER RANGE ROVER,2
2025,7,LEXUS RX450H+,2
2025,7,LEXUS RZ450E,2
2025,7,MERCEDES-BENZ G-CLASS,2
2025,7,MERCEDES-BENZ VITO,2
2025,7,MG CYBERSTER,2
2025,7,MINI JCW,2
2025,7,PEUGEOT E-RIFTER,2
2025,7,PORSCHE 911,2
2025,7,PORSCHE TAYCAN,2
2025,7,RENAULT CAPTUR,2
2025,7,RENAULT MEGANE E-TECH,2
2025,7,RENAULT RAFALE,2
2025,7,TOYOTA LAND CRUISER,2
2025,7,VOLVO C40,2
2025,7,XPENG G6,2
2025,7,XPENG G9,2
2025,7,ALFA ROMEO JUNIOR,1
2025,7,ALFA ROMEO TONALE,1
2025,7,AUDI A8,1
2025,7,AUDI S3,1
2025,7,AUDI S5,1
2025,7,BMW M1,1
2025,7,BMW X7,1
2025,7,BMW XM,1
2025,7,DS 4,1
2025,7,FERRARI 296,1
2025,7,FERRARI SF90,1
2025,7,FIAT DUCATO,1
2025,7,FORD MUSTANG,1
2025,7,FORD MUSTANG MACH-E,1
2025,7,HONDA HR-V,1
2025,7,HYUNDAI SANTA FE,1
2025,7,JEEP AVENGER,1
2025,7,JEEP GRAND CHEROKEE,1
2025,7,LAND ROVER RANGE ROVER EVOQUE,1
2025,7,LAND ROVER RANGE ROVER VELAR,1
2025,7,MASERATI GRECALE,1
2025,7,MAZDA MX-5,1
2025,7,MERCEDES-AMG AMG,1
2025,7,MERCEDES-BENZ CLE,1
2025,7,MERCEDES-BENZ GLS-CLASS,1
2025,7,MERCEDES-BENZ T-CLASS,1
2025,7,MERCEDES-BENZ V-CLASS,1
2025,7,PEUGEOT 508,1
2025,7,RENAULT AUSTRAL,1
2025,7,RENAULT ESPACE,1
2025,7,SEAT ARONA,1
2025,7,SEAT TARRACO,1
2025,7,SUBARU CROSSTREK,1
2025,7,SUZUKI IGNIS,1
2025,7,TOYOTA GR,1
2025,7,TOYOTA PRIUS PHEV,1
2025,7,VOLKSWAGEN TRANSPORTER,1
2025,8,TOYOTA RAV4,241
2025,8,TOYOTA YARIS CROSS,205
2025,8,VOLKSWAGEN ID.4,153
2025,8,TOYOTA COROLLA,141
2025,8,SKODA ELROQ,135
2025,8,TOYOTA YARIS,130
2025,8,TOYOTA C-HR,122
2025,8,KIA CEED,115
2025,8,VOLVO XC60,113
2025,8,SKODA ENYAQ,109
2025,8,VOLKSWAGEN ID.7,105
2025,8,TESLA MOTORS MODEL Y,96
2025,8,NISSAN QASHQAI,87
2025,8,BMW X1,82
2025,8,KIA EV3,82
2025,8,VOLVO V60,72
2025,8,SKODA KODIAQ,69
2025,8,KIA STONIC,67
2025,8,SKODA OCTAVIA,65
2025,8,BMW I4,63
2025,8,BMW IX1,60
2025,8,VOLKSWAGEN TIGUAN,59
2025,8,AUDI Q4,56
2025,8,VOLVO EX40,54
2025,8,AUDI Q6,53
2025,8,KIA NIRO,51
2025,8,FORD EXPLORER,49
2025,8,FORD CAPRI,48
2025,8,NISSAN JUKE,48
2025,8,HYUNDAI INSTER,44
2025,8,VOLKSWAGEN GOLF,44
2025,8,VOLKSWAGEN T-CROSS,43
2025,8,MITSUBISHI ECLIPSE,41
2025,8,SKODA FABIA,40
2025,8,POLESTAR 4,39
2025,8,SKODA KAMIQ,39
2025,8,SKODA SUPERB,39
2025,8,AUDI A6,38
2025,8,MERCEDES-BENZ EQA,38
2025,8,OPEL ASTRA,38
2025,8,TOYOTA PROACE,38
2025,8,FORD FOCUS,36
2025,8,TESLA MOTORS MODEL 3,36
2025,8,HYUNDAI KONA,35
2025,8,VOLVO EX30,35
2025,8,MERCEDES-BENZ GLC-CLASS,33
2025,8,DACIA BIGSTER,32
2025,8,FORD PUMA,31
2025,8,KIA EV6,31
2025,8,POLESTAR 2,30
2025,8,BMW X3,28
2025,8,FORD KUGA,28
2025,8,MERCEDES-BENZ EQB,28
2025,8,VOLVO EX90,28
2025,8,SKODA SCALA,27
2025,8,VOLVO EC40,27
2025,8,AUDI A3,26
2025,8,DACIA DUSTER,26
2025,8,KIA SPORTAGE,25
2025,8,MITSUBISHI OUTLANDER,24
2025,8,BYD SEAL,23
2025,8,BYD SEALION,23
2025,8,HYUNDAI IONIQ5,23
2025,8,KIA XCEED,23
2025,8,MERCEDES-BENZ C-CLASS,23
2025,8,SKODA KAROQ,23
2025,8,MERCEDES-BENZ CLA-CLASS,22
2025,8,MINI COOPER,22
2025,8,PORSCHE MACAN,22
2025,8,VOLVO XC90,22
2025,8,BMW 5 SERIES,21
2025,8,RENAULT 5,21
2025,8,SUZUKI VITARA,21
2025,8,VOLKSWAGEN TAIGO,21
2025,8,BMW 3 SERIES,20
2025,8,BMW IX2,20
2025,8,MINI ACEMAN,20
2025,8,VOLKSWAGEN PASSAT,20
2025,8,VOLKSWAGEN T-ROC,20
2025,8,BMW X5,19
2025,8,FORD TOURNEO CUSTOM,19
2025,8,KIA EV9,19
2025,8,KIA PICANTO,19
2025,8,AUDI A5,18
2025,8,HYUNDAI I20,18
2025,8,TOYOTA BZ4X,18
2025,8,BMW IX,17
2025,8,HYUNDAI I30,17
2025,8,VOLKSWAGEN CADDY,17
2025,8,VOLVO XC40,17
2025,8,MAZDA CX-60,16
2025,8,MERCEDES-BENZ E-CLASS,16
2025,8,CITROEN C3,15
2025,8,PEUGEOT 3008,15
2025,8,SMART #5,15
2025,8,DACIA SANDERO,14
2025,8,MG S5,14
2025,8,NISSAN ARIYA,14
2025,8,OPEL FRONTERA,14
2025,8,RENAULT SCENIC,14
2025,8,LAND ROVER RANGE ROVER SPORT,13
2025,8,MERCEDES-BENZ EQE,13
2025,8,MERCEDES-BENZ GLA-CLASS,13
2025,8,SUZUKI S-CROSS,13
2025,8,MERCEDES-BENZ SPRINTER,12
2025,8,MG ZS,12
2025,8,RENAULT SYMBIOZ,12
2025,8,VOLKSWAGEN ID.3,12
2025,8,VOLVO V90,12
2025,8,SMART 3,11
2025,8,VOLKSWAGEN ID.,11
2025,8,KIA SORENTO,10
2025,8,LEXUS LBX,10
2025,8,MAZDA 2,10
2025,8,MAZDA CX-30,10
2025,8,MERCEDES-BENZ GLE-CLASS,10
2025,8,BYD DOLPHIN,9
2025,8,BYD TANG,9
2025,8,CITROEN E-C3,9
2025,8,CUPRA TAVASCAN,9
2025,8,HONDA CR-V,9
2025,8,HYUNDAI BAYON,9
2025,8,MAZDA 3,9
2025,8,SUBARU SOLTERRA,9
2025,8,DACIA JOGGER,8
2025,8,HYUNDAI IONIQ6,8
2025,8,HYUNDAI TUCSON,8
2025,8,LAND ROVER DEFENDER,8
2025,8,LEXUS NX450H+,8
2025,8,RENAULT CLIO,8
2025,8,BMW 1 SERIES,7
2025,8,BMW I5,7
2025,8,CUPRA TERRAMAR,7
2025,8,FORD TOURNEO CONNECT,7
2025,8,MAN TGE,7
2025,8,PEUGEOT 2008,7
2025,8,PEUGEOT 308,7
2025,8,SUBARU OUTBACK,7
2025,8,VOLKSWAGEN MULTIVAN,7
2025,8,AUDI Q7,6
2025,8,MG 4,6
2025,8,PORSCHE CAYENNE,6
2025,8,TOYOTA AYGO,6
2025,8,CUPRA BORN,5
2025,8,FORD TOURNEO COURIER,5
2025,8,MERCEDES-BENZ VITO,5
2025,8,MINI COUNTRYMAN,5
2025,8,MITSUBISHI ASX,5
2025,8,NISSAN X-TRAIL,5
2025,8,PEUGEOT 5008,5
2025,8,AUDI Q8,4
2025,8,CUPRA LEON,4
2025,8,FORD TRANSIT,4
2025,8,HYUNDAI SANTA FE,4
2025,8,JEEP AVENGER,4
2025,8,JEEP GRAND CHEROKEE,4
2025,8,KIA PROCEED,4
2025,8,KIA RIO,4
2025,8,LAND ROVER RANGE ROVER VELAR,4
2025,8,MG 3,4
2025,8,SEAT LEON,4
2025,8,AUDI Q5,3
2025,8,BMW M5,3
2025,8,BYD ATTO,3
2025,8,CITROEN C5,3
2025,8,CUPRA FORMENTOR,3
2025,8,FORD MUSTANG MACH-E,3
2025,8,HONDA CIVIC,3
2025,8,LAND ROVER RANGE ROVER,3
2025,8,LEXUS ES300H,3
2025,8,MERCEDES-BENZ V-CLASS,3
2025,8,MITSUBISHI COLT,3
2025,8,POLESTAR 3,3
2025,8,RENAULT CAPTUR,3
2025,8,SMART 1,3
2025,8,SUBARU FORESTER,3
2025,8,SUZUKI SWIFT,3
2025,8,VOLKSWAGEN CRAFTER,3
2025,8,VOLVO S60,3
2025,8,AUDI SQ6,2
2025,8,BMW X7,2
2025,8,FORD TRANSIT CUSTOM,2
2025,8,HONDA HR-V,2
2025,8,LAMBORGHINI URUS,2
2025,8,LEXUS RZ300E,2
2025,8,LEXUS UX300H,2
2025,8,MAZDA CX-80,2
2025,8,MAZDA MX-5,2
2025,8,MERCEDES-BENZ A-CLASS,2
2025,8,OPEL CORSA,2
2025,8,OPEL GRANDLAND,2
2025,8,PEUGEOT 408,2
2025,8,PORSCHE 911,2
2025,8,RENAULT ESPACE,2
2025,8,SEAT TARRACO,2
2025,8,TOYOTA GR,2
2025,8,VOLKSWAGEN ID.5,2
2025,8,XPENG G6,2
2025,8,ALFA ROMEO JUNIOR,1
2025,8,AUDI S5,1
2025,8,BENTLEY CONTINENTAL,1
2025,8,BENTLEY FLYING,1
2025,8,BMW 2 SERIES,1
2025,8,BMW 550E,1
2025,8,BMW Z4,1
2025,8,CITROEN E-BERLINGO,1
2025,8,DS 4,1
2025,8,FIAT 600,1
2025,8,FORD MUSTANG,1
2025,8,HONDA JAZZ,1
2025,8,HONDA ZR-V,1
2025,8,LAND ROVER DISCOVERY SPORT,1
2025,8,LEXUS RX450H+,1
2025,8,MAXUS EUNIQ,1
2025,8,MERCEDES-BENZ CLE,1
2025,8,MERCEDES-BENZ EQS,1
2025,8,MERCEDES-BENZ S-CLASS,1
2025,8,MERCEDES-BENZ OTHERS,1
2025,8,MG CYBERSTER,1
2025,8,MG HS,1
2025,8,MINI JCW,1
2025,8,PEUGEOT 208,1
2025,8,PORSCHE TAYCAN,1
2025,8,RENAULT AUSTRAL,1
2025,8,RENAULT MASTER,1
2025,8,RENAULT MEGANE E-TECH,1
2025,8,RENAULT RAFALE,1
2025,8,SEAT ARONA,1
2025,8,SUBARU CROSSTREK,1
2025,8,SUZUKI SWACE,1
2025,8,TOYOTA LAND CRUISER,1
2025,8,VOLKSWAGEN CALIFORNIA,1
2025,8,VOLKSWAGEN TRANSPORTER,1
2025,9,TESLA MOTORS MODEL Y,513
2025,9,TOYOTA YARIS,335
2025,9,TOYOTA COROLLA,176
2025,9,TOYOTA RAV4,172
2025,9,SKODA ELROQ,151
2025,9,NISSAN QASHQAI,148
2025,9,VOLKSWAGEN ID.4,125
2025,9,TOYOTA YARIS CROSS,116
2025,9,VOLVO XC60,112
2025,9,VOLKSWAGEN ID.7,110
2025,9,SKODA ENYAQ,109
2025,9,KIA CEED,105
2025,9,KIA EV3,104
2025,9,TOYOTA C-HR,104
2025,9,TESLA MOTORS MODEL 3,95
2025,9,MERCEDES-BENZ CLA-CLASS,83
2025,9,VOLVO EX40,78
2025,9,KIA STONIC,68
2025,9,BMW I4,64
2025,9,POLESTAR 2,64
2025,9,FORD EXPLORER,63
2025,9,POLESTAR 4,63
2025,9,BMW X1,59
2025,9,VOLVO V60,58
2025,9,MERCEDES-BENZ EQB,55
2025,9,VOLKSWAGEN GOLF,53
2025,9,KIA NIRO,52
2025,9,VOLKSWAGEN TIGUAN,51
2025,9,SKODA KODIAQ,50
2025,9,AUDI Q4,47
2025,9,MERCEDES-BENZ EQA,46
2025,9,VOLVO EC40,45
2025,9,SKODA OCTAVIA,44
2025,9,SUZUKI VITARA,43
2025,9,VOLKSWAGEN CADDY,43
2025,9,VOLKSWAGEN T-CROSS,42
2025,9,NISSAN JUKE,41
2025,9,SKODA FABIA,41
2025,9,SKODA KAMIQ,41
2025,9,BYD SEAL,38
2025,9,BYD SEALION,36
2025,9,FORD CAPRI,35
2025,9,AUDI Q6,34
2025,9,BMW IX1,34
2025,9,FORD PUMA,33
2025,9,HYUNDAI KONA,31
2025,9,KIA PICANTO,31
2025,9,MERCEDES-BENZ C-CLASS,31
2025,9,VOLVO XC40,31
2025,9,MERCEDES-BENZ GLC-CLASS,30
2025,9,BMW 3 SERIES,29
2025,9,SKODA SCALA,29
2025,9,SKODA SUPERB,29
2025,9,SMART #5,29
2025,9,VOLVO EX30,29
2025,9,AUDI A6,28
2025,9,MERCEDES-BENZ SPRINTER,28
2025,9,AUDI Q5,27
2025,9,DACIA DUSTER,27
2025,9,DACIA SANDERO,27
2025,9,BMW X3,26
2025,9,FORD TOURNEO CUSTOM,25
2025,9,KIA EV6,25
2025,9,DACIA BIGSTER,24
2025,9,MERCEDES-BENZ E-CLASS,24
2025,9,FORD FOCUS,23
2025,9,AUDI A3,22
2025,9,BMW X5,22
2025,9,JEEP GRAND CHEROKEE,22
2025,9,MITSUBISHI OUTLANDER,22
2025,9,VOLVO EX90,22
2025,9,BMW I5,21
2025,9,HYUNDAI INSTER,21
2025,9,PORSCHE MACAN,21
2025,9,VOLKSWAGEN ID.3,21
2025,9,FORD KUGA,20
2025,9,SKODA KAROQ,20
2025,9,LEXUS LBX,19
2025,9,RENAULT 5,19
2025,9,VOLKSWAGEN T-ROC,19
2025,9,VOLKSWAGEN TAIGO,19
2025,9,MAZDA 6E,18
2025,9,BMW 5 SERIES,17
2025,9,HYUNDAI I20,17
2025,9,HYUNDAI IONIQ5,17
2025,9,OPEL FRONTERA,17
2025,9,RENAULT SYMBIOZ,17
2025,9,BMW IX,16
2025,9,LAND ROVER DEFENDER,16
2025,9,LEXUS NX450H+,16
2025,9,MAZDA 2,16
2025,9,MAZDA 3,16
2025,9,VOLKSWAGEN ID.,16
2025,9,CUPRA TAVASCAN,15
2025,9,MINI COOPER,15
2025,9,SUZUKI S-CROSS,15
2025,9,VOLKSWAGEN PASSAT,15
2025,9,FORD MUSTANG MACH-E,14
2025,9,HYUNDAI I30,14
2025,9,MERCEDES-BENZ EQE,14
2025,9,MERCEDES-BENZ GLA-CLASS,14
2025,9,MG 4,14
2025,9,RENAULT SCENIC,14
2025,9,SUZUKI SWIFT,14
2025,9,CITROEN E-C3,13
2025,9,KIA EV9,13
2025,9,MAZDA CX-30,13
2025,9,PEUGEOT 2008,13
2025,9,SUBARU OUTBACK,13
2025,9,VOLVO V90,13
2025,9,VOLVO XC90,13
2025,9,AUDI A5,12
2025,9,FORD TOURNEO CONNECT,12
2025,9,HYUNDAI BAYON,12
2025,9,LAND ROVER RANGE ROVER SPORT,12
2025,9,MAN TGE,12
2025,9,SUBARU FORESTER,12
2025,9,BMW IX2,11
2025,9,BYD TANG,11
2025,9,CUPRA BORN,11
2025,9,MG 3,11
2025,9,NISSAN ARIYA,11
2025,9,SMART 3,11
2025,9,KIA SPORTAGE,10
2025,9,MITSUBISHI ASX,10
2025,9,PEUGEOT 3008,10
2025,9,BYD DOLPHIN,9
2025,9,CUPRA TERRAMAR,9
2025,9,DACIA JOGGER,9
2025,9,MAZDA CX-60,9
2025,9,NISSAN X-TRAIL,9
2025,9,PEUGEOT 408,9
2025,9,RENAULT CLIO,9
2025,9,DS 4,8
2025,9,GAC AION V,8
2025,9,HONDA CIVIC,8
2025,9,MG HS,8
2025,9,MG S5,8
2025,9,MG ZS,8
2025,9,MINI ACEMAN,8
2025,9,SUBARU SOLTERRA,8
2025,9,TOYOTA PROACE,8
2025,9,KIA XCEED,7
2025,9,LAND ROVER RANGE ROVER,7
2025,9,MERCEDES-BENZ GLE-CLASS,7
2025,9,MINI COUNTRYMAN,7
2025,9,MITSUBISHI COLT,7
2025,9,MITSUBISHI ECLIPSE,7
2025,9,VOLKSWAGEN MULTIVAN,7
2025,9,ALFA ROMEO JUNIOR,6
2025,9,POLESTAR 3,6
2025,9,VOLVO S60,6
2025,9,XPENG G9,6
2025,9,BMW 2 SERIES,5
2025,9,BYD ATTO,5
2025,9,CITROEN C5,5
2025,9,HYUNDAI TUCSON,5
2025,9,KIA SORENTO,5
2025,9,LEXUS ES300H,5
2025,9,MERCEDES-BENZ VITO,5
2025,9,OPEL ASTRA,5
2025,9,SEAT LEON,5
2025,9,AUDI Q7,4
2025,9,AUDI Q8,4
2025,9,BMW 1 SERIES,4
2025,9,CITROEN C4,4
2025,9,DS 7,4
2025,9,FORD TOURNEO COURIER,4
2025,9,FORD TRANSIT,4
2025,9,JEEP AVENGER,4
2025,9,KIA PROCEED,4
2025,9,MAZDA CX-80,4
2025,9,MERCEDES-BENZ G-CLASS,4
2025,9,OPEL GRANDLAND,4
2025,9,PEUGEOT 308,4
2025,9,PORSCHE TAYCAN,4
2025,9,RENAULT 4,4
2025,9,TOYOTA BZ4X,4
2025,9,TOYOTA GR,4
2025,9,CITROEN C3,3
2025,9,CUPRA FORMENTOR,3
2025,9,HONDA CR-V,3
2025,9,HONDA HR-V,3
2025,9,HYUNDAI SANTA FE,3
2025,9,LEXUS UX300H,3
2025,9,MERCEDES-BENZ CLE,3
2025,9,TOYOTA AYGO,3
2025,9,CUPRA LEON,2
2025,9,FIAT 600,2
2025,9,HYUNDAI IONIQ,2
2025,9,KIA EV4,2
2025,9,LAND ROVER DISCOVERY SPORT,2
2025,9,LAND ROVER RANGE ROVER VELAR,2
2025,9,LEXUS RZ450E,2
2025,9,MERCEDES-BENZ ESPRINTER,2
2025,9,PEUGEOT 5008,2
2025,9,PORSCHE CAYENNE,2
2025,9,RENAULT CAPTUR,2
2025,9,SEAT ARONA,2
2025,9,SMART 1,2
2025,9,TOYOTA LAND CRUISER,2
2025,9,VOLKSWAGEN CRAFTER,2
2025,9,XPENG G6,2
2025,9,ALFA ROMEO TONALE,1
2025,9,AUDI A7,1
2025,9,AUDI A8,1
2025,9,AUDI S,1
2025,9,AUDI SQ6,1
2025,9,BMW I7,1
2025,9,BMW M5,1
2025,9,BMW Z4,1
2025,9,CITROEN E-C4,1
2025,9,FERRARI SF90,1
2025,9,FORD MUSTANG,1
2025,9,FORD TRANSIT CUSTOM,1
2025,9,HONDA JAZZ,1
2025,9,LAMBORGHINI URUS,1
2025,9,MAZDA MX-5,1
2025,9,MERCEDES-BENZ A-CLASS,1
2025,9,MERCEDES-BENZ EQS,1
2025,9,MERCEDES-BENZ EVITO,1
2025,9,NISSAN PRIMASTAR,1
2025,9,RENAULT AUSTRAL,1
2025,9,RENAULT RAFALE,1
2025,9,SUZUKI IGNIS,1
2025,9,VOLKSWAGEN ID.5,1
2025,9,VOLKSWAGEN TRANSPORTER,1
2025,9,VOLVO C40,1
2025,9,VOLVO S90,1
2025,10,TOYOTA YARIS CROSS,463
2025,10,TOYOTA COROLLA,262
2025,10,TOYOTA YARIS,247
2025,10,VOLVO XC60,207
2025,10,TOYOTA C-HR,196
2025,10,VOLKSWAGEN ID.4,170
2025,10,SKODA ENYAQ,155
2025,10,TOYOTA RAV4,145
2025,10,SKODA ELROQ,142
2025,10,KIA CEED,124
2025,10,KIA EV3,111
2025,10,SKODA OCTAVIA,109
2025,10,VOLKSWAGEN ID.7,108
2025,10,VOLVO EX40,99
2025,10,MERCEDES-BENZ CLA-CLASS,83
2025,10,BMW X1,78
2025,10,KIA STONIC,76
2025,10,BMW I4,74
2025,10,SKODA KAMIQ,69
2025,10,NISSAN QASHQAI,67
2025,10,VOLKSWAGEN TIGUAN,66
2025,10,VOLKSWAGEN CADDY,62
2025,10,VOLVO EX30,61
2025,10,AUDI Q4,60
2025,10,POLESTAR 4,59
2025,10,VOLVO V60,58
2025,10,MERCEDES-BENZ GLC-CLASS,56
2025,10,SUZUKI VITARA,55
2025,10,AUDI A6,54
2025,10,SKODA KODIAQ,53
2025,10,VOLKSWAGEN GOLF,52
2025,10,AUDI Q6,50
2025,10,RENAULT 5,50
2025,10,FORD EXPLORER,46
2025,10,POLESTAR 2,45
2025,10,BYD SEAL,44
2025,10,CITROEN C4,44
2025,10,DACIA BIGSTER,43
2025,10,FORD CAPRI,43
2025,10,SKODA SUPERB,42
2025,10,KIA NIRO,41
2025,10,VOLKSWAGEN T-CROSS,41
2025,10,MERCEDES-BENZ SPRINTER,39
2025,10,SMART #5,37
2025,10,TESLA MOTORS MODEL Y,37
2025,10,MERCEDES-BENZ EQA,34
2025,10,BYD SEALION,33
2025,10,AUDI A3,32
2025,10,VOLVO XC90,32
2025,10,HYUNDAI KONA,31
2025,10,KIA EV4,31
2025,10,KIA PICANTO,31
2025,10,MITSUBISHI OUTLANDER,31
2025,10,RENAULT SYMBIOZ,31
2025,10,SKODA FABIA,31
2025,10,VOLKSWAGEN PASSAT,30
2025,10,FORD PUMA,29
2025,10,MERCEDES-BENZ EQB,29
2025,10,BMW 5 SERIES,28
2025,10,CITROEN E-C3,28
2025,10,FORD FOCUS,28
2025,10,LEXUS LBX,28
2025,10,SKODA SCALA,28
2025,10,VOLVO EC40,28
2025,10,KIA EV6,27
2025,10,PEUGEOT 3008,26
2025,10,BMW IX1,24
2025,10,RENAULT 4,24
2025,10,BMW 3 SERIES,23
2025,10,FORD KUGA,22
2025,10,VOLKSWAGEN ID.3,22
2025,10,BMW IX,21
2025,10,FORD TOURNEO CUSTOM,21
2025,10,SKODA KAROQ,21
2025,10,VOLKSWAGEN ID.,21
2025,10,CUPRA TAVASCAN,20
2025,10,KIA XCEED,20
2025,10,NISSAN JUKE,20
2025,10,VOLVO EX90,20
2025,10,AUDI A5,19
2025,10,KIA SPORTAGE,19
2025,10,SUBARU OUTBACK,19
2025,10,DACIA SANDERO,18
2025,10,MERCEDES-BENZ E-CLASS,18
2025,10,VOLVO XC40,18
2025,10,BYD TANG,17
2025,10,MAZDA CX-30,17
2025,10,MINI COOPER,17
2025,10,PEUGEOT 2008,17
2025,10,BYD DOLPHIN,16
2025,10,HYUNDAI INSTER,16
2025,10,MERCEDES-BENZ VITO,16
2025,10,MG 4,16
2025,10,AUDI Q5,15
2025,10,DACIA DUSTER,15
2025,10,FORD MUSTANG MACH-E,15
2025,10,TOYOTA PROACE,15
2025,10,BMW 1 SERIES,14
2025,10,BMW X3,14
2025,10,HYUNDAI I30,14
2025,10,VOLVO V90,14
2025,10,HYUNDAI I20,13
2025,10,BMW I5,12
2025,10,MERCEDES-BENZ EQE,12
2025,10,PORSCHE MACAN,12
2025,10,RENAULT SCENIC,12
2025,10,SEAT LEON,12
2025,10,VOLKSWAGEN T-ROC,12
2025,10,DACIA JOGGER,11
2025,10,HYUNDAI BAYON,11
2025,10,MERCEDES-BENZ C-CLASS,11
2025,10,NISSAN ARIYA,11
2025,10,BMW IX2,10
2025,10,BMW X5,10
2025,10,FORD TOURNEO CONNECT,10
2025,10,MERCEDES-BENZ GLA-CLASS,10
2025,10,MINI ACEMAN,10
2025,10,OPEL FRONTERA,10
2025,10,TESLA MOTORS MODEL 3,10
2025,10,VOLKSWAGEN MULTIVAN,10
2025,10,KIA SORENTO,9
2025,10,MAZDA 6E,9
2025,10,MG S5,9
2025,10,SMART 3,9
2025,10,SUZUKI S-CROSS,9
2025,10,VOLKSWAGEN TAIGO,9
2025,10,CUPRA TERRAMAR,8
2025,10,MAZDA 3,8
2025,10,MG ZS,8
2025,10,PEUGEOT 308,8
2025,10,FORD TRANSIT,7
2025,10,LAND ROVER RANGE ROVER SPORT,7
2025,10,MAZDA 2,7
2025,10,MAZDA CX-60,7
2025,10,MG HS,7
2025,10,OPEL GRANDLAND,7
2025,10,PEUGEOT 5008,7
2025,10,SUBARU FORESTER,7
2025,10,SUZUKI SWIFT,7
2025,10,ALFA ROMEO JUNIOR,6
2025,10,CITROEN C5,6
2025,10,FORD TOURNEO COURIER,6
2025,10,HYUNDAI IONIQ,6
2025,10,KIA EV9,6
2025,10,LEXUS NX450H+,6
2025,10,MG 3,6
2025,10,MITSUBISHI ECLIPSE,6
2025,10,SMART 1,6
2025,10,XPENG G6,6
2025,10,AUDI S6,5
2025,10,CUPRA BORN,5
2025,10,MERCEDES-BENZ EQS,5
2025,10,MINI COUNTRYMAN,5
2025,10,XPENG G9,5
2025,10,AUDI Q8,4
2025,10,BMW 2 SERIES,4
2025,10,BMW M5,4
2025,10,FIAT 600,4
2025,10,HYUNDAI IONIQ5,4
2025,10,LAMBORGHINI URUS,4
2025,10,MAZDA CX-80,4
2025,10,MERCEDES-BENZ G-CLASS,4
2025,10,MERCEDES-BENZ GLE-CLASS,4
2025,10,MITSUBISHI ASX,4
2025,10,MITSUBISHI COLT,4
2025,10,NISSAN X-TRAIL,4
2025,10,PORSCHE CAYENNE,4
2025,10,RENAULT MEGANE E-TECH,4
2025,10,TOYOTA AYGO,4
2025,10,TOYOTA BZ4X,4
2025,10,VOLKSWAGEN CRAFTER,4
2025,10,AUDI SQ6,3
2025,10,BMW 550E,3
2025,10,FORD TRANSIT CUSTOM,3
2025,10,HONDA CIVIC,3
2025,10,KIA PROCEED,3
2025,10,LAND ROVER RANGE ROVER,3
2025,10,LEXUS ES300H,3
2025,10,OPEL CORSA,3
2025,10,PORSCHE TAYCAN,3
2025,10,RENAULT CLIO,3
2025,10,AUDI Q3,2
2025,10,AUDI Q7,2
2025,10,BYD ATTO,2
2025,10,CITROEN C3,2
2025,10,CUPRA FORMENTOR,2
2025,10,CUPRA LEON,2
2025,10,HONDA CR-V,2
2025,10,HYUNDAI SANTA FE,2
2025,10,HYUNDAI TUCSON,2
2025,10,LAND ROVER DEFENDER,2
2025,10,OPEL ASTRA,2
2025,10,PEUGEOT 208,2
2025,10,PEUGEOT 408,2
2025,10,POLESTAR 3,2
2025,10,PORSCHE PANAMERA,2
2025,10,VOLVO C40,2
2025,10,AUDI A7,1
2025,10,AUDI S5,1
2025,10,BMW M4,1
2025,10,DS NO 8,1
2025,10,HONDA HR-V,1
2025,10,HONDA JAZZ,1
2025,10,HYUNDAI I10,1
2025,10,HYUNDAI IONIQ6,1
2025,10,JEEP AVENGER,1
2025,10,LAND ROVER DISCOVERY SPORT,1
2025,10,LAND ROVER RANGE ROVER EVOQUE,1
2025,10,LEXUS RX450H+,1
2025,10,LEXUS UX300H,1
2025,10,MAN TGE,1
2025,10,MERCEDES-BENZ A-CLASS,1
2025,10,MERCEDES-BENZ CLE,1
2025,10,MERCEDES-BENZ ESPRINTER,1
2025,10,MERCEDES-BENZ GLS-CLASS,1
2025,10,MERCEDES-BENZ MAYBACH,1
2025,10,MERCEDES-BENZ V-CLASS,1
2025,10,OPEL COMBO-E,1
2025,10,RENAULT AUSTRAL,1
2025,10,RENAULT CAPTUR,1
2025,10,RENAULT RAFALE,1
2025,10,SUBARU SOLTERRA,1
2025,10,TOYOTA CROWN,1
2025,10,TOYOTA GR,1
2025,10,TOYOTA LAND CRUISER,1
2025,10,VOLVO S60,1
2025,10,VOLVO S90,1
2025,11,TOYOTA YARIS CROSS,457
2025,11,TOYOTA COROLLA,237
2025,11,TOYOTA RAV4,227
2025,11,SKODA ENYAQ,206
2025,11,TOYOTA YARIS,206
2025,11,SKODA OCTAVIA,162
2025,11,TESLA MOTORS MODEL Y,144
2025,11,VOLKSWAGEN ID.4,140
2025,11,VOLVO XC60,136
2025,11,SKODA ELROQ,130
2025,11,NISSAN QASHQAI,128
2025,11,TOYOTA C-HR,117
2025,11,TESLA MOTORS MODEL 3,113
2025,11,VOLKSWAGEN ID.7,108
2025,11,MERCEDES-BENZ VITO,100
2025,11,VOLVO EX40,98
2025,11,MERCEDES-BENZ CLA-CLASS,95
2025,11,KIA EV3,92
2025,11,SKODA KAMIQ,92
2025,11,FORD TOURNEO CUSTOM,91
2025,11,SKODA KAROQ,84
2025,11,KIA CEED,73
2025,11,SKODA SUPERB,69
2025,11,VOLKSWAGEN T-CROSS,66
2025,11,AUDI A6,65
2025,11,VOLVO EX30,57
2025,11,BMW I4,56
2025,11,FORD EXPLORER,55
2025,11,VOLKSWAGEN CADDY,51
2025,11,VOLKSWAGEN TIGUAN,51
2025,11,VOLVO EC40,51
2025,11,BYD SEAL,49
2025,11,BMW IX1,48
2025,11,AUDI Q4,46
2025,11,AUDI Q6,44
2025,11,BMW X1,43
2025,11,POLESTAR 4,42
2025,11,SMART #5,42
2025,11,FORD CAPRI,41
2025,11,VOLVO V60,41
2025,11,MAZDA 6E,39
2025,11,MERCEDES-BENZ GLC-CLASS,38
2025,11,RENAULT 5,38
2025,11,HYUNDAI INSTER,36
2025,11,VOLKSWAGEN GOLF,36
2025,11,FORD PUMA,34
2025,11,KIA NIRO,33
2025,11,SKODA KODIAQ,33
2025,11,BMW 1 SERIES,30
2025,11,SUZUKI VITARA,30
2025,11,AUDI A3,29
2025,11,VOLKSWAGEN ID.3,29
2025,11,PEUGEOT 308,28
2025,11,VOLKSWAGEN TAIGO,28
2025,11,DACIA SANDERO,27
2025,11,HYUNDAI KONA,27
2025,11,SKODA FABIA,27
2025,11,DACIA BIGSTER,26
2025,11,POLESTAR 2,26
2025,11,BYD DOLPHIN,25
2025,11,FORD KUGA,25
2025,11,MERCEDES-BENZ EQA,25
2025,11,OPEL FRONTERA,25
2025,11,SUBARU OUTBACK,24
2025,11,CITROEN E-C3,22
2025,11,KIA SPORTAGE,22
2025,11,DACIA DUSTER,21
2025,11,HYUNDAI I30,21
2025,11,KIA STONIC,21
2025,11,MERCEDES-BENZ EQB,21
2025,11,VOLVO XC90,21
2025,11,KIA EV6,19
2025,11,MAZDA CX-60,19
2025,11,RENAULT SYMBIOZ,19
2025,11,VOLVO EX90,19
2025,11,BMW 5 SERIES,18
2025,11,BMW X3,18
2025,11,BYD SEALION,18
2025,11,BYD TANG,18
2025,11,HYUNDAI I20,18
2025,11,MERCEDES-BENZ SPRINTER,18
2025,11,PEUGEOT 5008,18
2025,11,SKODA SCALA,18
2025,11,AUDI Q5,17
2025,11,BMW 3 SERIES,17
2025,11,AUDI A5,16
2025,11,FORD FOCUS,16
2025,11,VOLKSWAGEN ID.,16
2025,11,VOLKSWAGEN PASSAT,16
2025,11,BMW IX,15
2025,11,LEXUS LBX,15
2025,11,AUDI Q3,14
2025,11,CUPRA TAVASCAN,14
2025,11,MERCEDES-BENZ E-CLASS,14
2025,11,PEUGEOT 3008,14
2025,11,TOYOTA PROACE,14
2025,11,CITROEN C4,13
2025,11,CUPRA BORN,13
2025,11,CUPRA TERRAMAR,13
2025,11,RENAULT 4,13
2025,11,SMART 3,13
2025,11,VOLVO XC40,13
2025,11,MAZDA 2,12
2025,11,MINI COOPER,12
2025,11,NISSAN JUKE,12
2025,11,BMW IX2,11
2025,11,KIA EV4,11
2025,11,MAZDA CX-30,11
2025,11,MERCEDES-BENZ C-CLASS,11
2025,11,MG 4,11
2025,11,MG S5,11
2025,11,VOLKSWAGEN T-ROC,11
2025,11,HYUNDAI IONIQ5,10
2025,11,MITSUBISHI ASX,10
2025,11,MITSUBISHI OUTLANDER,10
2025,11,RENAULT CLIO,10
2025,11,ALFA ROMEO JUNIOR,9
2025,11,BMW I5,9
2025,11,HYUNDAI BAYON,9
2025,11,KIA PICANTO,9
2025,11,KIA XCEED,9
2025,11,OPEL ASTRA,9
2025,11,PORSCHE MACAN,9
2025,11,BMW X5,8
2025,11,DACIA JOGGER,8
2025,11,HYUNDAI TUCSON,8
2025,11,KIA EV9,8
2025,11,FORD MUSTANG MACH-E,7
2025,11,LAND ROVER RANGE ROVER VELAR,7
2025,11,LEXUS ES300H,7
2025,11,PORSCHE TAYCAN,7
2025,11,RENAULT CAPTUR,7
2025,11,RENAULT RAFALE,7
2025,11,SEAT LEON,7
2025,11,SUBARU FORESTER,7
2025,11,VOLKSWAGEN MULTIVAN,7
2025,11,VOLVO V90,7
2025,11,LEXUS UX300H,6
2025,11,MAN TGE,6
2025,11,MERCEDES-BENZ EQE,6
2025,11,MG ZS,6
2025,11,NISSAN X-TRAIL,6
2025,11,PEUGEOT 2008,6
2025,11,BYD ATTO,5
2025,11,FORD TOURNEO COURIER,5
2025,11,GAC AION V,5
2025,11,LAND ROVER RANGE ROVER SPORT,5
2025,11,MAZDA 3,5
2025,11,MERCEDES-BENZ GLA-CLASS,5
2025,11,MERCEDES-BENZ GLE-CLASS,5
2025,11,MITSUBISHI COLT,5
2025,11,NISSAN ARIYA,5
2025,11,OPEL GRANDLAND,5
2025,11,RENAULT SCENIC,5
2025,11,SUZUKI S-CROSS,5
2025,11,VOLVO S60,5
2025,11,AUDI Q8,4
2025,11,CITROEN C5,4
2025,11,FORD TOURNEO CONNECT,4
2025,11,HONDA CR-V,4
2025,11,HYUNDAI SANTA FE,4
2025,11,KIA SORENTO,4
2025,11,LAND ROVER DEFENDER,4
2025,11,MITSUBISHI ECLIPSE,4
2025,11,POLESTAR 3,4
2025,11,PORSCHE CAYENNE,4
2025,11,SMART 1,4
2025,11,SUZUKI SWIFT,4
2025,11,VOLKSWAGEN TRANSPORTER,4
2025,11,XPENG G6,4
2025,11,AUDI Q7,3
2025,11,CUPRA FORMENTOR,3
2025,11,HONDA CIVIC,3
2025,11,HYUNDAI IONIQ,3
2025,11,LAND ROVER RANGE ROVER,3
2025,11,LEXUS NX450H+,3
2025,11,MG 3,3
2025,11,MG HS,3
2025,11,MINI ACEMAN,3
2025,11,NISSAN PRIMASTAR,3
2025,11,PEUGEOT 208,3
2025,11,VOLKSWAGEN CRAFTER,3
2025,11,XPENG G9,3
2025,11,AUDI S6,2
2025,11,AUDI SQ6,2
2025,11,FORD TRANSIT,2
2025,11,FORD TRANSIT CUSTOM,2
2025,11,HONDA HR-V,2
2025,11,HONDA ZR-V,2
2025,11,HYUNDAI IONIQ6,2
2025,11,JEEP AVENGER,2
2025,11,LAND ROVER RANGE ROVER EVOQUE,2
2025,11,MAZDA CX-80,2
2025,11,MERCEDES-BENZ A-CLASS,2
2025,11,MERCEDES-BENZ EQS,2
2025,11,MERCEDES-BENZ G-CLASS,2
2025,11,MINI COUNTRYMAN,2
2025,11,TOYOTA AYGO,2
2025,11,TOYOTA BZ4X,2
2025,11,TOYOTA GR,2
2025,11,BENTLEY CONTINENTAL,1
2025,11,BMW I7,1
2025,11,BMW M1,1
2025,11,BMW M4,1
2025,11,CITROEN C3,1
2025,11,DS 4,1
2025,11,FERRARI 12CILINDRI,1
2025,11,FERRARI PUROSANGUE,1
2025,11,FIAT 600,1
2025,11,HONDA JAZZ,1
2025,11,HYUNDAI I10,1
2025,11,KIA PROCEED,1
2025,11,KIA PV5,1
2025,11,LAMBORGHINI URUS,1
2025,11,LAND ROVER DISCOVERY SPORT,1
2025,11,MASERATI GRECALE,1
2025,11,MERCEDES-BENZ CITAN,1
2025,11,MERCEDES-BENZ ESPRINTER,1
2025,11,MERCEDES-BENZ GLS-CLASS,1
2025,11,MERCEDES-BENZ MAYBACH,1
2025,11,MERCEDES-BENZ V-CLASS,1
2025,11,MG CYBERSTER,1
2025,11,OPEL CORSA,1
2025,11,PEUGEOT 408,1
2025,11,PORSCHE PANAMERA,1
2025,11,RENAULT AUSTRAL,1
2025,11,RENAULT ESPACE,1
2025,11,RENAULT MEGANE E-TECH,1
2025,11,RENAULT TRAFIC,1
2025,11,SUBARU CROSSTREK,1
2025,12,TESLA MOTORS MODEL Y,348
2025,12,SKODA ENYAQ,167
2025,12,SKODA ELROQ,156
2025,12,TOYOTA COROLLA,147
2025,12,POLESTAR 4,146
2025,12,TOYOTA YARIS CROSS,144
2025,12,SMART #5,139
2025,12,MERCEDES-BENZ CLA-CLASS,135
2025,12,VOLKSWAGEN ID.4,135
2025,12,VOLKSWAGEN ID.7,135
2025,12,AUDI Q4,132
2025,12,TESLA MOTORS MODEL 3,126
2025,12,VOLVO XC60,107
2025,12,TOYOTA BZ4X,98
2025,12,VOLKSWAGEN CADDY,98
2025,12,VOLVO EX40,98
2025,12,TOYOTA YARIS,88
2025,12,VOLKSWAGEN T-CROSS,86
2025,12,NISSAN QASHQAI,82
2025,12,TOYOTA C-HR,75
2025,12,AUDI Q6,74
2025,12,SKODA OCTAVIA,69
2025,12,KIA EV3,65
2025,12,HYUNDAI INSTER,64
2025,12,VOLVO EX30,57
2025,12,KIA CEED,55
2025,12,POLESTAR 2,55
2025,12,BMW I4,54
2025,12,SKODA KAMIQ,54
2025,12,AUDI A6,52
2025,12,VOLKSWAGEN TIGUAN,51
2025,12,FORD EXPLORER,48
2025,12,VOLVO V60,46
2025,12,BYD SEAL,45
2025,12,KIA STONIC,45
2025,12,TOYOTA RAV4,44
2025,12,MERCEDES-BENZ EQB,41
2025,12,BMW IX1,40
2025,12,VOLKSWAGEN TAIGO,40
2025,12,VOLVO EC40,40
2025,12,BYD DOLPHIN,36
2025,12,MERCEDES-BENZ EQA,36
2025,12,DACIA BIGSTER,35
2025,12,SKODA KODIAQ,33
2025,12,FORD KUGA,31
2025,12,SKODA SUPERB,31
2025,12,HYUNDAI KONA,30
2025,12,FORD FOCUS,27
2025,12,KIA PICANTO,27
2025,12,RENAULT 5,27
2025,12,MERCEDES-BENZ GLC-CLASS,26
2025,12,VOLKSWAGEN GOLF,26
2025,12,VOLVO XC40,26
2025,12,AUDI A3,25
2025,12,FORD CAPRI,25
2025,12,KIA EV6,25
2025,12,AUDI A5,24
2025,12,SUBARU OUTBACK,23
2025,12,BMW 3 SERIES,22
2025,12,FORD PUMA,22
2025,12,HYUNDAI I30,22
2025,12,RENAULT CLIO,22
2025,12,SUZUKI VITARA,22
2025,12,BMW X3,21
2025,12,MERCEDES-BENZ SPRINTER,21
2025,12,VOLVO EX90,21
2025,12,AUDI Q3,20
2025,12,DACIA DUSTER,20
2025,12,VOLKSWAGEN MULTIVAN,20
2025,12,VOLVO XC90,20
2025,12,BMW X1,19
2025,12,VOLKSWAGEN ID.3,19
2025,12,AUDI Q5,18
2025,12,SKODA KAROQ,18
2025,12,BYD SEALION,17
2025,12,MERCEDES-BENZ E-CLASS,17
2025,12,PEUGEOT 308,17
2025,12,KIA EV4,16
2025,12,KIA SPORTAGE,16
2025,12,MITSUBISHI OUTLANDER,16
2025,12,OPEL FRONTERA,16
2025,12,VOLKSWAGEN PASSAT,16
2025,12,BMW IX,15
2025,12,KIA NIRO,15
2025,12,LEXUS LBX,15
2025,12,MG 4,15
2025,12,OPEL ASTRA,15
2025,12,PORSCHE MACAN,15
2025,12,BMW 5 SERIES,14
2025,12,CUPRA BORN,14
2025,12,MERCEDES-BENZ C-CLASS,14
2025,12,SKODA FABIA,14
2025,12,TOYOTA AYGO,14
2025,12,GAC AION V,13
2025,12,MERCEDES-BENZ GLA-CLASS,13
2025,12,PEUGEOT 5008,13
2025,12,RENAULT SYMBIOZ,13
2025,12,BMW 1 SERIES,12
2025,12,HYUNDAI IONIQ5,12
2025,12,PEUGEOT 2008,12
2025,12,POLESTAR 3,12
2025,12,BMW I5,11
2025,12,CITROEN C4,11
2025,12,CUPRA TAVASCAN,11
2025,12,FORD TOURNEO CUSTOM,11
2025,12,MAZDA 6E,11
2025,12,NISSAN JUKE,11
2025,12,PORSCHE TAYCAN,11
2025,12,SKODA SCALA,11
2025,12,AUDI Q7,10
2025,12,CITROEN E-C3,10
2025,12,FORD TOURNEO CONNECT,10
2025,12,HYUNDAI I20,10
2025,12,MINI COOPER,10
2025,12,RENAULT SCENIC,10
2025,12,VOLKSWAGEN ID.,10
2025,12,CITROEN C3,9
2025,12,LEXUS NX450H+,9
2025,12,MAZDA 3,9
2025,12,NISSAN ARIYA,9
2025,12,OPEL GRANDLAND,9
2025,12,XPENG G9,9
2025,12,CITROEN C5,8
2025,12,CUPRA TERRAMAR,8
2025,12,MG S5,8
2025,12,MINI COUNTRYMAN,8
2025,12,PEUGEOT 3008,8
2025,12,RENAULT 4,8
2025,12,SEAT LEON,8
2025,12,SMART 3,8
2025,12,DACIA JOGGER,7
2025,12,LAND ROVER RANGE ROVER SPORT,7
2025,12,MAZDA CX-30,7
2025,12,MITSUBISHI COLT,7
2025,12,SUZUKI S-CROSS,7
2025,12,AUDI Q8,6
2025,12,BMW IX2,6
2025,12,BYD TANG,6
2025,12,FORD TRANSIT,6
2025,12,HYUNDAI TUCSON,6
2025,12,LAND ROVER RANGE ROVER VELAR,6
2025,12,MERCEDES-BENZ VITO,6
2025,12,VOLVO V90,6
2025,12,XPENG G6,6
2025,12,BMW X5,5
2025,12,FORD TOURNEO COURIER,5
2025,12,FORD TRANSIT CUSTOM,5
2025,12,HYUNDAI BAYON,5
2025,12,KIA SORENTO,5
2025,12,MG 3,5
2025,12,TOYOTA PROACE,5
2025,12,VOLKSWAGEN CRAFTER,5
2025,12,HYUNDAI SANTA FE,4
2025,12,KIA EV9,4
2025,12,LAND ROVER RANGE ROVER,4
2025,12,LEXUS ES300H,4
2025,12,MAZDA CX-80,4
2025,12,MG ZS,4
2025,12,MINI ACEMAN,4
2025,12,MITSUBISHI ASX,4
2025,12,SUZUKI SWIFT,4
2025,12,TESLA MOTORS MODEL S,4
2025,12,TESLA MOTORS MODEL X,4
2025,12,VOLKSWAGEN T-ROC,4
2025,12,VOLKSWAGEN TRANSPORTER,4
2025,12,VOLVO ES90,4
2025,12,VOLVO S60,4
2025,12,AUDI S6,3
2025,12,CUPRA FORMENTOR,3
2025,12,FIAT 600,3
2025,12,FORD MUSTANG MACH-E,3
2025,12,HONDA CIVIC,3
2025,12,HONDA JAZZ,3
2025,12,KIA XCEED,3
2025,12,LAMBORGHINI URUS,3
2025,12,LAND ROVER DEFENDER,3
2025,12,LEXUS RX450H+,3
2025,12,LEXUS UX300H,3
2025,12,MAZDA 2,3
2025,12,MAZDA CX-60,3
2025,12,MERCEDES-BENZ GLE-CLASS,3
2025,12,NISSAN X-TRAIL,3
2025,12,PEUGEOT 408,3
2025,12,PORSCHE CAYENNE,3
2025,12,RENAULT CAPTUR,3
2025,12,SUBARU FORESTER,3
2025,12,AUDI SQ6,2
2025,12,BMW M5,2
2025,12,BYD ATTO,2
2025,12,DS 4,2
2025,12,HONDA HR-V,2
2025,12,MAN TGE,2
2025,12,MERCEDES-BENZ EQE,2
2025,12,MG S6,2
2025,12,MITSUBISHI ECLIPSE,2
2025,12,RENAULT AUSTRAL,2
2025,12,RENAULT MEGANE E-TECH,2
2025,12,RENAULT RAFALE,2
2025,12,SMART 1,2
2025,12,SUBARU SOLTERRA,2
2025,12,VOLKSWAGEN ID.5,2
2025,12,ALFA ROMEO JUNIOR,1
2025,12,AUDI A7,1
2025,12,BENTLEY CONTINENTAL,1
2025,12,BENTLEY FLYING,1
2025,12,BMW 2 SERIES,1
2025,12,BMW X2,1
2025,12,BMW XM,1
2025,12,CITROEN E-BERLINGO,1
2025,12,CUPRA LEON,1
2025,12,DACIA SANDERO,1
2025,12,DS 7,1
2025,12,DS NO 8,1
2025,12,FERRARI SF90,1
2025,12,FIAT DUCATO,1
2025,12,HONDA ZR-V,1
2025,12,HYUNDAI IONIQ6,1
2025,12,JEEP AVENGER,1
2025,12,LAND ROVER DISCOVERY SPORT,1
2025,12,MERCEDES-BENZ A-CLASS,1
2025,12,MERCEDES-BENZ ESPRINTER,1
2025,12,MERCEDES-BENZ GLB,1
2025,12,MERCEDES-BENZ GLS-CLASS,1
2025,12,MERCEDES-BENZ V-CLASS,1
2025,12,PEUGEOT 208,1
2025,12,PORSCHE 911,1
2025,12,SUBARU CROSSTREK,1
2026,1,TESLA MOTORS MODEL Y,221
2026,1,TOYOTA YARIS CROSS,221
2026,1,TOYOTA BZ4X,183
2026,1,NISSAN QASHQAI,170
2026,1,SKODA ELROQ,166
2026,1,TOYOTA YARIS,165
2026,1,SKODA ENYAQ,151
2026,1,VOLKSWAGEN ID.4,134
2026,1,MERCEDES-BENZ CLA-CLASS,132
2026,1,KIA STONIC,129
2026,1,VOLVO EX40,127
2026,1,VOLVO XC60,123
2026,1,TOYOTA COROLLA,111
2026,1,TOYOTA C-HR,95
2026,1,VOLKSWAGEN T-ROC,92
2026,1,KIA EV3,79
2026,1,VOLKSWAGEN ID.7,78
2026,1,SKODA OCTAVIA,77
2026,1,VOLVO EC40,77
2026,1,SMART #5,70
2026,1,AUDI Q4,69
2026,1,VOLVO EX30,64
2026,1,BMW I4,57
2026,1,SKODA KAMIQ,57
2026,1,FORD EXPLORER,53
2026,1,VOLVO V60,53
2026,1,BYD SEAL,52
2026,1,SKODA KODIAQ,50
2026,1,AUDI Q6,48
2026,1,SEAT LEON,47
2026,1,FORD KUGA,46
2026,1,KIA CEED,46
2026,1,VOLKSWAGEN GOLF,46
2026,1,BMW IX1,41
2026,1,BMW 1 SERIES,40
2026,1,VOLKSWAGEN TIGUAN,40
2026,1,SUZUKI VITARA,39
2026,1,BMW X1,38
2026,1,RENAULT 5,38
2026,1,AUDI A6,37
2026,1,FORD CAPRI,35
2026,1,SKODA FABIA,35
2026,1,DACIA BIGSTER,33
2026,1,SKODA KAROQ,32
2026,1,FORD PUMA,31
2026,1,SKODA SUPERB,31
2026,1,BYD SEALION,30
2026,1,MERCEDES-BENZ SPRINTER,30
2026,1,VOLKSWAGEN T-CROSS,30
2026,1,SUBARU OUTBACK,29
2026,1,BMW X3,28
2026,1,KIA SPORTAGE,27
2026,1,VOLVO EX90,27
2026,1,AUDI A5,26
2026,1,AUDI A3,25
2026,1,BMW 5 SERIES,25
2026,1,KIA EV6,25
2026,1,PEUGEOT 2008,23
2026,1,VOLKSWAGEN ID.3,23
2026,1,BMW 3 SERIES,22
2026,1,MERCEDES-BENZ EQA,22
2026,1,MITSUBISHI OUTLANDER,22
2026,1,KIA EV4,21
2026,1,MERCEDES-BENZ GLC-CLASS,21
2026,1,VOLKSWAGEN TAIGO,21
2026,1,AUDI Q3,20
2026,1,BMW I5,19
2026,1,MERCEDES-BENZ EQB,19
2026,1,VOLVO XC40,19
2026,1,KIA NIRO,18
2026,1,MERCEDES-BENZ C-CLASS,18
2026,1,OPEL FRONTERA,18
2026,1,PORSCHE MACAN,18
2026,1,RENAULT SYMBIOZ,18
2026,1,SKODA SCALA,18
2026,1,BMW IX2,17
2026,1,HYUNDAI IONIQ5,17
2026,1,KIA PICANTO,17
2026,1,POLESTAR 4,17
2026,1,RENAULT 4,17
2026,1,AUDI Q5,16
2026,1,BMW X5,16
2026,1,MERCEDES-BENZ E-CLASS,16
2026,1,VOLKSWAGEN PASSAT,16
2026,1,VOLVO XC90,16
2026,1,BYD DOLPHIN,15
2026,1,GAC AION V,15
2026,1,HYUNDAI KONA,15
2026,1,MAZDA 6E,15
2026,1,OPEL ASTRA,15
2026,1,TOYOTA RAV4,15
2026,1,FORD FOCUS,14
2026,1,FORD TOURNEO CUSTOM,14
2026,1,LAND ROVER RANGE ROVER SPORT,14
2026,1,NISSAN JUKE,14
2026,1,CUPRA TAVASCAN,13
2026,1,HYUNDAI INSTER,13
2026,1,CUPRA BORN,12
2026,1,MINI COOPER,12
2026,1,SUBARU SOLTERRA,12
2026,1,SUZUKI S-CROSS,12
2026,1,VOLKSWAGEN CADDY,12
2026,1,VOLVO ES90,12
2026,1,BMW IX,11
2026,1,CUPRA TERRAMAR,11
2026,1,CUPRA FORMENTOR,10
2026,1,FORD MUSTANG MACH-E,10
2026,1,HYUNDAI I20,10
2026,1,JEEP AVENGER,10
2026,1,KIA EV9,10
2026,1,CITROEN C3,9
2026,1,DACIA DUSTER,9
2026,1,FORD TOURNEO CONNECT,9
2026,1,LEXUS LBX,9
2026,1,POLESTAR 3,9
2026,1,SMART 3,9
2026,1,TOYOTA AYGO,9
2026,1,HYUNDAI IONIQ,8
2026,1,MG 4,8
2026,1,MG S5,8
2026,1,RENAULT CLIO,8
2026,1,VOLKSWAGEN ID.,8
2026,1,XPENG G6,8
2026,1,ALFA ROMEO JUNIOR,7
2026,1,AUDI Q7,7
2026,1,CITROEN E-C3,7
2026,1,HYUNDAI BAYON,7
2026,1,MAZDA CX-30,7
2026,1,MERCEDES-BENZ GLA-CLASS,7
2026,1,OPEL CORSA,7
2026,1,OPEL GRANDLAND,7
2026,1,XPENG G9,7
2026,1,HYUNDAI TUCSON,6
2026,1,LEXUS NX450H+,6
2026,1,MINI ACEMAN,6
2026,1,MINI COUNTRYMAN,6
2026,1,NISSAN X-TRAIL,6
2026,1,PEUGEOT 3008,6
2026,1,PEUGEOT 5008,6
2026,1,RENAULT SCENIC,6
2026,1,TOYOTA PROACE,6
2026,1,FORD TOURNEO COURIER,5
2026,1,HYUNDAI SANTA FE,5
2026,1,KIA XCEED,5
2026,1,LAND ROVER DEFENDER,5
2026,1,LEXUS RX450H+,5
2026,1,MERCEDES-BENZ EQE,5
2026,1,MERCEDES-BENZ G-CLASS,5
2026,1,MITSUBISHI ECLIPSE,5
2026,1,NISSAN ARIYA,5
2026,1,PEUGEOT 208,5
2026,1,SUBARU FORESTER,5
2026,1,TOYOTA URBAN,5
2026,1,VOLKSWAGEN ID.5,5
2026,1,CUPRA LEON,4
2026,1,DACIA JOGGER,4
2026,1,HYUNDAI I30,4
2026,1,KIA SORENTO,4
2026,1,MAZDA 3,4
2026,1,MAZDA CX-60,4
2026,1,MG HS,4
2026,1,MG ZS,4
2026,1,MITSUBISHI ASX,4
2026,1,POLESTAR 2,4
2026,1,AUDI SQ6,3
2026,1,CITROEN C4,3
2026,1,CITROEN C5,3
2026,1,DACIA SANDERO,3
2026,1,FORD TRANSIT,3
2026,1,KIA K4,3
2026,1,LAND ROVER RANGE ROVER VELAR,3
2026,1,MAN TGE,3
2026,1,MAZDA CX-80,3
2026,1,MERCEDES-BENZ GLE-CLASS,3
2026,1,MG 3,3
2026,1,MITSUBISHI COLT,3
2026,1,PEUGEOT 308,3
2026,1,PEUGEOT 408,3
2026,1,PORSCHE 911,3
2026,1,PORSCHE CAYENNE,3
2026,1,PORSCHE TAYCAN,3
2026,1,SUZUKI SWIFT,3
2026,1,AUDI A7,2
2026,1,AUDI Q8,2
2026,1,AUDI S6,2
2026,1,BYD ATTO,2
2026,1,BYD TANG,2
2026,1,FIAT 600E,2
2026,1,HONDA CR-V,2
2026,1,HONDA JAZZ,2
2026,1,LEXUS RZ500E,2
2026,1,MAZDA 2,2
2026,1,MERCEDES-BENZ A-CLASS,2
2026,1,MERCEDES-BENZ EQS,2
2026,1,MERCEDES-BENZ GLS-CLASS,2
2026,1,PEUGEOT E-RIFTER,2
2026,1,SMART #3,2
2026,1,SMART 1,2
2026,1,VOLVO V90,2
2026,1,BENTLEY BENTAYGA,1
2026,1,BENTLEY CONTINENTAL,1
2026,1,BMW 2 SERIES,1
2026,1,BMW M5,1
2026,1,FIAT 600,1
2026,1,FORD MUSTANG,1
2026,1,FORD TRANSIT CUSTOM,1
2026,1,HONDA HR-V,1
2026,1,HONDA ZR-V,1
2026,1,HYUNDAI IONIQ6,1
2026,1,KIA PV5,1
2026,1,LAMBORGHINI URUS,1
2026,1,LAND ROVER RANGE ROVER,1
2026,1,LEXUS ES300H,1
2026,1,MERCEDES-AMG AMG,1
2026,1,MERCEDES-BENZ CLE,1
2026,1,MERCEDES-BENZ S-CLASS,1
2026,1,MERCEDES-BENZ V-CLASS,1
2026,1,PEUGEOT TRAVELLER,1
2026,1,PORSCHE PANAMERA,1
2026,1,RENAULT CAPTUR,1
2026,1,RENAULT ESPACE,1
2026,1,RENAULT MEGANE E-TECH,1
2026,1,SEAT TARRACO,1
2026,1,TESLA MOTORS MODEL 3,1
2026,1,TESLA MOTORS MODEL S,1
2026,1,TESLA MOTORS MODEL X,1
2026,1,TOYOTA GR,1
2026,1,VOLKSWAGEN CALIFORNIA,1
2026,1,VOLKSWAGEN CRAFTER,1
2026,1,VOLKSWAGEN MULTIVAN,1
2026,1,VOLKSWAGEN TRANSPORTER,1
2026,1,VOLVO S60,1
2026,2,TESLA MOTORS MODEL Y,319
2026,2,TOYOTA BZ4X,182
2026,2,VOLVO XC60,166
2026,2,MERCEDES-BENZ CLA-CLASS,134
2026,2,TOYOTA YARIS CROSS,134
2026,2,VOLKSWAGEN T-ROC,131
2026,2,SKODA ELROQ,124
2026,2,SKODA ENYAQ,117
2026,2,TOYOTA COROLLA,113
2026,2,TOYOTA YARIS,110
2026,2,VOLKSWAGEN ID.4,104
2026,2,KIA STONIC,103
2026,2,TOYOTA C-HR,93
2026,2,NISSAN QASHQAI,79
2026,2,VOLVO EX40,79
2026,2,SKODA OCTAVIA,69
2026,2,AUDI Q4,68
2026,2,KIA CEED,67
2026,2,TOYOTA URBAN,64
2026,2,VOLKSWAGEN GOLF,62
2026,2,VOLKSWAGEN ID.7,59
2026,2,KIA EV3,55
2026,2,VOLKSWAGEN TIGUAN,49
2026,2,VOLVO XC40,49
2026,2,SMART #5,48
2026,2,SKODA KODIAQ,46
2026,2,BMW X1,44
2026,2,FORD KUGA,43
2026,2,FORD EXPLORER,35
2026,2,VOLVO EC40,35
2026,2,BMW I4,34
2026,2,FORD CAPRI,34
2026,2,POLESTAR 4,34
2026,2,BYD SEAL,33
2026,2,VOLVO EX30,31
2026,2,AUDI A6,30
2026,2,FORD PUMA,30
2026,2,VOLVO V60,30
2026,2,MERCEDES-BENZ EQA,29
2026,2,SUZUKI VITARA,29
2026,2,MERCEDES-BENZ GLC-CLASS,28
2026,2,KIA SPORTAGE,27
2026,2,SKODA KAMIQ,27
2026,2,BMW IX1,25
2026,2,BMW X3,25
2026,2,MERCEDES-BENZ EQB,25
2026,2,RENAULT 5,25
2026,2,SKODA SUPERB,25
2026,2,SUBARU OUTBACK,25
2026,2,VOLVO XC90,25
2026,2,VOLKSWAGEN PASSAT,24
2026,2,AUDI Q5,23
2026,2,BYD SEALION,23
2026,2,KIA NIRO,23
2026,2,AUDI Q3,22
2026,2,AUDI Q6,22
2026,2,HYUNDAI BAYON,22
2026,2,LEXUS RZ500E,22
2026,2,SKODA SCALA,22
2026,2,BMW 5 SERIES,21
2026,2,CITROEN C3,21
2026,2,OPEL CORSA,21
2026,2,PORSCHE MACAN,21
2026,2,KIA EV6,20
2026,2,VOLKSWAGEN T-CROSS,20
2026,2,HYUNDAI INSTER,19
2026,2,HYUNDAI KONA,19
2026,2,LEXUS NX450H+,19
2026,2,MERCEDES-BENZ SPRINTER,19
2026,2,SKODA KAROQ,19
2026,2,AUDI A3,18
2026,2,CUPRA TERRAMAR,18
2026,2,MITSUBISHI OUTLANDER,18
2026,2,VOLKSWAGEN TAIGO,18
2026,2,BMW 3 SERIES,17
2026,2,BMW X5,17
2026,2,KIA EV4,17
2026,2,MAZDA CX-80,17
2026,2,OPEL ASTRA,17
2026,2,RENAULT SYMBIOZ,17
2026,2,SKODA FABIA,17
2026,2,MERCEDES-BENZ C-CLASS,16
2026,2,OPEL FRONTERA,16
2026,2,PEUGEOT 308,16
2026,2,SUZUKI SWIFT,16
2026,2,TESLA MOTORS MODEL 3,16
2026,2,HYUNDAI IONIQ5,15
2026,2,MAZDA CX-30,15
2026,2,PEUGEOT 5008,15
2026,2,VOLKSWAGEN ID.,15
2026,2,BMW IX,14
2026,2,BMW IX2,14
2026,2,KIA K4,13
2026,2,KIA PICANTO,13
2026,2,MITSUBISHI ASX,13
2026,2,POLESTAR 3,13
2026,2,DACIA BIGSTER,12
2026,2,NISSAN JUKE,12
2026,2,OPEL GRANDLAND,12
2026,2,RENAULT SCENIC,12
2026,2,CITROEN C5,11
2026,2,MG 3,11
2026,2,VOLKSWAGEN CADDY,11
2026,2,CUPRA BORN,10
2026,2,DACIA JOGGER,10
2026,2,FORD FOCUS,10
2026,2,HYUNDAI TUCSON,10
2026,2,MAZDA 3,10
2026,2,MERCEDES-BENZ E-CLASS,10
2026,2,MITSUBISHI ECLIPSE,10
2026,2,VOLKSWAGEN ID.3,10
2026,2,VOLVO V90,10
2026,2,AUDI A5,9
2026,2,BYD DOLPHIN,9
2026,2,FORD MUSTANG MACH-E,9
2026,2,GAC AION V,9
2026,2,KIA EV9,9
2026,2,MAZDA 6E,9
2026,2,XPENG G6,9
2026,2,CITROEN E-C3,8
2026,2,CUPRA TAVASCAN,8
2026,2,DACIA DUSTER,8
2026,2,FORD TOURNEO CUSTOM,8
2026,2,NISSAN ARIYA,8
2026,2,PEUGEOT 2008,8
2026,2,SUZUKI S-CROSS,8
2026,2,BMW 1 SERIES,7
2026,2,BMW I5,7
2026,2,HYUNDAI I20,7
2026,2,HYUNDAI I30,7
2026,2,LAND ROVER RANGE ROVER SPORT,7
2026,2,MERCEDES-BENZ GLA-CLASS,7
2026,2,MINI COOPER,7
2026,2,NISSAN MICRA,7
2026,2,PEUGEOT 3008,7
2026,2,POLESTAR 2,7
2026,2,SEAT LEON,7
2026,2,SUBARU SOLTERRA,7
2026,2,AUDI Q7,6
2026,2,KIA EV5,6
2026,2,KIA SORENTO,6
2026,2,KIA XCEED,6
2026,2,MG 4,6
2026,2,MG HS,6
2026,2,PEUGEOT 208,6
2026,2,TOYOTA RAV4,6
2026,2,LAND ROVER DEFENDER,5
2026,2,MAZDA CX-60,5
2026,2,MERCEDES-BENZ VITO,5
2026,2,MITSUBISHI COLT,5
2026,2,NISSAN X-TRAIL,5
2026,2,RENAULT 4,5
2026,2,RENAULT CLIO,5
2026,2,SMART 3,5
2026,2,TOYOTA AYGO,5
2026,2,VOLVO EX90,5
2026,2,BYD ATTO,4
2026,2,CUPRA LEON,4
2026,2,FORD TOURNEO CONNECT,4
2026,2,FORD TRANSIT,4
2026,2,FORD TRANSIT CUSTOM,4
2026,2,LAND ROVER RANGE ROVER EVOQUE,4
2026,2,LAND ROVER RANGE ROVER VELAR,4
2026,2,MERCEDES-BENZ GLE-CLASS,4
2026,2,MG S5,4
2026,2,MG ZS,4
2026,2,VOLKSWAGEN MULTIVAN,4
2026,2,AUDI SQ6,3
2026,2,CITROEN C4,3
2026,2,FORD TOURNEO COURIER,3
2026,2,HONDA CIVIC,3
2026,2,HYUNDAI IONIQ,3
2026,2,HYUNDAI SANTA FE,3
2026,2,JEEP AVENGER,3
2026,2,LEXUS LBX,3
2026,2,VOLVO ES90,3
2026,2,ALFA ROMEO JUNIOR,2
2026,2,AUDI S5,2
2026,2,CITROEN JUMPER,2
2026,2,HONDA CR-V,2
2026,2,HONDA HR-V,2
2026,2,HONDA ZR-V,2
2026,2,LAND ROVER RANGE ROVER,2
2026,2,LEXUS ES300H,2
2026,2,LEXUS RX450H+,2
2026,2,MAN TGE,2
2026,2,MAZDA 2,2
2026,2,MERCEDES-BENZ A-CLASS,2
2026,2,MERCEDES-BENZ EQE,2
2026,2,MERCEDES-BENZ EQS,2
2026,2,MERCEDES-BENZ S-CLASS,2
2026,2,MINI ACEMAN,2
2026,2,MINI COUNTRYMAN,2
2026,2,PEUGEOT 408,2
2026,2,PORSCHE CAYENNE,2
2026,2,RENAULT CAPTUR,2
2026,2,SMART #3,2
2026,2,SUBARU CROSSTREK,2
2026,2,SUBARU FORESTER,2
2026,2,VOLKSWAGEN ID.5,2
2026,2,AUDI A8,1
2026,2,AUDI Q8,1
2026,2,AUDI S3,1
2026,2,BMW IX3,1
2026,2,BMW M5,1
2026,2,CUPRA FORMENTOR,1
2026,2,DACIA SANDERO,1
2026,2,FIAT 600,1
2026,2,LAMBORGHINI URUS,1
2026,2,LAND ROVER DISCOVERY SPORT,1
2026,2,LEXUS RZ350E,1
2026,2,LEXUS RZ550E,1
2026,2,LEXUS UX300H,1
2026,2,MERCEDES-BENZ CLE,1
2026,2,MERCEDES-BENZ G-CLASS,1
2026,2,MERCEDES-BENZ MAYBACH,1
2026,2,MERCEDES-BENZ V-CLASS,1
2026,2,MINI JCW,1
2026,2,PORSCHE 911,1
2026,2,PORSCHE TAYCAN,1
2026,2,RENAULT AUSTRAL,1
2026,2,RENAULT ESPACE,1
2026,2,RENAULT RAFALE,1
2026,2,SMART #1,1
2026,2,SMART 1,1
2026,2,TESLA MOTORS MODEL S,1
2026,2,TOYOTA LAND CRUISER,1
2026,2,TOYOTA PROACE,1
2026,2,VOLKSWAGEN CALIFORNIA,1
2026,2,VOLKSWAGEN CARAVELLE,1
2026,2,VOLKSWAGEN CRAFTER,1
2026,2,VOLKSWAGEN TOUAREG,1
2026,2,VOLKSWAGEN TRANSPORTER,1
2026,2,XPENG G9,1
2026,3,TESLA MOTORS MODEL Y,362
2026,3,TOYOTA YARIS CROSS,298
2026,3,NISSAN QASHQAI,235
2026,3,TESLA MOTORS MODEL 3,229
2026,3,VOLVO XC60,203
2026,3,VOLKSWAGEN ID.4,151
2026,3,MERCEDES-BENZ CLA-CLASS,148
2026,3,SKODA ELROQ,147
2026,3,SKODA ENYAQ,146
2026,3,TOYOTA BZ4X,142
2026,3,TOYOTA C-HR,129
2026,3,TOYOTA YARIS,128
2026,3,VOLKSWAGEN T-ROC,126
2026,3,TOYOTA COROLLA,125
2026,3,VOLVO EX40,121
2026,3,POLESTAR 4,111
2026,3,VOLKSWAGEN ID.7,100
2026,3,KIA EV3,82
2026,3,SKODA OCTAVIA,75
2026,3,HYUNDAI INSTER,74
2026,3,VOLVO V60,73
2026,3,BMW I4,72
2026,3,VOLKSWAGEN GOLF,70
2026,3,FORD EXPLORER,64
2026,3,RENAULT 5,61
2026,3,VOLVO XC40,61
2026,3,VOLKSWAGEN TIGUAN,60
2026,3,VOLVO EX30,58
2026,3,AUDI Q4,56
2026,3,AUDI Q6,56
2026,3,BMW IX1,56
2026,3,KIA STONIC,55
2026,3,KIA CEED,54
2026,3,FORD PUMA,53
2026,3,POLESTAR 2,52
2026,3,FORD CAPRI,50
2026,3,HYUNDAI KONA,50
2026,3,BMW IX3,48
2026,3,AUDI A6,45
2026,3,VOLKSWAGEN T-CROSS,45
2026,3,VOLVO EC40,45
2026,3,MITSUBISHI OUTLANDER,44
2026,3,SKODA SUPERB,41
2026,3,SUBARU OUTBACK,40
2026,3,BYD SEAL,39
2026,3,SKODA KODIAQ,39
2026,3,BMW X1,37
2026,3,CUPRA TAVASCAN,37
2026,3,MERCEDES-BENZ GLC-CLASS,37
2026,3,SUZUKI VITARA,37
2026,3,MERCEDES-BENZ EQB,36
2026,3,SKODA FABIA,36
2026,3,TOYOTA URBAN,35
2026,3,SKODA KAMIQ,33
2026,3,SMART #5,33
2026,3,KIA SPORTAGE,30
2026,3,MAZDA CX-80,30
2026,3,VOLKSWAGEN TAIGO,30
2026,3,AUDI A3,28
2026,3,AUDI A5,28
2026,3,FORD KUGA,28
2026,3,KIA EV5,28
2026,3,MERCEDES-BENZ EQA,27
2026,3,RENAULT CLIO,27
2026,3,BYD SEALION,26
2026,3,HYUNDAI BAYON,26
2026,3,PEUGEOT 3008,26
2026,3,SKODA KAROQ,26
2026,3,VOLVO XC90,26
2026,3,AUDI Q5,25
2026,3,BMW 5 SERIES,25
2026,3,PORSCHE MACAN,24
2026,3,RENAULT SYMBIOZ,24
2026,3,VOLKSWAGEN ID.3,24
2026,3,BMW IX,23
2026,3,NISSAN MICRA,23
2026,3,RENAULT 4,23
2026,3,BMW IX2,22
2026,3,DACIA DUSTER,22
2026,3,KIA XCEED,22
2026,3,MERCEDES-BENZ E-CLASS,22
2026,3,NISSAN JUKE,22
2026,3,CITROEN E-C3,21
2026,3,OPEL ASTRA,21
2026,3,OPEL CORSA,21
2026,3,CITROEN C5,20
2026,3,KIA EV9,20
2026,3,PEUGEOT 308,20
2026,3,PEUGEOT 5008,20
2026,3,FORD FOCUS,19
2026,3,VOLKSWAGEN CADDY,19
2026,3,BYD ATTO,18
2026,3,CITROEN C3,18
2026,3,KIA EV4,18
2026,3,KIA PICANTO,18
2026,3,NISSAN ARIYA,18
2026,3,BYD DOLPHIN,17
2026,3,HYUNDAI I30,17
2026,3,HYUNDAI TUCSON,17
2026,3,KIA EV6,17
2026,3,SUBARU SOLTERRA,17
2026,3,BMW X3,16
2026,3,BMW X5,16
2026,3,LAND ROVER RANGE ROVER SPORT,16
2026,3,MAZDA CX-30,16
2026,3,MG 4,16
2026,3,TOYOTA AYGO,16
2026,3,AUDI Q3,15
2026,3,DACIA BIGSTER,15
2026,3,KIA NIRO,15
2026,3,MAZDA 3,15
2026,3,MERCEDES-BENZ SPRINTER,15
2026,3,SUZUKI SWIFT,15
2026,3,VOLKSWAGEN ID.,15
2026,3,BMW 3 SERIES,14
2026,3,MERCEDES-BENZ C-CLASS,14
2026,3,PEUGEOT 2008,14
2026,3,RENAULT SCENIC,14
2026,3,CUPRA BORN,13
2026,3,MAZDA CX-60,13
2026,3,MITSUBISHI COLT,13
2026,3,TOYOTA PROACE,13
2026,3,LEXUS RZ500E,12
2026,3,MERCEDES-BENZ A-CLASS,12
2026,3,OPEL FRONTERA,12
2026,3,SKODA SCALA,12
2026,3,BMW 1 SERIES,11
2026,3,BMW I5,11
2026,3,HYUNDAI IONIQ5,11
2026,3,LAND ROVER DEFENDER,11
2026,3,MAZDA 6E,11
2026,3,MG S5,11
2026,3,MITSUBISHI ASX,11
2026,3,POLESTAR 3,11
2026,3,LEXUS LBX,10
2026,3,DACIA JOGGER,9
2026,3,LEXUS NX450H+,9
2026,3,VOLKSWAGEN PASSAT,9
2026,3,AUDI SQ6,8
2026,3,KIA K4,8
2026,3,MERCEDES-BENZ EQE,8
2026,3,MERCEDES-BENZ GLB,8
2026,3,MINI ACEMAN,8
2026,3,OPEL GRANDLAND,8
2026,3,SUZUKI S-CROSS,8
2026,3,ALFA ROMEO JUNIOR,7
2026,3,FORD MUSTANG MACH-E,7
2026,3,KIA SORENTO,7
2026,3,MAZDA 2,7
2026,3,MITSUBISHI ECLIPSE,7
2026,3,VOLVO ES90,7
2026,3,CUPRA TERRAMAR,6
2026,3,FIAT 600,6
2026,3,FORD TOURNEO CONNECT,6
2026,3,FORD TOURNEO COURIER,6
2026,3,FORD TRANSIT,6
2026,3,GAC AION V,6
2026,3,LEXUS RX450H+,6
2026,3,MAZDA CX-5,6
2026,3,MERCEDES-BENZ GLA-CLASS,6
2026,3,MG 3,6
2026,3,XPENG G6,6
2026,3,CUPRA FORMENTOR,5
2026,3,HYUNDAI I20,5
2026,3,KIA PV5,5
2026,3,LAND ROVER RANGE ROVER,5
2026,3,MG HS,5
2026,3,MG ZS,5
2026,3,NISSAN X-TRAIL,5
2026,3,SUBARU FORESTER,5
2026,3,VOLVO V90,5
2026,3,HONDA CR-V,4
2026,3,LAND ROVER RANGE ROVER VELAR,4
2026,3,MERCEDES-BENZ GLE-CLASS,4
2026,3,MINI COOPER,4
2026,3,VOLKSWAGEN ID.5,4
2026,3,BYD TANG,3
2026,3,FORD TOURNEO CUSTOM,3
2026,3,HYUNDAI IONIQ,3
2026,3,HYUNDAI SANTA FE,3
2026,3,LAND ROVER DISCOVERY SPORT,3
2026,3,LAND ROVER RANGE ROVER EVOQUE,3
2026,3,MERCEDES-BENZ EQS,3
2026,3,MERCEDES-BENZ VITO,3
2026,3,PEUGEOT 208,3
2026,3,RENAULT MEGANE E-TECH,3
2026,3,TOYOTA LAND CRUISER,3
2026,3,TOYOTA RAV4,3
2026,3,XPENG G9,3
2026,3,AUDI S6,2
2026,3,BMW M5,2
2026,3,CUPRA LEON,2
2026,3,DS NO 8,2
2026,3,HONDA CIVIC,2
2026,3,HYUNDAI IONIQ6,2
2026,3,LEXUS RZ550E,2
2026,3,LEXUS UX300H,2
2026,3,MAN TGE,2
2026,3,MERCEDES-BENZ G-CLASS,2
2026,3,NISSAN PRIMASTAR,2
2026,3,PORSCHE CAYENNE,2
2026,3,RENAULT ESPACE,2
2026,3,VOLKSWAGEN CRAFTER,2
2026,3,VOLKSWAGEN TRANSPORTER,2
2026,3,VOLVO EX90,2
2026,3,AUDI Q7,1
2026,3,AUDI S5,1
2026,3,BENTLEY BENTAYGA,1
2026,3,BMW M760E,1
2026,3,FIAT DUCATO,1
2026,3,FORD MUSTANG,1
2026,3,HONDA HR-V,1
2026,3,HONDA ZR-V,1
2026,3,LEXUS ES300H,1
2026,3,MAZDA MX-5,1
2026,3,MERCEDES-BENZ V-CLASS,1
2026,3,MINI COUNTRYMAN,1
2026,3,PEUGEOT 408,1
2026,3,PORSCHE 911,1
2026,3,PORSCHE PANAMERA,1
2026,3,PORSCHE TAYCAN,1
2026,3,RENAULT AUSTRAL,1
2026,3,RENAULT CAPTUR,1
2026,3,RENAULT RAFALE,1
2026,3,SEAT LEON,1
2026,3,SMART #1,1
2026,3,TESLA MOTORS MODEL X,1
2026,3,TOYOTA SUPRA,1
2026,3,VOLKSWAGEN MULTIVAN,1
2026,4,TOYOTA YARIS CROSS,272
2026,4,SKODA ENYAQ,174
2026,4,TOYOTA YARIS,172
2026,4,SKODA ELROQ,167
2026,4,VOLKSWAGEN ID.4,155
2026,4,TOYOTA COROLLA,150
2026,4,VOLKSWAGEN T-ROC,126
2026,4,VOLVO XC60,125
2026,4,MERCEDES-BENZ CLA-CLASS,116
2026,4,SMART #5,110
2026,4,TOYOTA BZ4X,108
2026,4,AUDI Q6,101
2026,4,TOYOTA C-HR,92
2026,4,VOLVO EX40,92
2026,4,VOLKSWAGEN ID.7,90
2026,4,BMW I4,76
2026,4,FORD EXPLORER,76
2026,4,TESLA MOTORS MODEL Y,76
2026,4,MERCEDES-BENZ GLC-CLASS,73
2026,4,VOLVO EX30,73
2026,4,VOLKSWAGEN TIGUAN,64
2026,4,AUDI A6,63
2026,4,VOLKSWAGEN GOLF,61
2026,4,KIA EV3,60
2026,4,SKODA OCTAVIA,58
2026,4,NISSAN QASHQAI,55
2026,4,HYUNDAI INSTER,54
2026,4,AUDI Q4,53
2026,4,POLESTAR 4,52
2026,4,VOLVO XC40,52
2026,4,BMW IX1,49
2026,4,BYD SEAL,46
2026,4,VOLKSWAGEN T-CROSS,46
2026,4,FORD PUMA,45
2026,4,MERCEDES-BENZ GLB,45
2026,4,SKODA KAMIQ,42
2026,4,FORD KUGA,41
2026,4,VOLKSWAGEN PASSAT,41
2026,4,BYD SEALION,40
2026,4,AUDI A3,39
2026,4,KIA CEED,39
2026,4,OPEL MOKKA,39
2026,4,HYUNDAI KONA,38
2026,4,VOLVO EC40,38
2026,4,BMW IX3,37
2026,4,SUBARU OUTBACK,36
2026,4,FORD CAPRI,35
2026,4,POLESTAR 2,35
2026,4,SKODA KODIAQ,35
2026,4,VOLVO V60,34
2026,4,KIA EV4,33
2026,4,SKODA FABIA,33
2026,4,SKODA KAROQ,33
2026,4,SKODA SUPERB,33
2026,4,CITROEN C4,32
2026,4,KIA SPORTAGE,32
2026,4,KIA STONIC,32
2026,4,SUZUKI VITARA,32
2026,4,FORD TOURNEO CUSTOM,30
2026,4,CUPRA TAVASCAN,29
2026,4,KIA EV5,28
2026,4,AUDI SQ6,27
2026,4,VOLKSWAGEN ID.3,26
2026,4,AUDI Q5,25
2026,4,DACIA DUSTER,25
2026,4,MERCEDES-BENZ EQB,25
2026,4,HYUNDAI BAYON,24
2026,4,MAZDA 6E,23
2026,4,VOLKSWAGEN TAIGO,23
2026,4,MERCEDES-BENZ EQA,22
2026,4,KIA PICANTO,21
2026,4,LAND ROVER RANGE ROVER SPORT,20
2026,4,PEUGEOT 5008,20
2026,4,AUDI Q3,19
2026,4,KIA XCEED,19
2026,4,PEUGEOT 3008,19
2026,4,RENAULT CLIO,19
2026,4,BYD ATTO,17
2026,4,CITROEN C3,17
2026,4,CITROEN C5,17
2026,4,KIA K4,17
2026,4,OPEL FRONTERA,17
2026,4,BMW X1,16
2026,4,HYUNDAI TUCSON,16
2026,4,KIA EV6,16
2026,4,MG S6,16
2026,4,OPEL CORSA,16
2026,4,PEUGEOT 208,16
2026,4,PEUGEOT 308,16
2026,4,XPENG G6,16
2026,4,BYD DOLPHIN,15
2026,4,PORSCHE MACAN,15
2026,4,TOYOTA AYGO,15
2026,4,VOLKSWAGEN CADDY,15
2026,4,VOLKSWAGEN ID.,15
2026,4,AUDI A5,14
2026,4,DACIA BIGSTER,14
2026,4,HYUNDAI IONIQ5,14
2026,4,LEXUS RZ500E,14
2026,4,MAZDA 3,14
2026,4,MERCEDES-BENZ SPRINTER,14
2026,4,OPEL ASTRA,14
2026,4,TESLA MOTORS MODEL 3,14
2026,4,VOLVO XC90,14
2026,4,BMW IX,13
2026,4,FORD TRANSIT,13
2026,4,KIA NIRO,13
2026,4,MITSUBISHI ASX,13
2026,4,RENAULT SCENIC,13
2026,4,BMW 3 SERIES,12
2026,4,CUPRA BORN,12
2026,4,CUPRA LEON,12
2026,4,MERCEDES-BENZ E-CLASS,12
2026,4,MG 4,12
2026,4,OPEL GRANDLAND,12
2026,4,RENAULT SYMBIOZ,12
2026,4,SKODA SCALA,12
2026,4,MITSUBISHI OUTLANDER,11
2026,4,SERES 5,11
2026,4,TOYOTA PROACE,11
2026,4,FORD TOURNEO COURIER,10
2026,4,GAC AION V,10
2026,4,MAZDA CX-30,10
2026,4,MITSUBISHI COLT,10
2026,4,NISSAN JUKE,10
2026,4,RENAULT 5,10
2026,4,BMW 1 SERIES,9
2026,4,BMW X3,9
2026,4,BMW X5,9
2026,4,CITROEN E-C3,9
2026,4,CUPRA FORMENTOR,9
2026,4,LEXUS NX450H+,9
2026,4,PEUGEOT 2008,9
2026,4,TOYOTA URBAN,9
2026,4,BMW 5 SERIES,8
2026,4,LEXUS LBX,8
2026,4,SUZUKI S-CROSS,8
2026,4,ALFA ROMEO JUNIOR,7
2026,4,BMW IX2,7
2026,4,FIAT 600,7
2026,4,FORD TOURNEO CONNECT,7
2026,4,MG 3,7
2026,4,MG S5,7
2026,4,POLESTAR 3,7
2026,4,VOLKSWAGEN ID.5,7
2026,4,BYD TANG,6
2026,4,CUPRA TERRAMAR,6
2026,4,FORD MUSTANG MACH-E,6
2026,4,KIA EV9,6
2026,4,MINI COOPER,6
2026,4,MITSUBISHI ECLIPSE,6
2026,4,NISSAN ARIYA,6
2026,4,NISSAN MICRA,6
2026,4,SEAT LEON,6
2026,4,AUDI S6,5
2026,4,HYUNDAI I30,5
2026,4,HYUNDAI IONIQ6,5
2026,4,KIA SORENTO,5
2026,4,MAZDA CX-5,5
2026,4,MAZDA CX-60,5
2026,4,VOLVO EX90,5
2026,4,BMW 2 SERIES,4
2026,4,BMW M5,4
2026,4,DACIA JOGGER,4
2026,4,JEEP AVENGER,4
2026,4,KIA PV5,4
2026,4,LAND ROVER DEFENDER,4
2026,4,MAZDA 2,4
2026,4,MG HS,4
2026,4,SUBARU SOLTERRA,4
2026,4,SUZUKI SWIFT,4
2026,4,BMW I5,3
2026,4,HONDA CIVIC,3
2026,4,HYUNDAI SANTA FE,3
2026,4,KIA EV2,3
2026,4,LAND ROVER RANGE ROVER,3
2026,4,MAZDA CX-80,3
2026,4,MERCEDES-BENZ C-CLASS,3
2026,4,MERCEDES-BENZ EQE,3
2026,4,MERCEDES-BENZ G-CLASS,3
2026,4,MERCEDES-BENZ GLA-CLASS,3
2026,4,MERCEDES-BENZ GLE-CLASS,3
2026,4,MG ZS,3
2026,4,NISSAN X-TRAIL,3
2026,4,PORSCHE 911,3
2026,4,PORSCHE CAYENNE,3
2026,4,PORSCHE TAYCAN,3
2026,4,RENAULT 4,3
2026,4,SEAT ARONA,3
2026,4,SUZUKI E,3
2026,4,VOLKSWAGEN MULTIVAN,3
2026,4,VOLVO ES90,3
2026,4,VOLVO V90,3
2026,4,XPENG G9,3
2026,4,AUDI Q7,2
2026,4,AUDI Q8,2
2026,4,DS N�8,2
2026,4,FORD FOCUS,2
2026,4,HONDA CR-V,2
2026,4,HONDA HR-V,2
2026,4,LEXUS RX450H+,2
2026,4,LEXUS UX300H,2
2026,4,MERCEDES-BENZ A-CLASS,2
2026,4,MERCEDES-BENZ VITO,2
2026,4,MINI COUNTRYMAN,2
2026,4,MINI JCW,2
2026,4,PEUGEOT TRAVELLER,2
2026,4,RENAULT RAFALE,2
2026,4,SMART 3,2
2026,4,TOYOTA LAND CRUISER,2
2026,4,XPENG VIISTOPER�,2
2026,4,AUDI E-TRON,1
2026,4,AUDI S3,1
2026,4,BENTLEY CONTINENTAL,1
2026,4,BMW 550E,1
2026,4,BMW X7,1
2026,4,BYD HAN,1
2026,4,CITROEN E-BERLINGO,1
2026,4,DS NO 8,1
2026,4,FIAT 600E,1
2026,4,FORD TRANSIT CUSTOM,1
2026,4,HONDA JAZZ,1
2026,4,HYUNDAI I20,1
2026,4,HYUNDAI IONIQ,1
2026,4,LAMBORGHINI URUS,1
2026,4,LAND ROVER DISCOVERY SPORT,1
2026,4,LAND ROVER RANGE ROVER VELAR,1
2026,4,MAN TGE,1
2026,4,MAZDA MX-5,1
2026,4,MERCEDES-BENZ MAYBACH,1
2026,4,MINI ACEMAN,1
2026,4,PORSCHE BOXSTER,1
2026,4,RENAULT AUSTRAL,1
2026,4,RENAULT CAPTUR,1
2026,4,RENAULT MEGANE E-TECH,1
2026,4,SMART #1,1
2026,4,SUBARU FORESTER,1
2026,4,TESLA MOTORS MODEL S,1
2026,4,VOLKSWAGEN CADDYSK,1
2026,4,VOLKSWAGEN CRAFTER,1
2026,4,XPENG P7+,1
2026,5,TOYOTA COROLLA,352
2026,5,TOYOTA YARIS CROSS,312
2026,5,TESLA MOTORS MODEL Y,304
2026,5,TOYOTA YARIS,270
2026,5,TOYOTA C-HR,245
2026,5,TOYOTA BZ4X,200
2026,5,MERCEDES-BENZ CLA-CLASS,192
2026,5,VOLKSWAGEN T-ROC,173
2026,5,SKODA OCTAVIA,141
2026,5,SKODA ELROQ,140
2026,5,TESLA MOTORS MODEL 3,140
2026,5,SKODA ENYAQ,139
2026,5,VOLKSWAGEN ID.4,128
2026,5,SMART #5,119
2026,5,VOLVO EX40,107
2026,5,MERCEDES-BENZ GLC-CLASS,102
2026,5,SKODA FABIA,99
2026,5,VOLVO XC60,95
2026,5,BMW I4,83
2026,5,VOLKSWAGEN GOLF,81
2026,5,AUDI Q4,79
2026,5,VOLKSWAGEN TIGUAN,72
2026,5,MERCEDES-BENZ GLB,71
2026,5,POLESTAR 4,69
2026,5,AUDI Q6,68
2026,5,VOLVO EX30,68
2026,5,KIA EV3,62
2026,5,AUDI A6,61
2026,5,BMW X1,57
2026,5,VOLKSWAGEN ID.7,50
2026,5,FORD EXPLORER,46
2026,5,KIA CEED,45
2026,5,VOLVO V60,45
2026,5,MAZDA 6E,42
2026,5,VOLVO EC40,42
2026,5,SKODA KODIAQ,39
2026,5,BYD SEAL,38
2026,5,FORD TOURNEO CUSTOM,38
2026,5,KIA STONIC,38
2026,5,VOLKSWAGEN T-CROSS,38
2026,5,KIA PV5,37
2026,5,MG 4,36
2026,5,MERCEDES-BENZ EQA,35
2026,5,CUPRA LEON,34
2026,5,HYUNDAI BAYON,34
2026,5,HYUNDAI INSTER,34
2026,5,NISSAN QASHQAI,34
2026,5,FORD PUMA,33
2026,5,BMW IX1,32
2026,5,BMW 1 SERIES,31
2026,5,SUBARU OUTBACK,31
2026,5,BYD SEALION,30
2026,5,PEUGEOT 5008,30
2026,5,SKODA KAMIQ,30
2026,5,AUDI Q3,29
2026,5,CITROEN C5,28
2026,5,POLESTAR 2,28
2026,5,VOLKSWAGEN CADDY,28
2026,5,BMW IX3,27
2026,5,MITSUBISHI ECLIPSE,27
2026,5,DACIA DUSTER,26
2026,5,AUDI A3,25
2026,5,BMW X3,25
2026,5,FORD KUGA,25
2026,5,OPEL ASTRA,25
2026,5,LEXUS LBX,24
2026,5,PEUGEOT 3008,24
2026,5,RENAULT 5,24
2026,5,SKODA SUPERB,24
2026,5,OPEL FRONTERA,23
2026,5,SUZUKI VITARA,23
2026,5,BYD ATTO,22
2026,5,RENAULT CLIO,22
2026,5,VOLKSWAGEN TAIGO,22
2026,5,BYD DOLPHIN,21
2026,5,PEUGEOT 208,21
2026,5,VOLVO XC40,21
2026,5,BMW IX2,20
2026,5,FORD CAPRI,20
2026,5,KIA XCEED,20
2026,5,LEXUS NX450H+,20
2026,5,CITROEN C4,19
2026,5,TOYOTA AYGO,19
2026,5,VOLKSWAGEN ID.5,19
2026,5,XPENG G6,19
2026,5,AUDI Q5,18
2026,5,KIA EV4,18
2026,5,VOLKSWAGEN PASSAT,18
2026,5,AUDI A5,17
2026,5,MERCEDES-BENZ E-CLASS,17
2026,5,OPEL GRANDLAND,17
2026,5,PORSCHE MACAN,17
2026,5,RENAULT SCENIC,17
2026,5,HYUNDAI IONIQ5,16
2026,5,HYUNDAI TUCSON,16
2026,5,KIA NIRO,16
2026,5,KIA SPORTAGE,16
2026,5,LEXUS RZ500E,16
2026,5,PEUGEOT 2008,16
2026,5,POLESTAR 3,16
2026,5,BMW 3 SERIES,15
2026,5,HYUNDAI IONIQ6,14
2026,5,KIA K4,14
2026,5,KIA PICANTO,14
2026,5,MERCEDES-BENZ EQB,14
2026,5,MINI COOPER,14
2026,5,SUZUKI SWIFT,14
2026,5,VOLKSWAGEN ID.3,14
2026,5,AUDI SQ6,13
2026,5,DACIA BIGSTER,13
2026,5,KIA EV6,13
2026,5,SKODA SCALA,13
2026,5,BMW 5 SERIES,12
2026,5,CUPRA TAVASCAN,12
2026,5,KIA EV5,12
2026,5,LAND ROVER RANGE ROVER SPORT,12
2026,5,MAZDA CX-5,12
2026,5,SUBARU UNCHARTED,12
2026,5,BMW X5,11
2026,5,FORD TRANSIT,11
2026,5,MAZDA CX-30,11
2026,5,NISSAN ARIYA,11
2026,5,SKODA KAROQ,11
2026,5,TOYOTA PROACE,11
2026,5,VOLVO XC90,11
2026,5,GAC AION V,10
2026,5,MAZDA CX-60,10
2026,5,BMW I5,9
2026,5,CITROEN C3,9
2026,5,KIA EV2,9
2026,5,KIA EV9,9
2026,5,LEXUS UX300H,9
2026,5,MAZDA 3,9
2026,5,MG S5,9
2026,5,MITSUBISHI COLT,9
2026,5,MITSUBISHI OUTLANDER,9
2026,5,RENAULT SYMBIOZ,9
2026,5,ALFA ROMEO JUNIOR,8
2026,5,BMW IX,8
2026,5,NISSAN JUKE,8
2026,5,VOLVO EX90,8
2026,5,CUPRA TERRAMAR,7
2026,5,FORD MUSTANG MACH-E,7
2026,5,HYUNDAI KONA,7
2026,5,MERCEDES-BENZ SPRINTER,7
2026,5,RENAULT 4,7
2026,5,VOLKSWAGEN CRAFTER,7
2026,5,VOLKSWAGEN ID.,7
2026,5,CITROEN E-C3,6
2026,5,HYUNDAI I30,6
2026,5,MAZDA 2,6
2026,5,MG 3,6
2026,5,OPEL MOKKA,6
2026,5,PORSCHE CAYENNE,6
2026,5,SEAT LEON,6
2026,5,DACIA JOGGER,5
2026,5,HYUNDAI SANTA FE,5
2026,5,MERCEDES-BENZ A-CLASS,5
2026,5,MERCEDES-BENZ GLA-CLASS,5
2026,5,MG S6,5
2026,5,MG ZS,5
2026,5,MINI COUNTRYMAN,5
2026,5,TOYOTA URBAN,5
2026,5,XPENG G9,5
2026,5,AUDI Q8,4
2026,5,FORD TOURNEO CONNECT,4
2026,5,HONDA CR-V,4
2026,5,MAN TGE,4
2026,5,MG HS,4
2026,5,FORD TOURNEO COURIER,3
2026,5,GAC UT,3
2026,5,HONDA JAZZ,3
2026,5,HYUNDAI I20,3
2026,5,JEEP AVENGER,3
2026,5,LAND ROVER RANGE ROVER,3
2026,5,LAND ROVER RANGE ROVER VELAR,3
2026,5,MAZDA MX-5,3
2026,5,MERCEDES-BENZ C-CLASS,3
2026,5,MERCEDES-BENZ EQS,3
2026,5,MERCEDES-BENZ GLE-CLASS,3
2026,5,NISSAN MICRA,3
2026,5,SMART #1,3
2026,5,SMART 1,3
2026,5,SUBARU SOLTERRA,3
2026,5,SUZUKI S-CROSS,3
2026,5,VOLKSWAGEN MULTIVAN,3
2026,5,AUDI E-TRON,2
2026,5,AUDI Q7,2
2026,5,AUDI S6,2
2026,5,BMW 2 SERIES,2
2026,5,BYD TANG,2
2026,5,CITROEN E-C4,2
2026,5,CUPRA BORN,2
2026,5,FORD FOCUS,2
2026,5,HONDA CIVIC,2
2026,5,MAZDA CX-80,2
2026,5,MERCEDES-BENZ V-CLASS,2
2026,5,MINI ACEMAN,2
2026,5,MITSUBISHI ASX,2
2026,5,PEUGEOT 408,2
2026,5,PEUGEOT TRAVELLER,2
2026,5,PORSCHE 911,2
2026,5,PORSCHE TAYCAN,2
2026,5,SMART 3,2
2026,5,SUBARU FORESTER,2
2026,5,TOYOTA LAND CRUISER,2
2026,5,TOYOTA RAV4,2
2026,5,VOLKSWAGEN TOUAREG,2
2026,5,VOLVO V90,2
2026,5,BMW M5,1
2026,5,BMW X7,1
2026,5,BMW XM,1
2026,5,BYD HAN,1
2026,5,CUPRA FORMENTOR,1
2026,5,DS N�8,1
2026,5,FERRARI ROMA,1
2026,5,FIAT 600,1
2026,5,FORD MUSTANG,1
2026,5,HONDA ZR-V,1
2026,5,HYUNDAI I10,1
2026,5,HYUNDAI IONIQ,1
2026,5,KIA SORENTO,1
2026,5,LAND ROVER DEFENDER,1
2026,5,LAND ROVER RANGE ROVER EVOQUE,1
2026,5,LEXUS RX450H+,1
2026,5,MERCEDES-BENZ ESPRINTER,1
2026,5,MERCEDES-BENZ VITO,1
2026,5,MG CYBERSTER,1
2026,5,NISSAN X-TRAIL,1
2026,5,409900,1
2026,5,OMODA 9,1
2026,5,OPEL CORSA,1
2026,5,PEUGEOT 308,1
2026,5,RENAULT RAFALE,1
2026,5,SUBARU E-OUTBACK,1
2026,5,SUZUKI ACROSS,1
2026,5,TESLA MOTORS MODEL X,1
2026,5,VOLKSWAGEN CARAVELLE,1
2026,6,TOYOTA COROLLA,365
2026,6,TOYOTA YARIS,354
2026,6,TOYOTA BZ4X,350
2026,6,TESLA MOTORS MODEL Y,293
2026,6,TOYOTA YARIS CROSS,272
2026,6,TOYOTA C-HR,219
2026,6,MERCEDES-BENZ CLA-CLASS,212
2026,6,TESLA MOTORS MODEL 3,198
2026,6,VOLKSWAGEN T-ROC,163
2026,6,BMW IX3,149
2026,6,SKODA OCTAVIA,144
2026,6,SKODA ELROQ,142
2026,6,BMW I4,140
2026,6,VOLKSWAGEN GOLF,126
2026,6,SKODA FABIA,118
2026,6,POLESTAR 4,117
2026,6,MERCEDES-BENZ GLC-CLASS,116
2026,6,SKODA ENYAQ,112
2026,6,SKODA KODIAQ,107
2026,6,VOLVO XC60,107
2026,6,SEAT LEON,105
2026,6,AUDI Q6,103
2026,6,VOLKSWAGEN TIGUAN,94
2026,6,NISSAN QASHQAI,90
2026,6,KIA STONIC,84
2026,6,VOLVO EX40,82
2026,6,VOLVO EX30,76
2026,6,KIA EV3,70
2026,6,AUDI A6,69
2026,6,VOLKSWAGEN ID.4,67
2026,6,VOLKSWAGEN T-CROSS,61
2026,6,KIA PV5,57
2026,6,POLESTAR 2,56
2026,6,SMART #5,56
2026,6,MERCEDES-BENZ GLB,53
2026,6,AUDI Q5,47
2026,6,KIA K4,47
2026,6,VOLKSWAGEN ID.7,43
2026,6,CUPRA LEON,42
2026,6,BMW IX1,41
2026,6,FORD KUGA,41
2026,6,RENAULT CLIO,40
2026,6,FORD EXPLORER,39
2026,6,FORD PUMA,39
2026,6,BMW X1,37
2026,6,MITSUBISHI OUTLANDER,36
2026,6,VOLKSWAGEN PASSAT,35
2026,6,RENAULT 5,34
2026,6,MERCEDES-BENZ EQA,33
2026,6,VOLVO EC40,33
2026,6,VOLVO XC40,33
2026,6,PORSCHE CAYENNE,32
2026,6,AUDI Q4,30
2026,6,RENAULT SYMBIOZ,30
2026,6,VOLVO V60,30
2026,6,MG 4,29
2026,6,BYD ATTO,28
2026,6,SKODA KAMIQ,28
2026,6,AUDI SQ6,27
2026,6,MAZDA 6E,27
2026,6,AUDI A5,26
2026,6,OPEL ASTRA,26
2026,6,PEUGEOT 5008,26
2026,6,SKODA KAROQ,26
2026,6,SUZUKI VITARA,26
2026,6,BYD SEAL,25
2026,6,TOYOTA RAV4,25
2026,6,VOLKSWAGEN TAIGO,25
2026,6,RENAULT SCENIC,24
2026,6,BYD SEALION,23
2026,6,DACIA DUSTER,22
2026,6,DACIA BIGSTER,21
2026,6,FORD TOURNEO CUSTOM,21
2026,6,GAC AION V,21
2026,6,KIA EV4,21
2026,6,LEXUS NX450H+,21
2026,6,NISSAN MICRA,21
2026,6,FORD CAPRI,20
2026,6,RENAULT 4,20
2026,6,SKODA SUPERB,20
2026,6,VOLKSWAGEN CADDY,20
2026,6,VOLKSWAGEN TRANSPORTER,20
2026,6,CUPRA RAVAL,19
2026,6,HYUNDAI INSTER,19
2026,6,AUDI Q3,18
2026,6,BMW 3 SERIES,18
2026,6,BMW X5,18
2026,6,CUPRA TAVASCAN,18
2026,6,HYUNDAI IONIQ5,18
2026,6,KIA EV5,18
2026,6,TOYOTA URBAN,18
2026,6,AUDI A3,17
2026,6,POLESTAR 3,17
2026,6,TOYOTA PROACE,17
2026,6,XPENG G6,17
2026,6,BMW IX2,16
2026,6,CITROEN E-C3,16
2026,6,CUPRA TERRAMAR,16
2026,6,HYUNDAI TUCSON,16
2026,6,KIA CEED,16
2026,6,NISSAN ARIYA,16
2026,6,OPEL GRANDLAND,16
2026,6,SUBARU OUTBACK,16
2026,6,KIA EV6,15
2026,6,MERCEDES-BENZ EQB,15
2026,6,NISSAN JUKE,15
2026,6,PEUGEOT 3008,15
2026,6,CITROEN C5,14
2026,6,LEXUS RZ500E,14
2026,6,MERCEDES-BENZ SPRINTER,14
2026,6,MERCEDES-BENZ VITO,14
2026,6,VOLVO XC90,14
2026,6,CITROEN C3,13
2026,6,KIA XCEED,13
2026,6,LEXUS LBX,13
2026,6,MG 3,13
2026,6,SKODA SCALA,13
2026,6,FORD TRANSIT,12
2026,6,HYUNDAI IONIQ6,12
2026,6,KIA NIRO,12
2026,6,KIA SPORTAGE,12
2026,6,MAZDA CX-30,12
2026,6,MERCEDES-BENZ E-CLASS,12
2026,6,VOLVO ES90,12
2026,6,VOLVO EX90,12
2026,6,ALFA ROMEO JUNIOR,11
2026,6,DACIA JOGGER,11
2026,6,FORD MUSTANG MACH-E,11
2026,6,MG S6,11
2026,6,MITSUBISHI ECLIPSE,11
2026,6,KIA PICANTO,10
2026,6,LAND ROVER RANGE ROVER SPORT,10
2026,6,MAZDA CX-5,10
2026,6,PEUGEOT 2008,10
2026,6,SUBARU E-OUTBACK,10
2026,6,KIA EV2,9
2026,6,MERCEDES-BENZ A-CLASS,9
2026,6,MINI COOPER,9
2026,6,PORSCHE MACAN,9
2026,6,BMW 5 SERIES,8
2026,6,BMW I5,8
2026,6,XPENG G9,8
2026,6,BMW 1 SERIES,7
2026,6,BMW IX,7
2026,6,BYD DOLPHIN,7
2026,6,HYUNDAI I30,7
2026,6,LEXUS ES500E,7
2026,6,MAZDA 3,7
2026,6,OPEL CORSA,7
2026,6,OPEL FRONTERA,7
2026,6,SMART 3,7
2026,6,SUBARU SOLTERRA,7
2026,6,SUZUKI S-CROSS,7
2026,6,AUDI Q7,6
2026,6,BMW X3,6
2026,6,HYUNDAI BAYON,6
2026,6,KIA EV9,6
2026,6,MAZDA CX-60,6
2026,6,MERCEDES-BENZ GLA-CLASS,6
2026,6,MG S5,6
2026,6,MITSUBISHI COLT,6
2026,6,PEUGEOT 208,6
2026,6,VOLKSWAGEN ID.5,6
2026,6,CUPRA FORMENTOR,5
2026,6,MERCEDES-BENZ C-CLASS,5
2026,6,SUBARU UNCHARTED,5
2026,6,SUZUKI SWIFT,5
2026,6,TOYOTA AYGO,5
2026,6,VOLKSWAGEN ID.3,5
2026,6,CUPRA BORN,4
2026,6,DACIA SANDERO,4
2026,6,FIAT 600,4
2026,6,FORD TOURNEO CONNECT,4
2026,6,LAND ROVER RANGE ROVER,4
2026,6,LEXUS UX300H,4
2026,6,MERCEDES-BENZ GLE-CLASS,4
2026,6,MG ZS,4
2026,6,NISSAN LEAF,4
2026,6,SMART 1,4
2026,6,VOLKSWAGEN ID.,4
2026,6,FORD TRANSIT CUSTOM,3
2026,6,HYUNDAI SANTA FE,3
2026,6,LAMBORGHINI URUS,3
2026,6,MINI ACEMAN,3
2026,6,MINI COUNTRYMAN,3
2026,6,PORSCHE 911,3
2026,6,RENAULT RAFALE,3
2026,6,TESLA MOTORS MODEL X,3
2026,6,VOLKSWAGEN MULTIVAN,3
2026,6,BMW M5,2
2026,6,BYD TANG,2
2026,6,DS N�8,2
2026,6,GAC UT,2
2026,6,HONDA HR-V,2
2026,6,HYUNDAI I20,2
2026,6,HYUNDAI KONA,2
2026,6,LAND ROVER RANGE ROVER VELAR,2
2026,6,MAZDA MX-5,2
2026,6,MINI JCW,2
2026,6,OPEL MOKKA,2
2026,6,SEAT ARONA,2
2026,6,SUBARU FORESTER,2
2026,6,TESLA MOTORS MODEL S,2
2026,6,VOLVO V90,2
2026,6,AUDI E-TRON,1
2026,6,AUDI Q8,1
2026,6,AUDI S6,1
2026,6,BMW 2 SERIES,1
2026,6,BMW X7,1
2026,6,CITROEN C4,1
2026,6,FIAT DUCATO,1
2026,6,FORD FOCUS,1
2026,6,FORD TOURNEO COURIER,1
2026,6,HONDA JAZZ,1
2026,6,LAND ROVER DISCOVERY SPORT,1
2026,6,LEXUS RX450H+,1
2026,6,LEXUS RZ550E,1
2026,6,MAZDA 2,1
2026,6,MAZDA CX-80,1
2026,6,MERCEDES-BENZ CLE,1
2026,6,MERCEDES-BENZ EQE,1
2026,6,MERCEDES-BENZ G-CLASS,1
2026,6,MITSUBISHI ASX,1
2026,6,NISSAN X-TRAIL,1
2026,6,409900,1
2026,6,OMODA 5,1
2026,6,PORSCHE PANAMERA,1
2026,6,RENAULT TRAFIC,1
2026,6,SUZUKI E,1
2026,6,TOYOTA LAND CRUISER,1
2026,6,VOLKSWAGEN CALIFORNIA,1
2026,7,TOYOTA YARIS CROSS,433
2026,7,TOYOTA YARIS,306
2026,7,TOYOTA BZ4X,248
2026,7,BMW I4,176
2026,7,BMW IX3,154
2026,7,VOLKSWAGEN ID.7,146
2026,7,TOYOTA C-HR,131
2026,7,VOLKSWAGEN ID.4,131
2026,7,VOLVO XC60,127
2026,7,MERCEDES-BENZ CLA-CLASS,126
2026,7,TESLA MOTORS MODEL Y,123
2026,7,TOYOTA COROLLA,114
2026,7,TOYOTA RAV4,111
2026,7,VOLKSWAGEN T-ROC,110
2026,7,SKODA ENYAQ,103
2026,7,SKODA ELROQ,96
2026,7,AUDI Q6,90
2026,7,MERCEDES-BENZ GLC-CLASS,80
2026,7,VOLVO EX30,80
2026,7,KIA EV3,79
2026,7,VOLVO EX40,71
2026,7,VOLKSWAGEN GOLF,68
2026,7,VOLKSWAGEN TIGUAN,65
2026,7,KIA PV5,64
2026,7,SKODA OCTAVIA,59
2026,7,KIA STONIC,55
2026,7,BMW IX1,53
2026,7,POLESTAR 4,52
2026,7,CUPRA LEON,51
2026,7,MERCEDES-BENZ GLB,51
2026,7,NISSAN QASHQAI,49
2026,7,AUDI Q4,48
2026,7,FORD EXPLORER,48
2026,7,FORD KUGA,43
2026,7,SKODA FABIA,43
2026,7,VOLKSWAGEN T-CROSS,42
2026,7,BYD SEAL,41
2026,7,CUPRA RAVAL,41
2026,7,AUDI A6,35
2026,7,BYD ATTO,35
2026,7,AUDI Q5,34
2026,7,PORSCHE CAYENNE,34
2026,7,SKODA KODIAQ,34
2026,7,SMART #5,33
2026,7,DACIA BIGSTER,32
2026,7,MG 4,32
2026,7,AUDI A3,31
2026,7,TOYOTA URBAN,28
2026,7,VOLVO EX60,28
2026,7,VOLVO XC40,28
2026,7,RENAULT 5,27
2026,7,VOLVO V60,27
2026,7,VOLKSWAGEN ID.3,26
2026,7,KIA EV4,25
2026,7,OPEL ASTRA,25
2026,7,DACIA DUSTER,24
2026,7,FORD CAPRI,24
2026,7,KIA NIRO,24
2026,7,VOLVO EC40,23
2026,7,BYD SEALION,22
2026,7,CITROEN E-C3,22
2026,7,CUPRA BORN,22
2026,7,FORD PUMA,22
2026,7,HYUNDAI INSTER,22
2026,7,KIA EV5,22
2026,7,HYUNDAI I20,21
2026,7,MAZDA 6E,21
2026,7,SUZUKI VITARA,21
2026,7,PEUGEOT 408,20
2026,7,SKODA KAMIQ,20
2026,7,SKODA SUPERB,20
2026,7,POLESTAR 2,19
2026,7,VOLKSWAGEN CADDY,18
2026,7,VOLKSWAGEN TAIGO,18
2026,7,VOLVO ES90,18
2026,7,BMW X1,17
2026,7,KIA K4,17
2026,7,KIA SPORTAGE,17
2026,7,MERCEDES-BENZ EQA,17
2026,7,NISSAN LEAF,17
2026,7,NISSAN MICRA,17
2026,7,AUDI SQ6,16
2026,7,GAC AION V,16
2026,7,BMW 1 SERIES,15
2026,7,CITROEN C5,15
2026,7,PEUGEOT 5008,15
2026,7,VOLKSWAGEN PASSAT,15
2026,7,AUDI A5,14
2026,7,FORD MUSTANG MACH-E,14
2026,7,KIA EV6,14
2026,7,MERCEDES-BENZ SPRINTER,14
2026,7,PORSCHE MACAN,14
2026,7,VOLVO EX90,14
2026,7,AUDI Q3,13
2026,7,BMW IX2,13
2026,7,CITROEN C3,13
2026,7,KIA EV2,13
2026,7,SKODA KAROQ,13
2026,7,CUPRA TAVASCAN,12
2026,7,CUPRA TERRAMAR,12
2026,7,NISSAN JUKE,12
2026,7,SUZUKI E,12
2026,7,VOLVO XC90,12
2026,7,BYD DOLPHIN,11
2026,7,KIA PICANTO,11
2026,7,KIA XCEED,11
2026,7,MERCEDES-BENZ GLA-CLASS,11
2026,7,MINI COUNTRYMAN,11
2026,7,MITSUBISHI COLT,11
2026,7,MITSUBISHI OUTLANDER,11
2026,7,SUBARU E-OUTBACK,11
2026,7,SUBARU OUTBACK,11
2026,7,SUBARU SOLTERRA,11
2026,7,XPENG G6,11
2026,7,DACIA JOGGER,10
2026,7,HYUNDAI I30,10
2026,7,LEXUS LBX,10
2026,7,VOLKSWAGEN ID.5,10
2026,7,BMW IX,9
2026,7,CITROEN C4,9
2026,7,HYUNDAI IONIQ5,9
2026,7,LEXUS RZ500E,9
2026,7,MERCEDES-BENZ E-CLASS,9
2026,7,OPEL CORSA,9
2026,7,PEUGEOT 3008,9
2026,7,RENAULT CLIO,9
2026,7,BMW 5 SERIES,8
2026,7,FORD TOURNEO CUSTOM,8
2026,7,KIA EV9,8
2026,7,LAND ROVER DEFENDER,8
2026,7,MAZDA CX-5,8
2026,7,MERCEDES-BENZ EQB,8
2026,7,MG S5,8
2026,7,MINI COOPER,8
2026,7,SUZUKI S-CROSS,8
2026,7,BMW 3 SERIES,7
2026,7,BMW X5,7
2026,7,HYUNDAI BAYON,7
2026,7,HYUNDAI KONA,7
2026,7,HYUNDAI TUCSON,7
2026,7,LAND ROVER RANGE ROVER SPORT,7
2026,7,MERCEDES-BENZ A-CLASS,7
2026,7,OPEL FRONTERA,7
2026,7,OPEL MOKKA,7
2026,7,RENAULT SYMBIOZ,7
2026,7,TOYOTA PROACE,7
2026,7,BMW X3,6
2026,7,FORD TOURNEO COURIER,6
2026,7,MERCEDES-BENZ C-CLASS,6
2026,7,MINI ACEMAN,6
2026,7,NISSAN ARIYA,6
2026,7,PEUGEOT 2008,6
2026,7,RENAULT 4,6
2026,7,SEAT LEON,6
2026,7,SKODA SCALA,6
2026,7,SUBARU UNCHARTED,6
2026,7,SUZUKI SWIFT,6
2026,7,VOLKSWAGEN ID.,6
2026,7,VOLKSWAGEN ID.BUZZ,6
2026,7,XPENG G9,6
2026,7,XPENG X9,6
2026,7,CUPRA FORMENTOR,5
2026,7,HYUNDAI IONIQ6,5
2026,7,KIA CEED,5
2026,7,LEXUS NX450H+,5
2026,7,MITSUBISHI ECLIPSE,5
2026,7,OPEL GRANDLAND,5
2026,7,RENAULT SCENIC,5
2026,7,SMART 3,5
2026,7,TOYOTA AYGO,5
2026,7,FORD MUSTANG,4
2026,7,FORD TOURNEO CONNECT,4
2026,7,MAN TGE,4
2026,7,MAZDA CX-60,4
2026,7,MERCEDES-BENZ ESPRINTER,4
2026,7,MERCEDES-BENZ VITO,4
2026,7,MG S6,4
2026,7,MITSUBISHI ASX,4
2026,7,SMART #3,4
2026,7,VOLKSWAGEN MULTIVAN,4
2026,7,ALFA ROMEO JUNIOR,3
2026,7,BMW I5,3
2026,7,BYD TANG,3
2026,7,DS N�8,3
2026,7,FORD TRANSIT,3
2026,7,MAZDA CX-30,3
2026,7,MG 3,3
2026,7,MG ZS,3
2026,7,AUDI E-TRON,2
2026,7,BMW 2 SERIES,2
2026,7,BMW XM,2
2026,7,DACIA SANDERO,2
2026,7,HYUNDAI IONIQ,2
2026,7,LAND ROVER RANGE ROVER VELAR,2
2026,7,LEXUS ES350E,2
2026,7,LEXUS ES500E,2
2026,7,MAZDA MX-5,2
2026,7,MERCEDES-BENZ GLE-CLASS,2
2026,7,MERCEDES-BENZ GLS-CLASS,2
2026,7,MERCEDES-BENZ S-CLASS,2
2026,7,MG HS,2
2026,7,409900,2
2026,7,OMODA 9,2
2026,7,SMART 1,2
2026,7,TOYOTA GR,2
2026,7,XPENG P7+,2
2026,7,AUDI A8,1
2026,7,AUDI Q8,1
2026,7,AUDI S6,1
2026,7,BENTLEY BENTAYGA,1
2026,7,BENTLEY CONTINENTAL,1
2026,7,BMW X6,1
2026,7,BMW X7,1
2026,7,BYD HAN,1
2026,7,DS NO 8,1
2026,7,HONDA CIVIC,1
2026,7,HYUNDAI SANTA FE,1
2026,7,JEEP AVENGER,1
2026,7,LAND ROVER DISCOVERY SPORT,1
2026,7,LAND ROVER RANGE ROVER,1
2026,7,LAND ROVER RANGE ROVER EVOQUE,1
2026,7,LEXUS RX450H+,1
2026,7,LEXUS UX300H,1
2026,7,413300,1
2026,7,LUCID MOTORS LUCID,1
2026,7,MAZDA 2,1
2026,7,MAZDA 3,1
2026,7,MAZDA CX-80,1
2026,7,MERCEDES-AMG MAYBACH,1
2026,7,MERCEDES-BENZ EQE,1
2026,7,MERCEDES-BENZ G-CLASS,1
2026,7,MERCEDES-BENZ OTHERS,1
2026,7,191500,1
2026,7,MORGAN PLUS,1
2026,7,NISSAN X-TRAIL,1
2026,7,PEUGEOT 208,1
2026,7,PEUGEOT 308,1
2026,7,POLESTAR 3,1
2026,7,PORSCHE 911,1
2026,7,PORSCHE PANAMERA,1
2026,7,PORSCHE TAYCAN,1
2026,7,RENAULT E-TECH,1
2026,7,RENAULT RAFALE,1
2026,7,SMART #1,1
2026,7,SUBARU FORESTER,1
2026,7,TESLA MOTORS MODEL 3,1
2026,7,TESLA MOTORS MODEL S,1
2026,7,VOLKSWAGEN CALIFORNIA,1
2026,7,VOLKSWAGEN CARAVELLE,1
2026,7,VOLKSWAGEN CRAFTER,1
